
> sharpforge@0.14.0 test
> node scripts/run.js test

Discovered 141 Node test files and 16 Python suites in 30 area manifests. Node reports executed test counts below.
✔ 50 seeded concurrent claim races have exactly one owner and no loser field writes (1768.751167ms)
✔ project pagination reads/writes items beyond 100 and clears all lease fields (5.89275ms)
✔ unknown project fields, choices and invalid lease inputs fail without acquiring ownership (0.810083ms)
✔ parents, closed tasks, and tasks not Ready cannot be claimed (1.302125ms)
✔ owner-only heartbeat extends exact expiry; comments are throttled per hour (3.062542ms)
✔ shared lock races name holder, release frees locks and branch remains untouched (155.178542ms)
✔ expired lease remains owned; reaper is idempotent; reconciler must provide audit reason (3.273833ms)
✔ partial project update keeps claim reserved and explicit release recovers (1.991083ms)
✔ failed lock field update is recovered by scanning lock refs on release (2.639875ms)
✔ secondary rate limit retry is bounded and hard failures preserve distinct exit code (1.237916ms)
✔ audit reconstructs complete claim-heartbeat-lock-unlock-release and flags missing claim (14.505834ms)
✔ fake REST/GraphQL transport also exposes an actual HTTP server (29.870166ms)
✔ GraphQL resource limits shrink page size and surface permanent node overflow (0.394083ms)
✔ recorded live Project 4 fields support text, date and single-select projections (2.859375ms)
✔ reaper discovers an expired authoritative claim after the first Agent field write failed (1.832417ms)
✔ ambiguous DELETE response never deletes a replacement mutex owner (1.23825ms)
✔ transport owns a total five-attempt read budget; mutation 5xx/network failures fail closed (1.290042ms)
✔ partial GraphQL mutation data with rate-limit errors is never replayed (0.59375ms)
✔ digest binds TAP bytes, commit, command and exact target/status proof (4.504875ms)
✔ capture refuses dirty passing changes over a failing committed tree before running any command (467.548ms)
✔ capture rejects tracked/untracked mutations and even a clean changed HEAD after execution (2015.269375ms)
✔ only command-emitted proof for the exact target/status verifies; generic TAP is not parity (1563.564292ms)
✔ skipped/TODO/ambiguous or absent TAP results cannot qualify a pass, and stderr cannot spoof TAP (3225.881375ms)
✔ unknown and unsupported proofs retain their reasons and never verify as pass (1701.694625ms)
✔ fake HTTP handoff plus fresh real clone reproduces results; WIP commands are retested at the new commit (8177.507958ms)
✔ resume detects command mutations and stops before later commands (2676.241625ms)
✔ a real failed target remains verified failure and cannot be relabeled pass (485.262959ms)
✔ incomplete or contradictory TAP statistics never qualify a passing target (0.280084ms)
✔ V8 parses escaped, multiline and re-export imports without executing modules or matching comments (135.605875ms)
✔ graph resolves workspaces, recursive outside-root-directory dependencies and every JS including package bins (310.34975ms)
✔ reverse consumer selection covers transitive compiler runtime debugger, docs none, deleted modules conservative (2.384792ms)
✔ real impacted-test CLI awaits asynchronous manifest discovery and selects actual consumers (1397.545416ms)
✔ contract removal needs label and relevant version bump; append passes; duplicate IDs never pass (0.745041ms)
✔ schema constraints cannot hide as additive keys or exclusive-union array appends; revisions cannot be repointed (0.23175ms)
✔ gate emits every check including failure and stops on prior cancellation (93.687375ms)
✔ golden comparison reports precise assembly bytecode syntax and distribution drift including removals (17.990083ms)
✔ seam label rejects rewritten lock even when a newly generated lock matches the new output (725.6475ms)
✔ lossless syntax golden retains tree structure without red parent cycles or allocation IDs (46.255083ms)
✔ dependency grammar accepts legacy Markdown and multiline requirements, rejects malformed IDs (2.203625ms)
✔ diamond readiness requires actual merged evidence; cycles and unresolved IDs block (0.56ms)
✔ leaf readiness inherits parent requirements; explicit contracts require qualified versions (0.200708ms)
✔ task identity cross-checks branch, body, and project field; missing identity fails (9.933542ms)
✔ ownership rejects cross-area writes and accepts only enumerated exceptions or held locks (30.193416ms)
✔ hot-file growth budgets enforce both net lines and byte growth (0.187667ms)
✔ catalog has all 30 areas, explicit overlap accounting, deterministic CODEOWNERS (82.012458ms)
✔ path collisions require common declared lock, distinct siblings pass (0.7395ms)
✔ backlog lint names each violating issue and duplicate ID (0.476583ms)
✔ bootstrap apply is idempotent and dry-run writes nothing; incompatible fields fail (0.563542ms)
✔ snapshot preserves merged evidence and deterministic order; graph yields critical path (9.024166ms)
✔ dependency ancestors cannot bypass readiness; absent or cyclic parents fail closed (0.321375ms)
✔ ready-label sync changes only mismatched current labels and second run is a no-op (1.376375ms)
✔ directory ownership intersects children and live project lock fields serialize overlaps (0.2365ms)
✔ project item snapshot preserves numeric parity including zero (0.334291ms)
✔ ownership CLI checks deleted rename source and contracts must exist in default-branch tree (1206.010417ms)
✔ two actual Git branches each append a distinct contract at the same ID; combined tree fails (940.939666ms)
✔ released framework and bytecode IDs are unchanged (42.511083ms)
✔ golden checker reports the first changed id and accepts appends (100.040958ms)
✔ reserved contributions have the same IDs in either load order (2.100875ms)
✔ legacy contribution modules validate as a single transaction (8.006166ms)
✔ duplicate type rolls back the entire contribution (0.711083ms)
✔ duplicate member rolls back the entire contribution (0.213459ms)
✔ unknown owner rolls back the entire contribution (0.104542ms)
✔ unknown parameter rolls back the entire contribution (0.115875ms)
✔ block overflow rolls back the entire contribution (0.10925ms)
✔ malformed member rolls back the entire contribution (0.140625ms)
✔ cancellation rolls back and separate registries do not leak state (0.185834ms)
✔ overlapping, negative, duplicate and exhausted reservations reject (0.1685ms)
✔ builtin contributions append atomically and never shift framework offsets (1.474083ms)
✔ implementation regression gate detects either engine losing a handler (0.357166ms)
✔ every real source/CIL dispatch result meets the committed reachability baseline (1377.228084ms)
✔ released contribution order is pinned while new area order remains independent (1.610291ms)
✔ inventory obligations produce distinct fractions and unknown prevents parent complete (9.320417ms)
✔ reopen, stale commit and altered proof each invalidate previous pass (0.583458ms)
✔ missing revision, duplicate identities, parent cycles and absent denominator fail closed (0.721708ms)
✔ report bytes are deterministic, numeric parity updates are changed-only and include zero (6.753291ms)
✔ rollup reads relative inputs from the requested root and invalid artifact paths remain unknown (178.788292ms)
✔ publishing rejects impossible percentages and ambiguous epic targets before project writes (3.010583ms)
✔ ABI fixture empty-array (5.420875ms)
✔ ABI fixture identity-and-surrogates (0.420083ms)
✔ ABI fixture leases (0.383833ms)
✔ ABI fixture million-array (6456.59675ms)
✔ ABI fixture nan-payloads (0.351375ms)
✔ ABI fixture scalar-boundaries (2.351875ms)
✔ ABI fixture stale-handle (0.208583ms)
✔ ABI malformed buffers and versions fail with typed diagnostics (1.086917ms)
✔ schema scalar negatives agree with codec bounds (0.851583ms)
✔ ABI nested structs fail with typed depth limit (0.786292ms)
✔ ABI floating width and signed zero apply inside structs and heap arrays (0.449542ms)
✔ ABI fixture empty-array (4.954334ms)
✔ ABI fixture identity-and-surrogates (1.063ms)
✔ ABI fixture leases (1.003625ms)
✔ ABI fixture million-array (6413.948833ms)
✔ ABI fixture nan-payloads (0.463625ms)
✔ ABI fixture scalar-boundaries (1.215584ms)
✔ ABI fixture stale-handle (0.113667ms)
✔ ABI malformed buffers and versions fail with typed diagnostics (0.420792ms)
✔ schema scalar negatives agree with codec bounds (0.456542ms)
✔ ABI nested structs fail with typed depth limit (0.435292ms)
✔ ABI floating width and signed zero apply inside structs and heap arrays (0.21325ms)
✔ A00 inventory reproducible and all result carriers documented (1.003667ms)
✔ A00 version registry equals public source constants (1.133583ms)
✔ A00 source constant drift fails before version negotiation (5.212333ms)
✔ A00 version reader follows explicit re-exports and rejects cycles (5.098459ms)
✔ released framework and bytecode IDs are unchanged (82.607291ms)
✔ golden checker reports the first changed id and accepts appends (92.937208ms)
✔ reserved contributions have the same IDs in either load order (1.068458ms)
✔ legacy contribution modules validate as a single transaction (12.795041ms)
✔ duplicate type rolls back the entire contribution (0.251833ms)
✔ duplicate member rolls back the entire contribution (0.429291ms)
✔ unknown owner rolls back the entire contribution (0.191708ms)
✔ unknown parameter rolls back the entire contribution (0.133625ms)
✔ block overflow rolls back the entire contribution (0.126125ms)
✔ malformed member rolls back the entire contribution (0.185667ms)
✔ cancellation rolls back and separate registries do not leak state (0.179125ms)
✔ overlapping, negative, duplicate and exhausted reservations reject (0.991ms)
✔ builtin contributions append atomically and never shift framework offsets (1.036042ms)
✔ implementation regression gate detects either engine losing a handler (0.168459ms)
✔ every real source/CIL dispatch result meets the committed reachability baseline (1354.522916ms)
✔ released contribution order is pinned while new area order remains independent (2.293584ms)
✔ two independent tools start and a failed third batch restores the container (2.997ms)
✔ container preflights duplicates, reports disposal errors and rolls back cancellation (0.327833ms)
✔ commands preserve handler behavior and reject duplicate registrations (2.504208ms)
✔ tools append menu items without global state or editing Studio (1.042416ms)
✔ each mount has independent state and DOM, and failed render cleans up (0.67425ms)
✔ automation contributions preserve the complete pre-extraction key surface (14.055833ms)
✔ automation duplicate batches roll back and namespaces dispose cleanly (0.695833ms)
✔ storage preserves v1 payloads, versions and quota failures (0.713125ms)
✔ every worker message has a handler seam and unknown messages fail structurally (1.001292ms)
✔ Studio has no command branches, direct persistence or inline automation literal (32.812416ms)
✔ real compiler and runtime workers dispatch known requests and return structured unknown errors (384.691291ms)
✔ A00 force GC at safepoints in both actual VMs (158.850417ms)
✔ A00 root provider manifest guards new sites (4.203791ms)
✔ A00 source snapshot projection, owner isolation and stable frame IDs (3.644625ms)
✔ A00 source faults, nested finally and fatal budget transfer (5.699417ms)
✔ A00 source actual host callback roots and rejection (8.175333ms)
✔ A00 source cancel, dispose and late completion boundaries (3.399834ms)
✔ A00 source ignored abort currently permits late success (3.367125ms)
✔ A00 cil snapshot projection, owner isolation and stable frame IDs (6.235167ms)
✔ A00 cil faults, nested finally and fatal budget transfer (4.115667ms)
✔ A00 cil actual host callback roots and rejection (2.820709ms)
✔ A00 cil cancel, dispose and late completion boundaries (3.276958ms)
✔ A00 cil ignored abort currently permits late success (1.277625ms)
✔ source roots a resumed async exception through forced collection before dispatch (66.365916ms)
✔ cil roots a resumed async exception through forced collection before dispatch (18.732875ms)
✔ A00 all golden schemas regenerate byte-identically (122.062166ms)
✔ A00 forty type/signature identities and every canonical registered type (25.604125ms)
✔ A00 symbols resolve overloads, generics, explicit members and scoped declarations (0.816625ms)
✔ A00 both engines export three example bodies and source spans (20.940125ms)
✔ A00 external Portable PDB and UTF-16 source spans share schema (1.650583ms)
✔ A00 actual PE #SF stream follows includeDebug contract (3.385583ms)
✔ A00 schema malformed/version/unknown-keyword errors remain distinct (0.954083ms)
✔ A00 examples corpus produced images satisfy schema; flow errors remain verifier-only (319.740333ms)
✔ A00 typed neutral IR resolves both engines: native-callback (62.732375ms)
✔ A00 typed neutral IR resolves both engines: nested-finally (19.381625ms)
✔ A00 typed neutral IR resolves both engines: parked-frame (11.422458ms)
✔ A00 normalized loop operations and declared types do not depend on encoding (4.787042ms)
✔ A00 source type propagation rejects conflicting branch joins (2.23225ms)
✔ A00 CIL type propagation rejects conflicting branch joins (1.588625ms)
✔ A00 malformed branches, handlers, signatures and unsupported instructions fail closed (1.597708ms)
✔ A00 serialized executable IR rejects falsified types and flow edges (5.256667ms)
✔ A00 null/reference joins resolve and incorrect stores/calls are rejected (2.085833ms)
✔ A00 floating constant hints and signature-directed widening stay typed (5.547584ms)
✔ A00 T06 strict schema validates all thirty manifests and rejects unknown fields and invalid boundaries (107.532625ms)
✔ A00 T06 discovery assigns files once and includes nested contract/conformance suites (94.623416ms)
✔ A00 T06 missing, duplicate, stale, unsafe and mismatched manifest entries fail with offending paths (42.992459ms)
✔ A00 T06 overlapping globs in one area are duplicate ownership and helpers are not runnable suites (17.910208ms)
✔ A00 T06 runner executes only the selected area, propagates failures, and handles empty areas (697.679709ms)
✔ A00 T06 schema-checked CI matrix is consumed by a dry-run workflow fixture for each nonempty area (398.78425ms)
✔ A00 T06 every historical npm name dispatches to its original commands with literal arguments (5020.12975ms)
✔ A00 T06 new tasks need no root script edit and reject duplicate tasks, cycles and malformed commands (23.921209ms)
✔ A00 T06 contributed stylesheet bytes and worker order retain the original build exactly (32.558875ms)
✔ A00 T06 build contributions discover new styles/assets and reject duplicate and escaping paths (29.276208ms)
✔ A00 T06 workspace discovery accepts the next package without a verifier edit and validates exact tarball identities (347.761125ms)
✔ A00 T06 twenty-six contributed packages pack, install offline, and run their own smoke modules (2751.536541ms)
✔ 50 seeded concurrent claim races have exactly one owner and no loser field writes (1520.85175ms)
✔ project pagination reads/writes items beyond 100 and clears all lease fields (7.303209ms)
✔ unknown project fields, choices and invalid lease inputs fail without acquiring ownership (3.80575ms)
✔ parents, closed tasks, and tasks not Ready cannot be claimed (6.3095ms)
✔ owner-only heartbeat extends exact expiry; comments are throttled per hour (2.845084ms)
✔ shared lock races name holder, release frees locks and branch remains untouched (161.471625ms)
✔ expired lease remains owned; reaper is idempotent; reconciler must provide audit reason (2.148584ms)
✔ partial project update keeps claim reserved and explicit release recovers (0.714875ms)
✔ failed lock field update is recovered by scanning lock refs on release (0.731125ms)
✔ secondary rate limit retry is bounded and hard failures preserve distinct exit code (0.3775ms)
✔ audit reconstructs complete claim-heartbeat-lock-unlock-release and flags missing claim (10.374292ms)
✔ fake REST/GraphQL transport also exposes an actual HTTP server (20.476542ms)
✔ GraphQL resource limits shrink page size and surface permanent node overflow (0.359125ms)
✔ recorded live Project 4 fields support text, date and single-select projections (1.1085ms)
✔ reaper discovers an expired authoritative claim after the first Agent field write failed (0.463417ms)
✔ ambiguous DELETE response never deletes a replacement mutex owner (0.511042ms)
✔ transport owns a total five-attempt read budget; mutation 5xx/network failures fail closed (0.529208ms)
✔ partial GraphQL mutation data with rate-limit errors is never replayed (0.180042ms)
✔ dependency grammar accepts legacy Markdown and multiline requirements, rejects malformed IDs (2.321834ms)
✔ diamond readiness requires actual merged evidence; cycles and unresolved IDs block (0.927459ms)
✔ leaf readiness inherits parent requirements; explicit contracts require qualified versions (0.232041ms)
✔ task identity cross-checks branch, body, and project field; missing identity fails (0.3805ms)
✔ ownership rejects cross-area writes and accepts only enumerated exceptions or held locks (29.331917ms)
✔ hot-file growth budgets enforce both net lines and byte growth (0.163375ms)
✔ catalog has all 30 areas, explicit overlap accounting, deterministic CODEOWNERS (92.730625ms)
✔ path collisions require common declared lock, distinct siblings pass (0.358667ms)
✔ backlog lint names each violating issue and duplicate ID (0.4535ms)
✔ bootstrap apply is idempotent and dry-run writes nothing; incompatible fields fail (2.712167ms)
✔ snapshot preserves merged evidence and deterministic order; graph yields critical path (14.055417ms)
✔ dependency ancestors cannot bypass readiness; absent or cyclic parents fail closed (0.366167ms)
✔ ready-label sync changes only mismatched current labels and second run is a no-op (3.890875ms)
✔ directory ownership intersects children and live project lock fields serialize overlaps (0.501667ms)
✔ project item snapshot preserves numeric parity including zero (1.756625ms)
✔ ownership CLI checks deleted rename source and contracts must exist in default-branch tree (1050.617875ms)
✔ two actual Git branches each append a distinct contract at the same ID; combined tree fails (784.558958ms)
✔ V8 parses escaped, multiline and re-export imports without executing modules or matching comments (104.405542ms)
✔ graph resolves workspaces, recursive outside-root-directory dependencies and every JS including package bins (353.197458ms)
✔ reverse consumer selection covers transitive compiler runtime debugger, docs none, deleted modules conservative (1.558291ms)
✔ real impacted-test CLI awaits asynchronous manifest discovery and selects actual consumers (1260.680292ms)
✔ contract removal needs label and relevant version bump; append passes; duplicate IDs never pass (1.570875ms)
✔ schema constraints cannot hide as additive keys or exclusive-union array appends; revisions cannot be repointed (0.321166ms)
✔ gate emits every check including failure and stops on prior cancellation (79.503417ms)
✔ digest binds TAP bytes, commit, command and exact target/status proof (1.995583ms)
✔ capture refuses dirty passing changes over a failing committed tree before running any command (465.786292ms)
✔ capture rejects tracked/untracked mutations and even a clean changed HEAD after execution (1812.051458ms)
✔ only command-emitted proof for the exact target/status verifies; generic TAP is not parity (1634.128792ms)
✔ skipped/TODO/ambiguous or absent TAP results cannot qualify a pass, and stderr cannot spoof TAP (3131.79475ms)
✔ unknown and unsupported proofs retain their reasons and never verify as pass (1820.879042ms)
✔ fake HTTP handoff plus fresh real clone reproduces results; WIP commands are retested at the new commit (7629.114792ms)
✔ resume detects command mutations and stops before later commands (2186.0655ms)
✔ a real failed target remains verified failure and cannot be relabeled pass (489.778542ms)
✔ incomplete or contradictory TAP statistics never qualify a passing target (0.284583ms)
✔ inventory obligations produce distinct fractions and unknown prevents parent complete (12.207709ms)
✔ reopen, stale commit and altered proof each invalidate previous pass (1.304625ms)
✔ missing revision, duplicate identities, parent cycles and absent denominator fail closed (1.174833ms)
✔ report bytes are deterministic, numeric parity updates are changed-only and include zero (4.520083ms)
✔ rollup reads relative inputs from the requested root and invalid artifact paths remain unknown (137.965459ms)
✔ publishing rejects impossible percentages and ambiguous epic targets before project writes (3.025375ms)
✔ golden comparison reports precise assembly bytecode syntax and distribution drift including removals (1.696584ms)
✔ seam label rejects rewritten lock even when a newly generated lock matches the new output (680.424458ms)
✔ lossless syntax golden retains tree structure without red parent cycles or allocation IDs (38.4785ms)
✔ A00 T20 contributed per-tool CSS preserves every baseline byte and both sorted and ordered rules (76.544541ms)
✔ A00 T20 sorted equality alone cannot hide reversed overrides, missing or changed rules (0.373583ms)
✔ A00 T20 CSS rule boundaries preserve nested media, quoted punctuation, escaped selectors, functions and at-rules (1.316042ms)
✔ A00 T20 contribution separators preserve fragment boundaries and reject non-formatting insertion (17.944209ms)
✔ integrated Int64 GC builtin rejects images carrying its former Int32 contract (29.708666ms)
✔ compiler checks lossless syntax features for text and reused trees per file (17.810792ms)
✔ A05 T21 precise and beforefieldinit types obey distinct lazy triggers (0.85975ms)
✔ A05 T21 same-context recursive initialization observes partial state and runs once (0.497ms)
✔ A05 T21 initializer failure caches a rooted TypeInitializationException and InnerException (5.48475ms)
✔ A05 T21 another scheduler context waits then retries after initialization (0.196625ms)
✔ A05 T21 waiting context retries a cached failure at the triggering instruction (0.753125ms)
✔ A05 T21 initialization wait cycles expose partial state instead of deadlocking (0.103375ms)
✔ A05 T21 initialization state is separate for each closed generic identity (0.098875ms)
✔ A05 T21 missing initializers and unknown trigger boundaries are deterministic (0.092708ms)
✔ A05 T21 a failing managed cctor rethrows on the second field access and keeps its cause (10.953791ms)
✔ A05 T21 direct delegate-shaped calls initialize before method entry (4.795542ms)
✔ A05 T21 failure at a direct method-entry gate cannot enter the target catch clause (1.007208ms)
✔ A05 T21 frame-budget failures retain their fatal resource-fault identity (0.095042ms)
✔ A05 B03 newslot preserves base declaration through MethodDef (16.309291ms)
✔ A05 B03 newslot preserves base declaration through MemberRef (3.243375ms)
✔ A05 B03 nonvirtual hiding cannot override the base virtual slot (0.981833ms)
✔ A05 B03 verifier qualifies reachable reuse-slot overrides (0.91925ms)
✔ A05 B03 explicit class MethodImpl can use a differently named body (1.520375ms)
✔ A05 B03 explicit interface MethodImpl dispatches without executing an abstract declaration (4.096209ms)
✔ A05 B03 invalid MethodImpl signatures and duplicate slots fail verification (3.269833ms)
✔ A05 B03 a final class virtual slot cannot be overridden (0.989917ms)
✔ A05 B03 inherited interface mapping follows overrides without merging independent class slots (1.442125ms)
✔ A05 T23 covariant array stores accept null and compatible references (9.67625ms)
✔ A05 T23 covariant array stores reject boxed values using the actual element header (3.188292ms)
✔ A05 T23 castclass and isinst use array covariance without losing identity (6.324375ms)
✔ A05 T23 writable array element addresses reject covariant element types (1.082083ms)
✔ A05 T23 unbox.any on reference types performs the corresponding class cast (0.523083ms)
✔ enums source: explicit numeric and enum casts preserve identity and checked boundaries (65.51925ms)
✔ strings source: literal identity, runtime allocation, and explicit interning (5.8595ms)
✔ strings source: pool snapshot replay and stop release managed roots (7.512416ms)
✔ enums source: framework enum locals and boxing retain names and HasFlag (5.742084ms)
✔ enums reload: explicit numeric and enum casts preserve identity and checked boundaries (18.637708ms)
✔ strings reload: literal identity, runtime allocation, and explicit interning (10.2ms)
✔ strings reload: pool snapshot replay and stop release managed roots (7.61075ms)
✔ enums reload: framework enum locals and boxing retain names and HasFlag (8.419875ms)
✔ enums cil: explicit numeric and enum casts preserve identity and checked boundaries (12.928417ms)
✔ strings cil: literal identity, runtime allocation, and explicit interning (6.273209ms)
✔ strings cil: pool snapshot replay and stop release managed roots (2.604083ms)
✔ enums cil: framework enum locals and boxing retain names and HasFlag (2.238042ms)
✔ strings: weak pools drop collected handles and reject handles reused for another object (0.23125ms)
✔ strings: weak VM pools remain snapshotable without host WeakRefs (1.309ms)
✔ strings: intern rejects null and non-string references without growing the pool (0.140167ms)
✔ strings: character indexing exposes exact UTF-16 code units in both intrinsic paths (2.185792ms)
✔ enums: source Op.ENUM preserves type while numeric conversions use underlying storage (1.476416ms)
✔ enums: underlying signed and unsigned widths preserve boundary values (0.074083ms)
✔ enums CIL: independently authored boxed enum names and runtime type identity (1.496792ms)
✔ enums CIL: flags names, unknown values, zero and unsigned metadata boundaries (14.800291ms)
✔ enums CIL: unboxed arithmetic retains the declared enum when boxed again (6.30225ms)
✔ strings CIL: independent literal tokens intern but concatenation allocates a distinct reference (1.5595ms)
✔ enums: zero-initialized static fields preserve enum identity across all engines (14.621667ms)
✔ enums CIL: zero-initialized locals and arrays use the underlying zero value (5.23125ms)
✔ enums CIL: boxed enum managed addresses cannot be confused with underlying int boxes (12.168209ms)
✔ enums CIL: UInt32 enum unboxing retains signed evaluation-stack bits for conv.i8 (8.535125ms)
✔ runtime division fault matches System.DivideByZeroException (16.432209ms)
✔ runtime division fault matches System.ArithmeticException (3.445958ms)
✔ runtime division fault matches System.SystemException (1.216375ms)
✔ runtime division fault matches System.Exception (7.274084ms)
✔ runtime division fault does not match System.OverflowException (1.843334ms)
✔ runtime division fault does not match System.ArgumentException (1.503125ms)
✔ runtime division fault does not match User.DivideByZeroException (0.742ms)
✔ fault type normalization preserves namespaces and derived CLR exception classes (0.128125ms)
✔ Roslyn compiled typed catches execute in the CIL engine (2.250791ms)
✔ GC source: GetTotalMemory returns Int64 without wrapping above 2 GiB (1.680042ms)
✔ GC source: forced collection reports remaining bytes as Int64 (7.336792ms)
✔ GC source: all supported generations observe full-heap collections (0.824875ms)
✔ GC CIL: GetTotalMemory returns Int64 without wrapping above 2 GiB (6.047042ms)
✔ GC CIL: forced collection reports remaining bytes as Int64 (1.474292ms)
✔ GC CIL: all supported generations observe full-heap collections (3.577333ms)
✔ GC compiled source: intrinsic values keep Int64 through locals and formatting (57.947791ms)
✔ GC compiled source: generation one and two calls succeed (5.309583ms)
✔ GC compiled reload: intrinsic values keep Int64 through locals and formatting (5.667208ms)
✔ GC compiled reload: generation one and two calls succeed (5.24225ms)
✔ GC compiled CIL: intrinsic values keep Int64 through locals and formatting (11.599208ms)
✔ GC compiled CIL: generation one and two calls succeed (11.636833ms)
✔ GC CIL: independently authored Int64-returning caller preserves the native signature (0.556667ms)
✔ GC source typing: Int64 results cannot silently narrow into an Int32 local (2.302625ms)
✔ A05 B01: conv.u8 zero-extends Int32 bit patterns and preserves Int64 width (2.078458ms)
✔ A05 B01: uint locals widen to both ulong and long without sign extension (6.388667ms)
✔ A05 B02 .NET 10 floating conversion: i8_0 (0.110083ms)
✔ A05 B02 .NET 10 floating conversion: i8_1 (0.05725ms)
✔ A05 B02 .NET 10 floating conversion: i8_2 (0.063417ms)
✔ A05 B02 .NET 10 floating conversion: i8_3 (0.128333ms)
✔ A05 B02 .NET 10 floating conversion: i8_4 (2.063625ms)
✔ A05 B02 .NET 10 floating conversion: i8_5 (0.070541ms)
✔ A05 B02 .NET 10 floating conversion: i8_6 (0.068875ms)
✔ A05 B02 .NET 10 floating conversion: i8_7 (0.121958ms)
✔ A05 B02 .NET 10 floating conversion: i8_8 (0.071375ms)
✔ A05 B02 .NET 10 floating conversion: i8_9 (0.053416ms)
✔ A05 B02 .NET 10 floating conversion: u8_0 (0.038084ms)
✔ A05 B02 .NET 10 floating conversion: u8_1 (7.688041ms)
✔ A05 B02 .NET 10 floating conversion: u8_2 (0.081ms)
✔ A05 B02 .NET 10 floating conversion: u8_3 (0.058ms)
✔ A05 B02 .NET 10 floating conversion: u8_4 (0.0325ms)
✔ A05 B02 .NET 10 floating conversion: u8_5 (0.029125ms)
✔ A05 B02 .NET 10 floating conversion: u8_6 (0.029958ms)
✔ A05 B02 .NET 10 floating conversion: u8_7 (0.035292ms)
✔ A05 B02 .NET 10 floating conversion: u8_8 (0.027916ms)
✔ A05 B02 .NET 10 floating conversion: u4_0 (0.031917ms)
✔ A05 B02 .NET 10 floating conversion: u4_1 (0.027792ms)
✔ A05 B02 .NET 10 floating conversion: u4_2 (0.025167ms)
✔ A05 B02 .NET 10 floating conversion: u4_3 (0.033166ms)
✔ A05 B02 .NET 10 floating conversion: u4_4 (0.026375ms)
✔ A05 B02 .NET 10 floating conversion: u4_5 (0.025042ms)
✔ A05 B02 .NET 10 floating conversion: u4_6 (0.322958ms)
✔ A05 B02 .NET 10 floating conversion: u4_7 (0.4075ms)
✔ A05 B02 .NET 10 floating conversion: u4_8 (0.224208ms)
✔ A05 B02 .NET 10 floating conversion: u4_9 (0.087291ms)
✔ A05 B02 .NET 10 floating conversion: u4_10 (0.031083ms)
✔ A05 B02 .NET 10 floating conversion: i4_0 (0.0255ms)
✔ A05 B02 .NET 10 floating conversion: i4_1 (0.021666ms)
✔ A05 B02 .NET 10 floating conversion: i4_2 (0.019708ms)
✔ A05 B02 .NET 10 floating conversion: i4_3 (0.032959ms)
✔ A05 B02 .NET 10 floating conversion: i4_4 (0.018417ms)
✔ A05 B02 .NET 10 floating conversion: i4_5 (0.017958ms)
✔ A05 B02 .NET 10 floating conversion: i4_6 (0.017666ms)
✔ A05 B02 .NET 10 floating conversion: i4_7 (0.604583ms)
✔ A05 B02 .NET 10 floating conversion: i4_8 (0.040583ms)
✔ A05 B02 .NET 10 floating conversion: i4_9 (0.024125ms)
✔ A05 B02 .NET 10 floating conversion: i2_0 (0.020833ms)
✔ A05 B02 .NET 10 floating conversion: i2_1 (0.024ms)
✔ A05 B02 .NET 10 floating conversion: i2_2 (0.020291ms)
✔ A05 B02 .NET 10 floating conversion: i2_3 (0.01725ms)
✔ A05 B02 .NET 10 floating conversion: i2_4 (0.016291ms)
✔ A05 B02 .NET 10 floating conversion: i2_5 (0.016625ms)
✔ A05 B02 .NET 10 floating conversion: i2_6 (0.015917ms)
✔ A05 B02 .NET 10 floating conversion: i2_7 (0.015875ms)
✔ A05 B02 .NET 10 floating conversion: i2_8 (0.016042ms)
✔ A05 B02 .NET 10 floating conversion: i2_9 (0.017125ms)
✔ A05 B02 .NET 10 floating conversion: i2_10 (0.016167ms)
✔ A05 B02 .NET 10 floating conversion: i2_11 (0.01875ms)
✔ A05 B02 .NET 10 floating conversion: i1_0 (0.020125ms)
✔ A05 B02 .NET 10 floating conversion: i1_1 (0.019791ms)
✔ A05 B02 .NET 10 floating conversion: i1_2 (0.016208ms)
✔ A05 B02 .NET 10 floating conversion: i1_3 (0.016542ms)
✔ A05 B02 .NET 10 floating conversion: i1_4 (0.015625ms)
✔ A05 B02 .NET 10 floating conversion: i1_5 (0.017125ms)
✔ A05 B02 .NET 10 floating conversion: i1_6 (0.016208ms)
✔ A05 B02 .NET 10 floating conversion: i1_7 (0.016166ms)
✔ A05 B02 .NET 10 floating conversion: i1_8 (0.016667ms)
✔ A05 B02 .NET 10 floating conversion: i1_9 (0.0345ms)
✔ A05 B02 .NET 10 floating conversion: u1_0 (0.018417ms)
✔ A05 B02 .NET 10 floating conversion: u1_1 (0.016958ms)
✔ A05 B02 .NET 10 floating conversion: u1_2 (0.01675ms)
✔ A05 B02 .NET 10 floating conversion: u1_3 (0.027667ms)
✔ A05 B02 .NET 10 floating conversion: u1_4 (0.020083ms)
✔ A05 B02 .NET 10 floating conversion: u1_5 (0.01875ms)
✔ A05 B02 .NET 10 floating conversion: u1_6 (0.015625ms)
✔ A05 B02 .NET 10 floating conversion: u1_7 (0.015542ms)
✔ A05 B02 .NET 10 floating conversion: u2_0 (0.015208ms)
✔ A05 B02 .NET 10 floating conversion: u2_1 (0.01525ms)
✔ A05 B02 .NET 10 floating conversion: u2_2 (0.015417ms)
✔ A05 B02 .NET 10 floating conversion: u2_3 (0.015916ms)
✔ A05 B02 .NET 10 floating conversion: u2_4 (0.027708ms)
✔ A05 B02 .NET 10 floating conversion: u2_5 (0.015708ms)
✔ A05 B02 .NET 10 floating conversion: u2_6 (0.017584ms)
✔ A05 B02 .NET 10 floating conversion: u2_7 (0.017625ms)
✔ A05 B02 .NET 10 floating conversion: single_i8_overflow (0.027292ms)
✔ A05 B02 .NET 10 floating conversion: single_u8_negative (0.015541ms)
✔ A05 B02 .NET 10 floating conversion: single_i8_precision (0.015708ms)
✔ A05 B02 .NET 10 floating conversion: single_u4_rounding (0.015375ms)
✔ A05 B02 .NET 10 floating conversion: single_i2_overflow (0.014916ms)
✔ A05 B02 .NET 10 floating conversion: single_i1_nan (0.019875ms)
✔ A05 B02: direct helper reproducer saturates without confusing Int32 bit patterns with F (0.048167ms)
✔ A05 B01/B02: independent managed IL preserves the public signed/unsigned conversion table (65.890709ms)
✔ A05 native numeric fixture uses CLI primitive MethodDef and MemberRef signatures (1.502542ms)
✔ A05 B02: checked conversions keep overflow faults rather than applying saturation (9.86125ms)
✔ CIL frames reuse one offset map per method body (9.953458ms)
✔ offset plans change when a method body is replaced and do not collide across methods (0.106708ms)
✔ A05 field metadata is reused without retaining one receiver or its mutable data (14.807666ms)
✔ A05 cached fields preserve closed generic signatures and declaring MemberRef arguments (1.45725ms)
✔ A05 warm field caches still reject null, stale handles, foreign owners and non-field tokens (3.00175ms)
✔ A05 field caches retain metadata but use restored heap records after a snapshot (3.414ms)
✔ A05 inspector replacement invalidates the field cache even when metadata tokens are reused (5.528042ms)
✔ A05 initialization gates survive snapshots before and after a direct method entry (1.916292ms)
✔ A05 CIL EH preserves nested leave continuations across snapshot and collection (53.88475ms)
✔ A05 CIL EH catch rethrow retains original exception and bypasses completed catch (4.151458ms)
✔ A05 CIL EH rejects endfinally and rethrow outside active regions (0.735417ms)
✔ A05 CIL EH fatal resource faults bypass user catches and preserve debugger frame state (2.969958ms)
✔ A05 CIL EH root enumeration includes paused catch and finally fault references (0.359416ms)
✔ A05 CIL registry covers exactly the executable decoded opcodes (2.446542ms)
✔ A05 CIL registry executes compact/wide locals, indirect storage, branches and arrays (12.037875ms)
✔ A05 CIL registry rejects unknown opcodes and out of bounds instruction pointers (1.915334ms)
✔ A05 CIL registry preserves first-chance stack and instruction position (6.403334ms)
✔ A05 every accepted intrinsic signature has exactly one runtime handler and vice versa (62.680375ms)
✔ A05 framework declarations and inherited signatures retain exact contract selection (28.837667ms)
✔ A05 intrinsic signature boundaries reject wrong arity, staticness, generics and unknown owners (0.341208ms)
✔ A05 intrinsic adapters preserve overflow, null and string index faults (14.855166ms)
✔ A05 framework aliases do not broaden the legacy primitive intrinsic allowlist (3.143959ms)
✔ A05 CIL type membership is indexed before execution (5.682083ms)
✔ A05 CIL layouts preserve inherited field offsets and reject foreign fields (1.453792ms)
✔ A05 CIL metadata replacement rebuilds the derived indexes (105.748ms)
✔ A05 CIL call and static initialization adapters retain frame and depth contracts (14.419333ms)
✔ CIL numeric seam: tagged floats retain precision, special values and immutable representation (2.757167ms)
✔ CIL numeric seam: initialized locals receive the declared primitive defaults (0.484375ms)
✔ CIL numeric seam: Int32 operations wrap, truncate and mask shift counts (0.478958ms)
✔ CIL numeric seam: Int64 operations preserve exact integers and stack bit patterns (0.366333ms)
✔ CIL numeric seam: checked signed and unsigned arithmetic accepts endpoints and rejects overflow (0.846792ms)
✔ CIL numeric seam: integer division faults and invalid operands remain explicit (0.461667ms)
✔ CIL numeric seam: floating arithmetic retains IEEE values and rejects integer-only opcodes (0.443125ms)
✔ CIL numeric seam: unary operations keep integer widths and floating signed zero (0.268208ms)
✔ CIL numeric seam: signed and unsigned comparisons respect Int32 and Int64 boundaries (0.507083ms)
✔ CIL numeric seam: unordered floating comparisons and reference identity use CIL rules (0.428292ms)
✔ CIL numeric seam: conversions truncate and preserve signed stack representations (0.85525ms)
✔ CIL numeric seam: checked conversions cover every signed and unsigned target boundary (1.821125ms)
✔ CIL numeric seam: non-finite and out-of-range float conversions follow the .NET 10 profile (0.501333ms)
✔ CIL numeric seam: storage narrows declared primitive aliases without changing references (0.475959ms)
✔ CIL numeric seam: indirect opcode suffixes narrow loads and stores (0.749334ms)
✔ CIL numeric seam: injected factories preserve host error identity through every operation (0.460334ms)
✔ source: snapshot schema classifies every VM field and rejects omissions (40.342042ms)
✔ source: versioned snapshots replay independently and retain host callbacks (4.553917ms)
✔ source: invalid version, foreign owner and missing state fail before mutation (22.890542ms)
✔ source: snapshot fault aliases and optional debugger state survive restore (2.912291ms)
✔ cil: snapshot schema classifies every VM field and rejects omissions (12.888417ms)
✔ cil: versioned snapshots replay independently and retain host callbacks (15.530167ms)
✔ cil: invalid version, foreign owner and missing state fail before mutation (12.53625ms)
✔ cil: snapshot fault aliases and optional debugger state survive restore (1.837042ms)
✔ execution copying preserves cycles, collection aliases, views and exact numeric values (0.1935ms)
✔ execution copying clones frozen buffers and views while retaining shared storage (2.734292ms)
✔ source builtin seam: numeric overloads and midpoint rounding work without an image (13.425417ms)
✔ source builtin seam: parsing preserves range and format failures (5.426ms)
✔ source builtin seam: output formatting, callbacks, and output limits are retained (0.459666ms)
✔ source builtin seam: strings preserve empty, null, and endpoint behavior (0.355542ms)
✔ source builtin seam: allocating intrinsics pin their arguments through collection (6.957334ms)
✔ source builtin seam: GC, arrays, and managed exception values preserve behavior (1.655ms)
✔ source builtin seam: framework delegation preserves contract, arguments, and suspension (0.196167ms)
✔ source operation seam: numeric modes preserve overflow, division, and shifts (1.878375ms)
✔ source operation seam: strings compare by value and object handles include generations (4.127166ms)
✔ source operation seam: conversion and unary boundaries preserve checked behavior (0.633833ms)
✔ source EH seam: nested return finalizers retain values until the outer cleanup finishes (6.981917ms)
✔ source EH seam: jumps within a protected region skip cleanup and exiting jumps resume once (0.555084ms)
✔ source EH seam: faults cross cleanup before entering a catch and retain managed roots (5.286542ms)
✔ source EH seam: pending, caught, and active fault references survive collection (1.485083ms)
✔ source EH seam: unhandled allocation failures preserve the original managed fault (0.279833ms)
✔ source VM dispatch uses extracted operations while return and rethrow cleanup remain ordered (54.036084ms)
✔ A05 T26 closed generic types have distinct static slots and independent initializers (13.586167ms)
✔ A05 T26 generic field signatures substitute the declaring type arguments (6.188458ms)
✔ A05 T26 ldsflda retains its closed generic identity (2.169084ms)
✔ A05 T26 ThreadStatic defaults and writes are isolated by scheduler context (2.158917ms)
✔ A05 T26 ThreadStatic addresses preserve their original context across switches (0.493459ms)
✔ A05 T26 closed generic static references remain rooted and restore with snapshots (1.482875ms)
✔ A05 T26 volatile field and indirect accesses execute in instruction order (1.387916ms)
✔ A05 T26 verifier rejects malformed volatile prefixes and branches that split prefixes (1.466042ms)
✔ A05 T26 interleaved cooperative workers retain independent ThreadStatic values (9.161958ms)
✔ tokens source: GetType identity, names, and primitive static types (87.113083ms)
✔ tokens source: cached Type roots, snapshot replay, and stop (9.148708ms)
✔ tokens source: null GetType faults (4.171917ms)
✔ tokens reload: GetType identity, names, and primitive static types (12.075875ms)
✔ tokens reload: cached Type roots, snapshot replay, and stop (2.215333ms)
✔ tokens reload: null GetType faults (1.714167ms)
✔ tokens cil: GetType identity, names, and primitive static types (12.75775ms)
✔ tokens cil: cached Type roots, snapshot replay, and stop (2.153333ms)
✔ tokens cil: null GetType faults (2.001833ms)
✔ tokens: aliases, closed/open generics, and array identity share stable tables (1.041667ms)
✔ tokens: inherited object headers report actual type and boxed enum remains distinct (0.223ms)
✔ tokens: default handle, null comparisons, wrong kind, foreign and forged handles (0.315208ms)
✔ tokens: snapshots taken before the lazy Type cache discard subsequent entries (2.272833ms)
✔ tokens: ldtoken supports TypeDef/Ref/Spec and method/field definitions and references (5.347917ms)
✔ tokens CIL: typeof primitive, open generic and closed generic handles execute (1.522541ms)
✔ strings: String(char[]) copies UTF-16 units, remains non-interned, and rejects invalid arrays (0.482416ms)
✔ strings CIL: String(char[]) constructor produces a fresh managed string (0.841459ms)
✔ A05 assignability: string -> object (3.781667ms)
✔ A05 assignability: object -> string (0.780834ms)
✔ A05 assignability: int -> object (0.492125ms)
✔ A05 assignability: CastFixtures.Derived -> CastFixtures.Base (0.278375ms)
✔ A05 assignability: CastFixtures.Base -> CastFixtures.Derived (0.288791ms)
✔ A05 assignability: CastFixtures.Derived -> CastFixtures.Derived (0.259542ms)
✔ A05 assignability: CastFixtures.Derived -> CastFixtures.Other (0.252083ms)
✔ A05 assignability: First.Widget -> Second.Widget (0.206333ms)
✔ A05 assignability: First.Widget -> object (0.283125ms)
✔ A05 assignability: CastFixtures.Base -> CastFixtures.IRoot (0.340292ms)
✔ A05 assignability: CastFixtures.Derived -> CastFixtures.IChild (0.2455ms)
✔ A05 assignability: CastFixtures.Derived -> CastFixtures.IRoot (5.928416ms)
✔ A05 assignability: CastFixtures.Base -> CastFixtures.IChild (0.227834ms)
✔ A05 assignability: CastFixtures.IChild -> CastFixtures.IRoot (0.11625ms)
✔ A05 assignability: CastFixtures.IRoot -> CastFixtures.IChild (0.182917ms)
✔ A05 assignability: CastFixtures.IRoot -> object (0.071833ms)
✔ A05 assignability: CastFixtures.Other -> CastFixtures.IRoot (0.064ms)
✔ A05 assignability: string -> System.IComparable (0.183541ms)
✔ A05 assignability: int -> System.IComparable`1<int> (0.169459ms)
✔ A05 assignability: int -> System.IComparable`1<long> (0.215166ms)
✔ A05 assignability: bool -> System.IFormattable (0.091708ms)
✔ A05 assignability: char -> System.IFormattable (0.076167ms)
✔ A05 assignability: string[] -> object[] (0.69075ms)
✔ A05 assignability: object[] -> string[] (0.925584ms)
✔ A05 assignability: int[] -> object[] (0.736458ms)
✔ A05 assignability: int[] -> System.Array (0.5875ms)
✔ A05 assignability: int[] -> object (0.49525ms)
✔ A05 assignability: string[,] -> object[,] (0.440791ms)
✔ A05 assignability: string[] -> object[,] (0.79575ms)
✔ A05 assignability: int[,] -> int[,,] (0.384083ms)
✔ A05 assignability: int[,] -> int[,] (0.255ms)
✔ A05 assignability: int[] -> int[*] (0.464542ms)
✔ A05 assignability: int[*] -> int[] (0.606792ms)
✔ A05 assignability: int[][] -> object[] (1.177792ms)
✔ A05 assignability: int[][] -> object[][] (1.309042ms)
✔ A05 assignability: string[][] -> object[][] (1.314416ms)
✔ A05 assignability: int[] -> uint[] (0.7655ms)
✔ A05 assignability: uint[] -> int[] (0.699125ms)
✔ A05 assignability: byte[] -> sbyte[] (0.614542ms)
✔ A05 assignability: bool[] -> byte[] (0.550417ms)
✔ A05 assignability: char[] -> ushort[] (0.631ms)
✔ A05 assignability: float[] -> int[] (0.832709ms)
✔ A05 assignability: string[] -> System.Collections.Generic.IEnumerable`1<object> (0.677375ms)
✔ A05 assignability: string[] -> System.Collections.Generic.IList`1<object> (0.343ms)
✔ A05 assignability: int[] -> System.Collections.Generic.IList`1<uint> (0.462ms)
✔ A05 assignability: int[] -> System.Collections.Generic.IEnumerable`1<object> (0.421583ms)
✔ A05 assignability: string[,] -> System.Collections.Generic.IEnumerable`1<string> (0.282583ms)
✔ A05 assignability: string[,] -> System.Collections.IEnumerable (0.243833ms)
✔ A05 assignability: CastFixtures.ICov`1<string> -> CastFixtures.ICov`1<object> (2.414459ms)
✔ A05 assignability: CastFixtures.ICov`1<object> -> CastFixtures.ICov`1<string> (0.225625ms)
✔ A05 assignability: CastFixtures.ICov`1<int> -> CastFixtures.ICov`1<object> (0.746292ms)
✔ A05 assignability: CastFixtures.IContra`1<object> -> CastFixtures.IContra`1<string> (0.312083ms)
✔ A05 assignability: CastFixtures.IContra`1<string> -> CastFixtures.IContra`1<object> (0.34425ms)
✔ A05 assignability: CastFixtures.IInvariant`1<string> -> CastFixtures.IInvariant`1<object> (0.371833ms)
✔ A05 assignability: CastFixtures.Producer -> CastFixtures.ICov`1<object> (0.329667ms)
✔ A05 assignability: CastFixtures.Consumer -> CastFixtures.IContra`1<string> (0.150708ms)
✔ A05 assignability: System.Collections.Generic.List`1<string> -> System.Collections.Generic.IEnumerable`1<object> (0.29875ms)
✔ A05 assignability: System.Collections.Generic.List`1<string> -> System.Collections.Generic.List`1<object> (0.273583ms)
✔ A05 assignability: System.Collections.Generic.List`1<int> -> System.Collections.Generic.IEnumerable`1<object> (0.20425ms)
✔ A05 assignability: System.Collections.Generic.IList`1<string> -> System.Collections.Generic.IList`1<object> (0.167708ms)
✔ A05 assignability: System.Action`1<object> -> System.Action`1<string> (0.214208ms)
✔ A05 assignability: System.Func`1<string> -> System.Func`1<object> (0.26725ms)
✔ A05 assignability: System.Func`1<int> -> System.Func`1<object> (0.329083ms)
✔ A05 assignability: System.Func`2<object, string> -> System.Func`2<string, object> (0.755834ms)
✔ A05 assignability: System.Collections.Generic.List`1<string> -> System.Collections.Generic.List`1 (0.320125ms)
✔ A05 assignability: System.Collections.Generic.List`1 -> System.Collections.Generic.List`1 (0.123916ms)
✔ A05 assignability: int -> System.Nullable`1<int> (0.101875ms)
✔ A05 assignability: System.Nullable`1<int> -> int (0.082042ms)
✔ A05 assignability: System.Nullable`1<int> -> object (0.087041ms)
✔ A05 assignability: System.Nullable`1<int> -> System.ValueType (0.08025ms)
✔ A05 assignability: System.Nullable`1<int> -> System.Nullable`1<long> (0.518209ms)
✔ A05 assignability: System.Nullable`1<int> -> System.IComparable (0.330833ms)
✔ A05 assignability: CastFixtures.Color -> System.Enum (0.2705ms)
✔ A05 assignability: CastFixtures.Color -> System.ValueType (0.226708ms)
✔ A05 assignability: CastFixtures.Color -> object (0.205583ms)
✔ A05 assignability: CastFixtures.Color -> int (0.192833ms)
✔ A05 assignability: int -> CastFixtures.Color (0.184791ms)
✔ A05 assignability: CastFixtures.Color -> CastFixtures.OtherColor (0.265292ms)
✔ A05 assignability: CastFixtures.Color -> System.IComparable (0.083542ms)
✔ A05 assignability: CastFixtures.Color -> System.Nullable`1<CastFixtures.Color> (0.087208ms)
✔ A05 assignability: CastFixtures.Color -> System.Nullable`1<int> (0.077166ms)
✔ A05 assignability: System.Nullable`1<CastFixtures.Color> -> System.Enum (1.288792ms)
✔ A05 assignability: CastFixtures.Color[] -> int[] (0.829917ms)
✔ A05 assignability: int[] -> CastFixtures.Color[] (0.954917ms)
✔ A05 assignability: CastFixtures.Color[] -> CastFixtures.OtherColor[] (0.863417ms)
✔ A05 assignability: CastFixtures.ByteColor[] -> byte[] (0.930417ms)
✔ A05 cast cache has at least 60 independent .NET reference pairs (0.231583ms)
✔ A05 casts use object headers and preserve null, failure and boxed enum distinctions (2.0315ms)
✔ A05 covariant array stores retain the actual element constraint (1.118917ms)
✔ A05 cast boundary inputs and cache clearing stay explicit (0.205291ms)
✔ A05 a generic interface first lookup retains identity through recursive primitive materialization (4.875583ms)
✔ A05 method tables retain canonical primitive, token and generic identities (3.2595ms)
✔ A05 method tables describe inherited storage and interface implementation slots (1.215542ms)
✔ A05 source image tables retain type and field identities across namespaces (1.726375ms)
✔ A05 heap headers survive collection, snapshots and metadata registry replacement (3.885ms)
✔ A05 recursive generic reference fields materialize without losing their closed identity (0.329417ms)
✔ A05 invalid method table definitions fail without retaining broken identities (1.816584ms)
✔ A05 CIL headers distinguish namespaced virtual method declarations (8.179834ms)
✔ A05 CIL metadata tables preserve enum backing widths and rebuilt heap headers (0.720083ms)
✔ A05 CIL GenericParam variance and TypeSpec identities feed the same cast lattice (3.277209ms)
✔ Animation source: sampling and Stop restore changed base (6.64875ms)
✔ Animation reload: sampling and Stop restore changed base (14.888166ms)
✔ Animation cil: sampling and Stop restore changed base (30.208125ms)
✔ Animation reassembled: sampling and Stop restore changed base (14.133958ms)
✔ Animation source: deferred BeginTime runs before first active frame (1.905542ms)
✔ Animation reload: deferred BeginTime runs before first active frame (4.291125ms)
✔ Animation cil: deferred BeginTime runs before first active frame (2.981625ms)
✔ Animation reassembled: deferred BeginTime runs before first active frame (13.207625ms)
✔ Animation source: pause resume and seek (5.029209ms)
✔ Animation reload: pause resume and seek (10.3205ms)
✔ Animation cil: pause resume and seek (5.316792ms)
✔ Animation reassembled: pause resume and seek (5.219333ms)
✔ Animation source: zero duration fills immediately (1.787917ms)
✔ Animation reload: zero duration fills immediately (1.891ms)
✔ Animation cil: zero duration fills immediately (2.204ms)
✔ Animation reassembled: zero duration fills immediately (5.230958ms)
✔ Animation source: repeat and auto reverse (2.147084ms)
✔ Animation reload: repeat and auto reverse (12.360916ms)
✔ Animation cil: repeat and auto reverse (4.143292ms)
✔ Animation reassembled: repeat and auto reverse (6.92275ms)
✔ Animation source: stop fill restores unmodified local (3.600042ms)
✔ Animation reload: stop fill restores unmodified local (4.383666ms)
✔ Animation cil: stop fill restores unmodified local (3.907417ms)
✔ Animation reassembled: stop fill restores unmodified local (4.759959ms)
✔ Animation source: nested storyboard speed and offset (0.810791ms)
✔ Animation reload: nested storyboard speed and offset (1.445ms)
✔ Animation cil: nested storyboard speed and offset (1.113916ms)
✔ Animation reassembled: nested storyboard speed and offset (4.608917ms)
✔ Animation source: quadratic ease in (0.703417ms)
✔ Animation reload: quadratic ease in (3.475583ms)
✔ Animation cil: quadratic ease in (5.109833ms)
✔ Animation reassembled: quadratic ease in (2.017667ms)
✔ Animation source: transform target path (0.603292ms)
✔ Animation reload: transform target path (3.068208ms)
✔ Animation cil: transform target path (3.361333ms)
✔ Animation reassembled: transform target path (5.2425ms)
✔ Animation source: attached canvas target (1.408084ms)
✔ Animation reload: attached canvas target (3.173708ms)
✔ Animation cil: attached canvas target (1.945916ms)
✔ Animation reassembled: attached canvas target (6.621459ms)
✔ Animation source: name binding requires unique live target (5.04525ms)
✔ Animation reload: name binding requires unique live target (2.113416ms)
✔ Animation cil: name binding requires unique live target (3.5375ms)
✔ Animation reassembled: name binding requires unique live target (3.304208ms)
✔ Animation source: based-on style mutation while animated restores latest base (2.737083ms)
✔ Animation reload: based-on style mutation while animated restores latest base (6.760209ms)
✔ Animation cil: based-on style mutation while animated restores latest base (5.513334ms)
✔ Animation reassembled: based-on style mutation while animated restores latest base (8.809834ms)
✔ Animation source: garbage collection keeps active timelines/targets (2.208875ms)
✔ Animation reload: garbage collection keeps active timelines/targets (6.479125ms)
✔ Animation cil: garbage collection keeps active timelines/targets (3.761917ms)
✔ Animation reassembled: garbage collection keeps active timelines/targets (8.137542ms)
✔ Animation source: invalid target does not replace running animation (4.297291ms)
✔ Animation reload: invalid target does not replace running animation (35.961167ms)
✔ Animation cil: invalid target does not replace running animation (8.828667ms)
✔ Animation reassembled: invalid target does not replace running animation (6.183875ms)
✔ Animation source: wrap panel contracts and attached spans (4.407917ms)
✔ Animation reload: wrap panel contracts and attached spans (1.927ms)
✔ Animation cil: wrap panel contracts and attached spans (4.551542ms)
✔ Animation reassembled: wrap panel contracts and attached spans (1.941375ms)
✔ AnimationClock pending root BeginTime still drives the clock (0.441959ms)
✔ AnimationClock snapshot restores all clocks, bases and completion state (1.222166ms)
✔ AnimationClock latest storyboard takes precedence; stopping reveals earlier clock then base (0.212916ms)
✔ AnimationClock Begin validation leaves previous state untouched (6.126667ms)
✔ AnimationClock rejects cycles, huge trees, and invalid speed (1.902583ms)
✔ AnimationClock repeat-duration and fractional repeats keep correct final value (0.120583ms)
✔ Easing symmetry and endpoints across all supported families (0.135916ms)
✔ BCL source: list initializer, index update and foreach (8.286125ms)
✔ BCL reload: list initializer, index update and foreach (5.201584ms)
✔ BCL cil: list initializer, index update and foreach (6.821542ms)
✔ BCL reassembled: list initializer, index update and foreach (4.519583ms)
✔ BCL source: indexer receiver and key evaluate once (0.850208ms)
✔ BCL reload: indexer receiver and key evaluate once (5.858875ms)
✔ BCL cil: indexer receiver and key evaluate once (5.403833ms)
✔ BCL reassembled: indexer receiver and key evaluate once (4.8965ms)
✔ BCL source: collection foreach break and continue (3.808167ms)
✔ BCL reload: collection foreach break and continue (4.201541ms)
✔ BCL cil: collection foreach break and continue (12.676209ms)
✔ BCL reassembled: collection foreach break and continue (2.818166ms)
✔ BCL source: versioned iterator mutation throws with cleanup (1.098417ms)
✔ BCL reload: versioned iterator mutation throws with cleanup (3.18425ms)
✔ BCL cil: versioned iterator mutation throws with cleanup (1.589541ms)
✔ BCL reassembled: versioned iterator mutation throws with cleanup (5.099ms)
✔ BCL source: dictionary key equality, duplicate, remove and snapshots (1.299666ms)
✔ BCL reload: dictionary key equality, duplicate, remove and snapshots (1.524417ms)
✔ BCL cil: dictionary key equality, duplicate, remove and snapshots (6.6305ms)
✔ BCL reassembled: dictionary key equality, duplicate, remove and snapshots (4.27ms)
✔ BCL source: dictionary null and missing reject (1.16275ms)
✔ BCL reload: dictionary null and missing reject (2.134583ms)
✔ BCL cil: dictionary null and missing reject (0.855125ms)
✔ BCL reassembled: dictionary null and missing reject (1.036667ms)
✔ BCL source: list copy is independent, insert/remove/reverse/sort (0.639833ms)
✔ BCL reload: list copy is independent, insert/remove/reverse/sort (0.972583ms)
✔ BCL cil: list copy is independent, insert/remove/reverse/sort (11.233458ms)
✔ BCL reassembled: list copy is independent, insert/remove/reverse/sort (2.340917ms)
✔ BCL source: list range/capacity transactional failure (0.570292ms)
✔ BCL reload: list range/capacity transactional failure (1.228166ms)
✔ BCL cil: list range/capacity transactional failure (0.983542ms)
✔ BCL reassembled: list range/capacity transactional failure (7.072083ms)
✔ BCL source: HashSet set operations (1.299959ms)
✔ BCL reload: HashSet set operations (4.97625ms)
✔ BCL cil: HashSet set operations (0.825875ms)
✔ BCL reassembled: HashSet set operations (2.248541ms)
✔ BCL source: queue stack order and empty error (0.829584ms)
✔ BCL reload: queue stack order and empty error (4.535208ms)
✔ BCL cil: queue stack order and empty error (1.313916ms)
✔ BCL reassembled: queue stack order and empty error (1.786833ms)
✔ BCL source: boxed list roots retain custom objects through GC (0.398416ms)
✔ BCL reload: boxed list roots retain custom objects through GC (0.769334ms)
✔ BCL cil: boxed list roots retain custom objects through GC (1.07625ms)
✔ BCL reassembled: boxed list roots retain custom objects through GC (1.105625ms)
✔ BCL source: string dictionary heap roots survive collection (6.604917ms)
✔ BCL reload: string dictionary heap roots survive collection (4.289542ms)
✔ BCL cil: string dictionary heap roots survive collection (9.90075ms)
✔ BCL reassembled: string dictionary heap roots survive collection (7.787334ms)
✔ BCL source: StringBuilder chunk append length and range (0.933959ms)
✔ BCL reload: StringBuilder chunk append length and range (9.564584ms)
✔ BCL cil: StringBuilder chunk append length and range (3.065875ms)
✔ BCL reassembled: StringBuilder chunk append length and range (5.030375ms)
✔ BCL source: StringBuilder repeated append and GC (2.922042ms)
✔ BCL reload: StringBuilder repeated append and GC (6.469708ms)
✔ BCL cil: StringBuilder repeated append and GC (2.512833ms)
✔ BCL reassembled: StringBuilder repeated append and GC (7.078583ms)
✔ BCL source: StringBuilder formatting and capacity bounds (0.948583ms)
✔ BCL reload: StringBuilder formatting and capacity bounds (3.713208ms)
✔ BCL cil: StringBuilder formatting and capacity bounds (1.475209ms)
✔ BCL reassembled: StringBuilder formatting and capacity bounds (15.983ms)
✔ BCL source: string ordinal editing and null helpers (0.91ms)
✔ BCL reload: string ordinal editing and null helpers (12.599625ms)
✔ BCL cil: string ordinal editing and null helpers (2.479375ms)
✔ BCL reassembled: string ordinal editing and null helpers (2.833542ms)
✔ BCL source: string bounds and split remainder (0.413833ms)
✔ BCL reload: string bounds and split remainder (1.353375ms)
✔ BCL cil: string bounds and split remainder (0.88175ms)
✔ BCL reassembled: string bounds and split remainder (1.970792ms)
✔ BCL source: interpolation evaluated once, alignment and braces (0.755292ms)
✔ BCL reload: interpolation evaluated once, alignment and braces (2.399333ms)
✔ BCL cil: interpolation evaluated once, alignment and braces (1.954042ms)
✔ BCL reassembled: interpolation evaluated once, alignment and braces (4.159666ms)
✔ BCL source: verbatim interpolation escapes and nested calls (1.409ms)
✔ BCL reload: verbatim interpolation escapes and nested calls (1.223875ms)
✔ BCL cil: verbatim interpolation escapes and nested calls (0.870542ms)
✔ BCL reassembled: verbatim interpolation escapes and nested calls (2.236334ms)
✔ BCL source: interpolation selected expression and braces in string (3.436791ms)
✔ BCL reload: interpolation selected expression and braces in string (4.784708ms)
✔ BCL cil: interpolation selected expression and braces in string (2.511708ms)
✔ BCL reassembled: interpolation selected expression and braces in string (2.141917ms)
✔ BCL source: composite formatting null and literal braces (0.53275ms)
✔ BCL reload: composite formatting null and literal braces (0.926666ms)
✔ BCL cil: composite formatting null and literal braces (0.487792ms)
✔ BCL reassembled: composite formatting null and literal braces (0.654083ms)
✔ BCL source: extra Math contracts coexist with old builtins (0.08725ms)
✔ BCL reload: extra Math contracts coexist with old builtins (0.504916ms)
✔ BCL cil: extra Math contracts coexist with old builtins (0.397291ms)
✔ BCL reassembled: extra Math contracts coexist with old builtins (0.662917ms)
✔ C# rejects invalid collection/interpolation: foreach(var n in new List<int>(){1}){n=2;} (1.605375ms)
✔ C# rejects invalid collection/interpolation: var a=new List<int>();a.Add("x"); (0.623625ms)
✔ C# rejects invalid collection/interpolation: var d=new Dictionary<string,int>();d[1]=2; (0.886542ms)
✔ C# rejects invalid collection/interpolation: var a=new List<P>(); (0.677959ms)
✔ C# rejects invalid collection/interpolation: Console.WriteLine($"{1,variable}"); (1.473416ms)
✔ C# rejects invalid collection/interpolation: Console.WriteLine($"{1"); (1.642042ms)
✔ CLI: default .dll artifact, runtime configuration, disassembly and exec (1195.706458ms)
✔ CLI: legacy IR remains an explicit option (640.288208ms)
✔ CLI: invalid format and missing option values fail cleanly (504.558833ms)
✔ CIL execution: hello (58.230459ms)
✔ CIL execution: precedence (7.635125ms)
✔ CIL execution: Int32 wrap (9.164333ms)
✔ CIL execution: Int32 multiplication (2.711792ms)
✔ CIL execution: integer division (5.303625ms)
✔ CIL execution: floating division (4.827875ms)
✔ CIL execution: minimum int (4.713542ms)
✔ CIL execution: bitwise (4.543292ms)
✔ CIL execution: boolean (3.780416ms)
✔ CIL execution: short circuit (1.9645ms)
✔ CIL execution: if else (3.622333ms)
✔ CIL execution: for (7.262709ms)
✔ CIL execution: while continue break (10.537625ms)
✔ CIL execution: do while (2.873583ms)
✔ CIL execution: for continue (2.375542ms)
✔ CIL execution: ternary (6.188583ms)
✔ CIL execution: coalescing (1.411084ms)
✔ CIL execution: array foreach (3.075625ms)
✔ CIL execution: implicit array (1.826875ms)
✔ CIL execution: default array (1.559917ms)
✔ CIL execution: array assignment receiver evaluated once (1.993166ms)
✔ CIL execution: postfix (3.635458ms)
✔ CIL execution: prefix (5.855583ms)
✔ CIL execution: method calls (2.259959ms)
✔ CIL execution: recursion (2.764875ms)
✔ CIL execution: expression body (5.044458ms)
✔ CIL execution: overloads (3.596333ms)
✔ CIL execution: objects constructor fields (9.186ms)
✔ CIL execution: object initializer (5.057709ms)
✔ CIL execution: static initializer dependency (4.450458ms)
✔ CIL execution: string value equality (7.271833ms)
✔ CIL execution: object identity (8.7395ms)
✔ CIL execution: string library (9.60425ms)
✔ CIL execution: length (2.758416ms)
✔ CIL execution: numeric parse (3.252875ms)
✔ CIL execution: round-to-even conversion (3.7985ms)
✔ CIL execution: array sort (7.922042ms)
✔ CIL execution: caught division (11.978209ms)
✔ CIL execution: throw exception (2.998ms)
✔ CIL execution: cross-frame catch (6.769792ms)
✔ CIL execution: rethrow (1.751833ms)
✔ CIL execution: Main args (1.46825ms)
✔ CIL execution: definite assignment both branches (21.085583ms)
✔ CIL sample: particles (18.349958ms)
✔ CIL sample: gc (21.595375ms)
✔ CIL sample: recursion (4.97225ms)
✔ CIL sample: exceptions (4.129959ms)
✔ CIL sample: arrays (7.534ms)
✔ CIL sample: partial (5.427917ms)
✔ CIL sample: switch (8.754083ms)
✔ CIL sample: conversions (1.789ms)
✔ CIL sample: null-assignment (2.452ms)
✔ CIL sample: call-hierarchy (1.760833ms)
✔ CIL sample: guarded-calls (3.341334ms)
✔ CIL sample: short-circuit (2.15575ms)
✔ CIL sample: nameof (6.728208ms)
✔ CIL sample: properties (14.531125ms)
✔ CIL sample: readonly-properties (5.191ms)
✔ CIL sample: finally (4.343292ms)
✔ CIL sample: finally-loop (3.988292ms)
✔ CIL sample: structural-refactoring (4.649583ms)
✔ CIL sample: safe-watches (4.117958ms)
✔ CIL sample: analyzer-tasks (1.810042ms)
✔ CIL sample: checked-arithmetic (2.773417ms)
✔ CIL sample: using-resources (3.282958ms)
✔ CIL sample: using-failure (4.119958ms)
✔ CIL sample: constant-patterns (4.424542ms)
✔ CIL sample: refactor-safe06 (3.141583ms)
✔ CIL sample: immutable-schema (4.120334ms)
✔ CIL sample: unreachable-analyzer (1.206333ms)
✔ CIL sample: reversible-storage (7.054583ms)
✔ CIL sample: breakpoint-workbench (1.804875ms)
✔ CIL sample: editor-keymaps (2.240792ms)
✔ CIL sample: explorer-members (3.63875ms)
✔ CIL sample: debug-exact (0.916375ms)
✔ CIL sample: debug-callsite (0.989042ms)
✔ CIL sample: debug-conditions (0.726583ms)
✔ CIL sample: debug-function (1.055709ms)
✔ CIL sample: debug-exception (3.523833ms)
✔ CIL sample: async-stacks (7.759792ms)
✔ CIL sample: logical-threads (11.601042ms)
✔ CIL sample: hot-reload (3.105167ms)
✔ CIL sample: set-next (1.643292ms)
✔ CIL sample: function-evaluation (5.417083ms)
✔ CIL sample: portable-symbols (2.152375ms)
✔ CIL sample: winui-counter (11.281042ms)
✔ CIL sample: winui-controls (22.939875ms)
✔ CIL sample: winui-graphics (90.644416ms)
✔ CIL sample: winui-async (27.694333ms)
✔ CIL sample: designer-canvas (77.134083ms)
✔ CIL sample: designer-grid (39.562583ms)
✔ CIL sample: winui-shared-styles (45.046917ms)
✔ CIL sample: winui-expanded-controls (26.518167ms)
✔ CIL sample: edit-continue-structure (4.812583ms)
✔ CIL sample: designer-csharp-sync (56.618417ms)
✔ CIL sample: winui-storyboards (40.175708ms)
✔ CIL sample: winui-wrap-panels (33.920875ms)
✔ CIL sample: animation-style-precedence (12.407292ms)
✔ CIL sample: bcl-collections (12.002042ms)
✔ CIL sample: bcl-dictionary (5.62175ms)
✔ CIL sample: bcl-stringbuilder (4.574209ms)
✔ CIL sample: csharp-interpolation (8.6525ms)
✔ CIL sample: csharp-modern-properties (12.173958ms)
✔ CIL sample: csharp-preview-collections (21.331042ms)
✔ CIL sample: bcl-json-document (10.400625ms)
✔ CIL sample: bcl-array-random (10.776958ms)
✔ CIL sample: simd-vector-math (6.453833ms)
✔ CIL sample: parallel-compute (133.017458ms)
✔ CIL sample: network-http-client (33.522208ms)
✔ CIL sample: winui-compute-monitor (11.178ms)
✔ CIL: emitted bytes contain real PE/CLI headers and real opcodes (0.685958ms)
✔ CIL: deterministic full artifact (4.051625ms)
✔ CIL: code is decoded from IL, not from embedded source (1.212125ms)
✔ CIL: int Main entry signature and result are preserved (1.509375ms)
✔ CIL: typed literal 7.0 remains ldc.r8 instead of ldc.i4 (0.902708ms)
✔ CIL regression: mixed numeric conditional (0.726792ms)
✔ CIL regression: typed assignment expression (3.525125ms)
✔ CIL regression: double method arguments (3.808666ms)
✔ CIL regression: return in protected region (1.245417ms)
✔ CIL regression: void return in catch (1.637542ms)
✔ CIL regression: break crossing protected region (1.364ms)
✔ CIL regression: continue crossing protected region (0.9955ms)
✔ CIL regression: empty string and Unicode (0.65525ms)
✔ CIL regression: all boolean operations (0.645333ms)
✔ CIL regression: string mixed concat (0.612333ms)
✔ CIL regression: floating NaN comparisons (0.809083ms)
✔ CIL: emit native-only assembly without debug stream (0.557834ms)
✔ CIL: source-free profile is still executable and debuggable (1.164083ms)
✔ CIL: CLR-compatible constructor wrappers and raw allocator have distinct signatures (3.274208ms)
✔ CIL: catch regions carry real CLI exception metadata (6.950708ms)
✔ CIL: source stepping, watches and reverse snapshots survive IL predecoding (5.04775ms)
✔ CIL: invalid headers and every truncated prefix are rejected (1.828042ms)
✔ CIL: modified CIL instruction is rejected before execution (2.213917ms)
✔ CIL: unsupported opcode is rejected, not silently interpreted (2.182667ms)
✔ CIL: compressed unsigned integer boundaries roundtrip (0.248ms)
✔ CIL/CLR semantic fixture: entry point (27.850125ms)
✔ CIL/CLR semantic fixture: integer precedence (5.132625ms)
✔ CIL/CLR semantic fixture: signed less-or-equal (1.32475ms)
✔ CIL/CLR semantic fixture: signed greater-or-equal (14.894666ms)
✔ CIL/CLR semantic fixture: signed strict comparisons (11.822625ms)
✔ CIL/CLR semantic fixture: Int32 wrap (1.598209ms)
✔ CIL/CLR semantic fixture: Int32 multiply (0.946333ms)
✔ CIL/CLR semantic fixture: Int32 division (0.78425ms)
✔ CIL/CLR semantic fixture: double literal division (1.819291ms)
✔ CIL/CLR semantic fixture: numeric conditional (4.372958ms)
✔ CIL/CLR semantic fixture: typed assignment (3.858916ms)
✔ CIL/CLR semantic fixture: for loop (2.594625ms)
✔ CIL/CLR semantic fixture: continue and break (4.157583ms)
✔ CIL/CLR semantic fixture: do while (3.462542ms)
✔ CIL/CLR semantic fixture: boolean bitwise (3.263958ms)
✔ CIL/CLR semantic fixture: short circuit (13.217291ms)
✔ CIL/CLR semantic fixture: null coalescing (15.553ms)
✔ CIL/CLR semantic fixture: array foreach (10.326792ms)
✔ CIL/CLR semantic fixture: bool array default (1.903792ms)
✔ CIL/CLR semantic fixture: array assignment receiver (5.405459ms)
✔ CIL/CLR semantic fixture: prefix and postfix (2.126417ms)
✔ CIL/CLR semantic fixture: recursion (4.300209ms)
✔ CIL/CLR semantic fixture: overloads (7.08175ms)
✔ CIL/CLR semantic fixture: object constructor (4.550542ms)
✔ CIL/CLR semantic fixture: object initializer (2.372458ms)
✔ CIL/CLR semantic fixture: static initializer (5.673083ms)
✔ CIL/CLR semantic fixture: object identity (1.447541ms)
✔ CIL/CLR semantic fixture: UTF16 string length (4.285209ms)
✔ CIL/CLR semantic fixture: double method arguments (4.571417ms)
✔ CIL/CLR semantic fixture: try return (3.529125ms)
✔ CIL/CLR semantic fixture: caught division (4.692042ms)
✔ CIL/CLR semantic fixture: cross-frame exception (4.248625ms)
✔ CIL/CLR semantic fixture: throw exception (2.01375ms)
✔ CIL/CLR semantic fixture: rethrow (4.02125ms)
✔ CIL/CLR semantic fixture: return in catch (5.444417ms)
✔ CIL/CLR semantic fixture: break leaves try (2.784458ms)
✔ CIL/CLR semantic fixture: continue leaves try (6.418541ms)
✔ CIL/CLR semantic fixture: NaN comparisons (9.634417ms)
✔ CIL/CLR semantic fixture: shift count masking (2.652917ms)
✔ CIL/CLR semantic fixture: Int32 division overflow (2.888292ms)
✔ CIL/CLR semantic fixture: typed field assignment (2.736666ms)
✔ CIL/CLR semantic fixture: typed array assignment (1.923334ms)
✔ CIL/CLR semantic fixture: nested object fields (4.696667ms)
✔ CIL/CLR semantic fixture: array of references (8.226542ms)
✔ CIL/CLR semantic fixture: Main string args (2.463541ms)
✔ CIL/CLR semantic fixture: definite assignment (5.9395ms)
✔ CIL API: errors block binary emission (8.405584ms)
✔ CIL API: backend errors become diagnostics (2.026959ms)
✔ CIL API: ArrayBuffer executes directly (4.066708ms)
✔ CIL API: direct debugger construction accepts DLL bytes (18.718292ms)
✔ CIL inspection: standard opcodes and metadata names (5.999958ms)
✔ CIL runtime configuration: explicit host policy (0.175875ms)
✔ CIL front end remains light: ordinary compile does not emit an assembly (0.371459ms)
✔ Workspace cache includes assembly-related compilation options (0.701333ms)
✔ CIL metadata: genuine four-byte string and blob heap indexes (1.904083ms)
✔ A02-T25 accessibility matches Roslyn: public-members-are-accessible-everywhere (3.369166ms)
✔ A02-T25 accessibility matches Roslyn: private-members (3.98425ms)
✔ A02-T25 accessibility matches Roslyn: private-nested-types (0.476959ms)
✔ A02-T25 accessibility matches Roslyn: private-member-of-nested-type-from-outer (0.185542ms)
✔ A02-T25 accessibility matches Roslyn: internal-same-assembly (0.126084ms)
✔ A02-T25 accessibility matches Roslyn: internal-other-assembly (0.33725ms)
✔ A02-T25 accessibility matches Roslyn: internals-visible-to (0.112ms)
✔ A02-T25 accessibility matches Roslyn: protected-instance-members (0.313125ms)
✔ A02-T25 accessibility matches Roslyn: protected-static-members (0.116875ms)
✔ A02-T25 accessibility matches Roslyn: protected-siblings (0.154542ms)
✔ A02-T25 accessibility matches Roslyn: protected-from-nested-types (0.577667ms)
✔ A02-T25 accessibility matches Roslyn: protected-internal-same-assembly (0.398375ms)
✔ A02-T25 accessibility matches Roslyn: protected-internal-other-assembly (0.236125ms)
✔ A02-T25 accessibility matches Roslyn: protected-internal-with-internals-visible-to (0.13ms)
✔ A02-T25 accessibility matches Roslyn: private-protected-same-assembly (0.131334ms)
✔ A02-T25 accessibility matches Roslyn: private-protected-other-assembly (0.096584ms)
✔ A02-T25 accessibility matches Roslyn: private-protected-with-internals-visible-to (0.082583ms)
✔ A02-T25 accessibility matches Roslyn: constructors (0.108291ms)
✔ A02-T25 accessibility matches Roslyn: protected-nested-types (0.070083ms)
✔ A02-T25 accessibility matches Roslyn: member-limited-by-containing-type (0.994875ms)
✔ A02-T25 accessibility matches Roslyn: default-accessibility (0.220459ms)
✔ A02-T25 the pinned fixtures cover every accessibility and both codes (2.247667ms)
✔ A02-T25 assemblies are identified by the module of the outermost namespace (0.468209ms)
✔ A02-T25 internal access across modules and InternalsVisibleTo options (1.433666ms)
✔ A02-T25 within may be any symbol and non-member symbols are always accessible (0.728083ms)
✔ A02-T25 arrays, pointers and constructed types are as accessible as their parts (2.094125ms)
✔ A02-T25 protected access through type parameters and for interfaces (0.261458ms)
✔ A02-T25 constructor access: new on a base type versus a constructor initializer (0.081959ms)
✔ A02-T23 lookup shadows in order: locals, parameters, type members, enclosing types, namespaces, usings (8.747291ms)
✔ A02-T23 inherited members are visible and hidden by derived declarations (0.220459ms)
✔ A02-T23 context flags propagate down the chain and can be overridden (0.678333ms)
✔ A02-T24 type name syntax parses simple, qualified, generic, array and alias-qualified names (2.747083ms)
✔ A02-T24 simple, qualified and alias-qualified lookup with Roslyn diagnostics (3.981833ms)
✔ A02-T24 using directives are collected from source and bound with diagnostics (12.842542ms)
✔ A02-T26 generated bound node files are up to date with nodes.json (105.898333ms)
✔ A02-T26 bound nodes carry type, constant value, syntax link and hasErrors (0.442083ms)
✔ A02-T26 nodes cover every expression and statement kind of the legacy emitter switch (13.127667ms)
✔ A02-T26 the identity rewriter returns the same tree and the walker visits every node (9.486333ms)
✔ A02-T27/T28 bound tree dumps of the binder fixtures match their snapshots (0.381583ms)
✔ A02-T27 bound expressions are typed with TypeSymbols (1.184792ms)
✔ A02-T27/T28 the binder emits no IR (6.272666ms)
✔ A02-T27/T28 the binder records which syntax produced each bound node and each scope (2.200041ms)
✔ floating conversion evidence binds the actual source to two pinned native runs (1.14425ms)
✔ floating constants and runtime casts retain distinct native results: bound (81.894417ms)
✔ floating constants and runtime casts retain distinct native results: legacy (11.075ms)
✔ constant conversion integration emits identical images through both compiler pipelines (10.0035ms)
✔ constant folding retains invalid conversion and checked overflow diagnostics: bound (6.652666ms)
✔ constant folding retains invalid conversion and checked overflow diagnostics: legacy (2.844083ms)
✔ A02-T32 ConstantValue is a typed, immutable value for every primitive and for enums (3.646375ms)
✔ A02-T32 fold API: results, not-constant and error records (5.534208ms)
✔ A02-T32 Decimal models System.Decimal scale and rounding (2.90225ms)
✔ A02-T32 evaluateConstant keeps the current AST profile behaviour on top of fold.js (19.928209ms)
✔ A02-T32 corpus is a Roslyn pin of a few hundred constant expressions (0.621125ms)
✔ A02-T32 constant folding matches Roslyn results and diagnostics on the whole corpus (65.396458ms)
✔ A02-T16 namespace symbols: nesting, lookup and qualified names (1.197083ms)
✔ A02-T16 the merged global namespace unions source and metadata namespaces (0.4845ms)
✔ A02-T18 special and well-known type tables (0.162084ms)
✔ A02-T18 TypeProvider resolves predefined types and reports CS0518 once when one is missing (0.726625ms)
✔ A02-T18 well-known members resolve through the table and report CS0656 when missing (1.737209ms)
✔ A02-T19 every registry type is reachable as a symbol (0.93025ms)
✔ A02-T19 every registry contract and builtin is reachable as a member symbol (10.854084ms)
✔ integrated runtime type properties and static identity helpers have correct symbol signatures (0.12075ms)
✔ A02-T14 the legacy adapter keeps string-typed call sites working (0.424541ms)
✔ A02-T17 namespace tree and source type symbols (6.017417ms)
✔ A02-T17 partial declarations merge across files and members are created lazily (5.179625ms)
✔ A02-T17 fields, methods and constructors carry kind, modifiers, accessibility and signature (6.40075ms)
✔ A02-T17 properties expose accessors and auto-property backing fields (1.722792ms)
✔ A02-T17 top-level methods and statements are exposed without a container type (1.052542ms)
✔ A02-T17 duplicate declarations match Roslyn: duplicate-type-in-global-namespace (0.591834ms)
✔ A02-T17 duplicate declarations match Roslyn: duplicate-type-in-namespace (0.440334ms)
✔ A02-T17 duplicate declarations match Roslyn: duplicate-type-across-files (0.259833ms)
✔ A02-T17 duplicate declarations match Roslyn: missing-partial (2.4585ms)
✔ A02-T17 duplicate declarations match Roslyn: partial-accessibility-conflict (0.447708ms)
✔ A02-T17 duplicate declarations match Roslyn: partial-merge-reports-member-duplicates (1.382875ms)
✔ A02-T17 duplicate declarations match Roslyn: duplicate-fields-and-properties (0.686375ms)
✔ A02-T17 duplicate declarations match Roslyn: duplicate-methods (0.867667ms)
✔ A02-T17 duplicate declarations match Roslyn: duplicate-constructors (0.559792ms)
✔ A02-T17 duplicate declarations match Roslyn: no-duplicates (0.413083ms)
✔ A02-T17 the pinned duplicate fixtures cover every duplicate code (0.162875ms)
✔ A02-T17 a redeclared type keeps its own symbol outside name lookup and the table keeps going (0.27375ms)
✔ A02-T17 nested and generic declarations use the same code path (0.824375ms)
✔ A02-T17 hand-built duplicates: nested types, type kinds, arity and ref kinds (0.988708ms)
✔ A02-T17 splitTypeText takes type texts apart (0.157542ms)
✔ A02-T36 every catalog message format matches the pinned Roslyn resource dump (21.939459ms)
✔ A02-T36 the generated descriptor table is up to date (42.975959ms)
✔ A02-T36 every diagnostic id used by a compiler module is in the catalog (0.904959ms)
✔ A02-T36 no compiler module passes a literal message string (1.537041ms)
✔ A02-T36 report() call sites pass as many arguments as the message format consumes (1.070125ms)
✔ A02-T36 every SF2xxx/SF3xxx code maps to a Roslyn code or is a profile restriction (0.283875ms)
✔ A02-T36 descriptors expose severity, warning level, format and argument count (0.325042ms)
✔ A02-T36 feature gates report the Roslyn code for the selected language version (18.422583ms)
✔ A02-T36 compiler diagnostics carry Roslyn message text (19.552792ms)
Roslyn differential pass rates (pinned Roslyn 5.3.0.0)
feature                    passed  errors match  warnings match     bytecode          cil  unsupported
-------------------  ------------  ------------  --------------  -----------  -----------  -----------
accessibility            0/7   0%      0/7   0%        4/7  57%     0/1   0%     0/1   0%            2
arithmetic              7/12  58%     7/12  58%       9/12  75%    6/10  60%    6/10  60%            3
arrays                  1/12   8%     1/12   8%       3/12  25%     0/7   0%     0/7   0%            9
async                    0/8   0%      2/8  25%        6/8  75%     0/4   0%     0/4   0%            1
classes                 7/16  44%     7/16  44%       9/16  56%     6/9  67%     6/9  67%            4
collections             1/14   7%     1/14   7%       7/14  50%    1/10  10%    1/10  10%            6
constants                4/9  44%      4/9  44%        5/9  56%     2/4  50%     2/4  50%            4
control-flow             4/9  44%      5/9  56%        4/9  44%     2/4  50%     2/4  50%            4
conversions             2/14  14%     2/14  14%      10/14  71%     0/5   0%     0/5   0%            4
declarations            2/18  11%     3/18  17%      11/18  61%            -            -            0
definite-assignment     7/13  54%     7/13  54%       8/13  62%     0/3   0%     0/3   0%            5
entry-point            10/10 100%    10/10 100%      10/10 100%     3/3 100%     3/3 100%            0
enums                    0/5   0%      0/5   0%        0/5   0%     0/3   0%     0/3   0%            5
exceptions              2/16  13%     2/16  13%       7/16  44%    2/10  20%    2/10  20%            9
flow-assignment        34/34 100%    34/34 100%      34/34 100%   15/15 100%   15/15 100%            0
flow-reachability      34/34 100%    34/34 100%      34/34 100%   12/12 100%   12/12 100%            0
flow-unused            20/20 100%    20/20 100%      20/20 100%     8/8 100%     8/8 100%            0
foreach                  1/9  11%      1/9  11%        3/9  33%     1/6  17%     1/6  17%            6
generics                 0/7   0%      0/7   0%        1/7  14%     0/3   0%     0/3   0%            6
inheritance             0/14   0%     0/14   0%       0/14   0%     0/5   0%     0/5   0%           14
interfaces               0/6   0%      0/6   0%        0/6   0%     0/3   0%     0/3   0%            6
interpolation            4/7  57%      4/7  57%        4/7  57%     3/5  60%     3/5  60%            2
lambdas                  0/7   0%      0/7   0%        0/7   0%     0/4   0%     0/4   0%            7
language-version        7/17  41%     7/17  41%      10/17  59%     0/2   0%     0/2   0%            7
linq                     0/5   0%      0/5   0%        0/5   0%     0/4   0%     0/4   0%            5
loops                   8/10  80%     8/10  80%       9/10  90%     6/7  86%     6/7  86%            1
member-access           0/12   0%     0/12   0%       9/12  75%            -            -            1
methods                 1/11   9%     1/11   9%       4/11  36%     1/6  17%     1/6  17%            7
name-lookup             2/10  20%     2/10  20%       9/10  90%     1/1 100%     1/1 100%            1
namespaces              1/12   8%     2/12  17%      10/12  83%     1/4  25%     1/4  25%            1
nullable                 1/6  17%      1/6  17%        2/6  33%     0/2   0%     0/2   0%            4
operators               8/11  73%     8/11  73%      11/11 100%     4/4 100%     4/4 100%            0
overload-resolution     0/12   0%     0/12   0%       7/12  58%     0/4   0%     0/4   0%            5
pattern-matching         0/5   0%      0/5   0%        0/5   0%     0/3   0%     0/3   0%            5
properties              6/10  60%     6/10  60%       9/10  90%     3/5  60%     3/5  60%            1
reachability            9/10  90%     9/10  90%       9/10  90%     0/1   0%     0/1   0%            1
records                  0/2   0%      0/2   0%        0/2   0%     0/1   0%     0/1   0%            2
strings                 5/14  36%     5/14  36%       9/14  64%    4/10  40%    4/10  40%            4
structs                  0/5   0%      0/5   0%        0/5   0%     0/3   0%     0/3   0%            5
switch                  4/13  31%     6/13  46%       8/13  62%     1/6  17%     1/6  17%            2
syntax                   2/8  25%      2/8  25%        8/8 100%            -            -            0
tuples                   0/2   0%      0/2   0%        0/2   0%     0/1   0%     0/1   0%            2
unused-warnings          4/9  44%      8/9  89%        4/9  44%            -            -            1
using-dispose            4/6  67%      4/6  67%        6/6 100%     4/4 100%     4/4 100%            0
-------------------  ------------  ------------  --------------  -----------  -----------  -----------
TOTAL                202/491  41%  213/491  43%    313/491  64%  86/202  43%  86/202  43%          152
✔ A02-T40 corpus: every fixture has a current pinned Roslyn result of the declared kind (15.528708ms)
✔ A02-T40 harness: runs every fixture on both back ends and reports per-feature pass rates (1540.180292ms)
ℹ Roslyn differential pass rates (pinned Roslyn 5.3.0.0)
feature                    passed  errors match  warnings match     bytecode          cil  unsupported
-------------------  ------------  ------------  --------------  -----------  -----------  -----------
accessibility            0/7   0%      0/7   0%        4/7  57%     0/1   0%     0/1   0%            2
arithmetic              7/12  58%     7/12  58%       9/12  75%    6/10  60%    6/10  60%            3
arrays                  1/12   8%     1/12   8%       3/12  25%     0/7   0%     0/7   0%            9
async                    0/8   0%      2/8  25%        6/8  75%     0/4   0%     0/4   0%            1
classes                 7/16  44%     7/16  44%       9/16  56%     6/9  67%     6/9  67%            4
collections             1/14   7%     1/14   7%       7/14  50%    1/10  10%    1/10  10%            6
constants                4/9  44%      4/9  44%        5/9  56%     2/4  50%     2/4  50%            4
control-flow             4/9  44%      5/9  56%        4/9  44%     2/4  50%     2/4  50%            4
conversions             2/14  14%     2/14  14%      10/14  71%     0/5   0%     0/5   0%            4
declarations            2/18  11%     3/18  17%      11/18  61%            -            -            0
definite-assignment     7/13  54%     7/13  54%       8/13  62%     0/3   0%     0/3   0%            5
entry-point            10/10 100%    10/10 100%      10/10 100%     3/3 100%     3/3 100%            0
enums                    0/5   0%      0/5   0%        0/5   0%     0/3   0%     0/3   0%            5
exceptions              2/16  13%     2/16  13%       7/16  44%    2/10  20%    2/10  20%            9
flow-assignment        34/34 100%    34/34 100%      34/34 100%   15/15 100%   15/15 100%            0
flow-reachability      34/34 100%    34/34 100%      34/34 100%   12/12 100%   12/12 100%            0
flow-unused            20/20 100%    20/20 100%      20/20 100%     8/8 100%     8/8 100%            0
foreach                  1/9  11%      1/9  11%        3/9  33%     1/6  17%     1/6  17%            6
generics                 0/7   0%      0/7   0%        1/7  14%     0/3   0%     0/3   0%            6
inheritance             0/14   0%     0/14   0%       0/14   0%     0/5   0%     0/5   0%           14
interfaces               0/6   0%      0/6   0%        0/6   0%     0/3   0%     0/3   0%            6
interpolation            4/7  57%      4/7  57%        4/7  57%     3/5  60%     3/5  60%            2
lambdas                  0/7   0%      0/7   0%        0/7   0%     0/4   0%     0/4   0%            7
language-version        7/17  41%     7/17  41%      10/17  59%     0/2   0%     0/2   0%            7
linq                     0/5   0%      0/5   0%        0/5   0%     0/4   0%     0/4   0%            5
loops                   8/10  80%     8/10  80%       9/10  90%     6/7  86%     6/7  86%            1
member-access           0/12   0%     0/12   0%       9/12  75%            -            -            1
methods                 1/11   9%     1/11   9%       4/11  36%     1/6  17%     1/6  17%            7
name-lookup             2/10  20%     2/10  20%       9/10  90%     1/1 100%     1/1 100%            1
namespaces              1/12   8%     2/12  17%      10/12  83%     1/4  25%     1/4  25%            1
nullable                 1/6  17%      1/6  17%        2/6  33%     0/2   0%     0/2   0%            4
operators               8/11  73%     8/11  73%      11/11 100%     4/4 100%     4/4 100%            0
overload-resolution     0/12   0%     0/12   0%       7/12  58%     0/4   0%     0/4   0%            5
pattern-matching         0/5   0%      0/5   0%        0/5   0%     0/3   0%     0/3   0%            5
properties              6/10  60%     6/10  60%       9/10  90%     3/5  60%     3/5  60%            1
reachability            9/10  90%     9/10  90%       9/10  90%     0/1   0%     0/1   0%            1
records                  0/2   0%      0/2   0%        0/2   0%     0/1   0%     0/1   0%            2
strings                 5/14  36%     5/14  36%       9/14  64%    4/10  40%    4/10  40%            4
structs                  0/5   0%      0/5   0%        0/5   0%     0/3   0%     0/3   0%            5
switch                  4/13  31%     6/13  46%       8/13  62%     1/6  17%     1/6  17%            2
syntax                   2/8  25%      2/8  25%        8/8 100%            -            -            0
tuples                   0/2   0%      0/2   0%        0/2   0%     0/1   0%     0/1   0%            2
unused-warnings          4/9  44%      8/9  89%        4/9  44%            -            -            1
using-dispose            4/6  67%      4/6  67%        6/6 100%     4/4 100%     4/4 100%            0
-------------------  ------------  ------------  --------------  -----------  -----------  -----------
TOTAL                202/491  41%  213/491  43%    313/491  64%  86/202  43%  86/202  43%          152
✔ A02-T40 harness: unsupported fixtures are never reported as passed (0.397084ms)
✔ A02-T40 harness: a wrong span, a missing diagnostic or wrong output fails the matching axis (6.228459ms)
✔ A02-T40 baseline: no fixture regressed and every newly passing fixture is recorded (2.606708ms)
✔ A02-T41 entry-point fixtures match Roslyn selection, diagnostics and spans (176.3245ms)
✔ A02-T41 Main signatures: void or int, no parameters or string[] args, optionally Task-returning (1.206667ms)
✔ A02-T41 one suitable Main is selected; several report CS0017 on the first in source order (4.804083ms)
✔ A02-T41 a Main with the wrong signature is a CS0028 warning and not an entry point (3.302167ms)
✔ A02-T41 async Main needs C# 7.1 and loses to a synchronous Main (31.953666ms)
✔ A02-T41 top-level statements are the entry point; Main is then ignored with CS7022 (7.48ms)
✔ A02-T41 the main-type option selects among several Mains (6.501875ms)
✔ A02-T41 findEntryPoint is a pure function over declaration records (0.234167ms)
✔ A02-T33 flow-reachability fixtures match Roslyn diagnostics, spans and program output (284.686875ms)
✔ A02-T34 flow-assignment fixtures match Roslyn diagnostics, spans and program output (110.100916ms)
✔ A02-T34 flow-unused fixtures match Roslyn diagnostics, spans and program output (32.840709ms)
✔ A02-T33 the control-flow graph has blocks, edges and statement positions (1.193084ms)
✔ A02-T33 constant conditions prune edges; code after them is unreachable (0.8355ms)
✔ A02-T33 reachability replaces alwaysReturns for CS0161 and reports CS0162, CS0163 and CS8070 (7.9225ms)
✔ A02-T34 block states are available for every reachable block (0.563292ms)
✔ A02-T34 definite assignment follows branches, loops, try/finally and when-true/when-false states (7.21575ms)
✔ A02-T34 unused-variable warnings follow the Roslyn write-is-a-use rule (4.071584ms)
✔ A02-T34 out parameters must be assigned before they are read and before the method returns (1.191833ms)
✔ A02-T33/T34 flow analysis runs per method and reports through the compilation (1.620666ms)
✔ A02-T31 the pipeline runs local rewriting, closure conversion, iterator, async and spilling passes in order (44.451625ms)
✔ A02-T31 a pipeline of no-op passes preserves bound trees (195.009792ms)
✔ A02-T31 synthesized names follow the Roslyn patterns (16.237125ms)
✔ A02-T31 using statements lower to try/finally with a null-guarded Dispose (6.060583ms)
✔ A02-T31 pattern-based foreach lowers to GetEnumerator/MoveNext/Current/Dispose (3.335958ms)
✔ A02-T31 interpolation, boxing and await lower to runtime helpers from the well-known member table (3.406583ms)
✔ A02-T31 a missing compiler-required member is reported as CS0656 by the lowering pass (14.049292ms)
✔ A02-T15 declaration modifiers are a bit set with keyword and accessibility helpers (1.68675ms)
✔ A02-T15 method symbols: kinds, modifiers, parameters and ownership (1.439875ms)
✔ A02-T15 method display strings in the Roslyn error-message and test formats (1.157292ms)
✔ A02-T15 generic methods: type parameters, construct and signature keys (2.830333ms)
✔ A02-T15 members of constructed types: asMemberOf substitutes and keeps the definition (2.211583ms)
✔ A02-T15 field symbols (0.447042ms)
✔ A02-T15 property symbols including indexers (0.873708ms)
✔ A02-T15 event symbols (0.589458ms)
✔ A02-T15 parameter symbols (0.208833ms)
✔ A02-T15 local and label symbols (0.3435ms)
✔ A02-T15 symbols from declaration fixture: fields (7.162083ms)
✔ A02-T15 symbols from declaration fixture: methods (3.848208ms)
✔ A02-T15 symbols from declaration fixture: properties (1.847ms)
✔ A02-T15 symbols from declaration fixture: constructors (1.916125ms)
✔ A02-T15 fixture symbols expose signatures and implicit members (0.867583ms)
✔ A02-T21 custom attribute blobs decode to typed constructor and named arguments (2.720625ms)
✔ A02-T21 ParamArray and Extension: isParams and isExtensionMethod (1.524833ms)
✔ A02-T21 Obsolete: message, error flag, DiagnosticId and UrlFormat, with the Roslyn diagnostics (0.342417ms)
✔ A02-T21 Conditional and DefaultMember (0.330125ms)
✔ A02-T21 Nullable and NullableContext give every type position its annotation (0.946916ms)
✔ A02-T21 the nullable transform follows the metadata encoding and rejects data that does not fit (0.222458ms)
✔ A02-T21 TupleElementNames and Dynamic transforms (2.86475ms)
✔ A02-T21 IsReadOnly, IsByRefLike, RequiredMember and CompilerFeatureRequired (0.845125ms)
✔ A02-T21 InternalsVisibleTo declarations and friend checks (2.272292ms)
✔ A02-T20 an assembly image becomes an assembly symbol with identity and a metadata namespace tree (1.635167ms)
✔ A02-T20 a reference to a netstandard-style DLL binds System.Console.WriteLine with a string argument (3.215709ms)
✔ A02-T20 a generic List<T>.Add call binds on the constructed type with the parameter substituted (9.509333ms)
✔ A02-T20 core types carry special-type ids and display as keywords (0.376083ms)
✔ A02-T20 type kinds, accessibility, modifiers, base types and interfaces come from TypeDef rows (0.526416ms)
✔ A02-T20 type parameters import variance and constraints (0.707334ms)
✔ A02-T20 nested types and generic signatures map VAR/MVAR/GENERICINST to the right symbols (1.87375ms)
✔ A02-T20 members import kinds, accessibility and declaration modifiers (5.577042ms)
✔ A02-T20 by-reference parameters and returns become RefKind; arrays, pointers and function pointers import structurally (0.704625ms)
✔ A02-T20 types from assemblies that are not bound are error types with a reason (3.130458ms)
✔ A02-T13 index.js only re-exports the public API (2.615583ms)
✔ A02-T13 no compiler module patches a prototype (3.418084ms)
✔ A02-T13 method compiler is composed from explicit class layers (1.177042ms)
✔ A02-T13 type-utils owns the string-typed helpers (0.410375ms)
✔ A02-T13 split compiler still compiles and runs through the public API (92.317542ms)
✔ A02-B02 an out-of-range integer literal reports one diagnostic (53.546083ms)
✔ A02-T16 same-named types in different namespaces compile and run (92.560084ms)
✔ A02-T16 a unique type name keeps its simple image name, so existing images do not change (13.499333ms)
✔ A02-T16/T24 a using directive selects between same-named types; two usings are ambiguous (CS0104) (26.461375ms)
✔ A02-T24 enclosing namespaces win over using directives and outer namespaces (19.054709ms)
✔ A02-T24 using aliases name types and are scoped to their file (22.488125ms)
✔ A02-T16 a user type hides a framework type with the same simple name (39.718042ms)
✔ A02-T16 partial declarations merge per namespace and duplicates report per namespace (19.946792ms)
✔ A02-T16 source types are symbols in the merged global namespace (8.180458ms)
✔ A02-T16 no compiler module reports SF2011 any more (12.313583ms)
✔ A02-T38 the compilation validates its options once and reports the Roslyn codes (47.335042ms)
✔ A02-T37 nowarn, warnaserror, warning level and TreatWarningsAsErrors shape the final diagnostic list (10.306333ms)
✔ A02-T37 a warning promoted to an error fails the build on both back ends (10.798583ms)
✔ A02-T38 defaults and immutability (2.416791ms)
✔ A02-T38 with() derives validated copies (2.74525ms)
✔ A02-T38 accepts everything the compiler accepts today (4.024167ms)
✔ A02-T38 invalid options report the Roslyn codes (9.167625ms)
✔ A02-T38 SharpForge codes: API typing and profile restrictions (0.689125ms)
✔ A02-T38 options round-trip through MSBuild property names (1.942042ms)
✔ A02-T38 invalid MSBuild properties report the Roslyn codes (0.619333ms)
✔ A02-T29 the bound pipeline is the default and the legacy compiler stays available as the reference (60.117833ms)
✔ A02-T29 every example program compiles to a byte-identical image (778.529833ms)
✔ A02-T29 every example program compiles identically as a library and with overflow checking (662.729417ms)
✔ A02-T29 the differential and binder fixture corpora compile to byte-identical images (764.466083ms)
✔ A02-T29 multi-file and language-version programs keep their images (23.667083ms)
✔ integrated type intrinsics and enum conversions preserve both pipelines and execution engines (77.816125ms)
✔ A02-T29 images from the bound pipeline run on the bytecode VM and, through CIL, on the CIL VM (15.570959ms)
✔ A02-T29 the emitter makes no semantic decisions and refuses unlowered trees (1.907542ms)
✔ A02-T29 a compilation with errors binds and analyses every method but emits nothing (0.771166ms)
✔ A02-T29 verification rejects a pipeline that changes the image (1.806916ms)
✔ A02-T22 assembly identities parse, display and compare like Roslyn (5.130458ms)
✔ A02-T22 an assembly reference binds to an exact match, else the lowest higher version, else the highest lower version (0.516917ms)
✔ A02-T22 references bind without diagnostics when every identity matches (6.967583ms)
✔ A02-T22 a reference to an older version unifies with the supplied higher version: CS1701 / CS1702 (15.157917ms)
✔ A02-T22 a reference that needs a higher version than the one supplied is CS1705 (2.771083ms)
✔ A02-T22 a type defined in an assembly that is not referenced is CS0012 (11.944458ms)
✔ A02-T22 duplicate references: identical identities merge, equivalent ones are CS1703, weak same-name ones CS1704 (7.43425ms)
✔ A02-T22 extern aliases select the references a namespace root can see (1.386333ms)
✔ A02-T22 type forwarders are followed to the assembly that defines the type (13.022542ms)
✔ A02-T22 a type forwarder cycle is CS0731 and a forwarded type missing from its destination is CS7069 (3.056125ms)
✔ A02-T39 the model is built over a successful bound compilation (47.716625ms)
✔ A02-T39 getSymbolInfo returns locals, parameters, fields, properties, methods and types (28.448417ms)
✔ A02-T39 getTypeInfo and getConstantValue describe expressions (6.048708ms)
✔ A02-T39 getDeclaredSymbol maps declarations to symbols (0.341334ms)
✔ A02-T39 lookupSymbols lists what is in scope at a position (1.031917ms)
✔ A02-T39 speculative binding evaluates an expression in the scope of a position without touching the compilation (2.386292ms)
✔ A02-T39 flow results are available per method (0.090083ms)
✔ A02-T35 data-flow analysis of a region reports reads, writes and what flows in and out (0.9205ms)
✔ A02-T35 control-flow analysis of a region reports exits and end-point reachability (0.636292ms)
✔ A02-T35 region selection picks the statements of one list and fails cleanly otherwise (0.262458ms)
✔ A02-T37 fixtures are a Roslyn pin covering pragmas, options and SuppressMessage (1.360459ms)
✔ A02-T37 final diagnostics match Roslyn: defaults (1.22525ms)
✔ A02-T37 final diagnostics match Roslyn: pragma disable by number and by id, then restore (0.26975ms)
✔ A02-T37 final diagnostics match Roslyn: pragma disable all, restore all (0.147959ms)
✔ A02-T37 final diagnostics match Roslyn: pragma disable all, restore one id (0.116375ms)
✔ A02-T37 final diagnostics match Roslyn: pragma disable one id, restore all (0.124875ms)
✔ A02-T37 final diagnostics match Roslyn: pragma id spellings (0.428834ms)
✔ A02-T37 final diagnostics match Roslyn: pragma text inside comments and strings is not a directive (0.523208ms)
✔ A02-T37 final diagnostics match Roslyn: pragma inside inactive and active conditional regions (0.870167ms)
✔ A02-T37 final diagnostics match Roslyn: pragma after #define and #undef (0.180125ms)
✔ A02-T37 final diagnostics match Roslyn: malformed pragmas (0.655084ms)
✔ A02-T37 final diagnostics match Roslyn: pragma in one file does not affect another (0.113667ms)
✔ A02-T37 final diagnostics match Roslyn: nowarn by id and number (0.106459ms)
✔ A02-T37 final diagnostics match Roslyn: option ids accept the CS prefix in any case (0.098709ms)
✔ A02-T37 final diagnostics match Roslyn: custom option ids are case-sensitive (0.040791ms)
✔ A02-T37 final diagnostics match Roslyn: pragma directive warnings obey pragmas and options (0.066833ms)
✔ A02-T37 final diagnostics match Roslyn: directive forms and line endings (0.043042ms)
✔ A02-T37 final diagnostics match Roslyn: warnaserror for specific ids (0.079958ms)
✔ A02-T37 final diagnostics match Roslyn: treat warnings as errors (0.138959ms)
✔ A02-T37 final diagnostics match Roslyn: treat warnings as errors except some (0.133375ms)
✔ A02-T37 final diagnostics match Roslyn: nowarn wins over warnaserror (0.084833ms)
✔ A02-T37 final diagnostics match Roslyn: treat warnings as errors with pragma and nowarn (0.07025ms)
✔ A02-T37 final diagnostics match Roslyn: pragma restore does not undo nowarn (0.060875ms)
✔ A02-T37 final diagnostics match Roslyn: pragma disable beats warnaserror (0.062833ms)
✔ A02-T37 final diagnostics match Roslyn: warning level 0 (0.035667ms)
✔ A02-T37 final diagnostics match Roslyn: warning level 1 (0.03675ms)
✔ A02-T37 final diagnostics match Roslyn: warning level 2 (0.051ms)
✔ A02-T37 final diagnostics match Roslyn: warning level 3 (0.062375ms)
✔ A02-T37 final diagnostics match Roslyn: warning level 5 (0.058125ms)
✔ A02-T37 final diagnostics match Roslyn: warning level 9999 (0.924917ms)
✔ A02-T37 final diagnostics match Roslyn: warning level 2 with warnaserror for a level 3 warning (0.188208ms)
✔ A02-T37 final diagnostics match Roslyn: errors are never suppressed (0.099916ms)
✔ A02-T37 final diagnostics match Roslyn: analyzer diagnostics follow pragma, nowarn and warnaserror (0.088375ms)
✔ A02-T37 final diagnostics match Roslyn: analyzer info diagnostics are not promoted to errors (0.062041ms)
✔ A02-T37 final diagnostics match Roslyn: SuppressMessage on a member and a type (0.606708ms)
✔ A02-T37 final diagnostics match Roslyn: SuppressMessage at assembly level (0.297792ms)
✔ A02-T37 final diagnostics match Roslyn: SuppressMessage namespace scopes (0.271417ms)
✔ A02-T37 final diagnostics match Roslyn: SuppressMessage applies without CODE_ANALYSIS too (0.200625ms)
✔ A02-T37 catalog warning levels agree with the levels Roslyn attached to the fixture diagnostics (0.347875ms)
✔ A02-T37 warning levels come from the catalog when the diagnostic does not carry one (0.627917ms)
✔ A02-T37 pragma parsing: ids, effect position, diagnostics (0.2015ms)
✔ A02-T37 id normalisation and option shapes (0.582292ms)
✔ A02-T37 SuppressMessage data: spans, targets and compiler diagnostics (0.212583ms)
✔ A02-T14 named types: construction, kinds and metadata names (1.872666ms)
✔ A02-T14 display strings match Roslyn formats (1.667083ms)
✔ A02-T14 equality is structural and survives substitution (1.031291ms)
✔ A02-T14 nested generic construction substitutes the containing type (1.326ms)
✔ A02-T14 comparison options: dynamic, nullable annotations, tuple names (0.549ms)
✔ A02-T14 type parameters, error types and base/interface queries (1.064417ms)
✔ A02-T34 a program with an unused catch variable builds, runs and reports exactly one warning (65.137875ms)
✔ A02-T34 workspace, language service and LSP surface the warning without failing the build (3.789ms)
✔ A02-T34 candidate-compiled edits are judged by errors, not by warnings (9.030041ms)
✔ execution: hello (26.9845ms)
✔ execution: precedence (4.081917ms)
✔ execution: Int32 wrap (6.838042ms)
✔ execution: Int32 multiplication (1.92425ms)
✔ execution: integer division (1.842625ms)
✔ execution: floating division (2.854292ms)
✔ execution: minimum int (1.167875ms)
✔ execution: bitwise (2.252791ms)
✔ execution: boolean (5.655334ms)
✔ execution: short circuit (1.311125ms)
✔ execution: if else (2.324166ms)
✔ execution: for (2.870625ms)
✔ execution: while continue break (3.36375ms)
✔ execution: do while (4.64725ms)
✔ execution: for continue (1.514542ms)
✔ execution: ternary (1.625458ms)
✔ execution: coalescing (0.743833ms)
✔ execution: array foreach (5.208458ms)
✔ execution: implicit array (1.922084ms)
✔ execution: default array (1.936292ms)
✔ execution: array assignment receiver evaluated once (2.779125ms)
✔ execution: postfix (0.679417ms)
✔ execution: prefix (0.590917ms)
✔ execution: method calls (2.555667ms)
✔ execution: recursion (2.692459ms)
✔ execution: expression body (2.242125ms)
✔ execution: overloads (5.030083ms)
✔ execution: objects constructor fields (5.401917ms)
✔ execution: object initializer (2.789833ms)
✔ execution: static initializer dependency (7.845292ms)
✔ execution: string value equality (1.03325ms)
✔ execution: object identity (0.780375ms)
✔ execution: string library (2.407166ms)
✔ execution: length (0.68725ms)
✔ execution: numeric parse (0.531459ms)
✔ execution: round-to-even conversion (0.861375ms)
✔ execution: array sort (5.373708ms)
✔ execution: caught division (11.241333ms)
✔ execution: throw exception (6.887791ms)
✔ execution: cross-frame catch (7.821709ms)
✔ execution: rethrow (2.54525ms)
✔ execution: Main args (4.149083ms)
✔ execution: definite assignment both branches (1.664125ms)
✔ diagnostic: type mismatch (3.864542ms)
✔ diagnostic: unassigned (1.010958ms)
✔ diagnostic: short circuit definite assignment (1.034541ms)
✔ diagnostic: branch definite assignment (1.229542ms)
✔ diagnostic: unknown name (0.627458ms)
✔ diagnostic: duplicate type (0.409ms)
✔ diagnostic: duplicate member (0.356708ms)
✔ diagnostic: multiple Main (12.064916ms)
✔ diagnostic: missing return (1.868875ms)
✔ diagnostic: break outside loop (0.734541ms)
✔ diagnostic: rethrow outside catch (0.165625ms)
✔ diagnostic: unknown type (0.612ms)
✔ diagnostic: double to int (0.555875ms)
✔ diagnostic: const write (1.284417ms)
✔ diagnostic: no entry (0.576875ms)
✔ diagnostic: unsupported long (0.574791ms)
✔ diagnostic: unsupported float literal (0.613875ms)
✔ diagnostic: invalid condition (0.773583ms)
✔ profile: unsupported syntax blocks emission class A<T>{}Console.WriteLine(1); (0.406833ms)
✔ profile: unsupported syntax blocks emission class A{public int X{get;init;}}Console. (3.083ms)
✔ profile: unsupported syntax blocks emission class B{}class A:B{}Console.WriteLine(1) (2.216125ms)
✔ profile: unsupported syntax blocks emission class A{static async void Main(){}} (2.198292ms)
✔ profile: unsupported syntax blocks emission try{Console.WriteLine(1);}catch(Exceptio (1.218417ms)
✔ profile: unsupported syntax blocks emission Console.WriteLine(1m); (0.4485ms)
✔ compiler: references resolve across source files (0.632834ms)
✔ compiler: int Main exit code survives startup (0.253625ms)
✔ bytecode: serialize and verify roundtrip (2.296875ms)
✔ bytecode: rejects corrupt version and stack underflow (8.443875ms)
✔ bytecode: rejects invalid branch target (0.393083ms)
✔ sample: particles (36.060917ms)
✔ sample: gc (9.891583ms)
✔ sample: recursion (3.374375ms)
✔ sample: exceptions (3.48025ms)
✔ sample: arrays (4.463459ms)
✔ sample: errors (1.445083ms)
✔ sample: partial (3.5045ms)
✔ sample: switch (25.4185ms)
✔ sample: conversions (6.620708ms)
✔ sample: null-assignment (2.596ms)
✔ sample: call-hierarchy (0.778708ms)
✔ sample: guarded-calls (4.976167ms)
✔ sample: short-circuit (1.391208ms)
✔ sample: nameof (2.096959ms)
✔ sample: properties (4.33875ms)
✔ sample: readonly-properties (5.328ms)
✔ sample: finally (4.894083ms)
✔ sample: finally-loop (2.280125ms)
✔ sample: structural-refactoring (1.771709ms)
✔ sample: safe-watches (2.076167ms)
✔ sample: analyzer-tasks (2.166ms)
✔ sample: checked-arithmetic (6.517416ms)
✔ sample: using-resources (11.874ms)
✔ sample: using-failure (7.0815ms)
✔ sample: constant-patterns (8.85525ms)
✔ sample: refactor-safe06 (3.600292ms)
✔ sample: immutable-schema (3.058042ms)
✔ sample: unreachable-analyzer (0.453333ms)
✔ sample: reversible-storage (1.84325ms)
✔ sample: breakpoint-workbench (1.390084ms)
✔ sample: editor-keymaps (1.066916ms)
✔ sample: explorer-members (2.936542ms)
✔ sample: debug-exact (0.668417ms)
✔ sample: debug-callsite (3.830375ms)
✔ sample: debug-conditions (1.357834ms)
✔ sample: debug-function (2.320917ms)
✔ sample: debug-exception (2.205458ms)
✔ sample: async-stacks (4.531125ms)
✔ sample: logical-threads (5.32775ms)
✔ sample: hot-reload (0.744083ms)
✔ sample: set-next (0.358583ms)
✔ sample: function-evaluation (4.82825ms)
✔ sample: portable-symbols (2.815541ms)
✔ sample: winui-counter (63.188458ms)
✔ sample: winui-controls (27.393917ms)
✔ sample: winui-graphics (24.708ms)
✔ sample: winui-async (9.940584ms)
✔ sample: designer-canvas (24.707167ms)
✔ sample: designer-grid (54.54025ms)
✔ sample: winui-shared-styles (18.374292ms)
✔ sample: winui-expanded-controls (11.533042ms)
✔ sample: edit-continue-structure (4.922584ms)
✔ sample: designer-csharp-sync (41.192209ms)
✔ sample: winui-storyboards (29.683833ms)
✔ sample: winui-wrap-panels (7.129417ms)
✔ sample: animation-style-precedence (4.54875ms)
✔ sample: bcl-collections (4.103458ms)
✔ sample: bcl-dictionary (10.566375ms)
✔ sample: bcl-stringbuilder (3.549625ms)
✔ sample: csharp-interpolation (1.213416ms)
✔ sample: csharp-modern-properties (5.251875ms)
✔ sample: csharp-preview-collections (38.683458ms)
✔ sample: bcl-json-document (2.959917ms)
✔ sample: bcl-array-random (1.642417ms)
✔ sample: simd-vector-math (2.436875ms)
✔ sample: parallel-compute (36.692834ms)
✔ sample: network-http-client (16.329917ms)
✔ sample: winui-compute-monitor (4.195916ms)
✔ compiler: empty file set reports a missing entry point (0.171708ms)
✔ SIMD scalar equivalence Int32Array length 0 (2.735791ms)
✔ SIMD scalar equivalence Int32Array length 1 (0.207917ms)
✔ SIMD scalar equivalence Int32Array length 2 (0.0965ms)
✔ SIMD scalar equivalence Int32Array length 3 (0.066584ms)
✔ SIMD scalar equivalence Int32Array length 4 (0.071875ms)
✔ SIMD scalar equivalence Int32Array length 5 (0.062625ms)
✔ SIMD scalar equivalence Int32Array length 7 (0.071083ms)
✔ SIMD scalar equivalence Int32Array length 8 (0.058416ms)
✔ SIMD scalar equivalence Int32Array length 31 (0.097542ms)
✔ SIMD scalar equivalence Int32Array length 1024 (0.610958ms)
✔ SIMD scalar equivalence Float64Array length 0 (0.179792ms)
✔ SIMD scalar equivalence Float64Array length 1 (0.062125ms)
✔ SIMD scalar equivalence Float64Array length 2 (0.085792ms)
✔ SIMD scalar equivalence Float64Array length 3 (0.046125ms)
✔ SIMD scalar equivalence Float64Array length 4 (0.0655ms)
✔ SIMD scalar equivalence Float64Array length 5 (0.070583ms)
✔ SIMD scalar equivalence Float64Array length 7 (0.0455ms)
✔ SIMD scalar equivalence Float64Array length 8 (0.043666ms)
✔ SIMD scalar equivalence Float64Array length 31 (0.04825ms)
✔ SIMD scalar equivalence Float64Array length 1024 (1.824375ms)
✔ SIMD IEEE special values and signed zero (0.193ms)
✔ SIMD actual WebAssembly backend and growing memory (0.319417ms)
✔ SIMD invalid options {"backend":"bad"} (0.101541ms)
✔ SIMD invalid options {"maxElements":0} (0.035708ms)
✔ SIMD invalid options {"maxElements":2000000000} (0.038333ms)
✔ SIMD rejects type, shape, unsupported operation, and element limit (1.529583ms)
✔ worker compute uses distinct real Node workers with SIMD (31.785458ms)
✔ worker snapshots own inputs, transfers preserve caller buffer, scalar fallback (25.903041ms)
✔ worker cancel queued job, dispose pending, and reject new work (28.663458ms)
✔ worker bounded queue and deadlines (62.84ms)
✔ worker queued/active input byte budget is released after cancellation and completion (23.197042ms)
✔ source cooperative: async Main, parameters and a value across await (72.5825ms)
✔ source cooperative: async starts synchronously and returns at suspension (7.626875ms)
✔ source cooperative: nested await preserves live operand and argument order (9.584166ms)
✔ source cooperative: parallel tasks keep distinct parameter captures (11.504959ms)
✔ source cooperative: fault propagation and finally after await (8.009166ms)
✔ source cooperative: instance capture keeps receiver and managed string rooted (4.741042ms)
✔ source cooperative: Task.Run and await value (32.009792ms)
✔ source cooperative: completed tasks and synchronous FromResult (8.048208ms)
✔ source cooperative: Task.Yield yields before continuation (15.356292ms)
✔ source cooperative: WhenAll and two pending tasks (22.289792ms)
✔ source cooperative: WhenAny and no duplicate completion (6.287209ms)
✔ source cooperative: Thread.Start, name and Join (17.144417ms)
✔ source cooperative: loop with repeated suspension (7.839625ms)
✔ source cooperative: async return cleanup retains computed return value (6.457ms)
✔ source cooperative: async Task<int> entry point (2.38425ms)
✔ source cooperative: cooperative worker sees shared statics (3.434041ms)
✔ reload cooperative: async Main, parameters and a value across await (21.351292ms)
✔ reload cooperative: async starts synchronously and returns at suspension (5.10925ms)
✔ reload cooperative: nested await preserves live operand and argument order (1.733958ms)
✔ reload cooperative: parallel tasks keep distinct parameter captures (9.280417ms)
✔ reload cooperative: fault propagation and finally after await (5.091916ms)
✔ reload cooperative: instance capture keeps receiver and managed string rooted (6.830875ms)
✔ reload cooperative: Task.Run and await value (1.13225ms)
✔ reload cooperative: completed tasks and synchronous FromResult (2.48175ms)
✔ reload cooperative: Task.Yield yields before continuation (1.494125ms)
✔ reload cooperative: WhenAll and two pending tasks (2.819125ms)
✔ reload cooperative: WhenAny and no duplicate completion (1.097708ms)
✔ reload cooperative: Thread.Start, name and Join (0.923292ms)
✔ reload cooperative: loop with repeated suspension (4.936083ms)
✔ reload cooperative: async return cleanup retains computed return value (8.645458ms)
✔ reload cooperative: async Task<int> entry point (0.812125ms)
✔ reload cooperative: cooperative worker sees shared statics (0.722958ms)
✔ cil cooperative: async Main, parameters and a value across await (11.157792ms)
✔ cil cooperative: async starts synchronously and returns at suspension (1.79325ms)
✔ cil cooperative: nested await preserves live operand and argument order (6.34625ms)
✔ cil cooperative: parallel tasks keep distinct parameter captures (11.623541ms)
✔ cil cooperative: fault propagation and finally after await (7.990792ms)
✔ cil cooperative: instance capture keeps receiver and managed string rooted (9.4275ms)
✔ cil cooperative: Task.Run and await value (4.808541ms)
✔ cil cooperative: completed tasks and synchronous FromResult (3.5165ms)
✔ cil cooperative: Task.Yield yields before continuation (3.200458ms)
✔ cil cooperative: WhenAll and two pending tasks (3.544958ms)
✔ cil cooperative: WhenAny and no duplicate completion (3.595334ms)
✔ cil cooperative: Thread.Start, name and Join (3.946ms)
✔ cil cooperative: loop with repeated suspension (4.069ms)
✔ cil cooperative: async return cleanup retains computed return value (3.654875ms)
✔ cil cooperative: async Task<int> entry point (0.908208ms)
✔ cil cooperative: cooperative worker sees shared statics (0.656291ms)
✔ source: querying waiting contexts never destroys their suspended frames (12.7665ms)
✔ source: snapshot while all tasks wait restores all frames and precise GC roots (10.100333ms)
✔ source: freezing a ready context prevents instruction execution (0.510208ms)
✔ source: pending awaited exception is retained through snapshots (0.721916ms)
✔ source: cancellation terminates all live cooperative contexts (0.676042ms)
✔ source: validation errors remain managed exceptions (5.113458ms)
✔ reload: querying waiting contexts never destroys their suspended frames (2.561167ms)
✔ reload: snapshot while all tasks wait restores all frames and precise GC roots (2.315958ms)
✔ reload: freezing a ready context prevents instruction execution (10.182208ms)
✔ reload: pending awaited exception is retained through snapshots (1.59025ms)
✔ reload: cancellation terminates all live cooperative contexts (1.287334ms)
✔ reload: validation errors remain managed exceptions (4.573708ms)
✔ cil: querying waiting contexts never destroys their suspended frames (13.146333ms)
✔ cil: snapshot while all tasks wait restores all frames and precise GC roots (2.7735ms)
✔ cil: freezing a ready context prevents instruction execution (1.131167ms)
✔ cil: pending awaited exception is retained through snapshots (1.257292ms)
✔ cil: cancellation terminates all live cooperative contexts (17.3765ms)
✔ cil: validation errors remain managed exceptions (2.190125ms)
✔ source: debugger lists real suspended frames, local values and await relationships (1.545875ms)
✔ source: source breakpoint after await stops before the statement (2.773709ms)
✔ source: Hot Reload validates locals in suspended async frames (7.880792ms)
✔ CIL: debugger lists real suspended frames, local values and await relationships (22.270667ms)
✔ CIL: source breakpoint after await stops before the statement (3.494167ms)
✔ CIL: Hot Reload validates locals in suspended async frames (2.878792ms)
✔ async profile uses real IL and survives editable IL roundtrip (10.846167ms)
✔ async void Main and unsupported task type are diagnosed rather than approximated (1.271583ms)
✔ SDK, compiler bytes and reference assemblies are exact pins (1.130875ms)
✔ hosted image drift fails while local image limits remain explicit (0.559084ms)
✔ fixture identity includes source bytes and language boundary (11.688042ms)
✔ expected schema rejects unknown, malformed, stale, wrong-oracle and wrong-path evidence (11.972125ms)
✔ expected store writes canonical bytes twice and rejects corrupt/stale data (22.217125ms)
✔ command modes are explicit and cannot accidentally update expected outputs (0.302167ms)
✔ native process cancellation, timeout, overflow, start failure and limit boundaries (182.567041ms)
✔ unsupported WinUI is recorded without requiring an unrelated local SDK (198.201875ms)
✔ workflow pins SDK/container/image and always publishes qualification evidence (2.10925ms)
✔ checkout guard rejects tracked, staged and untracked mutations, permits ignored evidence (544.921083ms)
✔ stable gate rejects failed, cancelled, skipped, missing and malformed prerequisites (0.40625ms)
✔ environment capture records unavailable/failed probes instead of claiming installed versions (0.133458ms)
✔ results path creates custom directories including spaces and defaults outside tracked docs (11.272209ms)
✔ CLI output accepts a symlinked ancestor, but rejects links at or inside the output root (11.719875ms)
✔ browser matrix covers each discovered entry point and every OS without fail-fast (10.620375ms)
✔ managed Int32 process exits use Windows DWORD and POSIX low-byte representations (0.688542ms)
✔ checkout attributes override autocrlf for executable/example text without altering binary bytes (486.425333ms)
✔ ordinary PRs have one core job while full qualification and releases remain explicit (1.917916ms)
✔ release inventory verifies exact bytes and fails changed, missing or added payloads (12.327625ms)
✔ source: explicit function calls preserve paused stack and control flow (164.79375ms)
✔ source: methods, constructors, initializers, getters and setters execute real target code (29.718708ms)
✔ source: effectful expression receiver/argument order and GC roots (25.312458ms)
✔ source: evaluation rollback restores target state, output and history (23.715083ms)
✔ source: throwing evaluation and instruction exhaustion roll back (9.291958ms)
✔ source: cancellation, syntax and budget failures are nonmutating (8.313291ms)
✔ source: checked expressions and short circuits apply to called results (4.437ms)
✔ source: Set Next Statement skips a write and preserves live values (15.346958ms)
✔ source: Set Next Statement rejects another method and stale stop (23.84575ms)
✔ source: Set Next Statement cannot escape protected cleanup (39.500167ms)
✔ source: Hot Reload replaces inactive bodies without restarting heap (12.590125ms)
✔ source: Hot Reload literal update in active method retains local values (2.719708ms)
✔ source: rude edits reject without losing old program or breakpoints (4.8875ms)
✔ CIL: explicit function calls preserve paused stack and control flow (45.729375ms)
✔ CIL: methods, constructors, initializers, getters and setters execute real target code (23.595417ms)
✔ CIL: effectful expression receiver/argument order and GC roots (6.724291ms)
✔ CIL: evaluation rollback restores target state, output and history (13.220791ms)
✔ CIL: throwing evaluation and instruction exhaustion roll back (38.742875ms)
✔ CIL: cancellation, syntax and budget failures are nonmutating (20.081333ms)
✔ CIL: checked expressions and short circuits apply to called results (12.943208ms)
✔ CIL: Set Next Statement skips a write and preserves live values (4.09875ms)
✔ CIL: Set Next Statement rejects another method and stale stop (6.59975ms)
✔ CIL: Set Next Statement cannot escape protected cleanup (4.617917ms)
✔ CIL: Hot Reload replaces inactive bodies without restarting heap (14.136291ms)
✔ CIL: Hot Reload literal update in active method retains local values (2.398583ms)
✔ CIL: rude edits reject without losing old program or breakpoints (4.225833ms)
✔ source: Set Next Statement rejects skipped definite assignment (2.262417ms)
✔ CIL: Set Next Statement rejects entering a nonempty-stack expression (4.141125ms)
✔ debugger: entry, step over, step in and step out use source points (58.468167ms)
✔ debugger: step over does not enter called method (1.523459ms)
✔ debugger: bound breakpoints, conditions and hit counts (8.230208ms)
✔ debugger: logpoints continue without pausing (0.894208ms)
✔ debugger: invalid breakpoints report unverified locations (2.886542ms)
✔ debugger: disabled breakpoints do not stop (4.01325ms)
✔ debugger: function breakpoints stop in callee (3.352584ms)
✔ debugger: data breakpoint fires on local write (0.989833ms)
✔ debugger: side-effect-free watches cannot invoke or mutate (3.730958ms)
✔ debugger: local edits affect continuation and validate types (6.410667ms)
✔ debugger: const locals cannot be edited (0.684042ms)
✔ debugger: arrays and object children expose actual values (4.277333ms)
✔ debugger: exception break happens before catch and resumes into handler (3.194541ms)
✔ debugger: uncaught-only exception mode ignores caught exceptions (1.527292ms)
✔ debugger: reverse snapshots restore locals and output (2.510125ms)
✔ debugger: reverse snapshots retain objects across later collection (3.626458ms)
✔ debugger: recording is bounded and optional (6.370833ms)
✔ debugger: pause/stop are cooperative and invalidate frames (1.212583ms)
✔ source: shipped designer example designer-canvas (34.341625ms)
✔ canonical: shipped designer example designer-canvas (28.743875ms)
✔ cil: shipped designer example designer-canvas (26.58925ms)
✔ reassembled: shipped designer example designer-canvas (48.64625ms)
✔ source: shipped designer example designer-grid (4.607333ms)
✔ canonical: shipped designer example designer-grid (10.306625ms)
✔ cil: shipped designer example designer-grid (15.392791ms)
✔ reassembled: shipped designer example designer-grid (21.244458ms)
✔ source: shipped designer example winui-shared-styles (3.851417ms)
✔ canonical: shipped designer example winui-shared-styles (11.175417ms)
✔ cil: shipped designer example winui-shared-styles (4.3615ms)
✔ reassembled: shipped designer example winui-shared-styles (9.707667ms)
✔ source: shipped designer example winui-expanded-controls (2.046042ms)
✔ canonical: shipped designer example winui-expanded-controls (9.134541ms)
✔ cil: shipped designer example winui-expanded-controls (14.567083ms)
✔ reassembled: shipped designer example winui-expanded-controls (49.0995ms)
✔ source: shipped designer example edit-continue-structure (0.898667ms)
✔ canonical: shipped designer example edit-continue-structure (2.12175ms)
✔ cil: shipped designer example edit-continue-structure (6.719125ms)
✔ reassembled: shipped designer example edit-continue-structure (1.671708ms)
✔ designer example ZIP loads a complete solution: CanvasCounter (31.219834ms)
✔ designer example ZIP loads a complete solution: GridWorkspace (90.811541ms)
✔ designer example ZIP loads a complete solution: SharedStyles (7.637458ms)
✔ designer example ZIP loads a complete solution: ControlGallery (8.663791ms)
✔ designer example ZIP loads a complete solution: EditContinue (5.110333ms)
✔ C# source reader imports generated graph, resources and variables without executing it (51.256209ms)
✔ no-op source roundtrip is byte-identical including comments/newlines (87.864875ms)
✔ C# scalar/property/attached/event edits only touch the mapped expressions (11.957ms)
✔ reading edited C# updates designer geometry/text without rewriting source (3.597375ms)
✔ C# syntax errors leave synchronized baseline unchanged (2.046583ms)
✔ stale source update and optimistic session commits are rejected (5.584333ms)
✔ structural updates preserve hand-written handler bodies, identifiers and comments (115.209833ms)
✔ generated view structural updates compile and preserve names of existing fields (53.023667ms)
✔ new scalar property inserts before Activate and is available in the preview (9.69275ms)
✔ clear object initializer property Name (15.838875ms)
✔ clear object initializer property Content (10.411209ms)
✔ clear object initializer property Width (11.956667ms)
✔ clear object initializer property Height (8.262417ms)
✔ clearing every object initializer remains syntactically valid (25.731458ms)
✔ dynamic expressions are never executed or overwritten and unrelated properties remain editable (4.929042ms)
✔ unknown statements block structural edits but retain minimal property editing (9.028583ms)
✔ multiple same-control event subscriptions are never silently collapsed on writeback (2.796166ms)
✔ shared styles, BasedOn and template factories survive structural sync (55.676416ms)
✔ C# Grid definitions and spans are read and updated (76.287292ms)
✔ UTF16 unicode and CRLF offsets produce minimal correct edits (2.001209ms)
✔ structural sync does not activate a returned Window because of a comment or a method named Main (34.981416ms)
✔ source sync records all wrap-grid attached spans without confusing Grid row/column spans (33.358041ms)
✔ explicit non-Button resource target types survive unused-resource and structural source round trips (22.646291ms)
✔ design documents round-trip independently and default project uses real generated source (26.814458ms)
✔ property validation covers typed layout values and inherited properties (0.655791ms)
✔ design rejects invalid Button.Width -1 (0.163542ms)
✔ design rejects invalid Button.Opacity 2 (0.070958ms)
✔ design rejects invalid Button.Grid "bad" (0.078291ms)
✔ design rejects invalid Button.IsEnabled "true" (0.068125ms)
✔ design rejects invalid Button.RowSpan 0 (0.061541ms)
✔ design rejects invalid Button.Row 1.5 (0.061167ms)
✔ design rejects invalid Button.Row 2147483648 (0.075375ms)
✔ design rejects invalid Button.Width null (0.113584ms)
✔ design rejects invalid TextBox.Text 42 (0.086166ms)
✔ design rejects invalid Border.Padding "1,2,3" (0.06075ms)
✔ design rejects invalid Button.Background "red" (0.057541ms)
✔ design rejects invalid Button.ActualWidth 20 (0.050333ms)
✔ Grid track parsing Auto (0.096458ms)
✔ Grid track parsing * (0.06675ms)
✔ Grid track parsing 3* (0.029625ms)
✔ Grid track parsing 48 (0.027ms)
✔ Grid track parsing 0 (0.026334ms)
✔ Grid tracks reject nonfinite and negative dimensions (0.061375ms)
✔ design validation is transactional: cycle (1.419375ms)
✔ design validation is transactional: missing child (2.524375ms)
✔ design validation is transactional: multiple parents (4.041ms)
✔ design validation is transactional: unparented node (1.395167ms)
✔ design validation is transactional: unsafe event (5.410459ms)
✔ design validation is transactional: resource code injection (0.985875ms)
✔ design validation is transactional: duplicate name (1.173875ms)
✔ design validation is transactional: window child (1.135708ms)
✔ design validation is transactional: resource cycle (2.863625ms)
✔ design validation is transactional: incorrect target (1.737ms)
✔ document edit versions, no-op edits, undo and redo preserve selection (2.647708ms)
✔ empty selection safely falls back to root (0.87225ms)
✔ duplicate subtree has unique names, no runtime bindings and independent properties (22.729292ms)
✔ copy/paste imports referenced resources without overwriting incompatible destination resources (160.879625ms)
✔ Canvas grouping/ungrouping preserves coordinates with undo (8.736458ms)
✔ reparent moves are atomic and reject visual cycles or content overfill (6.014709ms)
✔ styles respect BasedOn, implicit exact target and local precedence with clear (7.703959ms)
✔ template preview instantiates distinct parts and reflects owner properties (18.455292ms)
✔ templates reject invalid target, mismatched bindings and duplicate part IDs (3.522542ms)
✔ codegen rejects identifiers which alias after C# encoding (3.148666ms)
✔ toolbox ContentControl generates, compiles and executes real C# (92.305292ms)
✔ toolbox Page generates, compiles and executes real C# (78.737459ms)
✔ toolbox UserControl generates, compiles and executes real C# (40.039916ms)
✔ toolbox Button generates, compiles and executes real C# (42.6835ms)
✔ toolbox CheckBox generates, compiles and executes real C# (23.700125ms)
✔ toolbox ToggleSwitch generates, compiles and executes real C# (44.804458ms)
✔ toolbox TextBox generates, compiles and executes real C# (79.278125ms)
✔ toolbox PasswordBox generates, compiles and executes real C# (49.063084ms)
✔ toolbox TextBlock generates, compiles and executes real C# (23.416125ms)
✔ toolbox Border generates, compiles and executes real C# (37.734917ms)
✔ toolbox Grid generates, compiles and executes real C# (19.92925ms)
✔ toolbox Canvas generates, compiles and executes real C# (47.62475ms)
✔ toolbox ScrollViewer generates, compiles and executes real C# (53.53825ms)
✔ toolbox Slider generates, compiles and executes real C# (44.863667ms)
✔ toolbox ProgressBar generates, compiles and executes real C# (33.668458ms)
✔ toolbox ProgressRing generates, compiles and executes real C# (34.334ms)
✔ toolbox ComboBox generates, compiles and executes real C# (33.753ms)
✔ toolbox ListView generates, compiles and executes real C# (33.148833ms)
✔ toolbox ComboBoxItem generates, compiles and executes real C# (26.229625ms)
✔ toolbox ListViewItem generates, compiles and executes real C# (56.405083ms)
✔ toolbox Image generates, compiles and executes real C# (18.306416ms)
✔ toolbox HyperlinkButton generates, compiles and executes real C# (16.162917ms)
✔ toolbox Expander generates, compiles and executes real C# (49.876417ms)
✔ toolbox MenuFlyoutItem generates, compiles and executes real C# (79.533667ms)
✔ toolbox MenuFlyout generates, compiles and executes real C# (15.934666ms)
✔ toolbox NavigationView generates, compiles and executes real C# (27.975625ms)
✔ toolbox NavigationViewItem generates, compiles and executes real C# (29.505417ms)
✔ toolbox DrawingSurface generates, compiles and executes real C# (35.764458ms)
✔ toolbox Rectangle generates, compiles and executes real C# (81.12375ms)
✔ toolbox Ellipse generates, compiles and executes real C# (40.9965ms)
✔ toolbox Line generates, compiles and executes real C# (28.007333ms)
✔ toolbox ToggleButton generates, compiles and executes real C# (30.894333ms)
✔ toolbox RadioButton generates, compiles and executes real C# (67.235084ms)
✔ toolbox NumberBox generates, compiles and executes real C# (20.141375ms)
✔ toolbox AutoSuggestBox generates, compiles and executes real C# (36.214958ms)
✔ toolbox CalendarDatePicker generates, compiles and executes real C# (26.194292ms)
✔ toolbox TimePicker generates, compiles and executes real C# (22.174291ms)
✔ toolbox InfoBar generates, compiles and executes real C# (29.505208ms)
✔ toolbox ContentPresenter generates, compiles and executes real C# (75.086667ms)
✔ toolbox Viewbox generates, compiles and executes real C# (85.409541ms)
✔ toolbox TabView generates, compiles and executes real C# (36.629042ms)
✔ toolbox TabViewItem generates, compiles and executes real C# (40.976292ms)
✔ toolbox AppBarButton generates, compiles and executes real C# (65.830208ms)
✔ toolbox CommandBar generates, compiles and executes real C# (31.687875ms)
✔ toolbox ToolTip generates, compiles and executes real C# (29.640458ms)
✔ toolbox ContentDialog generates, compiles and executes real C# (56.812667ms)
✔ toolbox Separator generates, compiles and executes real C# (49.835792ms)
✔ toolbox WrapGrid generates, compiles and executes real C# (38.871084ms)
✔ toolbox VariableSizedWrapGrid generates, compiles and executes real C# (19.881458ms)
✔ toolbox ItemsWrapGrid generates, compiles and executes real C# (19.821208ms)
✔ toolbox StackPanel generates, compiles and executes real C# (27.3715ms)
✔ source: styled/templated designer code executes with valid IL and survives GC (24.965291ms)
✔ reload: styled/templated designer code executes with valid IL and survives GC (98.48125ms)
✔ cil: styled/templated designer code executes with valid IL and survives GC (127.35525ms)
✔ reassembled: styled/templated designer code executes with valid IL and survives GC (59.599542ms)
✔ source: live property/style patch retains user text, control identity and managed callbacks (85.944292ms)
✔ source: new live controls retain scalar Content, reparent and Grid track edits apply (48.26475ms)
✔ source: template-only live edits preserve original C# handlers (60.663875ms)
✔ source: invalid live patch restores heap, UI, stopped execution and revision (50.141416ms)
✔ source: live revision and stale object checks precede mutations (13.169917ms)
✔ source: aliased live bindings and unsupported new handlers are rejected (15.411625ms)
✔ CIL: live property/style patch retains user text, control identity and managed callbacks (57.616875ms)
✔ CIL: new live controls retain scalar Content, reparent and Grid track edits apply (57.291125ms)
✔ CIL: template-only live edits preserve original C# handlers (37.404708ms)
✔ CIL: invalid live patch restores heap, UI, stopped execution and revision (61.584ms)
✔ CIL: live revision and stale object checks precede mutations (32.619584ms)
✔ CIL: aliased live bindings and unsupported new handlers are rejected (49.8805ms)
✔ initial model places all panels closed with persistent empty document group (2.353209ms)
✔ open activate close reopen retains unique placement (1.156041ms)
✔ edge dock left (0.580792ms)
✔ edge dock right (0.213ms)
✔ edge dock top (0.159083ms)
✔ edge dock bottom (0.818292ms)
✔ tab reorder is deterministic (0.154792ms)
✔ float redock cleans empty floating nodes (0.183584ms)
✔ auto hide pin close and reopen move one panel (0.195125ms)
✔ documents cannot auto hide (0.274833ms)
✔ nonclosable panels cannot close (0.080334ms)
✔ layout JSON restore roundtrips split auto hide and floats (0.197333ms)
✔ invalid restore is atomic s=>s.root.active='missing' (0.069125ms)
✔ invalid restore is atomic s=>s.closed.push('output') (0.061416ms)
✔ invalid restore is atomic s=>s.root.id='' (0.047125ms)
✔ invalid restore is atomic s=>s.version=999 (0.053625ms)
✔ invalid restore is atomic s=>s.closed.pop() (0.05475ms)
✔ invalid restore is atomic s=>s.autoHide.left.push('unknown') (0.051458ms)
✔ invalid restore is atomic s=>s.floating.push({id:'f',x:0,y:0,width:-1,height:100,root:createGroup('g',[])}) (0.315875ms)
✔ invalid operation rolls back model (0.429083ms)
✔ undo redo restore correct placements (0.366416ms)
✔ split resize validates finite ratio and clamps keyboard movement (0.321166ms)
✔ closing final document keeps a docking target (0.137875ms)
✔ history bound and subscriptions can unsubscribe (0.363042ms)
✔ register and unregister document panels preserve invariants (0.201208ms)
✔ duplicate tree identifiers are rejected (0.145167ms)
✔ randomized moves maintain uniqueness and valid round trips (107.800542ms)
✔ EnC adds and reorders methods while preserving IDs and active caller state (114.870084ms)
✔ EnC supports multiple generations without method identity drift (22.784208ms)
✔ EnC inserts a new active local after a surviving source statement (6.396834ms)
✔ EnC remaps active locals and write breakpoint descriptors after inserting an earlier local (35.219167ms)
✔ EnC never guesses skipped initialization needed after the target checkpoint (21.879458ms)
✔ EnC rejects changes to an active statement without mutating its value or location (2.445334ms)
✔ EnC appends fields to existing objects with defaults and initializes newly created instances (11.302125ms)
✔ EnC adds types and methods used after a safe active checkpoint (10.2915ms)
✔ EnC preserves existing statics through reordering and adds default-valued storage (9.031625ms)
✔ EnC rejects incompatible field reorder before mutating the running image (4.358917ms)
✔ EnC rejects incompatible field type before mutating the running image (7.413958ms)
✔ EnC rejects incompatible remove field before mutating the running image (4.377375ms)
✔ EnC rejects incompatible remove type before mutating the running image (9.021417ms)
✔ EnC rejects a signature change even when the method is currently inactive (4.669083ms)
✔ EnC observes the heap budget before appended-field mutation (5.482708ms)
✔ EnC preserves live delegates when a new declaration shifts compiler method indexes (10.478333ms)
✔ EnC updates inactive helpers while real async frames are suspended (8.871083ms)
✔ EnC clears reverse snapshots across a successful generation, not a rejected one (10.115167ms)
✔ engine parity discovers every catalog family (9.17875ms)
✔ engine parity: cil-fixtures/array assignment receiver evaluated once (218.975666ms)
✔ engine parity: cil-fixtures/array foreach (14.352083ms)
✔ engine parity: cil-fixtures/array sort (61.755375ms)
✔ engine parity: cil-fixtures/bitwise (8.088292ms)
✔ engine parity: cil-fixtures/boolean (6.392375ms)
✔ engine parity: cil-fixtures/caught division (15.250542ms)
✔ engine parity: cil-fixtures/coalescing (6.439666ms)
✔ engine parity: cil-fixtures/cross-frame catch (12.254ms)
✔ engine parity: cil-fixtures/default array (8.35325ms)
✔ engine parity: cil-fixtures/definite assignment both branches (2.911583ms)
✔ engine parity: cil-fixtures/do while (11.6725ms)
✔ engine parity: cil-fixtures/expression body (10.354166ms)
✔ engine parity: cil-fixtures/floating division (6.320708ms)
✔ engine parity: cil-fixtures/for (6.87375ms)
✔ engine parity: cil-fixtures/for continue (4.789167ms)
✔ engine parity: cil-fixtures/hello (1.812583ms)
✔ engine parity: cil-fixtures/if else (3.490458ms)
✔ engine parity: cil-fixtures/implicit array (9.266583ms)
✔ engine parity: cil-fixtures/Int32 multiplication (1.695875ms)
✔ engine parity: cil-fixtures/Int32 wrap (1.923583ms)
✔ engine parity: cil-fixtures/integer division (3.754ms)
✔ engine parity: cil-fixtures/length (3.2ms)
✔ engine parity: cil-fixtures/Main args (6.326416ms)
✔ engine parity: cil-fixtures/method calls (4.919ms)
✔ engine parity: cil-fixtures/minimum int (12.78775ms)
✔ engine parity: cil-fixtures/numeric parse (13.215917ms)
✔ engine parity: cil-fixtures/object identity (7.525291ms)
✔ engine parity: cil-fixtures/object initializer (23.373292ms)
✔ engine parity: cil-fixtures/objects constructor fields (8.427875ms)
✔ engine parity: cil-fixtures/overloads (13.967333ms)
✔ engine parity: cil-fixtures/postfix (6.981958ms)
✔ engine parity: cil-fixtures/precedence (2.845041ms)
✔ engine parity: cil-fixtures/prefix (3.577542ms)
✔ engine parity: cil-fixtures/recursion (48.9955ms)
✔ engine parity: cil-fixtures/rethrow (7.741709ms)
✔ engine parity: cil-fixtures/round-to-even conversion (15.805291ms)
✔ engine parity: cil-fixtures/short circuit (50.532458ms)
✔ engine parity: cil-fixtures/static initializer dependency (8.925791ms)
✔ engine parity: cil-fixtures/string library (8.186833ms)
✔ engine parity: cil-fixtures/string value equality (2.465166ms)
✔ engine parity: cil-fixtures/ternary (5.465583ms)
✔ engine parity: cil-fixtures/throw exception (6.620667ms)
✔ engine parity: cil-fixtures/while continue break (3.236875ms)
✔ engine parity: clr-fixtures/array assignment receiver (4.912375ms)
✔ engine parity: clr-fixtures/array foreach (4.623916ms)
✔ engine parity: clr-fixtures/array of references (5.296333ms)
✔ engine parity: clr-fixtures/bool array default (9.011791ms)
✔ engine parity: clr-fixtures/boolean bitwise (2.531625ms)
✔ engine parity: clr-fixtures/break leaves try (5.624875ms)
✔ engine parity: clr-fixtures/caught division (2.686666ms)
✔ engine parity: clr-fixtures/continue and break (2.475458ms)
✔ engine parity: clr-fixtures/continue leaves try (7.445875ms)
✔ engine parity: clr-fixtures/cross-frame exception (4.504083ms)
✔ engine parity: clr-fixtures/definite assignment (1.786583ms)
✔ engine parity: clr-fixtures/do while (4.106291ms)
✔ engine parity: clr-fixtures/double literal division (4.392291ms)
✔ engine parity: clr-fixtures/double method arguments (4.472041ms)
✔ engine parity: clr-fixtures/entry point (1.632375ms)
✔ engine parity: clr-fixtures/for loop (3.0695ms)
✔ engine parity: clr-fixtures/Int32 division (1.543667ms)
✔ engine parity: clr-fixtures/Int32 division overflow (3.477916ms)
✔ engine parity: clr-fixtures/Int32 multiply (6.815791ms)
✔ engine parity: clr-fixtures/Int32 wrap (2.208583ms)
✔ engine parity: clr-fixtures/integer precedence (1.358084ms)
✔ engine parity: clr-fixtures/Main string args (3.159417ms)
✔ engine parity: clr-fixtures/NaN comparisons (6.674791ms)
✔ engine parity: clr-fixtures/nested object fields (26.389625ms)
✔ engine parity: clr-fixtures/null coalescing (31.870042ms)
✔ engine parity: clr-fixtures/numeric conditional (2.595708ms)
✔ engine parity: clr-fixtures/object constructor (5.296709ms)
✔ engine parity: clr-fixtures/object identity (4.169833ms)
✔ engine parity: clr-fixtures/object initializer (2.814875ms)
✔ engine parity: clr-fixtures/overloads (4.170584ms)
✔ engine parity: clr-fixtures/prefix and postfix (1.927291ms)
✔ engine parity: clr-fixtures/recursion (17.175709ms)
✔ engine parity: clr-fixtures/rethrow (2.909625ms)
✔ engine parity: clr-fixtures/return in catch (3.369708ms)
✔ engine parity: clr-fixtures/shift count masking (1.568834ms)
✔ engine parity: clr-fixtures/short circuit (4.907166ms)
✔ engine parity: clr-fixtures/signed greater-or-equal (3.917ms)
✔ engine parity: clr-fixtures/signed less-or-equal (3.083791ms)
✔ engine parity: clr-fixtures/signed strict comparisons (2.583917ms)
✔ engine parity: clr-fixtures/static initializer (20.811791ms)
✔ engine parity: clr-fixtures/throw exception (12.356167ms)
✔ engine parity: clr-fixtures/try return (9.9035ms)
✔ engine parity: clr-fixtures/typed array assignment (17.56875ms)
✔ engine parity: clr-fixtures/typed assignment (9.1025ms)
✔ engine parity: clr-fixtures/typed field assignment (2.483125ms)
✔ engine parity: clr-fixtures/UTF16 string length (2.07425ms)
✔ engine parity: compiler/array assignment receiver evaluated once (8.96125ms)
✔ engine parity: compiler/array foreach (8.477959ms)
✔ engine parity: compiler/array sort (13.9025ms)
✔ engine parity: compiler/bitwise (5.509875ms)
✔ engine parity: compiler/boolean (1.650084ms)
✔ engine parity: compiler/caught division (3.308708ms)
✔ engine parity: compiler/coalescing (9.179166ms)
✔ engine parity: compiler/cross-frame catch (12.362459ms)
✔ engine parity: compiler/default array (3.6435ms)
✔ engine parity: compiler/definite assignment both branches (1.29575ms)
✔ engine parity: compiler/diagnostic/branch definite assignment (0.614708ms)
✔ engine parity: compiler/diagnostic/break outside loop (0.226625ms)
✔ engine parity: compiler/diagnostic/const write (0.326584ms)
✔ engine parity: compiler/diagnostic/double to int (5.369333ms)
✔ engine parity: compiler/diagnostic/duplicate member (2.850292ms)
✔ engine parity: compiler/diagnostic/duplicate type (1.26525ms)
✔ engine parity: compiler/diagnostic/invalid condition (1.155417ms)
✔ engine parity: compiler/diagnostic/missing return (2.381417ms)
✔ engine parity: compiler/diagnostic/multiple Main (0.679959ms)
✔ engine parity: compiler/diagnostic/no entry (0.147041ms)
✔ engine parity: compiler/diagnostic/rethrow outside catch (0.23025ms)
✔ engine parity: compiler/diagnostic/short circuit definite assignment (0.538625ms)
✔ engine parity: compiler/diagnostic/type mismatch (0.200667ms)
✔ engine parity: compiler/diagnostic/unassigned (2.858792ms)
✔ engine parity: compiler/diagnostic/unknown name (0.571625ms)
✔ engine parity: compiler/diagnostic/unknown type (0.282417ms)
✔ engine parity: compiler/diagnostic/unsupported float literal (0.285125ms)
✔ engine parity: compiler/diagnostic/unsupported long (0.216917ms)
✔ engine parity: compiler/do while (3.705416ms)
✔ engine parity: compiler/expression body (3.160417ms)
✔ engine parity: compiler/floating division (4.810208ms)
✔ engine parity: compiler/for (2.615291ms)
✔ engine parity: compiler/for continue (12.906291ms)
✔ engine parity: compiler/hello (1.703458ms)
✔ engine parity: compiler/if else (3.2345ms)
✔ engine parity: compiler/implicit array (8.094ms)
✔ engine parity: compiler/Int32 multiplication (2.968375ms)
✔ engine parity: compiler/Int32 wrap (1.378083ms)
✔ engine parity: compiler/integer division (0.943084ms)
✔ engine parity: compiler/length (4.228167ms)
✔ engine parity: compiler/Main args (3.64125ms)
✔ engine parity: compiler/method calls (1.386209ms)
✔ engine parity: compiler/minimum int (1.556792ms)
✔ engine parity: compiler/numeric parse (3.897375ms)
✔ engine parity: compiler/object identity (3.583334ms)
✔ engine parity: compiler/object initializer (6.074834ms)
✔ engine parity: compiler/objects constructor fields (5.08525ms)
✔ engine parity: compiler/overloads (2.118709ms)
✔ engine parity: compiler/postfix (1.3795ms)
✔ engine parity: compiler/precedence (0.94975ms)
✔ engine parity: compiler/prefix (1.498166ms)
✔ engine parity: compiler/recursion (5.607083ms)
✔ engine parity: compiler/rethrow (2.230958ms)
✔ engine parity: compiler/round-to-even conversion (14.166042ms)
✔ engine parity: compiler/short circuit (23.767875ms)
✔ engine parity: compiler/static initializer dependency (22.061834ms)
✔ engine parity: compiler/string library (17.192167ms)
✔ engine parity: compiler/string value equality (4.859334ms)
✔ engine parity: compiler/ternary (2.488292ms)
✔ engine parity: compiler/throw exception (3.509083ms)
✔ engine parity: compiler/unsupported/class A{public int X{get;init;}}Console.WriteLine(1); (4.58775ms)
✔ engine parity: compiler/unsupported/class A{static async void Main(){}} (4.560042ms)
✔ engine parity: compiler/unsupported/class A<T>{}Console.WriteLine(1); (0.762584ms)
✔ engine parity: compiler/unsupported/class B{}class A:B{}Console.WriteLine(1); (2.688584ms)
✔ engine parity: compiler/unsupported/Console.WriteLine(1m); (4.843209ms)
✔ engine parity: compiler/unsupported/try{Console.WriteLine(1);}catch(Exception e) when(true){} (30.801833ms)
✔ engine parity: compiler/while continue break (10.971708ms)
✔ engine parity: language14/C#15 capacity arguments (10.795083ms)
✔ engine parity: language14/C#15 labeled continue and break (32.168291ms)
✔ engine parity: language14/C#15 labeled jumps execute finally (13.20225ms)
✔ engine parity: language14/collection expression empty array and list (13.133791ms)
✔ engine parity: language14/collection expression evaluation order (6.306042ms)
✔ engine parity: language14/collection expressions spread array and lists (17.2815ms)
✔ engine parity: language14/collection returns and arguments (21.759625ms)
✔ engine parity: language14/diagnostic/array with capacity disallowed (1.475625ms)
✔ engine parity: language14/diagnostic/capacity requires preview (0.504417ms)
✔ engine parity: language14/diagnostic/collection requires target (0.286917ms)
✔ engine parity: language14/diagnostic/collection version (0.314833ms)
✔ engine parity: language14/diagnostic/continue switch disallowed (4.769292ms)
✔ engine parity: language14/diagnostic/field local shadow rejected (9.619708ms)
✔ engine parity: language14/diagnostic/field version (4.124958ms)
✔ engine parity: language14/diagnostic/named jump requires preview (2.11925ms)
✔ engine parity: language14/diagnostic/new requires target (0.386667ms)
✔ engine parity: language14/diagnostic/null assignment increment disallowed (0.680875ms)
✔ engine parity: language14/diagnostic/null conditional version (0.54625ms)
✔ engine parity: language14/diagnostic/spread requires enumerable (2.392542ms)
✔ engine parity: language14/diagnostic/target new version (0.664334ms)
✔ engine parity: language14/diagnostic/unknown capacity argument (1.269625ms)
✔ engine parity: language14/diagnostic/unknown jump (1.523417ms)
✔ engine parity: language14/escape E C#13 (1.688875ms)
✔ engine parity: language14/field escape resolves user field (41.796334ms)
✔ engine parity: language14/field-backed explicit getter and setter (8.662792ms)
✔ engine parity: language14/field-backed mixed accessors and initialization (32.830167ms)
✔ engine parity: language14/null conditional array skips index and RHS (15.221083ms)
✔ engine parity: language14/null conditional compound accessor order (10.000917ms)
✔ engine parity: language14/null conditional property skips receiver RHS (7.399625ms)
✔ engine parity: language14/spread hash set preserves uniqueness (3.731917ms)
✔ engine parity: language14/target typed parameters returns and field initializers (27.897875ms)
✔ engine parity: parity/instruction budget boundary (35.059792ms)
✔ engine parity: parity/maximum exit code (3.341292ms)
✔ engine parity: parity/minimum exit code (4.758167ms)
✔ engine parity: parity/multiple files (9.437292ms)
✔ engine parity: parity/negative exit code (4.474208ms)
✔ engine parity: parity/output budget boundary (10.210625ms)
✔ engine parity: parity/uncaught array boundary (2.725709ms)
✔ engine parity: parity/uncaught checked overflow (4.94425ms)
✔ engine parity: parity/uncaught divide by zero (2.428875ms)
✔ engine parity: parity/uncaught user exception (5.442584ms)
✔ engine parity: parity/UTF16 output boundary (2.654542ms)
✔ engine parity: release05/assignment results (9.615167ms)
✔ engine parity: release05/auto property (5.925375ms)
✔ engine parity: release05/break finally (3.952708ms)
✔ engine parity: release05/catch inside finally preserves return (5.925625ms)
✔ engine parity: release05/catch return runs final (2.365375ms)
✔ engine parity: release05/coalescing property (29.914083ms)
✔ engine parity: release05/continue finally (6.10475ms)
✔ engine parity: release05/diagnostic/auto write-only (2.214541ms)
✔ engine parity: release05/diagnostic/break exits finally (0.349209ms)
✔ engine parity: release05/diagnostic/continue exits finally (0.220042ms)
✔ engine parity: release05/diagnostic/duplicate getter (1.237833ms)
✔ engine parity: release05/diagnostic/getter-only write (5.408083ms)
✔ engine parity: release05/diagnostic/init remains explicit limitation (1.084875ms)
✔ engine parity: release05/diagnostic/private setter (1.3305ms)
✔ engine parity: release05/diagnostic/return exits finally (2.076ms)
✔ engine parity: release05/diagnostic/write-only read (2.72875ms)
✔ engine parity: release05/empty protected clauses (5.189791ms)
✔ engine parity: release05/exception finally then catch (2.857583ms)
✔ engine parity: release05/explicit accessors (7.506708ms)
✔ engine parity: release05/expression accessors (4.593041ms)
✔ engine parity: release05/expression getter (8.566375ms)
✔ engine parity: release05/getter only constructor (23.352125ms)
✔ engine parity: release05/loop internal finally (41.848792ms)
✔ engine parity: release05/nameof property (16.108541ms)
✔ engine parity: release05/nested finally (18.910167ms)
✔ engine parity: release05/nested rethrow restores lexical exception (14.667709ms)
✔ engine parity: release05/normal finally (10.058417ms)
✔ engine parity: release05/private setter inside owner (10.363125ms)
✔ engine parity: release05/property receiver evaluated once (19.077458ms)
✔ engine parity: release05/property setter finally (19.201584ms)
✔ engine parity: release05/return preserves value (28.311333ms)
✔ engine parity: release05/return reference remains rooted (16.629875ms)
✔ engine parity: release05/static auto initialization (4.200083ms)
✔ engine parity: release05/throw from finally overrides exception (21.71725ms)
✔ engine parity: release05/throw from finally overrides return (4.154958ms)
✔ engine parity: release05/try catch finally (6.749416ms)
✔ engine parity: release06/checked add catch (7.352833ms)
✔ engine parity: release06/checked compound array (18.715667ms)
✔ engine parity: release06/checked conversion (6.162208ms)
✔ engine parity: release06/checked conversion truncation (1.773958ms)
✔ engine parity: release06/checked multiply (2.536833ms)
✔ engine parity: release06/checked negate (32.609459ms)
✔ engine parity: release06/checked nested (9.323875ms)
✔ engine parity: release06/checked nonoverflow (3.886458ms)
✔ engine parity: release06/checked setter not invoked on overflow (37.675125ms)
✔ engine parity: release06/checked subtract (10.051417ms)
✔ engine parity: release06/const expression patterns (11.325542ms)
✔ engine parity: release06/const string patterns (13.276709ms)
✔ engine parity: release06/diagnostic/checked constant in unchecked (0.825042ms)
✔ engine parity: release06/diagnostic/constant divide zero (0.39625ms)
✔ engine parity: release06/diagnostic/default const overflow (1.362ms)
✔ engine parity: release06/diagnostic/duplicate constant switch (1.79975ms)
✔ engine parity: release06/diagnostic/missing Dispose (2.474792ms)
✔ engine parity: release06/diagnostic/missing using initializer (4.2405ms)
✔ engine parity: release06/diagnostic/multiple var (2.880667ms)
✔ engine parity: release06/diagnostic/nonconstant const (0.504334ms)
✔ engine parity: release06/diagnostic/not IDisposable (0.63025ms)
✔ engine parity: release06/diagnostic/private Dispose (0.4365ms)
✔ engine parity: release06/diagnostic/using reassignment (13.025375ms)
✔ engine parity: release06/fully qualified disposable (9.870417ms)
✔ engine parity: release06/int boundary literal (6.753958ms)
✔ engine parity: release06/outer resource disposed after inner dispose throws (11.70975ms)
✔ engine parity: release06/unchecked constant (1.851084ms)
✔ engine parity: release06/unchecked nested (3.853833ms)
✔ engine parity: release06/using break continue (9.15425ms)
✔ engine parity: release06/using declaration (5.92975ms)
✔ engine parity: release06/using declaration lifetimes (10.988083ms)
✔ engine parity: release06/using dispose throws (20.163792ms)
✔ engine parity: release06/using exception (3.860541ms)
✔ engine parity: release06/using expression captures once (3.282625ms)
✔ engine parity: release06/using GC protects captured resource (2.731ms)
✔ engine parity: release06/using multiple resources (16.135833ms)
✔ engine parity: release06/using null (4.283958ms)
✔ engine parity: release06/using partial initializer failure (3.774083ms)
✔ engine parity: release06/using return (2.552917ms)
✔ engine parity: release06/using return reference survives cleanup GC (38.800667ms)
✔ engine parity: release06/using statement (14.129416ms)
✔ engine parity: sample/analyzer-tasks (31.537625ms)
✔ engine parity: sample/animation-style-precedence (45.562375ms)
✔ engine parity: sample/arrays (88.831542ms)
✔ engine parity: sample/async-stacks (30.991584ms)
✔ engine parity: sample/bcl-array-random (48.363584ms)
✔ engine parity: sample/bcl-collections (28.399416ms)
✔ engine parity: sample/bcl-dictionary (39.682584ms)
✔ engine parity: sample/bcl-json-document (30.959917ms)
✔ engine parity: sample/bcl-stringbuilder (11.775291ms)
✔ engine parity: sample/breakpoint-workbench (11.368459ms)
✔ engine parity: sample/call-hierarchy (8.911125ms)
✔ engine parity: sample/checked-arithmetic (10.443875ms)
✔ engine parity: sample/constant-patterns (8.336417ms)
✔ engine parity: sample/conversions (4.059792ms)
✔ engine parity: sample/csharp-interpolation (8.857292ms)
✔ engine parity: sample/csharp-modern-properties (4.542708ms)
✔ engine parity: sample/csharp-preview-collections (29.949125ms)
✔ engine parity: sample/debug-callsite (38.860084ms)
✔ engine parity: sample/debug-conditions (21.987542ms)
✔ engine parity: sample/debug-exact (8.561542ms)
✔ engine parity: sample/debug-exception (3.249708ms)
✔ engine parity: sample/debug-function (8.745833ms)
✔ engine parity: sample/designer-canvas (105.953208ms)
✔ engine parity: sample/designer-csharp-sync (73.426542ms)
✔ engine parity: sample/designer-grid (54.222ms)
✔ engine parity: sample/edit-continue-structure (3.034083ms)
✔ engine parity: sample/editor-keymaps (1.32625ms)
✔ engine parity: sample/errors (0.564666ms)
✔ engine parity: sample/exceptions (19.318125ms)
✔ engine parity: sample/explorer-members (14.275792ms)
✔ engine parity: sample/finally (17.222834ms)
✔ engine parity: sample/finally-loop (3.748667ms)
✔ engine parity: sample/function-evaluation (6.526875ms)
✔ engine parity: sample/gc (14.441708ms)
✔ engine parity: sample/guarded-calls (7.764334ms)
✔ engine parity: sample/hot-reload (2.881583ms)
✔ engine parity: sample/immutable-schema (7.006375ms)
✔ engine parity: sample/logical-threads (6.279458ms)
✔ engine parity: sample/nameof (2.146625ms)
✔ engine parity: sample/network-http-client (50.320291ms)
✔ engine parity: sample/null-assignment (15.754375ms)
✔ engine parity: sample/parallel-compute (191.78275ms)
✔ engine parity: sample/partial (6.15275ms)
✔ engine parity: sample/particles (17.4265ms)
✔ engine parity: sample/portable-symbols (13.739458ms)
✔ engine parity: sample/properties (15.208458ms)
✔ engine parity: sample/readonly-properties (8.680834ms)
✔ engine parity: sample/recursion (17.20075ms)
✔ engine parity: sample/refactor-safe06 (16.95175ms)
✔ engine parity: sample/reversible-storage (4.11ms)
✔ engine parity: sample/safe-watches (11.984708ms)
✔ engine parity: sample/set-next (2.762958ms)
✔ engine parity: sample/short-circuit (20.616541ms)
✔ engine parity: sample/simd-vector-math (11.153458ms)
✔ engine parity: sample/structural-refactoring (3.797ms)
✔ engine parity: sample/switch (6.125416ms)
✔ engine parity: sample/unreachable-analyzer (8.0395ms)
✔ engine parity: sample/using-failure (18.938459ms)
✔ engine parity: sample/using-resources (6.73275ms)
✔ engine parity: sample/winui-async (14.963833ms)
✔ engine parity: sample/winui-compute-monitor (49.265958ms)
✔ engine parity: sample/winui-controls (30.575292ms)
✔ engine parity: sample/winui-counter (15.876333ms)
✔ engine parity: sample/winui-expanded-controls (29.066541ms)
✔ engine parity: sample/winui-graphics (31.051125ms)
✔ engine parity: sample/winui-shared-styles (89.702459ms)
✔ engine parity: sample/winui-storyboards (40.854792ms)
✔ engine parity: sample/winui-wrap-panels (107.98625ms)
✔ engine parity allowlist contains no stale divergences (0.348542ms)
✔ engine parity automatically includes a newly added catalog and fixture row (11.206917ms)
✔ engine parity canonicalizes known System exceptions while retaining user type identity (0.163292ms)
✔ engine parity rejects a output difference (2.799792ms)
✔ engine parity rejects a exceptionType difference (0.243084ms)
✔ engine parity rejects a exitCode difference (3.751417ms)
✔ engine parity rejects a state difference (0.2925ms)
✔ engine parity compares fault types even when both engines fault (0.558292ms)
✔ engine parity allowances retain surrounding output, fault types and exit codes (7.803833ms)
✔ engine parity requires an owner, reason and exact fixture for every allowance (9.540334ms)
✔ engine parity observed heap allowances reject new values and unrelated changes (36.699208ms)
✔ release13 source: Designer · C# two-way editing (21.9365ms)
✔ release13 reload: Designer · C# two-way editing (40.486ms)
✔ release13 cil: Designer · C# two-way editing (40.392ms)
✔ release13 reassembled: Designer · C# two-way editing (30.779333ms)
✔ release13 source: WinUI · storyboard playback (7.652667ms)
✔ release13 reload: WinUI · storyboard playback (13.102041ms)
✔ release13 cil: WinUI · storyboard playback (11.444125ms)
✔ release13 reassembled: WinUI · storyboard playback (30.604125ms)
✔ release13 source: WinUI · wrapping panels and spans (6.12375ms)
✔ release13 reload: WinUI · wrapping panels and spans (8.752667ms)
✔ release13 cil: WinUI · wrapping panels and spans (18.205291ms)
✔ release13 reassembled: WinUI · wrapping panels and spans (11.487667ms)
✔ release13 source: WinUI · animation and style precedence (9.23375ms)
✔ release13 reload: WinUI · animation and style precedence (4.22375ms)
✔ release13 cil: WinUI · animation and style precedence (7.296041ms)
✔ release13 reassembled: WinUI · animation and style precedence (14.753667ms)
✔ release13 source: BCL · lists, sets, queues and stacks (1.628167ms)
✔ release13 reload: BCL · lists, sets, queues and stacks (1.530833ms)
✔ release13 cil: BCL · lists, sets, queues and stacks (25.314792ms)
✔ release13 reassembled: BCL · lists, sets, queues and stacks (13.672625ms)
✔ release13 source: BCL · dictionary inventory (3.598792ms)
✔ release13 reload: BCL · dictionary inventory (5.035125ms)
✔ release13 cil: BCL · dictionary inventory (1.433583ms)
✔ release13 reassembled: BCL · dictionary inventory (7.010333ms)
✔ release13 source: BCL · text and StringBuilder (2.367334ms)
✔ release13 reload: BCL · text and StringBuilder (1.668792ms)
✔ release13 cil: BCL · text and StringBuilder (2.021833ms)
✔ release13 reassembled: BCL · text and StringBuilder (2.159166ms)
✔ release13 source: C# · interpolation and numeric formats (0.339459ms)
✔ release13 reload: C# · interpolation and numeric formats (1.305959ms)
✔ release13 cil: C# · interpolation and numeric formats (0.77725ms)
✔ release13 reassembled: C# · interpolation and numeric formats (4.969083ms)
✔ source-sync Studio sample maps declarations and preserves user handlers after structural edits (64.326958ms)
✔ release14 sample csharp-modern-properties: source (74.419792ms)
✔ release14 sample csharp-modern-properties: reload (38.072041ms)
✔ release14 sample csharp-modern-properties: cil (39.65025ms)
✔ release14 sample csharp-modern-properties: reassembled (16.989916ms)
✔ release14 sample csharp-preview-collections: source (15.057625ms)
✔ release14 sample csharp-preview-collections: reload (23.149959ms)
✔ release14 sample csharp-preview-collections: cil (7.734167ms)
✔ release14 sample csharp-preview-collections: reassembled (13.720167ms)
✔ release14 sample bcl-json-document: source (19.674167ms)
✔ release14 sample bcl-json-document: reload (8.737416ms)
✔ release14 sample bcl-json-document: cil (15.941ms)
✔ release14 sample bcl-json-document: reassembled (7.271959ms)
✔ release14 sample bcl-array-random: source (7.796625ms)
✔ release14 sample bcl-array-random: reload (29.144125ms)
✔ release14 sample bcl-array-random: cil (7.179083ms)
✔ release14 sample bcl-array-random: reassembled (16.789875ms)
✔ release14 sample simd-vector-math: source (18.242667ms)
✔ release14 sample simd-vector-math: reload (10.415875ms)
✔ release14 sample simd-vector-math: cil (10.462625ms)
✔ release14 sample simd-vector-math: reassembled (3.543125ms)
✔ release14 sample parallel-compute: source (64.874708ms)
✔ release14 sample parallel-compute: reload (52.04175ms)
✔ release14 sample parallel-compute: cil (72.371875ms)
✔ release14 sample parallel-compute: reassembled (62.43175ms)
✔ release14 sample network-http-client: source (74.285375ms)
✔ release14 sample network-http-client: reload (25.71125ms)
✔ release14 sample network-http-client: cil (19.085667ms)
✔ release14 sample network-http-client: reassembled (19.585292ms)
✔ release14 sample winui-compute-monitor: source (14.332791ms)
✔ release14 sample winui-compute-monitor: reload (11.818667ms)
✔ release14 sample winui-compute-monitor: cil (32.369542ms)
✔ release14 sample winui-compute-monitor: reassembled (24.344875ms)
✔ C# language additions on IR, strict IL and direct CIL: cast int (68.004667ms)
✔ C# language additions on IR, strict IL and direct CIL: cast double (24.705458ms)
✔ C# language additions on IR, strict IL and direct CIL: typed defaults (10.486333ms)
✔ C# language additions on IR, strict IL and direct CIL: switch grouped (18.57425ms)
✔ C# language additions on IR, strict IL and direct CIL: string switch (23.02025ms)
✔ C# language additions on IR, strict IL and direct CIL: null switch (5.00275ms)
✔ C# language additions on IR, strict IL and direct CIL: negative pattern (7.086416ms)
✔ C# language additions on IR, strict IL and direct CIL: switch expression (2.924125ms)
✔ C# language additions on IR, strict IL and direct CIL: numeric switch expression (3.269333ms)
✔ C# language additions on IR, strict IL and direct CIL: nested switch continue (11.846ms)
✔ C# language additions on IR, strict IL and direct CIL: null coalescing assignment once (8.036334ms)
✔ C# language additions on IR, strict IL and direct CIL: null coalescing field (22.306584ms)
✔ C# language additions on IR, strict IL and direct CIL: unchecked overflow (7.75325ms)
✔ C# language additions on IR, strict IL and direct CIL: unchecked block (1.988209ms)
✔ C# diagnostics: duplicate switch (1.009292ms)
✔ C# diagnostics: fallthrough (0.598375ms)
✔ C# diagnostics: nonconstant switch (0.760791ms)
✔ C# diagnostics: invalid cast (1.073417ms)
✔ C# nonexhaustive switch expression warns and throws for unmatched value (1.878292ms)
✔ Generators: build-info source participates in binding and execution (2.831541ms)
✔ Generators: source/additional/options snapshots invalidate input cache (3.549292ms)
✔ Generators: cache reused when compiler-only options change (1.141125ms)
✔ Generators: JSON schema classes are usable by source (1.693375ms)
✔ Generators: failure rolls back partial output and blocks emission (0.507167ms)
✔ Generators: Promise callbacks explicitly refused (0.340042ms)
✔ Generators: duplicate paths and traversal rejected (0.708625ms)
✔ Generators: generated-document API cannot be edited as user source (0.972333ms)
✔ Generators: output budgets reject oversized generators (0.289833ms)
✔ Analyzers: unreferenced locals and empty catches use actual source spans (0.981208ms)
✔ Analyzers: severity overrides can suppress or block compilation (0.363958ms)
✔ Extensions: cancellation precedes callback execution (0.104083ms)
✔ Refactoring: bound var to explicit type applies transactionally (4.009709ms)
✔ Refactoring: stale, overlapping and malformed multi-file edits never partially apply (0.958292ms)
✔ Refactoring: successful project rejects a rewrite that introduces compile errors (25.04425ms)
✔ Refactoring: rename updates bound references, not strings or comments (7.544625ms)
✔ Formatting: indentation preserves literal and comment text (4.948209ms)
✔ Folding and selection ranges are nested and ignore braces inside literals (0.479417ms)
✔ LSP: new capabilities correspond to actual handlers (1.000459ms)
✔ LSP: code actions carry versions and type hints use inferred types (0.816625ms)
✔ LSP: versioned rename WorkspaceEdit when client supports documentChanges (0.673208ms)
✔ workspace: unchanged compilation returns cached identity (25.083625ms)
✔ workspace: edit retains other document tree and reparses only changed file (7.94775ms)
✔ workspace: rejects stale changes (0.206917ms)
✔ workspace: incremental UTF-16 document changes (2.065875ms)
✔ workspace: pre-cancelled request aborts (0.410292ms)
✔ workspace: limits and atomic project imports (4.994875ms)
✔ workspace: export/import roundtrip (0.852083ms)
✔ language: member completion on unfinished file (2.663042ms)
✔ language: local type-aware array completion (4.362292ms)
✔ language: definitions, bound references, hover and rename (15.139833ms)
✔ language: rename collision rejected (1.061ms)
✔ language: no unbound text replacements during rename (0.694583ms)
✔ language: cross-file method definition (1.441167ms)
✔ language: document symbols and semantic tokens (3.556042ms)
✔ language14 source: field-backed mixed accessors and initialization (7.900625ms)
✔ language14 reload: field-backed mixed accessors and initialization (4.969791ms)
✔ language14 cil: field-backed mixed accessors and initialization (28.722833ms)
✔ language14 reassembled: field-backed mixed accessors and initialization (22.544458ms)
✔ language14 source: field-backed explicit getter and setter (0.295875ms)
✔ language14 reload: field-backed explicit getter and setter (2.452959ms)
✔ language14 cil: field-backed explicit getter and setter (2.131959ms)
✔ language14 reassembled: field-backed explicit getter and setter (4.391292ms)
✔ language14 source: field escape resolves user field (0.478292ms)
✔ language14 reload: field escape resolves user field (2.206417ms)
✔ language14 cil: field escape resolves user field (3.340708ms)
✔ language14 reassembled: field escape resolves user field (2.328833ms)
✔ language14 source: target typed parameters returns and field initializers (1.842666ms)
✔ language14 reload: target typed parameters returns and field initializers (2.182375ms)
✔ language14 cil: target typed parameters returns and field initializers (1.221916ms)
✔ language14 reassembled: target typed parameters returns and field initializers (4.70725ms)
✔ language14 source: null conditional property skips receiver RHS (0.619792ms)
✔ language14 reload: null conditional property skips receiver RHS (2.791292ms)
✔ language14 cil: null conditional property skips receiver RHS (0.732458ms)
✔ language14 reassembled: null conditional property skips receiver RHS (1.083417ms)
✔ language14 source: null conditional array skips index and RHS (3.9175ms)
✔ language14 reload: null conditional array skips index and RHS (2.012042ms)
✔ language14 cil: null conditional array skips index and RHS (2.437625ms)
✔ language14 reassembled: null conditional array skips index and RHS (10.058375ms)
✔ language14 source: null conditional compound accessor order (0.276292ms)
✔ language14 reload: null conditional compound accessor order (1.179958ms)
✔ language14 cil: null conditional compound accessor order (0.820291ms)
✔ language14 reassembled: null conditional compound accessor order (8.265291ms)
✔ language14 source: collection expression empty array and list (0.593084ms)
✔ language14 reload: collection expression empty array and list (1.907709ms)
✔ language14 cil: collection expression empty array and list (7.659125ms)
✔ language14 reassembled: collection expression empty array and list (3.035875ms)
✔ language14 source: collection expressions spread array and lists (7.320208ms)
✔ language14 reload: collection expressions spread array and lists (4.158458ms)
✔ language14 cil: collection expressions spread array and lists (2.394083ms)
✔ language14 reassembled: collection expressions spread array and lists (3.5485ms)
✔ language14 source: spread hash set preserves uniqueness (1.029291ms)
✔ language14 reload: spread hash set preserves uniqueness (1.096917ms)
✔ language14 cil: spread hash set preserves uniqueness (0.906834ms)
✔ language14 reassembled: spread hash set preserves uniqueness (4.095667ms)
✔ language14 source: collection returns and arguments (0.919833ms)
✔ language14 reload: collection returns and arguments (1.232334ms)
✔ language14 cil: collection returns and arguments (9.106708ms)
✔ language14 reassembled: collection returns and arguments (1.324166ms)
✔ language14 source: collection expression evaluation order (0.478417ms)
✔ language14 reload: collection expression evaluation order (4.663333ms)
✔ language14 cil: collection expression evaluation order (1.815125ms)
✔ language14 reassembled: collection expression evaluation order (1.689875ms)
✔ language14 source: C#15 capacity arguments (0.288167ms)
✔ language14 reload: C#15 capacity arguments (0.710375ms)
✔ language14 cil: C#15 capacity arguments (0.458083ms)
✔ language14 reassembled: C#15 capacity arguments (0.752917ms)
✔ language14 source: C#15 labeled continue and break (0.0945ms)
✔ language14 reload: C#15 labeled continue and break (0.574666ms)
✔ language14 cil: C#15 labeled continue and break (0.379ms)
✔ language14 reassembled: C#15 labeled continue and break (3.933208ms)
✔ language14 source: C#15 labeled jumps execute finally (0.102875ms)
✔ language14 reload: C#15 labeled jumps execute finally (0.551875ms)
✔ language14 cil: C#15 labeled jumps execute finally (0.66625ms)
✔ language14 reassembled: C#15 labeled jumps execute finally (5.474584ms)
✔ language14 source: escape E C#13 (0.601542ms)
✔ language14 reload: escape E C#13 (1.201417ms)
✔ language14 cil: escape E C#13 (0.61825ms)
✔ language14 reassembled: escape E C#13 (1.52075ms)
✔ language14 rejects: field version (1.984084ms)
✔ language14 rejects: null conditional version (0.8205ms)
✔ language14 rejects: collection version (0.989125ms)
✔ language14 rejects: target new version (2.655542ms)
✔ language14 rejects: capacity requires preview (0.97025ms)
✔ language14 rejects: named jump requires preview (0.98725ms)
✔ language14 rejects: collection requires target (0.996042ms)
✔ language14 rejects: new requires target (1.862834ms)
✔ language14 rejects: spread requires enumerable (0.601667ms)
✔ language14 rejects: unknown jump (0.847291ms)
✔ language14 rejects: continue switch disallowed (1.276833ms)
✔ language14 rejects: array with capacity disallowed (0.399709ms)
✔ language14 rejects: unknown capacity argument (0.368083ms)
✔ language14 rejects: null assignment increment disallowed (0.784958ms)
✔ language14 rejects: field local shadow rejected (0.557041ms)
✔ language version 14 (0.051916ms)
✔ language version 14.0 (0.02575ms)
✔ language version latest (0.02025ms)
✔ language version default (0.018583ms)
✔ language version preview (0.015875ms)
✔ language rejects version 15 (0.107459ms)
✔ language rejects version latest-but-not-real (0.027041ms)
✔ language rejects version 0 (0.022666ms)
✔ language rejects version 99 (0.021333ms)
Rewritten assemblies are unsigned. #SF debug maps were invalidated. Metadata and resources were preserved; method bodies came only from IL text.
✔ Managed DLL without #SF: int output (63.003417ms)
✔ Managed DLL without #SF: double (9.158583ms)
✔ Managed DLL without #SF: loop (54.358125ms)
✔ Managed DLL without #SF: call (7.369416ms)
✔ Managed DLL without #SF: object (5.33625ms)
✔ Managed DLL without #SF: array (4.231333ms)
✔ Managed DLL without #SF: throw catch (8.665042ms)
✔ Managed DLL without #SF: null catch (17.53225ms)
✔ Managed DLL without #SF: bool boxing (3.363708ms)
✔ Managed DLL without #SF: empty catch (5.178125ms)
✔ Managed DLL without #SF: string ops (6.49975ms)
✔ Managed DLL without #SF: ceil (5.177584ms)
✔ Independent managed DLL: methods can be invoked without an entry point (3.010791ms)
✔ Independent managed DLL: 64-bit arithmetic stays exact (0.427084ms)
✔ Independent managed DLL: short floating literal and conversion (0.246708ms)
✔ Independent managed DLL: switch table dispatch (0.534917ms)
✔ Independent managed DLL: managed address into local (0.322292ms)
✔ Independent managed DLL: static initializer executes exactly once (0.490833ms)
✔ Independent managed DLL: finally executes on leave (0.360792ms)
✔ Independent managed DLL: checked overflow becomes a managed fault (0.378291ms)
✔ Independent managed DLL: unsigned division uses unsigned operands (0.179416ms)
✔ Direct CIL: hard instruction limit (0.212209ms)
✔ Direct CIL: hard output limit (1.141834ms)
✔ Direct CIL: unknown external method is refused before output (0.592875ms)
✔ Direct CIL: native pointer instructions remain inspectable, not executable (0.244334ms)
✔ Direct CIL: invalid local slot and stack underflow rejected (0.210166ms)
✔ Direct CIL: host arguments use strict declared types and arity (0.46975ms)
✔ IL text: every method rebuilt; changed constants actually execute (1.290833ms)
✔ IL text: IL from a debug-profile binary loses stale profile metadata (19.504708ms)
✔ IL text: long, branch and switch round trips (15.726417ms)
✔ IL text: catches round trip (8.346709ms)
✔ IL text: omitted or duplicate methods are never read from image fallback (0.613583ms)
✔ IL text: undefined labels and invalid opcodes are rejected (1.017708ms)
✔ Decompiler: simple independently authored Add is reconstructable C# (7.281167ms)
✔ Decompiler: mutable local loads captured before writes (0.585625ms)
✔ Decompiler: EH returns full IL and explicit fallback, not fake C# (4.454292ms)
✔ Decoder: i64, r4 and standard two-byte operations (0.21925ms)
✔ Decoder: branch into operand rejected (0.403917ms)
✔ Metadata: generic method spec signature uses its blob column (0.747334ms)
✔ Metadata: generic variables, arrays, byrefs and function pointers inspect (1.229042ms)
✔ PE: inspection rejects malformed and truncated user DLLs (0.324667ms)
✔ GC: strong handles retain; weak handles clear after strong release (0.438042ms)
✔ GC: scratch marks reused; foreign handles rejected (0.232459ms)
✔ CLI: inspect, invoke, decompile, editable IL, assemble, exec ordinary DLL (1843.898583ms)
✔ Direct CIL storage: byte local truncates and extends (1.195167ms)
✔ Direct CIL storage: sbyte local truncates and extends (0.820917ms)
✔ Direct CIL storage: ushort local truncates and extends (0.65925ms)
✔ Direct CIL storage: short local truncates and extends (0.494ms)
✔ Direct CIL storage: ldelem.u1 array extends correctly (1.621584ms)
✔ Direct CIL storage: ldelem.i1 array extends correctly (0.639917ms)
✔ Direct CIL storage: indirect byte store truncates before unsigned load (0.330709ms)
✔ Direct CIL host result keeps uint identity (0.212083ms)
✔ Direct CIL host result keeps ulong identity (0.252208ms)
✔ Direct CIL host result keeps bool identity (0.204917ms)
✔ Direct CIL: string[] Main defaults to an empty argument array (0.49025ms)
✔ CLI: no dummy arguments required for method decompilation or string[] entry point (523.307166ms)
✔ MSBuild contract supports build (3.96975ms)
✔ MSBuild contract supports rebuild (0.2905ms)
✔ MSBuild contract supports clean (0.15425ms)
✔ MSBuild contract supports restore (0.237375ms)
✔ MSBuild contract supports pack (0.1405ms)
✔ MSBuild contract supports publish (0.3215ms)
✔ MSBuild contract supports test (0.405083ms)
✔ MSBuild contract supports target (5.522ms)
✔ MSBuild contract supports evaluate (0.522875ms)
✔ MSBuild contract supports preprocess (0.143417ms)
✔ MSBuild contract supports targets (0.065333ms)
✔ MSBuild rejects invalid workspace path "../outside.csproj" (0.293833ms)
✔ MSBuild rejects invalid workspace path "/tmp/X.csproj" (0.048209ms)
✔ MSBuild rejects invalid workspace path "C:\\X.csproj" (0.068583ms)
✔ MSBuild rejects invalid workspace path "a/../X.csproj" (0.221417ms)
✔ MSBuild rejects invalid workspace path "a//X.csproj" (0.161792ms)
✔ MSBuild rejects invalid workspace path "a/./X.csproj" (0.166375ms)
✔ MSBuild rejects invalid workspace path "-something.csproj" (0.092583ms)
✔ MSBuild rejects invalid workspace path "https://x.csproj" (0.074042ms)
✔ MSBuild rejects invalid workspace path "a\u0000.csproj" (0.13525ms)
✔ MSBuild rejects invalid workspace path "" (0.079917ms)
✔ MSBuild request rejects {"action":"exec"} (0.367333ms)
✔ MSBuild request rejects {"project":"input.cs"} (0.185792ms)
✔ MSBuild request rejects {"properties":[]} (0.050167ms)
✔ MSBuild request rejects {"maxNodes":0} (0.054ms)
✔ MSBuild request rejects {"maxNodes":65} (0.05775ms)
✔ MSBuild request rejects {"maxNodes":1.2} (0.042291ms)
✔ MSBuild request rejects {"verbosity":"verbose"} (0.037958ms)
✔ MSBuild request rejects {"arguments":["not-a-switch"]} (0.074ms)
✔ MSBuild request rejects {"arguments":["-p:X=a\nb"]} (0.036083ms)
✔ MSBuild request rejects {"targets":["x;Build"]} (0.03225ms)
✔ MSBuild request rejects {"propertyNames":["A,B"]} (0.034209ms)
✔ MSBuild request rejects {"itemNames":["*"]} (0.031541ms)
✔ MSBuild request rejects {"trusted":"true"} (0.046291ms)
✔ MSBuild request rejects {"restore":1} (0.050917ms)
✔ MSBuild request rejects {"action":"target"} (0.031375ms)
✔ MSBuild request rejects {"properties":{"A":"1","a":"2"}} (0.097084ms)
✔ Global property parser preserves equals, spaces, Unicode, no shell interpretation (0.56075ms)
✔ Properties escape all MSBuild special characters without shell quoting (0.069083ms)
✔ Node invocation preserves actual engine and project path; build flags global properties (0.290083ms)
✔ MSBuild.exe engine omits dotnet subcommand and forwards advanced switches separately (0.081709ms)
✔ Evaluation emits JSON queries without targets, restore or graph execution by default (0.0665ms)
✔ Native build calls Build (0.059208ms)
✔ Native rebuild calls Rebuild (0.036708ms)
✔ Native restore calls Restore (0.029625ms)
✔ Native pack calls Pack (0.035ms)
✔ Native publish calls Publish (0.044875ms)
✔ Native clean calls Clean (0.029208ms)
✔ Native test calls VSTest (0.0275ms)
✔ custom targets and requested target results are explicit (0.046542ms)
✔ preprocessed and target listing files use the owner-provided job directory (0.065833ms)
✔ Parses diagnostic 1>C:\Code Dir\App.cs(12,7): error CS1002: ; expected [C:\Code Dir\App.csproj] (0.366875ms)
✔ Parses diagnostic /tmp/A.cs(3,4,3,8): warning CS0168: unused [/tmp/App.csproj] (0.178792ms)
✔ Parses diagnostic MSBUILD : error MSB1001: Unknown switch. (0.032292ms)
✔ Parses diagnostic App.csproj : error NU1101: Package unavailable (0.031ms)
✔ Parses diagnostic CSC : warning CS2008: No source files specified. (0.023875ms)
✔ Non-diagnostic output is never promoted to an error (0.035084ms)
✔ MSBuild JSON parsing tolerates startup banner but rejects malformed/trailing logs (0.156542ms)
✔ Browser client uses same-origin bearer requests; token is not persisted in request URL (0.65725ms)
✔ Browser client strips only the fragment token and retains unrelated hash data (0.230417ms)
✔ Browser client propagates disk conflicts and rejects foreign endpoint origins (0.263916ms)
✔ MSBuild example XML syntax: IncrementalPipeline/Build.proj (8.7815ms)
✔ MSBuild example XML syntax: IncrementalPipeline/Inline.targets (7.795792ms)
✔ MSBuild example XML syntax: IncrementalPipeline/Pipeline.props (5.336083ms)
✔ MSBuild example XML syntax: LocalPackages/Consumer/Consumer.csproj (10.698667ms)
✔ MSBuild example XML syntax: LocalPackages/Directory.Packages.props (16.076917ms)
✔ MSBuild example XML syntax: LocalPackages/NuGet.config (10.882375ms)
✔ MSBuild example XML syntax: LocalPackages/Producer/Producer.csproj (1.229459ms)
✔ MSBuild example XML syntax: MultiTarget/MultiTarget.csproj (1.126875ms)
✔ MSBuild example XML syntax: SdkWorkspace/App/App.csproj (2.674791ms)
✔ MSBuild example XML syntax: SdkWorkspace/Directory.Build.props (2.349792ms)
✔ MSBuild example XML syntax: SdkWorkspace/Directory.Build.targets (2.80975ms)
✔ MSBuild example XML syntax: SdkWorkspace/Library/Library.csproj (1.573ms)
✔ MSBuild example XML syntax: SdkWorkspace/NuGet.config (0.959084ms)
✔ MSBuild example XML syntax: SdkWorkspace/Workspace.slnx (0.969708ms)
✔ MSBuild example XML syntax: SdkWorkspace/shared/Version.props (0.762875ms)
✔ native example manifest entries all exist (3.111375ms)
✔ SDK solution references real projects and retains native build dependency (2.910875ms)
✔ Workspace scan lists build/source files, not outputs or ignored folders (32.884ms)
✔ Native read returns content and SHA-256; existing saves use actual disk data (12.981791ms)
✔ Preflight checks all files before write on a multi-file conflict (10.729ms)
✔ Missing hash, duplicate paths, invalid XML and invalid file types fail without writes (8.021333ms)
✔ Create project files is exclusive and does not overwrite existing files (6.376583ms)
✔ Workspace APIs reject traversal and reserved paths (5.027875ms)
✔ Symlink files and ancestor folders are never followed by API reads/saves (8.346875ms)
✔ Native operations require host and request trust, including evaluation (5.955458ms)
✔ Real child-process transport collects UTF-8 logs, diagnostics and artifacts (simulated engine) (70.930417ms)
✔ Evaluation result and inspection files are exposed with actual invocation (simulator) (248.43525ms)
✔ Nonzero exit is failure even when output is otherwise valid (66.567167ms)
✔ Missing native executable is explicit; never substitutes the browser compiler (15.407166ms)
✔ Cancellation terminates an actual long-running child; second concurrent operation rejected (88.185959ms)
✔ Output limits cancel noisy child instead of unbounded capture (50.381458ms)
✔ Timeout cancels jobs and host shutdown prevents future launches (129.126667ms)
✔ Completed job retention is bounded and cursors do not repeat logs (203.2215ms)
✔ Loopback HTTP host authenticates APIs, enforces same-origin and does not leak token (116.016833ms)
✔ HTTP job start/poll/artifact and JSON file writes use real API routes (simulated engine) (94.270959ms)
✔ HTTP rejects non-JSON mutations, untrusted operations, invalid cursors and saves during a build (25.165042ms)
✔ Native saves preserve utf-8-bom bytes and SHA-256 (9.979208ms)
✔ Native saves preserve utf-16le bytes and SHA-256 (8.939083ms)
✔ Native saves preserve utf-16be bytes and SHA-256 (5.281ms)
✔ Native MSBuild response files must be workspace files before process creation (55.872625ms)
✔ Terminal status is not visible before output discovery completes (64.762583ms)
✔ Native diagnostic resolves project basename diagnostic (4.942167ms)
✔ Native diagnostic resolves project-relative compiler filename (5.928291ms)
✔ Native diagnostic resolves project-relative generated file (4.166209ms)
✔ Native diagnostic resolves workspace-prefixed filename (4.253667ms)
✔ Native diagnostic resolves linked source in sibling directory (6.924416ms)
✔ Native diagnostic resolves target-framework project suffix (5.753916ms)
✔ Native diagnostic resolves external linked source remains not navigable (2.582792ms)
✔ SLNX structure retains folders, configuration and project build/deploy rules (1.65925ms)
✔ SLNX inspector rejects missing paths and invalid XML instead of guessing (0.206917ms)
✔ SLNX creation uses relative paths at Workspace.slnx (0.472959ms)
✔ SLNX creation uses relative paths at solutions/Workspace.slnx (0.096917ms)
✔ SLNX creation uses relative paths at App/Workspace.slnx (0.083208ms)
✔ Native UI reconciles earlier writes after a multi-file save failure (1.571125ms)
✔ Native UI preserves changes typed while a save is in flight (0.347625ms)
✔ Native UI passes target result requests without shell parsing (0.305291ms)
✔ network rejects grant * (3.3065ms)
✔ network rejects grant https://host/path (0.111917ms)
✔ network rejects grant https://user:password@host (0.063791ms)
✔ network rejects grant ftp://host (0.189583ms)
✔ network rejects grant https://host?q=1 (0.1725ms)
✔ network denied by default; exact origins and header restrictions (2.327333ms)
✔ HTTP real GET POST status and immutable safe headers (50.102ms)
✔ HTTP refuses redirects and origin escalation (6.042416ms)
✔ HTTP bounded content length, streaming and request body (8.802875ms)
✔ HTTP timeout, external cancellation, queue limit and disposal (9.186417ms)
✔ real WebSocket text and binary echo, receive cancellation and closure (16.736167ms)
✔ WebSocket explicit origin, send size and receive deadline (21.865917ms)
✔ host CSP permits only explicitly named origins, wasm and Blob workers without JS eval (1.871209ms)
✔ symbols: SHA-1/SHA-256 independent crypto comparison (0 bytes) (1.395542ms)
✔ symbols: SHA-1/SHA-256 independent crypto comparison (1 bytes) (0.147292ms)
✔ symbols: SHA-1/SHA-256 independent crypto comparison (55 bytes) (0.092833ms)
✔ symbols: SHA-1/SHA-256 independent crypto comparison (56 bytes) (0.105375ms)
✔ symbols: SHA-1/SHA-256 independent crypto comparison (63 bytes) (0.117708ms)
✔ symbols: SHA-1/SHA-256 independent crypto comparison (64 bytes) (0.100375ms)
✔ symbols: SHA-1/SHA-256 independent crypto comparison (65 bytes) (0.097125ms)
✔ symbols: SHA-1/SHA-256 independent crypto comparison (127 bytes) (0.123667ms)
✔ symbols: SHA-1/SHA-256 independent crypto comparison (128 bytes) (0.144708ms)
✔ symbols: SHA-1/SHA-256 independent crypto comparison (100000 bytes) (60.2715ms)
✔ symbols: platform DEFLATE interoperability 0/0 (7.226833ms)
✔ symbols: platform DEFLATE interoperability 0/37 (0.453417ms)
✔ symbols: platform DEFLATE interoperability 0/70000 (18.624333ms)
✔ symbols: platform DEFLATE interoperability 4/0 (1.884667ms)
✔ symbols: platform DEFLATE interoperability 4/37 (1.6375ms)
✔ symbols: platform DEFLATE interoperability 4/70000 (8.244583ms)
✔ symbols: platform DEFLATE interoperability 2/0 (0.819292ms)
✔ symbols: platform DEFLATE interoperability 2/37 (0.442667ms)
✔ symbols: platform DEFLATE interoperability 2/70000 (32.099209ms)
✔ symbols: decompression size, trailing data and reserved blocks are rejected (0.29525ms)
✔ symbols: Microsoft fixture decodes thirteen case-sensitive documents and hidden points (1.664292ms)
✔ symbols: GUID mixed-endian layout agrees with standard C# GUID (0.268167ms)
✔ symbols: hidden, multi-document, negative and large sequence deltas round trip (0.324792ms)
✔ symbols: deterministic sidecar matches exact PE and canonical IL loader (40.292625ms)
✔ symbols: embedded PDB executes and debugs without any #SF stream (20.160375ms)
✔ symbols: explicit sidecar load and ArrayBuffer offsets validate source identities (21.65075ms)
✔ symbols: PDB tampering is rejected by checksum independently of identity (3.685459ms)
✔ symbols: missing symbols do not silently become trusted source (4.315ms)
✔ symbols: imported SDK text checksum supports SHA-384/SHA-512 asynchronously (12.674583ms)
✔ symbols: scoped locals disappear after lexical scope and distinct names bind reused slots (13.216708ms)
✔ symbols: Source Link is explicit, escaped and credential-free HTTPS only (2.114208ms)
✔ symbols: all eight standard debug tables and unknown CDI are retained (0.907541ms)
✔ symbols: large external row indices and string/blob heaps are encoded with wide indices (9.346125ms)
✔ data-only condition: '10' > '2' (1.984375ms)
✔ data-only condition: '-3' < '2' (0.123041ms)
✔ data-only condition: '0x10' >= '16' (0.121417ms)
✔ data-only condition: '17.10.0.0' > '17.9.0.0' (0.152958ms)
✔ data-only condition: '1.0.0.0' == '1.0' (0.064417ms)
✔ data-only condition: 'Debug' == 'debug' (0.057542ms)
✔ data-only condition: true Or false And false (0.082041ms)
✔ data-only condition: (true Or false) And false (0.056916ms)
✔ data-only condition: !false (0.059417ms)
✔ data-only condition: HasTrailingSlash('a\') (0.595583ms)
✔ data-only condition: '2' <= '1' (0.221916ms)
✔ data-only condition refuses 'cat' < 'dog' (0.382334ms)
✔ data-only condition refuses $([System.IO.File]::ReadAllText('x' (0.308375ms)
✔ data-only condition refuses true junk (0.117833ms)
✔ data-only condition refuses 'unterminated (0.107542ms)
✔ data-only condition refuses ((((((((((((((((((((((((((((((((((( (0.372125ms)
✔ imports apply in order and retain import origins (4.682333ms)
✔ nested imports resolve from imported file, Compile items from project directory (0.5165ms)
✔ intrinsic directories work for root and nested imports, items, and Exists (1.021333ms)
✔ wildcard imports use sorted order and unmatched wildcard is empty (0.733375ms)
✔ missing unconditional import is diagnostic; false conditioned missing import is skipped (0.409791ms)
✔ duplicate and cyclic imports have bounded evaluation with a warning (0.581583ms)
✔ Choose executes only first matched branch and supports nested choices (2.1915ms)
✔ Choose Otherwise applies when no When matched (0.466541ms)
✔ item group conditions see final properties and item definitions are defaults (0.565834ms)
✔ explicit metadata overrides definitions and is expanded (0.301333ms)
✔ global properties cannot be overwritten by project or imported properties (0.138458ms)
✔ targets, tasks, packages and property functions remain explicit native requirements (0.148417ms)
✔ inherited props are before project and inherited targets are after (0.091125ms)
✔ project LangVersion 14 (8.681541ms)
✔ project LangVersion preview (1.12ms)
✔ project LangVersion latest (1.936958ms)
✔ project LangVersion default (0.18025ms)
✔ project LangVersion 12 (0.13475ms)
✔ project preview compiles its capacity prefix; stable rejects it (119.577167ms)
✔ workspace ZIP preserves language, never network grants (12.295125ms)
✔ workspace rejects made-up numeric future language version (0.43475ms)
✔ CLI language SIMD pool and permissions options (1750.726583ms)
✔ XML parses quoted >, namespaces, numeric entities, comments and CDATA (3.037958ms)
✔ reject malformed or unsafe XML <!DOCTYPE x><x/> (1.622333ms)
✔ reject malformed or unsafe XML <!ENTITY x "hi"><x/> (0.095791ms)
✔ reject malformed or unsafe XML <x>&evil;</x> (0.07775ms)
✔ reject malformed or unsafe XML <x>&oops</x> (0.101583ms)
✔ reject malformed or unsafe XML <x a="1" a="2"/> (0.058417ms)
✔ reject malformed or unsafe XML <x></y> (0.053959ms)
✔ reject malformed or unsafe XML <x/><y/> (0.054458ms)
✔ reject malformed or unsafe XML <x> (0.070542ms)
✔ reject malformed or unsafe XML <x a="<"/> (0.10125ms)
✔ reject malformed or unsafe XML <x>&#0;</x> (0.069958ms)
✔ XML structural limits (0.096833ms)
✔ workspace paths normalize separators and internal parents (0.240041ms)
✔ reject unsafe workspace path "../../out" (0.1045ms)
✔ reject unsafe workspace path "/tmp/x" (0.033125ms)
✔ reject unsafe workspace path "C:\\x" (0.04025ms)
✔ reject unsafe workspace path "https://example/a" (0.028417ms)
✔ reject unsafe workspace path ".." (0.0305ms)
✔ reject unsafe workspace path "\u0000" (0.031ms)
✔ glob matches zero or multiple directories, not partial filenames (0.202667ms)
✔ condition grammar implements comparison, boolean precedence and Exists (0.518125ms)
✔ SDK globs exclude bin obj hidden and files outside project (1.255708ms)
✔ Compile include exclude remove update links and disabled defaults (0.502083ms)
✔ duplicate implicit/explicit compile is a build error (0.131166ms)
✔ conditions use configuration globals and inherited properties (0.1935ms)
✔ SLNX folders preserve solution-relative paths and references in dependency order (0.25975ms)
✔ missing sibling project diagnostics explain folder granting (0.157208ms)
✔ project cycles are diagnosed and traversal terminates (0.091ms)
✔ missing compile files and external root traversal are errors (0.110833ms)
✔ packages binaries analyzers and target execution are explicitly blocked (0.146584ms)
✔ unsupported condition is not treated as true (0.096334ms)
✔ create csproj and slnx round trip quoted names (0.15325ms)
✔ file input reads binary and preserves directory paths (1.101958ms)
✔ disk save checks every baseline before any write (0.3875ms)
✔ disk save writes explicit changes and updates baseline (0.224375ms)
✔ disk save partial I/O failure reports already-written files (0.200792ms)
✔ directory traversal retains handles and skips .git (0.196417ms)
✔ LSP: initialization advertises implemented UTF-16 capabilities (1.683333ms)
✔ LSP: versioned diagnostics publish on open and edit (26.058917ms)
✔ LSP: completion, rename and semantic tokens return protocol shapes (1.741917ms)
✔ LSP: unknown methods return method-not-found (0.096209ms)
✔ DAP: launch, stepping, inspection and repeated stopped events (12.067291ms)
✔ DAP: unsupported requests fail explicitly (0.382916ms)
✔ DAP: breakpoints can be configured before launch (4.688833ms)
✔ DAP: IL launch from Uint8Array retains source stepping and IL frame coordinates (13.979125ms)
✔ DAP: IL launch from ArrayBuffer retains source stepping and IL frame coordinates (9.971ms)
✔ DAP: IL launch from JSON byte array retains source stepping and IL frame coordinates (4.710792ms)
✔ DAP: malformed assembly transport bytes are rejected rather than coerced (0.573667ms)
✔ 0.4 example exact output on IR / loader / direct CIL: partial (108.995291ms)
✔ 0.4 example exact output on IR / loader / direct CIL: switch (71.211709ms)
✔ 0.4 example exact output on IR / loader / direct CIL: conversions (10.7185ms)
✔ 0.4 example exact output on IR / loader / direct CIL: null-assignment (53.996709ms)
✔ 0.4 example exact output on IR / loader / direct CIL: call-hierarchy (8.98325ms)
✔ 0.4 example exact output on IR / loader / direct CIL: guarded-calls (5.485ms)
✔ 0.4 example exact output on IR / loader / direct CIL: short-circuit (17.980125ms)
✔ 0.4 example exact output on IR / loader / direct CIL: nameof (5.774459ms)
✔ 0.4 example exact output on IR / loader / direct CIL: properties (31.292417ms)
✔ 0.4 example exact output on IR / loader / direct CIL: readonly-properties (6.286666ms)
✔ 0.4 example exact output on IR / loader / direct CIL: finally (33.394167ms)
✔ 0.4 example exact output on IR / loader / direct CIL: finally-loop (5.97175ms)
✔ 0.4 example exact output on IR / loader / direct CIL: structural-refactoring (36.535084ms)
✔ 0.4 example exact output on IR / loader / direct CIL: safe-watches (14.504333ms)
✔ 0.4 example exact output on IR / loader / direct CIL: analyzer-tasks (11.088125ms)
✔ 0.4 example exact output on IR / loader / direct CIL: checked-arithmetic (10.155208ms)
✔ 0.4 example exact output on IR / loader / direct CIL: using-resources (11.372292ms)
✔ 0.4 example exact output on IR / loader / direct CIL: using-failure (50.799083ms)
✔ 0.4 example exact output on IR / loader / direct CIL: constant-patterns (31.539459ms)
✔ 0.4 example exact output on IR / loader / direct CIL: refactor-safe06 (12.533208ms)
✔ 0.4 example exact output on IR / loader / direct CIL: immutable-schema (9.004875ms)
✔ 0.4 example exact output on IR / loader / direct CIL: unreachable-analyzer (6.854917ms)
✔ 0.4 example exact output on IR / loader / direct CIL: reversible-storage (28.826709ms)
✔ 0.4 example exact output on IR / loader / direct CIL: breakpoint-workbench (2.667458ms)
✔ 0.4 example exact output on IR / loader / direct CIL: editor-keymaps (20.404042ms)
✔ 0.4 example exact output on IR / loader / direct CIL: explorer-members (8.94225ms)
✔ 0.4 example exact output on IR / loader / direct CIL: debug-exact (5.159625ms)
✔ 0.4 example exact output on IR / loader / direct CIL: debug-callsite (8.263833ms)
✔ 0.4 example exact output on IR / loader / direct CIL: debug-conditions (11.679959ms)
✔ 0.4 example exact output on IR / loader / direct CIL: debug-function (5.77275ms)
✔ 0.4 example exact output on IR / loader / direct CIL: debug-exception (24.784ms)
✔ 0.4 example exact output on IR / loader / direct CIL: async-stacks (38.495583ms)
✔ 0.4 example exact output on IR / loader / direct CIL: logical-threads (13.837666ms)
✔ 0.4 example exact output on IR / loader / direct CIL: hot-reload (8.744541ms)
✔ 0.4 example exact output on IR / loader / direct CIL: set-next (2.817166ms)
✔ 0.4 example exact output on IR / loader / direct CIL: function-evaluation (10.022916ms)
✔ 0.4 example exact output on IR / loader / direct CIL: portable-symbols (2.38125ms)
✔ 0.4 example exact output on IR / loader / direct CIL: edit-continue-structure (4.690834ms)
✔ 0.4 example exact output on IR / loader / direct CIL: animation-style-precedence (23.906709ms)
✔ 0.4 example exact output on IR / loader / direct CIL: bcl-collections (35.26925ms)
✔ 0.4 example exact output on IR / loader / direct CIL: bcl-dictionary (18.837667ms)
✔ 0.4 example exact output on IR / loader / direct CIL: bcl-stringbuilder (15.396417ms)
✔ 0.4 example exact output on IR / loader / direct CIL: csharp-interpolation (16.787542ms)
✔ 0.4 example exact output on IR / loader / direct CIL: csharp-modern-properties (10.381708ms)
✔ 0.4 example exact output on IR / loader / direct CIL: csharp-preview-collections (11.599875ms)
✔ 0.4 example exact output on IR / loader / direct CIL: bcl-json-document (8.673458ms)
✔ 0.4 example exact output on IR / loader / direct CIL: bcl-array-random (10.052667ms)
✔ 0.4 example exact output on IR / loader / direct CIL: simd-vector-math (6.175916ms)
✔ 0.4 example exact output on IR / loader / direct CIL: parallel-compute (205.442667ms)
✔ 0.4 example exact output on IR / loader / direct CIL: network-http-client (43.604458ms)
✔ 0.4 C# unassigned name (1.908708ms)
✔ 0.4 C# method group (1.837ms)
✔ 0.4 C# instance name no dereference (3.429458ms)
✔ 0.4 C# shadowed contextual method (1.653833ms)
✔ 0.4 C# nameof in switch (32.830625ms)
✔ 0.4 C# file namespace partial (7.353625ms)
✔ 0.4 C# explicit diagnostic unknown nameof (0.36725ms)
✔ 0.4 C# explicit diagnostic invalid nameof expression (0.205917ms)
✔ 0.4 C# explicit diagnostic partial missing marker (0.200541ms)
✔ 0.4 C# explicit diagnostic partial access conflict (0.120333ms)
✔ 0.4 C# explicit diagnostic distinct namespaces not conflated (14.595625ms)
✔ 0.4 C# explicit diagnostic partial methods rejected (1.84975ms)
✔ 0.4 partial cached syntax is not mutated by repeated compilation (5.18625ms)
✔ 0.4 library no Main, real cctor, roundtrip and invocation debug=true (21.631916ms)
✔ 0.4 library no Main, real cctor, roundtrip and invocation debug=false (2.023291ms)
✔ 0.4 library permits empty class (0.699ms)
✔ 0.4 library rejects top-level executable statements (2.842375ms)
✔ 0.4 library treats Main as ordinary method (5.898417ms)
✔ 0.4 library workspace keeps compiler options during refactor validation (10.462541ms)
✔ 0.4 bounded literal search literal punctuation (2.416583ms)
✔ 0.4 bounded literal search unicode case offset (0.428667ms)
✔ 0.4 bounded literal search surrogate UTF16 (0.2165ms)
✔ 0.4 bounded literal search whole word unicode (6.306583ms)
✔ 0.4 bounded literal search case sensitive (0.073458ms)
✔ 0.4 bounded literal search empty query (0.035541ms)
✔ 0.4 search correct line positions after skipped whole-word matches (0.088125ms)
✔ 0.4 search bounds distinguish exact count from truncated result (0.060833ms)
✔ 0.4 search cancellation and limits (0.252958ms)
✔ 0.4 versioned replace-all across two files (6.431209ms)
✔ 0.4 replace-all will not partially apply a truncated search (18.622416ms)
✔ 0.4 call hierarchy excludes nameof from execution edges (1.106084ms)
✔ 0.4 call hierarchy rejects stale symbols (1.958666ms)
✔ 0.4 LSP call-hierarchy and reference lenses wire shapes (2.860708ms)
✔ 0.4 heap census sums sizes and type counts (0.671167ms)
✔ 0.4 heap paging sorted and complete without duplicate handles (0.620875ms)
✔ 0.4 heap stale pages invalidated by allocation, collection and restore (0.263625ms)
✔ 0.4 heap generations do not alias abandoned debugger future (0.146209ms)
✔ 0.4 heap retention path traces strong roots and fields, not weak handles (0.301334ms)
✔ 0.4 heap retention diagnostics are bounded for cycles (0.176625ms)
✔ 0.4 heap validates page and traversal budgets (0.169167ms)
✔ 0.4 write permissions resolved before any streams open (0.326041ms)
✔ 0.4 disk conflict rechecked after permission prompt (0.130625ms)
✔ 0.4 disk project example Workshop/Workshop.slnx  (11.403375ms)
✔ 0.4 disk project example Linked/Linked.csproj  (22.146083ms)
✔ 0.4 disk project example Configurations/Configurations.csproj Debug (21.273958ms)
✔ 0.4 disk project example Configurations/Configurations.csproj Release (12.413583ms)
✔ 0.4 disk project example Library/Library.csproj  (3.892125ms)
✔ 0.4 disk project example Unsupported/Unsupported.csproj  (0.255833ms)
✔ 0.4 disk project example Generated/Generated.csproj  (2.602417ms)
✔ 0.4 CLI solution run (375.345667ms)
✔ 0.4 CLI linked sources (518.669834ms)
✔ 0.4 CLI release configuration (434.108375ms)
✔ 0.4 CLI library invocation (346.4815ms)
✔ 0.4 CLI unsupported package blocks build (220.886709ms)
✔ 0.4 CLI project information (226.417333ms)
✔ 0.5 CIL debugger: entry, real instruction bytes, and primitive slots without debug metadata (33.582041ms)
✔ 0.5 CIL debugger: argument mutation before the load changes execution (4.063291ms)
✔ 0.5 CIL debugger: editing argument does not rewrite values already on evaluation stack (1.024208ms)
✔ 0.5 CIL debugger: step advances exactly one decoded instruction (0.783083ms)
✔ 0.5 CIL debugger: conditional instruction breakpoints and resume skip (1.292375ms)
✔ 0.5 CIL debugger: logpoints do not stop and use safe watches (29.730417ms)
✔ 0.5 CIL debugger: invalid locations, expressions and hit conditions rejected (1.114292ms)
✔ 0.5 CIL debugger: run to instruction is temporary (0.535958ms)
✔ 0.5 CIL debugger: conditions must be boolean (0.565083ms)
✔ 0.5 CIL debugger: side effects and wrong-type edits are refused (4.403541ms)
✔ 0.5 CIL debugger: comparison and boolean watch semantics (0.953833ms)
✔ 0.5 CIL debugger: exception pause resumes handling and finally exactly once (67.415125ms)
✔ 0.5 CIL debugger: uncaught-only ignores exceptions with finally plus outer catch (44.117708ms)
✔ 0.5 CIL debugger: function entry and step out honor stack depth (6.647833ms)
✔ 0.5 CIL debugger: native break pauses only in debug mode (1.042417ms)
✔ 0.5 DAP: managed DLL launch, pending instruction breakpoints, disassembly and restart (6.483625ms)
✔ 0.5 refactor: introduce whole initializer preserves side effects once (71.762375ms)
✔ 0.5 refactor: introduce return expression stays inside block (3.758833ms)
✔ 0.5 refactor: introduce local avoids existing names (3.297125ms)
✔ 0.5 refactor: no extraction from conditional branch or call argument (1.58075ms)
✔ 0.5 refactor: no extraction from a for initializer (1.270375ms)
✔ 0.5 refactor: inline immutable literal preserves type and all references (1.518041ms)
✔ 0.5 refactor: mutable local is not offered for inline (0.462625ms)
✔ 0.5 refactor: overload-affecting literal widening is not inlined (0.316ms)
✔ 0.5 refactor: invert if keeps one condition evaluation (3.963ms)
✔ 0.5 refactor: expand initialized auto-property preserves get/set execution (13.27575ms)
✔ 0.5 refactor: expansion preserves static initializer and private setter (78.237375ms)
✔ 0.5 refactor: getter-only constructor property is not expanded unsafely (5.826125ms)
✔ 0.5 refactor: stale structural edit fails atomically (6.873709ms)
✔ 0.5 editor: bracket pairs ignore comments and escaped string punctuation (0.291625ms)
✔ 0.5 editor: unmatched delimiters are not paired across mismatch (0.067083ms)
✔ 0.5 editor: lexical insertion contexts include EOF comments and incomplete strings (0.738083ms)
✔ 0.5 editor: literal replacement honors UTF-16, word and case constraints (0.994334ms)
✔ 0.5 editor: search text is literal rather than regex (0.094375ms)
✔ 0.5 editor: replacement preflights result and match limits (2.692916ms)
✔ 0.5 editor: duplicate selected whole lines excludes trailing newline (0.090875ms)
✔ 0.5 editor: duplicate last line upward and validate ranges (0.045333ms)
✔ 0.5 language: nested rethrow restores lexical exception / IR (53.313667ms)
✔ 0.5 language: nested rethrow restores lexical exception / canonical CIL (52.682ms)
✔ 0.5 language: nested rethrow restores lexical exception / direct CIL (15.730541ms)
✔ 0.5 language: nested rethrow restores lexical exception / edited CIL (10.093792ms)
✔ 0.5 language: auto property / IR (24.1985ms)
✔ 0.5 language: auto property / canonical CIL (9.066792ms)
✔ 0.5 language: auto property / direct CIL (15.491542ms)
✔ 0.5 language: auto property / edited CIL (5.59175ms)
✔ 0.5 language: expression getter / IR (6.831792ms)
✔ 0.5 language: expression getter / canonical CIL (5.95125ms)
✔ 0.5 language: expression getter / direct CIL (4.777666ms)
✔ 0.5 language: expression getter / edited CIL (4.709916ms)
✔ 0.5 language: explicit accessors / IR (3.28875ms)
✔ 0.5 language: explicit accessors / canonical CIL (3.305833ms)
✔ 0.5 language: explicit accessors / direct CIL (2.017792ms)
✔ 0.5 language: explicit accessors / edited CIL (5.251875ms)
✔ 0.5 language: expression accessors / IR (1.711ms)
✔ 0.5 language: expression accessors / canonical CIL (2.2595ms)
✔ 0.5 language: expression accessors / direct CIL (2.042042ms)
✔ 0.5 language: expression accessors / edited CIL (65.860209ms)
✔ 0.5 language: getter only constructor / IR (7.635208ms)
✔ 0.5 language: getter only constructor / canonical CIL (5.626042ms)
✔ 0.5 language: getter only constructor / direct CIL (1.511958ms)
✔ 0.5 language: getter only constructor / edited CIL (30.32775ms)
✔ 0.5 language: static auto initialization / IR (3.906459ms)
✔ 0.5 language: static auto initialization / canonical CIL (8.401667ms)
✔ 0.5 language: static auto initialization / direct CIL (7.1505ms)
✔ 0.5 language: static auto initialization / edited CIL (3.999292ms)
✔ 0.5 language: assignment results / IR (12.893041ms)
✔ 0.5 language: assignment results / canonical CIL (12.291208ms)
✔ 0.5 language: assignment results / direct CIL (7.409292ms)
✔ 0.5 language: assignment results / edited CIL (4.802209ms)
✔ 0.5 language: property receiver evaluated once / IR (12.474583ms)
✔ 0.5 language: property receiver evaluated once / canonical CIL (10.976334ms)
✔ 0.5 language: property receiver evaluated once / direct CIL (2.4555ms)
✔ 0.5 language: property receiver evaluated once / edited CIL (9.137667ms)
✔ 0.5 language: coalescing property / IR (1.800875ms)
✔ 0.5 language: coalescing property / canonical CIL (4.305375ms)
✔ 0.5 language: coalescing property / direct CIL (5.944666ms)
✔ 0.5 language: coalescing property / edited CIL (8.260041ms)
✔ 0.5 language: private setter inside owner / IR (1.8215ms)
✔ 0.5 language: private setter inside owner / canonical CIL (2.855792ms)
✔ 0.5 language: private setter inside owner / direct CIL (4.409875ms)
✔ 0.5 language: private setter inside owner / edited CIL (3.484875ms)
✔ 0.5 language: nameof property / IR (2.871166ms)
✔ 0.5 language: nameof property / canonical CIL (18.794417ms)
✔ 0.5 language: nameof property / direct CIL (1.306292ms)
✔ 0.5 language: nameof property / edited CIL (17.229ms)
✔ 0.5 language: normal finally / IR (14.314292ms)
✔ 0.5 language: normal finally / canonical CIL (4.669083ms)
✔ 0.5 language: normal finally / direct CIL (1.186583ms)
✔ 0.5 language: normal finally / edited CIL (1.156166ms)
✔ 0.5 language: return preserves value / IR (10.19675ms)
✔ 0.5 language: return preserves value / canonical CIL (4.766625ms)
✔ 0.5 language: return preserves value / direct CIL (1.202583ms)
✔ 0.5 language: return preserves value / edited CIL (4.827625ms)
✔ 0.5 language: return reference remains rooted / IR (5.409875ms)
✔ 0.5 language: return reference remains rooted / canonical CIL (4.86425ms)
✔ 0.5 language: return reference remains rooted / direct CIL (5.287542ms)
✔ 0.5 language: return reference remains rooted / edited CIL (5.383209ms)
✔ 0.5 language: exception finally then catch / IR (1.505667ms)
✔ 0.5 language: exception finally then catch / canonical CIL (6.708916ms)
✔ 0.5 language: exception finally then catch / direct CIL (2.930334ms)
✔ 0.5 language: exception finally then catch / edited CIL (5.161375ms)
✔ 0.5 language: try catch finally / IR (7.018834ms)
✔ 0.5 language: try catch finally / canonical CIL (3.513834ms)
✔ 0.5 language: try catch finally / direct CIL (2.151542ms)
✔ 0.5 language: try catch finally / edited CIL (5.014792ms)
✔ 0.5 language: nested finally / IR (2.179792ms)
✔ 0.5 language: nested finally / canonical CIL (2.027625ms)
✔ 0.5 language: nested finally / direct CIL (3.675417ms)
✔ 0.5 language: nested finally / edited CIL (4.380875ms)
✔ 0.5 language: catch inside finally preserves return / IR (3.923ms)
✔ 0.5 language: catch inside finally preserves return / canonical CIL (6.392291ms)
✔ 0.5 language: catch inside finally preserves return / direct CIL (1.414791ms)
✔ 0.5 language: catch inside finally preserves return / edited CIL (1.625584ms)
✔ 0.5 language: throw from finally overrides return / IR (1.26575ms)
✔ 0.5 language: throw from finally overrides return / canonical CIL (1.488625ms)
✔ 0.5 language: throw from finally overrides return / direct CIL (1.380083ms)
✔ 0.5 language: throw from finally overrides return / edited CIL (1.384416ms)
✔ 0.5 language: throw from finally overrides exception / IR (6.824583ms)
✔ 0.5 language: throw from finally overrides exception / canonical CIL (1.58475ms)
✔ 0.5 language: throw from finally overrides exception / direct CIL (5.474291ms)
✔ 0.5 language: throw from finally overrides exception / edited CIL (2.239792ms)
✔ 0.5 language: break finally / IR (1.149417ms)
✔ 0.5 language: break finally / canonical CIL (2.634417ms)
✔ 0.5 language: break finally / direct CIL (1.290709ms)
✔ 0.5 language: break finally / edited CIL (6.162291ms)
✔ 0.5 language: continue finally / IR (1.427167ms)
✔ 0.5 language: continue finally / canonical CIL (1.362084ms)
✔ 0.5 language: continue finally / direct CIL (1.306542ms)
✔ 0.5 language: continue finally / edited CIL (1.41275ms)
✔ 0.5 language: loop internal finally / IR (1.686166ms)
✔ 0.5 language: loop internal finally / canonical CIL (1.785333ms)
✔ 0.5 language: loop internal finally / direct CIL (3.4895ms)
✔ 0.5 language: loop internal finally / edited CIL (3.530375ms)
✔ 0.5 language: empty protected clauses / IR (1.793625ms)
✔ 0.5 language: empty protected clauses / canonical CIL (1.089917ms)
✔ 0.5 language: empty protected clauses / direct CIL (0.915125ms)
✔ 0.5 language: empty protected clauses / edited CIL (1.521208ms)
✔ 0.5 language: catch return runs final / IR (1.871958ms)
✔ 0.5 language: catch return runs final / canonical CIL (1.434041ms)
✔ 0.5 language: catch return runs final / direct CIL (5.7405ms)
✔ 0.5 language: catch return runs final / edited CIL (1.9375ms)
✔ 0.5 language: property setter finally / IR (3.867792ms)
✔ 0.5 language: property setter finally / canonical CIL (4.369833ms)
✔ 0.5 language: property setter finally / direct CIL (2.944083ms)
✔ 0.5 language: property setter finally / edited CIL (3.489416ms)
✔ 0.5 diagnostic: getter-only write (0.626041ms)
✔ 0.5 diagnostic: private setter (0.377042ms)
✔ 0.5 diagnostic: write-only read (0.404584ms)
✔ 0.5 diagnostic: duplicate getter (0.273166ms)
✔ 0.5 diagnostic: auto write-only (0.372333ms)
✔ 0.5 diagnostic: return exits finally (0.303209ms)
✔ 0.5 diagnostic: break exits finally (0.189833ms)
✔ 0.5 diagnostic: continue exits finally (0.14425ms)
✔ 0.5 diagnostic: init remains explicit limitation (0.867042ms)
✔ 0.5 metadata: property maps and method semantics survive canonical loading (13.869792ms)
✔ 0.5 MSIL sizeof System.Boolean (15.305208ms)
✔ 0.5 MSIL sizeof System.Byte (0.812958ms)
✔ 0.5 MSIL sizeof System.Int16 (0.714292ms)
✔ 0.5 MSIL sizeof System.Char (9.460958ms)
✔ 0.5 MSIL sizeof System.Int32 (0.465875ms)
✔ 0.5 MSIL sizeof System.UInt32 (0.308875ms)
✔ 0.5 MSIL sizeof System.Int64 (0.286125ms)
✔ 0.5 MSIL sizeof System.Single (0.273792ms)
✔ 0.5 MSIL sizeof System.Double (0.281459ms)
✔ 0.5 MSIL cpobj copies primitive managed slots (1.08725ms)
✔ 0.5 MSIL unbox provides an address into the original box (0.987833ms)
✔ 0.5 MSIL unbox address roots its box through collection (6.094292ms)
✔ 0.5 MSIL primitive-only sizeof refuses arbitrary object layout (0.503958ms)
✔ 0.5 MSIL wrong boxed type fails explicitly (0.928125ms)
✔ 0.5 protocol UTF-8 byte count and one-byte chunking (1.135667ms)
✔ 0.5 protocol coalesced frames and buffer compaction (1.887417ms)
✔ 0.5 protocol rejects malformed framing Content-Length: 2
Content-Length:  (0.374625ms)
✔ 0.5 protocol rejects malformed framing Content-Length: -1

 (0.2515ms)
✔ 0.5 protocol rejects malformed framing X-Length: 2

{} (0.227916ms)
✔ 0.5 protocol rejects malformed framing Content-Length: 2
Content-Type: ap (0.2955ms)
✔ 0.5 protocol rejects malformed framing Content-Length: 2

[] (0.255209ms)
✔ 0.5 protocol refuses invalid UTF-8, oversized header/body and truncated streams (0.234667ms)
✔ 0.5 LSP stdio handles real UTF-8 requests, diagnostics and shutdown (289.263583ms)
✔ 0.5 DAP stdio loads a disk DLL and executes selected method (266.611ms)
✔ 0.5 read-only auto-property rejects X++ (34.265791ms)
✔ 0.5 read-only auto-property rejects X+=1 (10.4ms)
✔ 0.5 read-only auto-property rejects X??=null (5.213875ms)
✔ 0.5 C# explicit accessor method calls are diagnosed (10.302834ms)
✔ 0.5 inline refuses references inside nameof (3.471334ms)
✔ 0.5 source watch reads auto-property without executing computed getter (81.677708ms)
✔ 0.5 source run-to-cursor adds no persistent breakpoint (11.621291ms)
✔ 0.5 source data breakpoint uses frame identity and local slot (5.089625ms)
✔ 0.5 stale allocation watchpoint cannot match reused heap slot (6.580417ms)
✔ 0.5 debugger snapshots retain finally unwind continuations (11.910792ms)
✔ 0.5 direct watches compare strings and bools and refuse invalid cast (8.452833ms)
✔ 0.5 JSON schema optionally emits real auto-properties (5.989583ms)
✔ 0.5 analyzers report literal conditions and task comments, never strings (3.785792ms)
✔ 0.5 analyzer severity overrides and generation cache remain valid (1.490959ms)
✔ 0.6 IL reverse restores exact evaluation stack and instruction count (21.633208ms)
✔ 0.6 IL reverse can resume a completed in-memory invocation (13.175917ms)
✔ 0.6 local edit can be undone without executing an instruction (16.866459ms)
✔ 0.6 reverse history disabled avoids snapshots (2.648208ms)
✔ 0.6 history count and estimated byte caps are enforced (1.452667ms)
✔ 0.6 reverse continue reaches instruction breakpoint with restored hit counts (13.835916ms)
✔ 0.6 VM snapshots reject other VMs and are repeatable (12.18175ms)
✔ 0.6 snapshots replay cleanup return (226.275125ms)
✔ 0.6 snapshots replay nested catch in cleanup (15.07475ms)
✔ 0.6 snapshots replay heap roots during cleanup (21.623334ms)
✔ 0.6 snapshots replay using cleanup (19.910167ms)
✔ 0.6 first chance faults are restored with their type and shared unwind identity (4.487166ms)
✔ 0.6 static write breakpoint is post-write and reverse restores storage (1.818458ms)
✔ 0.6 local stind and cpobj writes trigger data breakpoints (1.628875ms)
✔ 0.6 data breakpoints retain allocation identity and validate storage (2.316584ms)
✔ 0.6 argument write data IDs round trip and hit rules work (7.562917ms)
✔ 0.6 data-stop resume does not skip next instruction breakpoint (1.151959ms)
✔ 0.6 checked watches DebugSession (9.105125ms)
✔ 0.6 checked watches CilDebugSession (1.824625ms)
✔ 0.6 DAP reverse and write breakpoint requests use expiring storage refs (5.293458ms)
✔ 0.6 manual debugger collection has an independently reversible snapshot (1.879792ms)
✔ 0.6 highlight: indexed source preserves all UTF-16 and trivia characters (5.632708ms)
✔ 0.6 highlight: scrolling large files renders a bounded line window (654.900666ms)
✔ 0.6 highlight: lexical fallback still renders only the viewport (0.197416ms)
✔ 0.6 highlight: huge-line token budget preserves text without thousands of nodes (235.821875ms)
✔ 0.6 highlight: multiline comment clipping remains classified as comment (0.198417ms)
✔ 0.6 highlight: invalid viewport arguments fail without loops (0.33625ms)
✔ 0.6 selection: nesting strictly grows and retains UTF-16 positions (3.362625ms)
✔ 0.6 refactoring: make int const (38.457792ms)
✔ 0.6 refactoring: make var const (6.839958ms)
✔ 0.6 refactoring: make string const (36.461875ms)
✔ 0.6 refactoring: conditional return evaluation (27.514667ms)
✔ 0.6 refactoring: conditional return CRLF (11.374958ms)
✔ 0.6 refactoring: expression body method (14.535667ms)
✔ 0.6 refactoring: expression body void (3.892ms)
✔ 0.6 refactoring: scoped using (18.799667ms)
✔ 0.6 refactoring: scoped using names remain bounded (12.48025ms)
✔ 0.6 refactoring: mutable/nonexact/already const no make-const int x=1;x++;Console.WriteLine(x); (1.050709ms)
✔ 0.6 refactoring: mutable/nonexact/already const no make-const int x=1;x+=2;Console.WriteLine(x); (0.485458ms)
✔ 0.6 refactoring: mutable/nonexact/already const no make-const int x=1;x=2;Console.WriteLine(x); (3.911709ms)
✔ 0.6 refactoring: mutable/nonexact/already const no make-const double x=1;Console.WriteLine(x); (2.577209ms)
✔ 0.6 refactoring: mutable/nonexact/already const no make-const const int x=1;Console.WriteLine(x); (0.375542ms)
✔ 0.6 refactoring: does not delete comments Use expression-bodied (3.700667ms)
✔ 0.6 refactoring: does not delete comments Use conditional return (3.078833ms)
✔ 0.6 refactoring: does not delete comments Use scoped using (1.128625ms)
✔ 0.6 refactoring: make-const stale edit is rejected atomically (2.452167ms)
✔ 0.6 navigation: bidirectional document locations preserve selections (0.222083ms)
✔ 0.6 navigation: origin cursor refresh does not create phantom jumps (0.057666ms)
✔ 0.6 navigation: new jump truncates forward history and deduplicates (1.321541ms)
✔ 0.6 navigation: retained history is bounded and immutable (0.099292ms)
✔ 0.6 navigation: invalid locations and limits rejected (0.108583ms)
✔ 0.6 language: checked add catch / IR (92.9285ms)
✔ 0.6 language: checked add catch / canonical (9.397209ms)
✔ 0.6 language: checked add catch / direct (7.365208ms)
✔ 0.6 language: checked add catch / edited (5.985084ms)
✔ 0.6 language: checked multiply / IR (10.417958ms)
✔ 0.6 language: checked multiply / canonical (6.850458ms)
✔ 0.6 language: checked multiply / direct (3.897416ms)
✔ 0.6 language: checked multiply / edited (5.209375ms)
✔ 0.6 language: checked subtract / IR (2.748083ms)
✔ 0.6 language: checked subtract / canonical (2.300334ms)
✔ 0.6 language: checked subtract / direct (1.750167ms)
✔ 0.6 language: checked subtract / edited (2.033875ms)
✔ 0.6 language: checked negate / IR (9.247333ms)
✔ 0.6 language: checked negate / canonical (6.395083ms)
✔ 0.6 language: checked negate / direct (2.75225ms)
✔ 0.6 language: checked negate / edited (6.315791ms)
✔ 0.6 language: checked conversion / IR (4.002334ms)
✔ 0.6 language: checked conversion / canonical (9.168416ms)
✔ 0.6 language: checked conversion / direct (3.589084ms)
✔ 0.6 language: checked conversion / edited (2.144792ms)
✔ 0.6 language: checked conversion truncation / IR (0.976708ms)
✔ 0.6 language: checked conversion truncation / canonical (1.042875ms)
✔ 0.6 language: checked conversion truncation / direct (4.38025ms)
✔ 0.6 language: checked conversion truncation / edited (4.668167ms)
✔ 0.6 language: unchecked nested / IR (3.240833ms)
✔ 0.6 language: unchecked nested / canonical (1.415708ms)
✔ 0.6 language: unchecked nested / direct (1.108458ms)
✔ 0.6 language: unchecked nested / edited (6.228209ms)
✔ 0.6 language: checked nested / IR (2.463416ms)
✔ 0.6 language: checked nested / canonical (3.378708ms)
✔ 0.6 language: checked nested / direct (1.437958ms)
✔ 0.6 language: checked nested / edited (1.528125ms)
✔ 0.6 language: checked nonoverflow / IR (19.766625ms)
✔ 0.6 language: checked nonoverflow / canonical (61.736666ms)
✔ 0.6 language: checked nonoverflow / direct (34.032125ms)
✔ 0.6 language: checked nonoverflow / edited (14.426917ms)
✔ 0.6 language: checked compound array / IR (3.221292ms)
✔ 0.6 language: checked compound array / canonical (22.733333ms)
✔ 0.6 language: checked compound array / direct (14.754708ms)
✔ 0.6 language: checked compound array / edited (24.949042ms)
✔ 0.6 language: checked setter not invoked on overflow / IR (37.614584ms)
✔ 0.6 language: checked setter not invoked on overflow / canonical (8.745167ms)
✔ 0.6 language: checked setter not invoked on overflow / direct (16.254333ms)
✔ 0.6 language: checked setter not invoked on overflow / edited (22.802208ms)
✔ 0.6 language: unchecked constant / IR (1.494583ms)
✔ 0.6 language: unchecked constant / canonical (5.051625ms)
✔ 0.6 language: unchecked constant / direct (2.224083ms)
✔ 0.6 language: unchecked constant / edited (4.103792ms)
✔ 0.6 language: const expression patterns / IR (29.744959ms)
✔ 0.6 language: const expression patterns / canonical (1.976291ms)
✔ 0.6 language: const expression patterns / direct (12.513ms)
✔ 0.6 language: const expression patterns / edited (11.728833ms)
✔ 0.6 language: const string patterns / IR (2.0715ms)
✔ 0.6 language: const string patterns / canonical (2.6155ms)
✔ 0.6 language: const string patterns / direct (1.565167ms)
✔ 0.6 language: const string patterns / edited (4.126417ms)
✔ 0.6 language: int boundary literal / IR (1.833ms)
✔ 0.6 language: int boundary literal / canonical (3.60225ms)
✔ 0.6 language: int boundary literal / direct (0.97225ms)
✔ 0.6 language: int boundary literal / edited (4.083542ms)
✔ 0.6 language: using statement / IR (9.64075ms)
✔ 0.6 language: using statement / canonical (5.261416ms)
✔ 0.6 language: using statement / direct (7.260917ms)
✔ 0.6 language: using statement / edited (21.634459ms)
✔ 0.6 language: using declaration / IR (6.563ms)
✔ 0.6 language: using declaration / canonical (2.436375ms)
✔ 0.6 language: using declaration / direct (4.845458ms)
✔ 0.6 language: using declaration / edited (2.579084ms)
✔ 0.6 language: using multiple resources / IR (1.697625ms)
✔ 0.6 language: using multiple resources / canonical (2.977125ms)
✔ 0.6 language: using multiple resources / direct (3.458042ms)
✔ 0.6 language: using multiple resources / edited (3.067291ms)
✔ 0.6 language: using declaration lifetimes / IR (3.50675ms)
✔ 0.6 language: using declaration lifetimes / canonical (20.678583ms)
✔ 0.6 language: using declaration lifetimes / direct (3.718208ms)
✔ 0.6 language: using declaration lifetimes / edited (6.474542ms)
✔ 0.6 language: using null / IR (6.030083ms)
✔ 0.6 language: using null / canonical (3.660167ms)
✔ 0.6 language: using null / direct (2.860583ms)
✔ 0.6 language: using null / edited (2.477334ms)
✔ 0.6 language: using return / IR (17.5085ms)
✔ 0.6 language: using return / canonical (5.15675ms)
✔ 0.6 language: using return / direct (4.832958ms)
✔ 0.6 language: using return / edited (8.210708ms)
✔ 0.6 language: using exception / IR (8.449917ms)
✔ 0.6 language: using exception / canonical (16.127709ms)
✔ 0.6 language: using exception / direct (20.924292ms)
✔ 0.6 language: using exception / edited (16.375375ms)
✔ 0.6 language: using break continue / IR (7.886625ms)
✔ 0.6 language: using break continue / canonical (22.081875ms)
✔ 0.6 language: using break continue / direct (13.482625ms)
✔ 0.6 language: using break continue / edited (8.395958ms)
✔ 0.6 language: using expression captures once / IR (1.831ms)
✔ 0.6 language: using expression captures once / canonical (6.472875ms)
✔ 0.6 language: using expression captures once / direct (8.24ms)
✔ 0.6 language: using expression captures once / edited (5.421291ms)
✔ 0.6 language: using partial initializer failure / IR (1.962125ms)
✔ 0.6 language: using partial initializer failure / canonical (1.952209ms)
✔ 0.6 language: using partial initializer failure / direct (5.955ms)
✔ 0.6 language: using partial initializer failure / edited (3.096458ms)
✔ 0.6 language: using dispose throws / IR (1.589ms)
✔ 0.6 language: using dispose throws / canonical (1.673667ms)
✔ 0.6 language: using dispose throws / direct (1.635542ms)
✔ 0.6 language: using dispose throws / edited (5.733417ms)
✔ 0.6 language: outer resource disposed after inner dispose throws / IR (5.27775ms)
✔ 0.6 language: outer resource disposed after inner dispose throws / canonical (2.125042ms)
✔ 0.6 language: outer resource disposed after inner dispose throws / direct (10.863833ms)
✔ 0.6 language: outer resource disposed after inner dispose throws / edited (24.464042ms)
✔ 0.6 language: using GC protects captured resource / IR (4.346041ms)
✔ 0.6 language: using GC protects captured resource / canonical (2.782792ms)
✔ 0.6 language: using GC protects captured resource / direct (25.095834ms)
✔ 0.6 language: using GC protects captured resource / edited (9.794791ms)
✔ 0.6 language: using return reference survives cleanup GC / IR (4.233792ms)
✔ 0.6 language: using return reference survives cleanup GC / canonical (9.384042ms)
✔ 0.6 language: using return reference survives cleanup GC / direct (3.171666ms)
✔ 0.6 language: using return reference survives cleanup GC / edited (9.771417ms)
✔ 0.6 language: fully qualified disposable / IR (7.999625ms)
✔ 0.6 language: fully qualified disposable / canonical (13.447333ms)
✔ 0.6 language: fully qualified disposable / direct (17.513041ms)
✔ 0.6 language: fully qualified disposable / edited (1.579875ms)
✔ 0.6 language diagnostic: default const overflow (0.418791ms)
✔ 0.6 language diagnostic: checked constant in unchecked (0.23225ms)
✔ 0.6 language diagnostic: nonconstant const (0.304916ms)
✔ 0.6 language diagnostic: constant divide zero (0.237083ms)
✔ 0.6 language diagnostic: missing Dispose (0.334083ms)
✔ 0.6 language diagnostic: private Dispose (0.2915ms)
✔ 0.6 language diagnostic: not IDisposable (0.289ms)
✔ 0.6 language diagnostic: using reassignment (0.436333ms)
✔ 0.6 language diagnostic: missing using initializer (0.384375ms)
✔ 0.6 language diagnostic: multiple var (0.395667ms)
✔ 0.6 language diagnostic: duplicate constant switch (3.2365ms)
✔ 0.6 real IDisposable metadata survives canonical reload (9.704ms)
✔ 0.6 constant evaluator has an explicit budget (0.635292ms)
✔ 0.6 delivered example: checked-arithmetic / rebuilt IL without #SF (11.512792ms)
✔ 0.6 delivered example: using-resources / rebuilt IL without #SF (3.746666ms)
✔ 0.6 delivered example: using-failure / rebuilt IL without #SF (13.601333ms)
✔ 0.6 delivered example: constant-patterns / rebuilt IL without #SF (2.926708ms)
✔ 0.6 delivered example: refactor-safe06 / rebuilt IL without #SF (9.74925ms)
✔ 0.6 delivered example: immutable-schema / rebuilt IL without #SF (5.277708ms)
✔ 0.6 delivered example: unreachable-analyzer / rebuilt IL without #SF (1.457708ms)
✔ 0.6 delivered example: reversible-storage / rebuilt IL without #SF (13.668125ms)
✔ 0.6 compiler overflow option: default (70.436375ms)
✔ 0.6 compiler overflow option: checked (12.622167ms)
✔ 0.6 compiler overflow option: perfile (8.229083ms)
✔ 0.6 compiler overflow option: perfile overrides (4.104042ms)
✔ 0.6 compiler: lexical unchecked overrides project setting (1.735167ms)
✔ 0.6 compiler rejects malformed checked flag true (0.467625ms)
✔ 0.6 compiler rejects malformed checked flag 1 (0.307709ms)
✔ 0.6 compiler rejects malformed checked flag null (0.295417ms)
✔ 0.6 project overflow property: undefined (3.326625ms)
✔ 0.6 project overflow property: true (0.351917ms)
✔ 0.6 project overflow property:  True  (0.139541ms)
✔ 0.6 project overflow property: FALSE (0.120542ms)
✔ 0.6 project checked options respect referenced source contexts (12.273084ms)
✔ 0.6 project rejects invalid overflow properties (0.411625ms)
✔ 0.6 project rejects shared-file conflicting overflow contexts (0.303375ms)
✔ 0.6 generator: field constructor (11.362334ms)
✔ 0.6 generator: property constructor (2.552375ms)
✔ 0.6 generator: immutable constructor (1.450541ms)
✔ 0.6 generator: immutable properties reject writes outside construction (6.128625ms)
✔ 0.6 generator: invalid schema rolls back all files {"name":"Row","fields":[{"name":"Id","type":"int"},{"name":"Name","type":"string"},{"name":"Id","type":"int"}]} (1.146042ms)
✔ 0.6 generator: invalid schema rolls back all files {"name":"Row","fields":[{"name":"Row","type":"int"}]} (0.632375ms)
✔ 0.6 generator: invalid schema rolls back all files {"name":"Row","fields":[{"name":"Id","type":"byte"}]} (0.279ms)
✔ 0.6 analyzer: syntax-local reachability int F(){return 1;Console.WriteLine("dead");}Console.WriteLine(F()); (0.930708ms)
✔ 0.6 analyzer: syntax-local reachability int F(int x){if(x>0){return 1;}else{return 2;}Console.WriteLine("dead");}Console.WriteLine(F(1)); (1.239375ms)
✔ 0.6 analyzer: syntax-local reachability int F(int x){if(x>0){return 1;}Console.WriteLine("live");return 2;}Console.WriteLine(F(0)); (4.088625ms)
✔ 0.6 analyzer: syntax-local reachability int F(){while(true){break;Console.WriteLine("dead");}return 1;}Console.WriteLine(F()); (0.892292ms)
✔ 0.6 analyzer: syntax-local reachability int F(){while(false){Console.WriteLine("not analyzed");}return 1;}Console.WriteLine(F()); (1.31475ms)
✔ 0.6 analyzer: configurable suppression and severity (1.879708ms)
✔ 0.6 constants: unchecked huge floating cast uses the Roslyn constant result in execution and switch labels (4.901583ms)
✔ 0.6 CLI: checked loose source executes overflow handlers (560.612667ms)
✔ 0.6 CLI: project --checked flag is refused, not silently ignored (257.275667ms)
✔ 0.6 constants: declared double type preserves later constant division (9.2035ms)
✔ 08 breakpoint reconfiguration preserves stable identity and hit counts (94.997833ms)
✔ 08 pending/invalid source breakpoints have useful reasons (6.17775ms)
✔ 08 resolved gutter location removes the original requested breakpoint (0.141083ms)
✔ 08 breakpoint column pins one sequence point on a multiple-statement line (3.085833ms)
✔ 08 breakpoint remap: insert before (0.539416ms)
✔ 08 breakpoint remap: delete before (0.142042ms)
✔ 08 breakpoint remap: same line edit (0.138375ms)
✔ 08 breakpoint remap: replace preserve anchor (0.117125ms)
✔ 08 breakpoint remap: CRLF (0.174958ms)
✔ 08 breakpoint remap: EOF deletion (0.2725ms)
✔ 08 source snapshots zero budget never throw or hang (3.786334ms)
✔ 08 source reverse restores hit counters before replay (6.477959ms)
✔ 08 particle sample: every executable source line continues without a runtime fault (162.547333ms)
✔ 08 preview mutation batches preflight before replacing workspace buffers (4.536333ms)
✔ 08 preview rename/copy/delete undo restores data and editor metadata (0.688875ms)
✔ 08 preview undo refuses subsequent user edits (0.379583ms)
✔ 08 pending file command cannot cross a workspace switch (1.385083ms)
✔ 08 planning a project change detects concurrent project source changes (0.205917ms)
✔ 08 native planning reads unsaved project buffers, not an old disk snapshot (0.08975ms)
✔ 08 cross-project source copy explicitly includes files with defaults disabled (20.802958ms)
✔ 08 readonly explorer rejects file mutations before prompting (0.598542ms)
✔ 08 overlapping explorer dialogs cannot start a second mutation (0.21925ms)
✔ 08 solution project removal preserves comment and neighboring configuration (0.883167ms)
✔ 08 solution removal also removes literal dependency on the removed member (0.287541ms)
✔ 08 package reference authoring escapes metadata and does not invent relative package IDs (0.60925ms)
✔ 08 path rewrites leave commented-out references and CDATA byte-identical (1.197917ms)
✔ 08 adding compile membership removes default match before explicit include (0.280625ms)
✔ 08 Visual Studio modifier-only keys do not eat an active keyboard chord (0.163959ms)
✔ 08 editor declares Visual Studio default and five distinct profiles without a DOM (0.390667ms)
✔ 08 native XML write undo restores original encoding and byte hash (32.151167ms)
✔ 08 native XML syntax validation precedes every batch mutation (1.797084ms)
✔ 08 native overlapping parent/child operations fail preflight instead of breaking undo (1.541666ms)
✔ 08 native XML write followed by undo rejects later disk edits (43.815792ms)
✔ 08 actual loopback explorer APIs enforce auth/origin and preserve binary bytes (91.197209ms)
✔ 08 shipped example breakpoint-workbench: IR (59.479459ms)
✔ 08 shipped example breakpoint-workbench: canonical (15.021375ms)
✔ 08 shipped example breakpoint-workbench: direct (10.822291ms)
✔ 08 shipped example breakpoint-workbench: edited (14.400916ms)
✔ 08 shipped example editor-keymaps: IR (6.211334ms)
✔ 08 shipped example editor-keymaps: canonical (4.288167ms)
✔ 08 shipped example editor-keymaps: direct (6.31825ms)
✔ 08 shipped example editor-keymaps: edited (40.122125ms)
✔ 08 shipped example explorer-members: IR (42.130875ms)
✔ 08 shipped example explorer-members: canonical (16.803375ms)
✔ 08 shipped example explorer-members: direct (21.201541ms)
✔ 08 shipped example explorer-members: edited (64.147916ms)
✔ 08 ExplorerWorkshop solution has linked source and visible noncompiling cs note (111.270959ms)
✔ 08 source member hierarchy retains bound spans and is never a file operation target (0.304917ms)
✔ 08 project is inserted into one existing solution folder: <Folder Name="/src/" /> (1.210917ms)
✔ 08 project is inserted into one existing solution folder: <Folder Name="/src/"><!-- retained --><Project Path="Old.csproj"/></Folder> (0.417584ms)
✔ 08 XML path rename cannot rewrite element text or quoted metadata (1.570458ms)
✔ 08 removed package/assembly items have no phantom unsupported dependency diagnostic (1.628167ms)
✔ 08 readding a package preserves one final version and one native-only diagnostic (0.760125ms)
✔ 08 removing and readding project reference evaluates only final items (0.675084ms)
✔ 08 generic items retain metadata updates and compile none transitions (0.156417ms)
✔ 08 tree state validation leaves old tree untouched (0.807625ms)
✔ 08 tree selection, expansion, filter ancestors and state recovery (1.118375ms)
✔ 08 tree move cycle/invalid insertion is rejected before mutation (0.21725ms)
✔ 08 tree large hierarchy stays data-only until view requests rows (150.893125ms)
✔ 08 command registry checks enablement again at execution (0.598ms)
✔ 08 invalid portable item path "../a.cs" (0.145083ms)
✔ 08 invalid portable item path "/a.cs" (0.091791ms)
✔ 08 invalid portable item path "C:/a.cs" (0.045708ms)
✔ 08 invalid portable item path "a/../b.cs" (0.071417ms)
✔ 08 invalid portable item path "NUL.cs" (0.379125ms)
✔ 08 invalid portable item path "file?.cs" (0.064375ms)
✔ 08 invalid portable item path ".git/config" (0.135791ms)
✔ 08 invalid portable item path "A./B.cs" (0.041083ms)
✔ 08 invalid portable item path "a\u0000.cs" (0.038791ms)
✔ 08 solution tree preserves linked appearances and dependency groups (12.533583ms)
✔ 08 project membership source edits preserve comments, imports and exact build order (2.172417ms)
✔ 08 solution XML creation works for self-closing roots and prevents duplicate membership (1.954167ms)
✔ 08 literal reference rename leaves conditional glob expressions unchanged (2.706458ms)
✔ 08 native create/move/copy/delete are undoable with checked disk identities (155.811ms)
✔ 08 native stale hashes, collisions and self-containment are rejected (19.9265ms)
✔ 08 native directory quarantine/restore preserves nested files and empty folders (28.146125ms)
✔ 08 native undo refuses to erase subsequent user edits (13.022333ms)
✔ 08 native operations refuse symlinked children and parent paths (4.334417ms)
✔ 08 native scan provides real hierarchy, empty folders and binary entries (6.894667ms)
✔ 0.9 DebugSession screenshot Fibonacci breakpoint hits exactly ten times before output (174.864542ms)
✔ 0.9 DebugSession multiline continuation binds containing statement (11.412709ms)
✔ 0.9 DebugSession closing brace never binds next method (2.277583ms)
✔ 0.9 DebugSession explicit columns select statements sharing a line (20.056334ms)
✔ 0.9 DebugSession line breakpoint describes all same-line statement sites (12.80575ms)
✔ 0.9 DebugSession false conditions still count every encounter (6.934667ms)
✔ 0.9 DebugSession when-changed seeds then stops on changed values (14.608875ms)
✔ 0.9 DebugSession when-changed evaluates before hit filtering (5.760709ms)
✔ 0.9 DebugSession one-shot preserves count and disables itself (4.260292ms)
✔ 0.9 DebugSession all co-located rules count with logpoints (8.388791ms)
✔ 0.9 DebugSession bad condition reports stop with exact breakpoint identity (4.855417ms)
✔ 0.9 DebugSession live configuration retains counts unless rule changes (6.878208ms)
✔ 0.9 DebugSession mute preserves disabled rules and does not count muted encounters (7.589625ms)
✔ 0.9 DebugSession function rules bind parameter signature and overload (8.983333ms)
✔ 0.9 DebugSession function breakpoint fires only at entry, not loop-back (6.58425ms)
✔ 0.9 DebugSession reverse continue restores an actual changed-condition stop (3.884334ms)
✔ 0.9 DebugSession reverse restores one-shot auto-consumption (2.779333ms)
✔ 0.9 DebugSession per-type caught exception override and reverse checkpoint (4.410875ms)
✔ 0.9 DebugSession uncaught default does not stop caught exceptions (1.511916ms)
✔ 0.9 DebugSession exception Never override preserves actual failure (0.98125ms)
✔ 0.9 DebugSession returned-call assignment data breakpoint highlights caller (8.253417ms)
✔ 0.9 DebugSession data stop does not skip next source breakpoint (1.371708ms)
✔ 0.9 DebugSession caller stack retains call-site while callee executes (17.425542ms)
✔ 0.9 DebugSession invalid breakpoint metadata is unverified, never silently executable (4.180125ms)
✔ 0.9 DebugSession cleanup hidden sequence does not double-hit using acquisition (4.758166ms)
✔ 0.9 DebugSession expression/hit/function options roundtrip with no internal seed leaks (1.573667ms)
✔ 0.9 CilDebugSession screenshot Fibonacci breakpoint hits exactly ten times before output (442.385834ms)
✔ 0.9 CilDebugSession multiline continuation binds containing statement (7.318875ms)
✔ 0.9 CilDebugSession closing brace never binds next method (11.3845ms)
✔ 0.9 CilDebugSession explicit columns select statements sharing a line (4.858708ms)
✔ 0.9 CilDebugSession line breakpoint describes all same-line statement sites (14.038916ms)
✔ 0.9 CilDebugSession false conditions still count every encounter (4.721792ms)
✔ 0.9 CilDebugSession when-changed seeds then stops on changed values (3.642666ms)
✔ 0.9 CilDebugSession when-changed evaluates before hit filtering (3.304541ms)
✔ 0.9 CilDebugSession one-shot preserves count and disables itself (15.996834ms)
✔ 0.9 CilDebugSession all co-located rules count with logpoints (2.098917ms)
✔ 0.9 CilDebugSession bad condition reports stop with exact breakpoint identity (2.084917ms)
✔ 0.9 CilDebugSession live configuration retains counts unless rule changes (3.108833ms)
✔ 0.9 CilDebugSession mute preserves disabled rules and does not count muted encounters (50.07225ms)
✔ 0.9 CilDebugSession function rules bind parameter signature and overload (8.898625ms)
✔ 0.9 CilDebugSession function breakpoint fires only at entry, not loop-back (23.215375ms)
✔ 0.9 CilDebugSession reverse continue restores an actual changed-condition stop (17.480375ms)
✔ 0.9 CilDebugSession reverse restores one-shot auto-consumption (6.11375ms)
✔ 0.9 CilDebugSession per-type caught exception override and reverse checkpoint (4.881167ms)
✔ 0.9 CilDebugSession uncaught default does not stop caught exceptions (1.727792ms)
✔ 0.9 CilDebugSession exception Never override preserves actual failure (0.885458ms)
✔ 0.9 CilDebugSession returned-call assignment data breakpoint highlights caller (6.467125ms)
✔ 0.9 CilDebugSession data stop does not skip next source breakpoint (1.476625ms)
✔ 0.9 CilDebugSession caller stack retains call-site while callee executes (1.19ms)
✔ 0.9 CilDebugSession invalid breakpoint metadata is unverified, never silently executable (1.697375ms)
✔ 0.9 CilDebugSession cleanup hidden sequence does not double-hit using acquisition (4.141041ms)
✔ 0.9 CilDebugSession expression/hit/function options roundtrip with no internal seed leaks (3.214375ms)
✔ 0.9 source header spans do not swallow blank lines within control blocks (1.019208ms)
✔ 0.9 source pause immediately before an unvisited SEQ must not skip its breakpoint (0.938792ms)
✔ 0.9 run-to-cursor from ready binds multiline and clears temporary target (1.585375ms)
✔ 0.9 run-to-cursor interrupted by breakpoint is cancelled (3.557208ms)
✔ 0.9 source VM refuses other snapshots and restores fault graph aliases (10.187709ms)
✔ 0.9 source stepping over accessor is optional but explicit property breakpoints still hit (6.913958ms)
✔ 0.9 source frames use monotonic IDs after reverse (2.208459ms)
✔ 0.9 instruction breakpoints maintain ID and hits during live update (1.012375ms)
✔ 0.9 UTF-16 and CRLF sequence ranges survive canonical assembly reload (1.1705ms)
✔ 0.9 shipped example debug-exact: IR (96.632541ms)
✔ 0.9 shipped example debug-exact: canonical (13.800792ms)
✔ 0.9 shipped example debug-exact: direct (25.802958ms)
✔ 0.9 shipped example debug-exact: reassembled (13.145542ms)
✔ 0.9 shipped debug setup debug-exact: DebugSession (9.508833ms)
✔ 0.9 shipped debug setup debug-exact: CilDebugSession (9.3945ms)
✔ 0.9 shipped example debug-callsite: IR (5.655625ms)
✔ 0.9 shipped example debug-callsite: canonical (16.928583ms)
✔ 0.9 shipped example debug-callsite: direct (3.156709ms)
✔ 0.9 shipped example debug-callsite: reassembled (5.811875ms)
✔ 0.9 shipped debug setup debug-callsite: DebugSession (4.502875ms)
✔ 0.9 shipped debug setup debug-callsite: CilDebugSession (3.343ms)
✔ 0.9 shipped example debug-conditions: IR (1.36175ms)
✔ 0.9 shipped example debug-conditions: canonical (1.337959ms)
✔ 0.9 shipped example debug-conditions: direct (1.319084ms)
✔ 0.9 shipped example debug-conditions: reassembled (16.101458ms)
✔ 0.9 shipped debug setup debug-conditions: DebugSession (5.296875ms)
✔ 0.9 shipped debug setup debug-conditions: CilDebugSession (6.60125ms)
✔ 0.9 shipped example debug-function: IR (8.048625ms)
✔ 0.9 shipped example debug-function: canonical (13.744875ms)
✔ 0.9 shipped example debug-function: direct (1.995208ms)
✔ 0.9 shipped example debug-function: reassembled (3.388083ms)
✔ 0.9 shipped debug setup debug-function: DebugSession (7.663375ms)
✔ 0.9 shipped debug setup debug-function: CilDebugSession (2.170833ms)
✔ 0.9 shipped example debug-exception: IR (10.625375ms)
✔ 0.9 shipped example debug-exception: canonical (9.31775ms)
✔ 0.9 shipped example debug-exception: direct (9.00925ms)
✔ 0.9 shipped example debug-exception: reassembled (2.438042ms)
✔ 0.9 shipped debug setup debug-exception: DebugSession (1.838625ms)
✔ 0.9 shipped debug setup debug-exception: CilDebugSession (1.493541ms)
✔ 0.9 DebuggerWorkshop csproj/slnx compiles and maps caller and callee files (7.915417ms)
✔ 0.9 DAP launch cannot run before configurationDone, default does not force entry (112.656708ms)
✔ 0.9 DAP explicit entry remains distinct from breakpoint (13.917625ms)
✔ 0.9 DAP pending binding publishes changed event and hit IDs (10.665917ms)
✔ 0.9 DAP zero-based locations and stack columns roundtrip (5.532333ms)
✔ 0.9 DAP executable-location and exact embedded source requests (13.283625ms)
✔ 0.9 DAP rejects inspect/continue before configuration or while running (7.045583ms)
✔ 0.9 DAP function conditions and hit counts are not discarded (14.580834ms)
✔ 0.9 DAP source write breakpoints select correct storage and expire refs (4.781083ms)
✔ 0.9 DAP default unhandled exception stops before unwind then exits nonzero (6.494666ms)
✔ 0.9 DAP failed replacement launch preserves prior paused session (16.206792ms)
✔ 0.9 DAP direct IL function and instruction debug zero-source entry (12.604916ms)
✔ 0.9 DAP source reverse continue emits actual previous stop (8.866792ms)
✔ 0.9 worker F5 default starts at breakpoint rather than forced entry (190.131125ms)
✔ 0.9 worker publishes exact source and new identity before any session state (196.1ms)
✔ 0.9 worker explicit entry remains distinct from breakpoint (220.315625ms)
✔ 0.9 worker malformed assembly does not destroy existing paused session (230.361166ms)
✔ 0.9 worker bad breakpoint target preserves the previously paused session (225.264708ms)
✔ 0.9 worker rejects stale session commands without disturbing current session (210.796917ms)
✔ 0.9 worker unscoped Stop safely covers a launch followed immediately by stop (238.732042ms)
✔ 0.9 worker live source breakpoint update retains encounter counts (203.931041ms)
✔ 0.9 worker source write stop is at caller store not callee return (245.025ms)
✔ 0.9 worker changed condition and reverse continue reproduce exact count (221.330375ms)
✔ 0.9 worker function breakpoint binds signature and passes conditions (177.343083ms)
✔ 0.9 worker exact screenshot sample runs all ten requested stops (314.910834ms)
✔ release10 examples: async-stacks Studio/disk source is identical (1.197916ms)
✔ release10 examples: async-stacks executes via source (47.284791ms)
✔ release10 examples: async-stacks executes via reload (33.642542ms)
✔ release10 examples: async-stacks executes via cil (18.59475ms)
✔ release10 examples: async-stacks executes via reassembled (13.599208ms)
✔ release10 examples: logical-threads Studio/disk source is identical (0.341417ms)
✔ release10 examples: logical-threads executes via source (1.561834ms)
✔ release10 examples: logical-threads executes via reload (3.213042ms)
✔ release10 examples: logical-threads executes via cil (11.628125ms)
✔ release10 examples: logical-threads executes via reassembled (23.429334ms)
✔ release10 examples: hot-reload Studio/disk source is identical (0.137458ms)
✔ release10 examples: hot-reload executes via source (0.153083ms)
✔ release10 examples: hot-reload executes via reload (2.409875ms)
✔ release10 examples: hot-reload executes via cil (0.408459ms)
✔ release10 examples: hot-reload executes via reassembled (5.676583ms)
✔ release10 examples: set-next Studio/disk source is identical (0.123458ms)
✔ release10 examples: set-next executes via source (0.105791ms)
✔ release10 examples: set-next executes via reload (0.954917ms)
✔ release10 examples: set-next executes via cil (0.739458ms)
✔ release10 examples: set-next executes via reassembled (1.106042ms)
✔ release10 examples: function-evaluation Studio/disk source is identical (0.152833ms)
✔ release10 examples: function-evaluation executes via source (0.231375ms)
✔ release10 examples: function-evaluation executes via reload (4.755417ms)
✔ release10 examples: function-evaluation executes via cil (1.687708ms)
✔ release10 examples: function-evaluation executes via reassembled (4.417375ms)
✔ release10 examples: portable-symbols Studio/disk source is identical (0.185291ms)
✔ release10 examples: portable-symbols executes via source (0.133ms)
✔ release10 examples: portable-symbols executes via reload (1.936375ms)
✔ release10 examples: portable-symbols executes via cil (0.4545ms)
✔ release10 examples: portable-symbols executes via reassembled (1.439667ms)
✔ release10 examples: winui-counter Studio/disk source is identical (0.159292ms)
✔ release10 examples: winui-counter executes via source (3.4295ms)
✔ release10 examples: winui-counter executes via reload (7.02775ms)
✔ release10 examples: winui-counter executes via cil (3.32025ms)
✔ release10 examples: winui-counter executes via reassembled (21.805125ms)
✔ release10 examples: winui-controls Studio/disk source is identical (0.123333ms)
✔ release10 examples: winui-controls executes via source (3.854542ms)
✔ release10 examples: winui-controls executes via reload (24.012209ms)
✔ release10 examples: winui-controls executes via cil (75.326292ms)
✔ release10 examples: winui-controls executes via reassembled (16.106958ms)
✔ release10 examples: winui-graphics Studio/disk source is identical (0.112875ms)
✔ release10 examples: winui-graphics executes via source (31.190958ms)
✔ release10 examples: winui-graphics executes via reload (33.419292ms)
✔ release10 examples: winui-graphics executes via cil (23.283916ms)
✔ release10 examples: winui-graphics executes via reassembled (12.016333ms)
✔ release10 examples: winui-async Studio/disk source is identical (0.127041ms)
✔ release10 examples: winui-async executes via source (1.043375ms)
✔ release10 examples: winui-async executes via reload (7.36225ms)
✔ release10 examples: winui-async executes via cil (6.263542ms)
✔ release10 examples: winui-async executes via reassembled (7.636459ms)
✔ source: Loaded/Closed callbacks, nested visual roots and mutable brush notifications (9.133708ms)
✔ reload: Loaded/Closed callbacks, nested visual roots and mutable brush notifications (8.481ms)
✔ cil: Loaded/Closed callbacks, nested visual roots and mutable brush notifications (10.210542ms)
✔ reassembled: Loaded/Closed callbacks, nested visual roots and mutable brush notifications (8.723708ms)
✔ source: step out crosses an async completion only to its actual awaiter (10.459584ms)
✔ source: queued UI clicks retain independent logical stacks over repeated GC (15.336334ms)
✔ CIL: step out crosses an async completion only to its actual awaiter (11.789833ms)
✔ CIL: queued UI clicks retain independent logical stacks over repeated GC (130.567625ms)
✔ PortableSymbols fixture has no #SF stream and source entry/stepping uses verified PDB offsets (12.569167ms)
✔ DAP IR: goto targets, stale token rejection and preserved locals (5.860375ms)
✔ DAP ordinary IL/PDB: goto targets, stale token rejection and preserved locals (18.821708ms)
✔ DAP effectful evaluation remains opt-in; Hot Reload updates actual suspended code generation (59.40625ms)
✔ DAP maps logical threads, waiting locals, freeze and async stack dependencies (6.114ms)
✔ DAP retains active application after Main returns and runs managed UI events (15.342417ms)
✔ PDB: 12000 source statements map exactly without per-point whole-document rescanning (3285.409ms)
✔ PDB: UTF-16 columns and CRLF retain exact source offsets (10.773333ms)
✔ PDB: checksum-matching source with impossible sequence coordinates is rejected (6.971875ms)
✔ language: WinUI completion includes inherited properties, event handlers and methods (14.23325ms)
✔ actual DAP stdio: disk DLL + sidecar, verified source, local evaluation and goto (337.120375ms)
✔ heap: unreachable object cycles are reclaimed (2.098167ms)
✔ heap: roots retain entire reachable graph (0.660125ms)
✔ heap: references in newly allocated object survive reserve collection (0.273959ms)
✔ heap: native pins unwind after failures (0.144541ms)
✔ heap: generations reject stale handles after slot reuse (0.136958ms)
✔ heap: budgets are enforced (0.422542ms)
✔ heap: snapshots are independent after mutation and collection (0.161875ms)
✔ heap: iterative marking handles deep graphs (25.610167ms)
✔ VM: compiler clears temporary roots after object assignment (16.800291ms)
✔ VM: collection preserves locals, stack arguments and static roots (3.611792ms)
✔ VM: scoped references no longer root dead objects (1.030667ms)
✔ VM fault: null field (1.217833ms)
✔ VM fault: array bounds (1.992375ms)
✔ VM fault: negative array (12.474542ms)
✔ VM fault: divide zero (9.649459ms)
✔ VM fault: Int32 division overflow (1.802833ms)
✔ VM fault: parse overflow (0.784584ms)
✔ VM fault: invalid parse (0.615583ms)
✔ VM fault: substring range (2.068583ms)
✔ VM fault: throw null (0.680792ms)
✔ VM: instruction budget is uncatchable (3.892959ms)
✔ VM: output budget enforced (0.766125ms)
✔ VM: stack budget enforced (0.611167ms)
✔ VM: runSlice yields at instruction budget (1.802375ms)
✔ VM: stopped execution never continues (0.36375ms)
✔ VM: snapshot restores output and numeric state (6.056917ms)
✔ VM: Math.Abs honors selected int versus double overload (10.634708ms)
✔ runtime14 source: empty collections serialize without allocating storage (8.618834ms)
✔ runtime14 reload: empty collections serialize without allocating storage (7.267666ms)
✔ runtime14 cil: empty collections serialize without allocating storage (22.181125ms)
✔ runtime14 reassembled: empty collections serialize without allocating storage (21.188833ms)
✔ runtime14 source: relative request URI properties (5.054916ms)
✔ runtime14 reload: relative request URI properties (11.600416ms)
✔ runtime14 cil: relative request URI properties (7.338208ms)
✔ runtime14 reassembled: relative request URI properties (6.363167ms)
✔ runtime14 source: Array null validation keeps destination unchanged (1.216834ms)
✔ runtime14 reload: Array null validation keeps destination unchanged (2.445667ms)
✔ runtime14 cil: Array null validation keeps destination unchanged (1.832833ms)
✔ runtime14 reassembled: Array null validation keeps destination unchanged (15.107541ms)
✔ runtime14 source: Array overlap copy (0.938ms)
✔ runtime14 reload: Array overlap copy (1.159ms)
✔ runtime14 cil: Array overlap copy (6.922125ms)
✔ runtime14 reassembled: Array overlap copy (30.997084ms)
✔ runtime14 source: Array Fill Clear IndexOf BinarySearch (2.061167ms)
✔ runtime14 reload: Array Fill Clear IndexOf BinarySearch (6.197542ms)
✔ runtime14 cil: Array Fill Clear IndexOf BinarySearch (3.490083ms)
✔ runtime14 reassembled: Array Fill Clear IndexOf BinarySearch (3.798334ms)
✔ runtime14 source: Array invalid range transactional (0.972708ms)
✔ runtime14 reload: Array invalid range transactional (2.42ms)
✔ runtime14 cil: Array invalid range transactional (1.223375ms)
✔ runtime14 reassembled: Array invalid range transactional (3.79375ms)
✔ runtime14 source: Array reference roots and defaults (2.4195ms)
✔ runtime14 reload: Array reference roots and defaults (4.791791ms)
✔ runtime14 cil: Array reference roots and defaults (1.205458ms)
✔ runtime14 reassembled: Array reference roots and defaults (7.251833ms)
✔ runtime14 source: Random seeded reference values (0.44375ms)
✔ runtime14 reload: Random seeded reference values (0.728959ms)
✔ runtime14 cil: Random seeded reference values (0.5115ms)
✔ runtime14 reassembled: Random seeded reference values (1.44675ms)
✔ runtime14 source: Random bounds and deterministic same seeds (0.537208ms)
✔ runtime14 reload: Random bounds and deterministic same seeds (1.077708ms)
✔ runtime14 cil: Random bounds and deterministic same seeds (4.23325ms)
✔ runtime14 reassembled: Random bounds and deterministic same seeds (2.906ms)
✔ runtime14 source: queue wrap, growth, clear and enumeration (0.715541ms)
✔ runtime14 reload: queue wrap, growth, clear and enumeration (1.33475ms)
✔ runtime14 cil: queue wrap, growth, clear and enumeration (1.279666ms)
✔ runtime14 reassembled: queue wrap, growth, clear and enumeration (1.95425ms)
✔ runtime14 source: dictionary maintained index replacements remove GC (19.409083ms)
✔ runtime14 reload: dictionary maintained index replacements remove GC (14.595458ms)
✔ runtime14 cil: dictionary maintained index replacements remove GC (25.25275ms)
✔ runtime14 reassembled: dictionary maintained index replacements remove GC (16.811292ms)
✔ runtime14 source: vector arithmetic immutable value and lane indexing (2.169958ms)
✔ runtime14 reload: vector arithmetic immutable value and lane indexing (1.314084ms)
✔ runtime14 cil: vector arithmetic immutable value and lane indexing (0.979166ms)
✔ runtime14 reassembled: vector arithmetic immutable value and lane indexing (19.586833ms)
✔ runtime14 source: vector double and CopyTo offset (2.277666ms)
✔ runtime14 reload: vector double and CopyTo offset (4.422542ms)
✔ runtime14 cil: vector double and CopyTo offset (7.530333ms)
✔ runtime14 reassembled: vector double and CopyTo offset (8.807083ms)
✔ runtime14 source: vector overflow and invalid lanes (5.927458ms)
✔ runtime14 reload: vector overflow and invalid lanes (3.543584ms)
✔ runtime14 cil: vector overflow and invalid lanes (3.407208ms)
✔ runtime14 reassembled: vector overflow and invalid lanes (20.828667ms)
✔ runtime14 source: JSON property raw spans and duplicate last wins (0.816708ms)
✔ runtime14 reload: JSON property raw spans and duplicate last wins (18.955834ms)
✔ runtime14 cil: JSON property raw spans and duplicate last wins (15.339459ms)
✔ runtime14 reassembled: JSON property raw spans and duplicate last wins (3.549125ms)
✔ runtime14 source: JSON array object enumeration (2.367084ms)
✔ runtime14 reload: JSON array object enumeration (10.491167ms)
✔ runtime14 cil: JSON array object enumeration (2.714417ms)
✔ runtime14 reassembled: JSON array object enumeration (1.334083ms)
✔ runtime14 source: JSON index getters and wrong kinds (1.958291ms)
✔ runtime14 reload: JSON index getters and wrong kinds (3.441042ms)
✔ runtime14 cil: JSON index getters and wrong kinds (2.123542ms)
✔ runtime14 reassembled: JSON index getters and wrong kinds (8.973792ms)
✔ runtime14 source: JSON elements root document and invalidate after disposal (0.373125ms)
✔ runtime14 reload: JSON elements root document and invalidate after disposal (2.540958ms)
✔ runtime14 cil: JSON elements root document and invalidate after disposal (0.584208ms)
✔ runtime14 reassembled: JSON elements root document and invalidate after disposal (3.000875ms)
✔ runtime14 source: JSON serializer arrays and registered collections (5.298292ms)
✔ runtime14 reload: JSON serializer arrays and registered collections (1.441417ms)
✔ runtime14 cil: JSON serializer arrays and registered collections (0.8385ms)
✔ runtime14 reassembled: JSON serializer arrays and registered collections (2.144083ms)
✔ runtime14 source: Uri base address and escaping (0.359083ms)
✔ runtime14 reload: Uri base address and escaping (4.989292ms)
✔ runtime14 cil: Uri base address and escaping (0.606167ms)
✔ runtime14 reassembled: Uri base address and escaping (2.244875ms)
✔ runtime14 source: Cancellation tokens managed state (0.355541ms)
✔ runtime14 reload: Cancellation tokens managed state (2.963792ms)
✔ runtime14 cil: Cancellation tokens managed state (2.004084ms)
✔ runtime14 reassembled: Cancellation tokens managed state (3.869709ms)
✔ runtime14 source: parallel sum dot and array output (69.955ms)
✔ runtime14 reload: parallel sum dot and array output (64.495625ms)
✔ runtime14 cil: parallel sum dot and array output (67.690208ms)
✔ runtime14 reassembled: parallel sum dot and array output (100.221125ms)
✔ JSON parser rejects "" (0.577209ms)
✔ JSON parser rejects "true false" (0.612167ms)
✔ JSON parser rejects "[1,]" (0.066042ms)
✔ JSON parser rejects "{\"a\":1,}" (1.341375ms)
✔ JSON parser rejects "{a:1}" (0.160584ms)
✔ JSON parser rejects "01" (0.079416ms)
✔ JSON parser rejects "NaN" (0.064875ms)
✔ JSON parser rejects "\"\n\"" (0.08725ms)
✔ JSON parser rejects "\"\\q\"" (0.071458ms)
✔ JSON parser rejects "[" (0.068792ms)
✔ JSON parser rejects "1e" (0.058291ms)
✔ JSON parser rejects "-" (0.064375ms)
✔ JSON parser rejects ".5" (0.194625ms)
✔ JSON parser limits and exact escaped raw ranges (0.40175ms)
✔ managed HTTP source real requests errors disposal cancellation and async GC (124.904625ms)
✔ managed HTTP reload real requests errors disposal cancellation and async GC (116.368458ms)
✔ managed HTTP cil real requests errors disposal cancellation and async GC (96.641667ms)
✔ managed HTTP reassembled real requests errors disposal cancellation and async GC (106.045791ms)
✔ host epoch snapshot barriers source (41.542916ms)
✔ host epoch snapshot barriers reload (41.29075ms)
✔ host epoch snapshot barriers cil (45.351792ms)
✔ host epoch snapshot barriers reassembled (43.145083ms)
✔ network permission default deny source (16.262166ms)
✔ network permission default deny reload (16.862ms)
✔ network permission default deny cil (19.648167ms)
✔ network permission default deny reassembled (22.672208ms)
✔ source: local template-part values override bindings until cleared (7.678709ms)
✔ canonical: local template-part values override bindings until cleared (10.132625ms)
✔ cil: local template-part values override bindings until cleared (8.525417ms)
✔ reassembled: local template-part values override bindings until cleared (15.436375ms)
✔ source: clearing Style removes its effective property values (1.148458ms)
✔ canonical: clearing Style removes its effective property values (2.439917ms)
✔ cil: clearing Style removes its effective property values (1.726625ms)
✔ reassembled: clearing Style removes its effective property values (5.522083ms)
✔ source: default, style, local, ClearValue precedence (1.532ms)
✔ canonical: default, style, local, ClearValue precedence (6.843416ms)
✔ cil: default, style, local, ClearValue precedence (5.328791ms)
✔ reassembled: default, style, local, ClearValue precedence (6.004458ms)
✔ source: registered dependency property identity survives garbage collection (1.173125ms)
✔ canonical: registered dependency property identity survives garbage collection (2.5195ms)
✔ cil: registered dependency property identity survives garbage collection (1.302625ms)
✔ reassembled: registered dependency property identity survives garbage collection (1.761667ms)
✔ source: ReadLocalValue distinguishes UnsetValue from a local null (1.308334ms)
✔ canonical: ReadLocalValue distinguishes UnsetValue from a local null (4.548458ms)
✔ cil: ReadLocalValue distinguishes UnsetValue from a local null (3.712875ms)
✔ reassembled: ReadLocalValue distinguishes UnsetValue from a local null (4.381083ms)
✔ source: BasedOn and shared mutable setter changes affect both consumers (3.955041ms)
✔ canonical: BasedOn and shared mutable setter changes affect both consumers (4.070541ms)
✔ cil: BasedOn and shared mutable setter changes affect both consumers (9.871791ms)
✔ reassembled: BasedOn and shared mutable setter changes affect both consumers (3.700041ms)
✔ source: invalid shared setter mutation rolls back all managed consumers (4.940125ms)
✔ canonical: invalid shared setter mutation rolls back all managed consumers (15.1195ms)
✔ cil: invalid shared setter mutation rolls back all managed consumers (9.685084ms)
✔ reassembled: invalid shared setter mutation rolls back all managed consumers (7.589834ms)
✔ source: invalid setter collection insertion leaves the collection unchanged (3.705083ms)
✔ canonical: invalid setter collection insertion leaves the collection unchanged (3.938791ms)
✔ cil: invalid setter collection insertion leaves the collection unchanged (10.088458ms)
✔ reassembled: invalid setter collection insertion leaves the collection unchanged (4.107667ms)
✔ source: incorrect target style assignment is transactional (3.284958ms)
✔ canonical: incorrect target style assignment is transactional (2.64625ms)
✔ cil: incorrect target style assignment is transactional (2.3255ms)
✔ reassembled: incorrect target style assignment is transactional (10.036166ms)
✔ source: SetValue uses the real property setter and enforces runtime types (0.469416ms)
✔ canonical: SetValue uses the real property setter and enforces runtime types (0.870583ms)
✔ cil: SetValue uses the real property setter and enforces runtime types (4.76475ms)
✔ reassembled: SetValue uses the real property setter and enforces runtime types (3.561583ms)
✔ source: style Thickness value objects survive boxed CIL and collection (3.138167ms)
✔ canonical: style Thickness value objects survive boxed CIL and collection (1.500333ms)
✔ cil: style Thickness value objects survive boxed CIL and collection (40.6605ms)
✔ reassembled: style Thickness value objects survive boxed CIL and collection (9.767292ms)
✔ source: each template owner has distinct name-scoped visual parts (0.871167ms)
✔ canonical: each template owner has distinct name-scoped visual parts (1.528416ms)
✔ cil: each template owner has distinct name-scoped visual parts (2.233208ms)
✔ reassembled: each template owner has distinct name-scoped visual parts (2.15075ms)
✔ source: invalid template names and targets preserve the previous instance (0.629375ms)
✔ canonical: invalid template names and targets preserve the previous instance (3.828125ms)
✔ cil: invalid template names and targets preserve the previous instance (4.357334ms)
✔ reassembled: invalid template names and targets preserve the previous instance (6.278542ms)
✔ source: removing a template exposes the standard control again (2.910375ms)
✔ canonical: removing a template exposes the standard control again (1.552708ms)
✔ cil: removing a template exposes the standard control again (3.045958ms)
✔ reassembled: removing a template exposes the standard control again (7.328791ms)
✔ designer sync: incomplete C# blocks the source read with SFSYNC_PARSE (69.116458ms)
✔ designer sync: a leading-dot real literal is valid source and reads as a number (27.559125ms)
✔ features: catalog has unique ids, a version on every row and at least 250 rows (0.993375ms)
✔ features: every Roslyn MessageID feature is catalogued with the same required version (2.861292ms)
✔ features: compiler and syntax share one LangVersion parser and table (36.427041ms)
✔ langversion: all Roslyn spellings map correctly and minor versions are distinct (11.159125ms)
✔ langversion: invalid values report CS1617 (0.640083ms)
✔ feature gate: code depends on the selected version and matches the catalog row (1.559083ms)
✔ feature gate: checkFeature reports the node span and checkFeatures the recorded uses (5.026084ms)
✔ feature gate: every feature id recorded by the lexer and parser is catalogued (2.548167ms)
✔ preview: every preview feature carries a revision stamp and diagnostics print it (0.536417ms)
✔ legacy adapter: output is deep-equal to the pre-refactor parser for every recorded test source (3474.894ms)
✔ legacy adapter: output is deep-equal for the repository examples and templates (100.947042ms)
✔ legacy adapter: result keeps the consumer-facing shape (0.540667ms)
✔ legacy adapter: expressions match the pre-refactor parseExpression (1.110292ms)
✔ legacy adapter: syntax the back end cannot bind keeps a not-supported diagnostic and never crashes the compiler (21.795667ms)
✔ legacy adapter: newly accepted syntax that maps onto existing nodes compiles (6.816542ms)
✔ lexer modules: scanner is split and one escape module serves strings, chars and interpolations (2.782292ms)
✔ B02: hex and long Unicode escapes lex in regular, char and interpolated literals (28.84475ms)
✔ B04: the \e escape is a C# 13 feature (7.306459ms)
✔ integers: C# type selection on exact values (0.605125ms)
✔ integers and reals: back-end profile diagnostics stay on the legacy entry points only (0.957958ms)
✔ reals: float, double and exact decimal values (4.350166ms)
✔ identifiers: Unicode escapes, formatting characters and verbatim names (2.406542ms)
✔ raw strings: quote counts, indentation and diagnostics (3.637417ms)
✔ utf8 literals: suffix on regular, verbatim and raw strings with encoded bytes (0.550958ms)
✔ interpolation: structured segments, nested holes, format clauses and raw forms (18.866458ms)
✔ directives: conditional compilation skips inactive regions without lexing them (5.842041ms)
✔ directives: region, diagnostics, line, pragma and nullable yield structured trivia (6.219541ms)
✔ directives: shebang, #: and script-only directives (0.526833ms)
✔ keywords: reserved and contextual tables match Roslyn SyntaxFacts (52.172334ms)
✔ B03: goto is a keyword and never a local declaration (3.524125ms)
✔ operators: every punctuation token, split > tokens and the precedence table (1.095416ms)
✔ B01: shift compound assignments parse to Assignment nodes and compile (1.149917ms)
✔ B05: is and as take a type or pattern operand (0.887042ms)
✔ kinds: numeric ids are frozen by the snapshot (1.2895ms)
✔ kinds: every token, keyword and grammar node kind is enumerated (432.322958ms)
✔ green: full width equals source length for every fixture and all elements are immutable (261.527041ms)
✔ green: identical subtrees, tokens and trivia are shared (2.66875ms)
✔ green: missing tokens are zero-width and flagged (4.011209ms)
✔ red: findToken returns the right token for every offset of a 100 KB file and parent chains are consistent (629.404583ms)
✔ red: spans exclude trivia, lists are transparent and slots have typed accessors (2.567667ms)
✔ trivia: token full texts reproduce the input byte-for-byte including a BOM and every line ending (1.225125ms)
✔ trivia: Roslyn attachment rules (0.46325ms)
✔ recovery: 500 truncated and malformed inputs round-trip without losing a character (1099.373167ms)
✔ recovery: missing tokens are inserted and unexpected tokens become skipped-token trivia (4.19975ms)
✔ generated nodes: file is reproducible from the grammar and every kind has accessors for all slots (55.337708ms)
✔ generated nodes: with*() updaters and factories build detached nodes (0.351292ms)
✔ visitor: identity rewriter returns the same green root and a trivia-depth walker visits every character once (35.937041ms)
✔ visitor: dispatch, depth and rewriting (0.500291ms)
✔ roundtrip: toFullString equals the input for every repository source in LF, CRLF and mixed line endings (799.032791ms)
✔ roundtrip: files with errors, directives and unusual trivia (0.963125ms)
✔ syntax tree: parseText, diagnostics and text changes (0.678208ms)
✔ matrix: every parser-gated catalog row has a positive and a rejected fixture (21.969083ms)
✔ matrix: 2/Generics is accepted at C# 2 and rejected at C# 1 with CS8022 (9.583709ms)
✔ matrix: 2/AnonDelegates is accepted at C# 2 and rejected at C# 1 with CS8022 (2.241625ms)
✔ matrix: 2/GlobalNamespace is accepted at C# 2 and rejected at C# 1 with CS8022 (0.767459ms)
✔ matrix: 2/FixedBuffer is accepted at C# 2 and rejected at C# 1 with CS8022 (0.98775ms)
✔ matrix: 2/Pragma is accepted at C# 2 and rejected at C# 1 with CS8022 (3.882917ms)
✔ matrix: 2/StaticClasses is accepted at C# 2 and rejected at C# 1 with CS8022 (0.347167ms)
✔ matrix: 2/PartialTypes is accepted at C# 2 and rejected at C# 1 with CS8022 (0.252959ms)
✔ matrix: 2/Nullable is accepted at C# 2 and rejected at C# 1 with CS8022 (0.309042ms)
✔ matrix: 2/Iterators is accepted at C# 2 and rejected at C# 1 with CS8022 (0.782583ms)
✔ matrix: 2/Default is accepted at C# 2 and rejected at C# 1 with CS8022 (0.726334ms)
✔ matrix: 2/PropertyAccessorMods is accepted at C# 2 and rejected at C# 1 with CS8022 (0.665875ms)
✔ matrix: 2/ExternAlias is accepted at C# 2 and rejected at C# 1 with CS8022 (0.268834ms)
✔ matrix: 3/ImplicitArray is accepted at C# 3 and rejected at C# 2 with CS8023 (0.741167ms)
✔ matrix: 3/AnonymousTypes is accepted at C# 3 and rejected at C# 2 with CS8023 (6.422625ms)
✔ matrix: 3/ObjectInitializer is accepted at C# 3 and rejected at C# 2 with CS8023 (0.67025ms)
✔ matrix: 3/CollectionInitializer is accepted at C# 3 and rejected at C# 2 with CS8023 (1.858625ms)
✔ matrix: 3/Lambda is accepted at C# 3 and rejected at C# 2 with CS8023 (0.850708ms)
✔ matrix: 3/QueryExpression is accepted at C# 3 and rejected at C# 2 with CS8023 (4.313584ms)
✔ matrix: 3/ExtensionMethod is accepted at C# 3 and rejected at C# 2 with CS8023 (0.622458ms)
✔ matrix: 3/ImplicitLocal is accepted at C# 3 and rejected at C# 2 with CS8023 (3.271083ms)
✔ matrix: 4/TypeVariance is accepted at C# 4 and rejected at C# 3 with CS8024 (3.886125ms)
✔ matrix: 4/NamedArgument is accepted at C# 4 and rejected at C# 3 with CS8024 (1.283417ms)
✔ matrix: 4/OptionalParameter is accepted at C# 4 and rejected at C# 3 with CS8024 (0.915959ms)
✔ matrix: 5/Async is accepted at C# 5 and rejected at C# 4 with CS8025 (0.82725ms)
✔ matrix: 6/ExceptionFilter is accepted at C# 6 and rejected at C# 5 with CS8026 (6.440375ms)
✔ matrix: 6/AutoPropertyInitializer is accepted at C# 6 and rejected at C# 5 with CS8026 (0.802625ms)
✔ matrix: 6/NullPropagatingOperator is accepted at C# 6 and rejected at C# 5 with CS8026 (1.037833ms)
✔ matrix: 6/ExpressionBodiedMethod is accepted at C# 6 and rejected at C# 5 with CS8026 (7.474792ms)
✔ matrix: 6/ExpressionBodiedProperty is accepted at C# 6 and rejected at C# 5 with CS8026 (0.771042ms)
✔ matrix: 6/ExpressionBodiedIndexer is accepted at C# 6 and rejected at C# 5 with CS8026 (2.319292ms)
✔ matrix: 6/DictionaryInitializer is accepted at C# 6 and rejected at C# 5 with CS8026 (2.672416ms)
✔ matrix: 6/UsingStatic is accepted at C# 6 and rejected at C# 5 with CS8026 (0.348167ms)
✔ matrix: 6/InterpolatedStrings is accepted at C# 6 and rejected at C# 5 with CS8026 (2.787584ms)
✔ matrix: 7/BinaryLiteral is accepted at C# 7 and rejected at C# 6 with CS8059 (0.723ms)
✔ matrix: 7/DigitSeparator is accepted at C# 7 and rejected at C# 6 with CS8059 (0.555083ms)
✔ matrix: 7/LocalFunctions is accepted at C# 7 and rejected at C# 6 with CS8059 (0.573ms)
✔ matrix: 7/RefLocalsReturns is accepted at C# 7 and rejected at C# 6 with CS8059 (0.377542ms)
✔ matrix: 7/PatternMatching is accepted at C# 7 and rejected at C# 6 with CS8059 (2.817167ms)
✔ matrix: 7/ThrowExpression is accepted at C# 7 and rejected at C# 6 with CS8059 (1.038625ms)
✔ matrix: 7/Tuples is accepted at C# 7 and rejected at C# 6 with CS8059 (0.9185ms)
✔ matrix: 7/OutVar is accepted at C# 7 and rejected at C# 6 with CS8059 (1.270875ms)
✔ matrix: 7/ExpressionBodiedAccessor is accepted at C# 7 and rejected at C# 6 with CS8059 (1.0505ms)
✔ matrix: 7/ExpressionBodiedDeOrConstructor is accepted at C# 7 and rejected at C# 6 with CS8059 (1.269958ms)
✔ matrix: 7.1/DefaultLiteral is accepted at C# 7.1 and rejected at C# 7 with CS8107 (1.853833ms)
✔ matrix: 7.2/LeadingDigitSeparator is accepted at C# 7.2 and rejected at C# 7.1 with CS8302 (2.805875ms)
✔ matrix: 7.2/PrivateProtected is accepted at C# 7.2 and rejected at C# 7.1 with CS8302 (0.272541ms)
✔ matrix: 7.2/ReadOnlyReferences is accepted at C# 7.2 and rejected at C# 7.1 with CS8302 (0.23ms)
✔ matrix: 7.2/RefStructs is accepted at C# 7.2 and rejected at C# 7.1 with CS8302 (0.1455ms)
✔ matrix: 7.2/ReadOnlyStructs is accepted at C# 7.2 and rejected at C# 7.1 with CS8302 (0.357167ms)
✔ matrix: 7.3/StackAllocInitializer is accepted at C# 7.3 and rejected at C# 7.2 with CS8320 (1.424958ms)
✔ matrix: 8/AltInterpolatedVerbatimStrings is accepted at C# 8 and rejected at C# 7.3 with CS8370 (1.688084ms)
✔ matrix: 8/CoalesceAssignmentExpression is accepted at C# 8 and rejected at C# 7.3 with CS8370 (0.353833ms)
✔ matrix: 8/IndexOperator is accepted at C# 8 and rejected at C# 7.3 with CS8370 (0.342416ms)
✔ matrix: 8/RangeOperator is accepted at C# 8 and rejected at C# 7.3 with CS8370 (0.427417ms)
✔ matrix: 8/AsyncStreams is accepted at C# 8 and rejected at C# 7.3 with CS8370 (0.425334ms)
✔ matrix: 8/RecursivePatterns is accepted at C# 8 and rejected at C# 7.3 with CS8370 (1.983083ms)
✔ matrix: 8/UsingDeclarations is accepted at C# 8 and rejected at C# 7.3 with CS8370 (1.227792ms)
✔ matrix: 8/NullableReferenceTypes is accepted at C# 8 and rejected at C# 7.3 with CS8370 (1.100375ms)
✔ matrix: 8/SwitchExpression is accepted at C# 8 and rejected at C# 7.3 with CS8370 (4.079625ms)
✔ matrix: 9/InitOnlySetters is accepted at C# 9 and rejected at C# 8 with CS8400 (1.024959ms)
✔ matrix: 9/Records is accepted at C# 9 and rejected at C# 8 with CS8400 (0.435792ms)
✔ matrix: 9/ImplicitObjectCreation is accepted at C# 9 and rejected at C# 8 with CS8400 (0.304166ms)
✔ matrix: 9/StaticAnonymousFunction is accepted at C# 9 and rejected at C# 8 with CS8400 (0.372625ms)
✔ matrix: 9/FunctionPointers is accepted at C# 9 and rejected at C# 8 with CS8400 (2.205042ms)
✔ matrix: 9/AndPattern is accepted at C# 9 and rejected at C# 8 with CS8400 (0.488666ms)
✔ matrix: 9/OrPattern is accepted at C# 9 and rejected at C# 8 with CS8400 (0.3395ms)
✔ matrix: 9/NotPattern is accepted at C# 9 and rejected at C# 8 with CS8400 (0.31675ms)
✔ matrix: 9/TypePattern is accepted at C# 9 and rejected at C# 8 with CS8400 (0.41925ms)
✔ matrix: 9/ParenthesizedPattern is accepted at C# 9 and rejected at C# 8 with CS8400 (0.382542ms)
✔ matrix: 9/RelationalPattern is accepted at C# 9 and rejected at C# 8 with CS8400 (0.314708ms)
✔ matrix: 9/DefaultTypeParameterConstraint is accepted at C# 9 and rejected at C# 8 with CS8400 (0.400667ms)
✔ matrix: 10/GlobalUsing is accepted at C# 10 and rejected at C# 9 with CS8773 (0.18975ms)
✔ matrix: 10/LambdaReturnType is accepted at C# 10 and rejected at C# 9 with CS8773 (0.454292ms)
✔ matrix: 10/LineSpanDirective is accepted at C# 10 and rejected at C# 9 with CS8773 (0.510875ms)
✔ matrix: 10/FileScopedNamespace is accepted at C# 10 and rejected at C# 9 with CS8773 (0.192917ms)
✔ matrix: 10/ExtendedPropertyPatterns is accepted at C# 10 and rejected at C# 9 with CS8773 (0.389ms)
✔ matrix: 11/RawStringLiterals is accepted at C# 11 and rejected at C# 10 with CS8936 (0.518334ms)
✔ matrix: 11/NewLinesInInterpolations is accepted at C# 11 and rejected at C# 10 with CS8936 (0.41375ms)
✔ matrix: 11/ListPattern is accepted at C# 11 and rejected at C# 10 with CS8936 (0.448208ms)
✔ matrix: 11/CheckedUserDefinedOperators is accepted at C# 11 and rejected at C# 10 with CS8936 (0.436ms)
✔ matrix: 11/UnsignedRightShift is accepted at C# 11 and rejected at C# 10 with CS8936 (0.379417ms)
✔ matrix: 11/Utf8StringLiterals is accepted at C# 11 and rejected at C# 10 with CS8936 (0.463167ms)
✔ matrix: 12/PrimaryConstructors is accepted at C# 12 and rejected at C# 11 with CS9058 (3.400708ms)
✔ matrix: 12/UsingTypeAlias is accepted at C# 12 and rejected at C# 11 with CS9058 (1.283917ms)
✔ matrix: 12/CollectionExpressions is accepted at C# 12 and rejected at C# 11 with CS9058 (0.696667ms)
✔ matrix: 12/RefReadonlyParameters is accepted at C# 12 and rejected at C# 11 with CS9058 (0.318708ms)
✔ matrix: 13/StringEscapeCharacter is accepted at C# 13 and rejected at C# 12 with CS9202 (0.372583ms)
✔ matrix: 13/AllowsRefStructConstraint is accepted at C# 13 and rejected at C# 12 with CS9202 (0.321667ms)
✔ matrix: 14/NullConditionalAssignment is accepted at C# 14 and rejected at C# 13 with CS9260 (0.32725ms)
✔ matrix: 14/UserDefinedCompoundAssignmentOperators is accepted at C# 14 and rejected at C# 13 with CS9260 (0.250666ms)
✔ matrix: 14/IgnoredDirectives is accepted at C# 14 and rejected at C# 13 with CS9260 (0.30725ms)
✔ matrix: preview/CollectionExpressionArguments is accepted at C# preview and rejected at C# 14 with CS8652 (0.357792ms)
✔ matrix: preview/LabeledBreakContinue is accepted at C# preview and rejected at C# 14 with CS8652 (0.278167ms)
✔ matrix: conformance report is emitted as JSON (0.717166ms)
✔ parser modules: cursor, types, statements, expressions and one module per declaration, expression and pattern family (7.552834ms)
✔ T05.1 namespaces: namespace, using and alias nodes are preserved in order; the adapter still flattens names (3.473916ms)
✔ T05.2-T05.5 types: structs, interfaces, enums, delegates and nested types with recovery on missing braces (11.389334ms)
✔ T05.6 attributes: targets and named arguments on every declaration kind (4.562375ms)
✔ T05.7-T05.9 members: events, explicit interface names, indexers, operators, constructors (28.9415ms)
✔ T05.10-T05.11 modifiers, parameters, type parameters and constraints (12.218583ms)
✔ T06.1-T06.2 anonymous functions and the lambda / cast / parenthesised-expression scan (1.509583ms)
✔ T06.3-T06.4 queries, tuples and deconstruction (2.964917ms)
✔ T06.5-T06.8 patterns: precedence and forms (9.636209ms)
✔ T06.9-T06.10 nullable types, suppression and generic names (2.66ms)
✔ T02.7 types are TypeSyntax nodes, never strings (1.0645ms)
✔ reference: fixtures and dumps are present and pinned to one Roslyn build (17.076708ms)
✔ reference: tree equals Roslyn for expression-corpus/precedence.cs (109.943542ms)
✔ reference: tree equals Roslyn for lexer-corpus/identifiers.cs (3.911083ms)
✔ reference: tree equals Roslyn for lexer-corpus/interpolation.cs (9.3455ms)
✔ reference: tree equals Roslyn for lexer-corpus/numbers.cs (5.131666ms)
✔ reference: tree equals Roslyn for lexer-corpus/operators.cs (8.422375ms)
✔ reference: tree equals Roslyn for lexer-corpus/raw-strings.cs (1.041292ms)
✔ reference: tree equals Roslyn for lexer-corpus/strings.cs (2.852917ms)
✔ reference: tree equals Roslyn for matrix/10/ExtendedPropertyPatterns/positive.cs (0.668708ms)
✔ reference: tree equals Roslyn for matrix/10/FileScopedNamespace/positive.cs (0.31975ms)
✔ reference: tree equals Roslyn for matrix/10/GlobalUsing/positive.cs (0.265584ms)
✔ reference: tree equals Roslyn for matrix/10/LambdaReturnType/positive.cs (0.390833ms)
✔ reference: tree equals Roslyn for matrix/10/LineSpanDirective/positive.cs (0.92175ms)
✔ reference: tree equals Roslyn for matrix/11/CheckedUserDefinedOperators/positive.cs (2.963583ms)
✔ reference: tree equals Roslyn for matrix/11/ListPattern/positive.cs (1.517666ms)
✔ reference: tree equals Roslyn for matrix/11/NewLinesInInterpolations/positive.cs (0.470042ms)
✔ reference: tree equals Roslyn for matrix/11/RawStringLiterals/positive.cs (0.441292ms)
✔ reference: tree equals Roslyn for matrix/11/UnsignedRightShift/positive.cs (1.034125ms)
✔ reference: tree equals Roslyn for matrix/11/Utf8StringLiterals/positive.cs (15.248042ms)
✔ reference: tree equals Roslyn for matrix/12/CollectionExpressions/positive.cs (6.108917ms)
✔ reference: tree equals Roslyn for matrix/12/PrimaryConstructors/positive.cs (1.127959ms)
✔ reference: tree equals Roslyn for matrix/12/RefReadonlyParameters/positive.cs (0.878583ms)
✔ reference: tree equals Roslyn for matrix/12/UsingTypeAlias/positive.cs (0.323833ms)
✔ reference: tree equals Roslyn for matrix/13/AllowsRefStructConstraint/positive.cs (0.35875ms)
✔ reference: tree equals Roslyn for matrix/13/StringEscapeCharacter/positive.cs (0.229958ms)
✔ reference: tree equals Roslyn for matrix/14/IgnoredDirectives/positive.cs (0.288958ms)
✔ reference: tree equals Roslyn for matrix/14/NullConditionalAssignment/positive.cs (0.210375ms)
✔ reference: tree equals Roslyn for matrix/14/UserDefinedCompoundAssignmentOperators/positive.cs (0.20625ms)
✔ reference: tree equals Roslyn for matrix/2/AnonDelegates/positive.cs (0.282125ms)
✔ reference: tree equals Roslyn for matrix/2/Default/positive.cs (0.215583ms)
✔ reference: tree equals Roslyn for matrix/2/ExternAlias/positive.cs (0.155583ms)
✔ reference: tree equals Roslyn for matrix/2/FixedBuffer/positive.cs (0.176334ms)
✔ reference: tree equals Roslyn for matrix/2/Generics/positive.cs (0.135833ms)
✔ reference: tree equals Roslyn for matrix/2/GlobalNamespace/positive.cs (0.139625ms)
✔ reference: tree equals Roslyn for matrix/2/Iterators/positive.cs (0.186375ms)
✔ reference: tree equals Roslyn for matrix/2/Nullable/positive.cs (0.127042ms)
✔ reference: tree equals Roslyn for matrix/2/PartialTypes/positive.cs (0.10425ms)
✔ reference: tree equals Roslyn for matrix/2/Pragma/positive.cs (0.294708ms)
✔ reference: tree equals Roslyn for matrix/2/PropertyAccessorMods/positive.cs (0.29825ms)
✔ reference: tree equals Roslyn for matrix/2/StaticClasses/positive.cs (0.227125ms)
✔ reference: tree equals Roslyn for matrix/3/AnonymousTypes/positive.cs (0.30025ms)
✔ reference: tree equals Roslyn for matrix/3/CollectionInitializer/positive.cs (0.684208ms)
✔ reference: tree equals Roslyn for matrix/3/ExtensionMethod/positive.cs (0.300167ms)
✔ reference: tree equals Roslyn for matrix/3/ImplicitArray/positive.cs (0.404125ms)
✔ reference: tree equals Roslyn for matrix/3/ImplicitLocal/positive.cs (0.270583ms)
✔ reference: tree equals Roslyn for matrix/3/Lambda/positive.cs (0.260209ms)
✔ reference: tree equals Roslyn for matrix/3/ObjectInitializer/positive.cs (0.776083ms)
✔ reference: tree equals Roslyn for matrix/3/QueryExpression/positive.cs (1.414375ms)
✔ reference: tree equals Roslyn for matrix/4/NamedArgument/positive.cs (0.965917ms)
✔ reference: tree equals Roslyn for matrix/4/OptionalParameter/positive.cs (0.880042ms)
✔ reference: tree equals Roslyn for matrix/4/TypeVariance/positive.cs (0.720417ms)
✔ reference: tree equals Roslyn for matrix/5/Async/positive.cs (1.2335ms)
✔ reference: tree equals Roslyn for matrix/6/AutoPropertyInitializer/positive.cs (0.898ms)
✔ reference: tree equals Roslyn for matrix/6/DictionaryInitializer/positive.cs (0.620083ms)
✔ reference: tree equals Roslyn for matrix/6/ExceptionFilter/positive.cs (0.404917ms)
✔ reference: tree equals Roslyn for matrix/6/ExpressionBodiedIndexer/positive.cs (0.238792ms)
✔ reference: tree equals Roslyn for matrix/6/ExpressionBodiedMethod/positive.cs (0.171334ms)
✔ reference: tree equals Roslyn for matrix/6/ExpressionBodiedProperty/positive.cs (0.138458ms)
✔ reference: tree equals Roslyn for matrix/6/InterpolatedStrings/positive.cs (20.92825ms)
✔ reference: tree equals Roslyn for matrix/6/NullPropagatingOperator/positive.cs (1.087125ms)
✔ reference: tree equals Roslyn for matrix/6/UsingStatic/positive.cs (1.871708ms)
✔ reference: tree equals Roslyn for matrix/7/BinaryLiteral/positive.cs (0.260541ms)
✔ reference: tree equals Roslyn for matrix/7/DigitSeparator/positive.cs (0.18275ms)
✔ reference: tree equals Roslyn for matrix/7/ExpressionBodiedAccessor/positive.cs (0.210959ms)
✔ reference: tree equals Roslyn for matrix/7/ExpressionBodiedDeOrConstructor/positive.cs (0.8655ms)
✔ reference: tree equals Roslyn for matrix/7/LocalFunctions/positive.cs (1.715542ms)
✔ reference: tree equals Roslyn for matrix/7/OutVar/positive.cs (0.619208ms)
✔ reference: tree equals Roslyn for matrix/7/PatternMatching/positive.cs (0.740959ms)
✔ reference: tree equals Roslyn for matrix/7/RefLocalsReturns/positive.cs (0.322625ms)
✔ reference: tree equals Roslyn for matrix/7/ThrowExpression/positive.cs (0.209375ms)
✔ reference: tree equals Roslyn for matrix/7/Tuples/positive.cs (0.222667ms)
✔ reference: tree equals Roslyn for matrix/7.1/DefaultLiteral/positive.cs (0.159375ms)
✔ reference: tree equals Roslyn for matrix/7.2/LeadingDigitSeparator/positive.cs (0.157ms)
✔ reference: tree equals Roslyn for matrix/7.2/PrivateProtected/positive.cs (0.122417ms)
✔ reference: tree equals Roslyn for matrix/7.2/ReadOnlyReferences/positive.cs (0.140917ms)
✔ reference: tree equals Roslyn for matrix/7.2/ReadOnlyStructs/positive.cs (0.100833ms)
✔ reference: tree equals Roslyn for matrix/7.2/RefStructs/positive.cs (0.125333ms)
✔ reference: tree equals Roslyn for matrix/7.3/StackAllocInitializer/positive.cs (0.230084ms)
✔ reference: tree equals Roslyn for matrix/8/AltInterpolatedVerbatimStrings/positive.cs (0.197375ms)
✔ reference: tree equals Roslyn for matrix/8/AsyncStreams/positive.cs (0.743666ms)
✔ reference: tree equals Roslyn for matrix/8/CoalesceAssignmentExpression/positive.cs (0.792042ms)
✔ reference: tree equals Roslyn for matrix/8/IndexOperator/positive.cs (0.244959ms)
✔ reference: tree equals Roslyn for matrix/8/NullableReferenceTypes/positive.cs (0.238375ms)
✔ reference: tree equals Roslyn for matrix/8/RangeOperator/positive.cs (0.173459ms)
✔ reference: tree equals Roslyn for matrix/8/RecursivePatterns/positive.cs (0.20675ms)
✔ reference: tree equals Roslyn for matrix/8/SwitchExpression/positive.cs (0.21075ms)
✔ reference: tree equals Roslyn for matrix/8/UsingDeclarations/positive.cs (0.244583ms)
✔ reference: tree equals Roslyn for matrix/9/AndPattern/positive.cs (0.296125ms)
✔ reference: tree equals Roslyn for matrix/9/DefaultTypeParameterConstraint/positive.cs (0.198833ms)
✔ reference: tree equals Roslyn for matrix/9/FunctionPointers/positive.cs (0.245125ms)
✔ reference: tree equals Roslyn for matrix/9/ImplicitObjectCreation/positive.cs (0.203375ms)
✔ reference: tree equals Roslyn for matrix/9/InitOnlySetters/positive.cs (0.21925ms)
✔ reference: tree equals Roslyn for matrix/9/NotPattern/positive.cs (0.200541ms)
✔ reference: tree equals Roslyn for matrix/9/OrPattern/positive.cs (0.351ms)
✔ reference: tree equals Roslyn for matrix/9/ParenthesizedPattern/positive.cs (0.315292ms)
✔ reference: tree equals Roslyn for matrix/9/Records/positive.cs (0.238541ms)
✔ reference: tree equals Roslyn for matrix/9/RelationalPattern/positive.cs (0.230375ms)
✔ reference: tree equals Roslyn for matrix/9/StaticAnonymousFunction/positive.cs (0.225833ms)
✔ reference: tree equals Roslyn for matrix/9/TypePattern/positive.cs (0.317166ms)
✔ reference: tree equals Roslyn for reference/declarations/attributes.cs (1.548833ms)
✔ reference: tree equals Roslyn for reference/declarations/enums-delegates.cs (2.52125ms)
✔ reference: tree equals Roslyn for reference/declarations/file-scoped-namespace.cs (0.296459ms)
✔ reference: tree equals Roslyn for reference/declarations/members.cs (8.207959ms)
✔ reference: tree equals Roslyn for reference/declarations/modifiers.cs (2.657166ms)
✔ reference: tree equals Roslyn for reference/declarations/namespaces.cs (2.639584ms)
✔ reference: tree equals Roslyn for reference/declarations/type-parameters.cs (2.971417ms)
✔ reference: tree equals Roslyn for reference/declarations/types.cs (1.596667ms)
✔ reference: tree equals Roslyn for reference/expressions/lambdas.cs (3.521792ms)
✔ reference: tree equals Roslyn for reference/expressions/nullability-generics.cs (7.452292ms)
✔ reference: tree equals Roslyn for reference/expressions/patterns.cs (19.857625ms)
✔ reference: tree equals Roslyn for reference/expressions/queries.cs (4.677584ms)
✔ reference: tree equals Roslyn for reference/expressions/tuples.cs (6.425667ms)
✔ reference: tree equals Roslyn for reference/statements/statements.cs (5.081542ms)
✔ reference: tree equals Roslyn for reference/statements/top-level.cs (0.733625ms)
✔ reference: tree equals Roslyn for reference/trivia/comments.cs (0.429834ms)
✔ reference: tree equals Roslyn for reference/trivia/directives.cs (7.932417ms)
✔ reference: tree equals Roslyn for reference/types/types.cs (5.645708ms)
✔ reference: every kind used by the Roslyn dumps exists in SyntaxKind (21.324166ms)
✔ text: immutable snapshots and UTF-16 positions (1.154166ms)
✔ text: out-of-range LSP columns clamp before line ending (0.0895ms)
✔ text: empty documents and source size validation (0.082166ms)
✔ cache: bounded eviction (0.092708ms)
✔ lexer: exact trivia roundtrip "// before\r\nint x = 1; /* " (13.134625ms)
✔ lexer: exact trivia roundtrip "using System;\nclass A { s" (0.619166ms)
✔ lexer: exact trivia roundtrip "int café = 0xFF + 0b1010 " (0.946833ms)
✔ lexer: exact trivia roundtrip "\"unfinished\\" (0.374542ms)
✔ lexer: exact trivia roundtrip "/* unterminated" (0.220083ms)
✔ lexer: exact trivia roundtrip "" (0.246167ms)
✔ lexer: exact trivia roundtrip "   \n\t" (0.212792ms)
✔ lexer: exact trivia roundtrip "💥 #bad\n" (0.851875ms)
✔ lexer: unchanged token interning preserves identity (0.240167ms)
✔ lexer: diagnostic CS1010 "unclosed (0.341333ms)
✔ lexer: diagnostic CS1035 /*bad (0.288041ms)
✔ lexer: diagnostic CS8076 $"{x" (0.574083ms)
✔ lexer: diagnostic CS1027 #if true
 (3.593459ms)
✔ lexer: diagnostic SF1005 3.2f (0.7975ms)
✔ lexer: diagnostic SF1003 123L (0.165ms)
✔ lexer: diagnostic CS1013 0xZZ (0.127875ms)
✔ lexer: diagnostic CS1012 'ab' (0.090375ms)
✔ parser: precedence and right associative assignments (4.561583ms)
✔ parser: syntax tree survives missing tokens (3.051416ms)
✔ parser: deterministic punctuation fuzz recovers without throwing (327.286667ms)
✔ parser: nesting budget reports a diagnostic (11.583917ms)
✔ packaged console example matches the wizard and its disk/ZIP bytes (44.023167ms)
✔ packaged console-async example matches the wizard and its disk/ZIP bytes (52.069333ms)
✔ packaged class-library example matches the wizard and its disk/ZIP bytes (49.915541ms)
✔ packaged empty-project example matches the wizard and its disk/ZIP bytes (37.791166ms)
✔ packaged winui-blank example matches the wizard and its disk/ZIP bytes (12.161333ms)
✔ packaged winui-navigation example matches the wizard and its disk/ZIP bytes (11.554291ms)
✔ packaged winui-controls-library example matches the wizard and its disk/ZIP bytes (6.3795ms)
✔ packaged test-console example matches the wizard and its disk/ZIP bytes (3.875375ms)
✔ packaged blank-solution example matches the wizard and its disk/ZIP bytes (1.7995ms)
✔ packaged console-library-solution example matches the wizard and its disk/ZIP bytes (26.130583ms)
✔ packaged winui-library-solution example matches the wizard and its disk/ZIP bytes (4.783125ms)
✔ packaged item gallery contains and compiles all 19 actual item templates (217.733959ms)
✔ template console: deterministic validated project XML, ZIP roundtrip and startup compilation (111.889875ms)
✔ template console: actual source execution (17.405708ms)
✔ template console: actual canonical execution (20.440959ms)
✔ template console: actual cil execution (5.964166ms)
✔ template console: actual reassembled execution (16.563375ms)
✔ template console-async: deterministic validated project XML, ZIP roundtrip and startup compilation (7.069042ms)
✔ template console-async: actual source execution (58.4095ms)
✔ template console-async: actual canonical execution (10.119916ms)
✔ template console-async: actual cil execution (36.800209ms)
✔ template console-async: actual reassembled execution (34.061042ms)
✔ template class-library: deterministic validated project XML, ZIP roundtrip and startup compilation (5.903208ms)
✔ template class-library: actual source execution (12.991625ms)
✔ template class-library: actual canonical execution (8.395083ms)
✔ template class-library: actual cil execution (8.461833ms)
✔ template class-library: actual reassembled execution (4.014291ms)
✔ template empty-project: deterministic validated project XML, ZIP roundtrip and startup compilation (1.743833ms)
✔ template winui-blank: deterministic validated project XML, ZIP roundtrip and startup compilation (65.164792ms)
✔ template winui-blank: actual source execution (36.717916ms)
✔ template winui-blank: actual canonical execution (17.608667ms)
✔ template winui-blank: actual cil execution (30.0535ms)
✔ template winui-blank: actual reassembled execution (21.052542ms)
✔ template winui-navigation: deterministic validated project XML, ZIP roundtrip and startup compilation (21.775458ms)
✔ template winui-navigation: actual source execution (25.384125ms)
✔ template winui-navigation: actual canonical execution (19.923917ms)
✔ template winui-navigation: actual cil execution (17.679ms)
✔ template winui-navigation: actual reassembled execution (36.944875ms)
✔ template winui-controls-library: deterministic validated project XML, ZIP roundtrip and startup compilation (4.241209ms)
✔ template winui-controls-library: actual source execution (21.377667ms)
✔ template winui-controls-library: actual canonical execution (13.909709ms)
✔ template winui-controls-library: actual cil execution (14.885209ms)
✔ template winui-controls-library: actual reassembled execution (15.913084ms)
✔ template test-console: deterministic validated project XML, ZIP roundtrip and startup compilation (2.504583ms)
✔ template test-console: actual source execution (1.761167ms)
✔ template test-console: actual canonical execution (3.184167ms)
✔ template test-console: actual cil execution (4.225458ms)
✔ template test-console: actual reassembled execution (3.772792ms)
✔ template blank-solution: deterministic validated project XML, ZIP roundtrip and startup compilation (1.432166ms)
✔ template console-library-solution: deterministic validated project XML, ZIP roundtrip and startup compilation (12.016791ms)
✔ template console-library-solution: actual source execution (1.742542ms)
✔ template console-library-solution: actual canonical execution (4.441084ms)
✔ template console-library-solution: actual cil execution (1.68275ms)
✔ template console-library-solution: actual reassembled execution (2.006834ms)
✔ template winui-library-solution: deterministic validated project XML, ZIP roundtrip and startup compilation (5.677209ms)
✔ template winui-library-solution: actual source execution (10.093458ms)
✔ template winui-library-solution: actual canonical execution (15.794833ms)
✔ template winui-library-solution: actual cil execution (7.93225ms)
✔ template winui-library-solution: actual reassembled execution (30.099167ms)
✔ item class: legal unique files, project membership and compilation (4.343334ms)
✔ item partial-class: legal unique files, project membership and compilation (1.759125ms)
✔ item static-class: legal unique files, project membership and compilation (0.977584ms)
✔ item disposable-class: legal unique files, project membership and compilation (2.055791ms)
✔ item view-model: legal unique files, project membership and compilation (2.375542ms)
✔ item winui-page: legal unique files, project membership and compilation (2.256834ms)
✔ item winui-counter-page: legal unique files, project membership and compilation (2.8715ms)
✔ item winui-grid-page: legal unique files, project membership and compilation (4.886584ms)
✔ item winui-settings-page: legal unique files, project membership and compilation (5.921208ms)
✔ item winui-user-control: legal unique files, project membership and compilation (2.3015ms)
✔ item winui-custom-control: legal unique files, project membership and compilation (1.847083ms)
✔ item winui-window: legal unique files, project membership and compilation (2.240042ms)
✔ item winui-flyout: legal unique files, project membership and compilation (2.89075ms)
✔ item winui-resources: legal unique files, project membership and compilation (1.337917ms)
✔ item text: legal unique files, project membership and compilation (0.923667ms)
✔ item json: legal unique files, project membership and compilation (0.654959ms)
✔ item editorconfig: legal unique files, project membership and compilation (4.332958ms)
✔ item build-props: legal unique files, project membership and compilation (0.888041ms)
✔ item build-targets: legal unique files, project membership and compilation (0.791416ms)
✔ templates: namespace and reserved-path validation has no injection or silent renaming (0.483541ms)
✔ create plan: case-insensitive destination collisions, parent files and multiple item outputs preflight (0.151917ms)
✔ add project keeps unrelated XML, configuration and named folder (0.406292ms)
✔ same-directory and project-only templates are genuinely different layouts (0.812166ms)
✔ blank solution displays zero projects, not a synthetic loose project (1.087333ms)
✔ ZIP CRC known vector and deterministic empty/archive output (0.183833ms)
✔ standard Python reader validates SharpForge ZIP CRCs, Unicode assets and explicit empty folders (97.322542ms)
✔ external Python DEFLATE ZIP imports without runtime dependencies (59.002667ms)
✔ external Python DEFLATE ZIP with data descriptors imports without runtime dependencies (70.664041ms)
✔ ZIP rejects unsafe path "../escape" (0.178084ms)
✔ ZIP rejects unsafe path "/etc/passwd" (0.044125ms)
✔ ZIP rejects unsafe path "C:/x" (0.02775ms)
✔ ZIP rejects unsafe path "a/../../b" (0.027958ms)
✔ ZIP rejects unsafe path "a//b" (0.023584ms)
✔ ZIP rejects unsafe path "a/./b" (0.022334ms)
✔ ZIP rejects unsafe path "foo\u0000.cs" (0.021583ms)
✔ ZIP rejects unsafe path "NUL.cs" (0.022458ms)
✔ ZIP rejects unsafe path "a./b" (0.025292ms)
✔ ZIP rejects unsafe path "a/b " (0.026833ms)
✔ ZIP rejects unsafe path "CON/a" (0.027ms)
✔ ZIP rejects unsafe path "a:b" (0.020959ms)
✔ ZIP rejects malformed crc before returning records (0.139791ms)
✔ ZIP rejects malformed data before returning records (0.3295ms)
✔ ZIP rejects malformed local-name before returning records (0.464458ms)
✔ ZIP rejects malformed truncation before returning records (0.10325ms)
✔ ZIP rejects malformed encryption before returning records (0.054334ms)
✔ ZIP rejects malformed zip64 before returning records (0.044292ms)
✔ ZIP rejects malformed symlink before returning records (0.04025ms)
✔ ZIP rejects malformed count before returning records (0.03675ms)
✔ ZIP rejects malformed overlap before returning records (0.089875ms)
✔ ZIP rejects case and Unicode collisions and file-as-parent conflicts (0.205042ms)
✔ ZIP validates expansion/file/count limits, not only compressed input size (0.157416ms)
✔ workspace retains utf-8 BOM/CRLF, assets and debugger metadata across ZIP roundtrips (0.474791ms)
✔ workspace retains utf-16le BOM/CRLF, assets and debugger metadata across ZIP roundtrips (0.215292ms)
✔ workspace retains utf-16be BOM/CRLF, assets and debugger metadata across ZIP roundtrips (0.166209ms)
✔ manifest allows only data, validates stale entries and never restores execution trust (0.111167ms)
✔ folder FileList preserves unknown assets and .pdb instead of silently dropping them (0.745916ms)
✔ legacy SLN parses project hierarchy and converts explicitly without mutating original data (0.743542ms)
✔ solution folder edits retain comments and per-project configuration when reparenting (0.508958ms)
✔ native create-only binary mutation is byte exact and undo removes created asset; scan includes unknown files (36.784833ms)
✔ CLI create-only project plan never overwrites existing files and is actually runnable (439.046625ms)
✔ source WinUI: properties and object initializers (117.8425ms)
✔ source WinUI: typed brush values and attached layout (17.118708ms)
✔ source WinUI: grid tracks and star lengths (15.493209ms)
✔ source WinUI: collection insert/remove ordering (17.981208ms)
✔ source WinUI: visual cycle and duplicate rejection (10.77875ms)
✔ source WinUI: detach content permits reparenting (11.627791ms)
✔ source WinUI: detach collection permits reparenting (4.347542ms)
✔ source WinUI: readonly and validated layout values (3.55625ms)
✔ source WinUI: supported code-first controls (31.471833ms)
✔ source WinUI: bounded drawing commands and color channels (9.974167ms)
✔ source WinUI: window lifetime survives collection (1.986958ms)
✔ source WinUI: FindName searches visual child hierarchy (1.900875ms)
✔ reload WinUI: properties and object initializers (43.864917ms)
✔ reload WinUI: typed brush values and attached layout (4.331458ms)
✔ reload WinUI: grid tracks and star lengths (6.679833ms)
✔ reload WinUI: collection insert/remove ordering (2.564791ms)
✔ reload WinUI: visual cycle and duplicate rejection (1.490375ms)
✔ reload WinUI: detach content permits reparenting (2.597083ms)
✔ reload WinUI: detach collection permits reparenting (2.821084ms)
✔ reload WinUI: readonly and validated layout values (4.704583ms)
✔ reload WinUI: supported code-first controls (3.854583ms)
✔ reload WinUI: bounded drawing commands and color channels (2.5225ms)
✔ reload WinUI: window lifetime survives collection (0.968709ms)
✔ reload WinUI: FindName searches visual child hierarchy (0.809584ms)
✔ cil WinUI: properties and object initializers (24.867542ms)
✔ cil WinUI: typed brush values and attached layout (13.142916ms)
✔ cil WinUI: grid tracks and star lengths (4.359833ms)
✔ cil WinUI: collection insert/remove ordering (4.282833ms)
✔ cil WinUI: visual cycle and duplicate rejection (2.760083ms)
✔ cil WinUI: detach content permits reparenting (1.136417ms)
✔ cil WinUI: detach collection permits reparenting (1.076583ms)
✔ cil WinUI: readonly and validated layout values (3.60625ms)
✔ cil WinUI: supported code-first controls (9.996792ms)
✔ cil WinUI: bounded drawing commands and color channels (3.942583ms)
✔ cil WinUI: window lifetime survives collection (2.166459ms)
✔ cil WinUI: FindName searches visual child hierarchy (1.935458ms)
✔ source: input without subscribers updates managed properties; event calls target C# after Main (66.749208ms)
✔ source: async void event handler resumes after Delay (15.183459ms)
✔ source: delegate unsubscription removes matching method and receiver (7.545333ms)
✔ source: event input validation and limits are nonmutating (6.384209ms)
✔ source: disabled control cannot execute event callbacks (8.546333ms)
✔ source: layout measurements are validated and visible to managed code (1.134459ms)
✔ source: stopping releases active windows and rejects stale events (1.109583ms)
✔ source: visual snapshots restore UI state and callbacks (2.046083ms)
✔ source: mutable brushes retain identity across consumers (4.881625ms)
✔ reload: input without subscribers updates managed properties; event calls target C# after Main (8.882333ms)
✔ reload: async void event handler resumes after Delay (9.873958ms)
✔ reload: delegate unsubscription removes matching method and receiver (6.610167ms)
✔ reload: event input validation and limits are nonmutating (2.217041ms)
✔ reload: disabled control cannot execute event callbacks (4.404417ms)
✔ reload: layout measurements are validated and visible to managed code (2.773375ms)
✔ reload: stopping releases active windows and rejects stale events (2.027666ms)
✔ reload: visual snapshots restore UI state and callbacks (6.500458ms)
✔ reload: mutable brushes retain identity across consumers (0.933166ms)
✔ cil: input without subscribers updates managed properties; event calls target C# after Main (11.206ms)
✔ cil: async void event handler resumes after Delay (9.389167ms)
✔ cil: delegate unsubscription removes matching method and receiver (6.184041ms)
✔ cil: event input validation and limits are nonmutating (5.048083ms)
✔ cil: disabled control cannot execute event callbacks (3.954708ms)
✔ cil: layout measurements are validated and visible to managed code (4.707166ms)
✔ cil: stopping releases active windows and rejects stale events (12.540083ms)
✔ cil: visual snapshots restore UI state and callbacks (4.647916ms)
✔ cil: mutable brushes retain identity across consumers (1.658625ms)
✔ source: debugger UI function evaluation rolls back commands and heap (9.555709ms)
✔ CIL: debugger UI function evaluation rolls back commands and heap (15.318208ms)
✔ WinUI IL is verified and executes after all-method editable IL reconstruction (12.093542ms)
✔ framework contracts are unique and inherited properties/events bind without reflection fallback (0.672791ms)
✔ async compiler symbols have stable unique IDs and no generated capture fields in Solution Explorer (3.057291ms)
✔ empty-folder save/reopen preserves utf-8 bytes, all assets, settings and empty directories (15.287875ms)
✔ empty-folder save/reopen preserves utf-16le bytes, all assets, settings and empty directories (3.779083ms)
✔ empty-folder save/reopen preserves utf-16be bytes, all assets, settings and empty directories (2.891167ms)
✔ empty-folder writer rejects preexisting contents without opening a write stream (1.245292ms)
✔ empty-folder writer resolves denied permission before any mutation (0.597875ms)
✔ empty-folder writer reports completed writes on mid-operation failure, never claims atomicity (1.666416ms)
✔ aborted empty-folder save creates no files (0.5015ms)
✔ empty-folder writer validates complete path plan before mutation A.txt / a.txt (0.297416ms)
✔ empty-folder writer validates complete path plan before mutation A/one.txt / a/two.txt (0.259ms)
✔ empty-folder writer validates complete path plan before mutation é.txt / é.txt (0.703667ms)
✔ empty-folder writer validates complete path plan before mutation a / a/b (0.222125ms)
✔ directory loader preserves explicitly recorded files but excludes administrative code and stores warning paths (0.311625ms)
✔ folder manifests reject ambiguity and preserve the original records on failure (0.14175ms)
✔ FileList repository prefix is normalized only by a validated workspace manifest (0.5485ms)
✔ disk source save preserves utf-16le and detects external edits before any writing (0.303084ms)
✔ disk source save preserves utf-16be and detects external edits before any writing (0.103125ms)
✔ disk source save rechecks after permissions and never overwrites a prompt-time change (0.119166ms)
✔ native disk creation rejects case-shadow files and parents before applying any batch entry (15.427041ms)
✔ native new destination parents use portable case identity within the same batch (2.594791ms)
✔ CLI ZIP/extraction preserve an existing manifest, binaries and empty folders (817.533042ms)
✔ CLI writePlan validates duplicate/case/traversing destinations before creating output directory (2.353875ms)
ℹ tests 4089
ℹ suites 0
ℹ pass 4089
ℹ fail 0
ℹ cancelled 0
ℹ skipped 0
ℹ todo 0
ℹ duration_ms 21381.099292
