2026-10-04T02:39:59.8988671Z Current runner version: '2.337.0'
2026-10-04T02:39:59.9015036Z ##[group]Runner Image Provisioner
2026-10-04T02:39:59.9015927Z Hosted Compute Agent
2026-10-04T02:39:59.9016832Z Version: 20260901.588
2026-10-04T02:39:59.9017526Z Commit: f88ec8081b781fac6c440065ac7ff9e710ce3d0b
2026-10-04T02:39:59.9018257Z Build Date: 2026-09-01T19:56:44Z
2026-10-04T02:39:59.9019022Z Worker ID: {e814eb83-a5b8-4d4f-b3ad-186e3afa5dab}
2026-10-04T02:39:59.9019753Z Azure Region: canadaeast
2026-10-04T02:39:59.9020381Z ##[endgroup]
2026-10-04T02:39:59.9021958Z ##[group]Operating System
2026-10-04T02:39:59.9022609Z Ubuntu
2026-10-04T02:39:59.9023211Z 24.04.5
2026-10-04T02:39:59.9023773Z LTS
2026-10-04T02:39:59.9024335Z ##[endgroup]
2026-10-04T02:39:59.9024990Z ##[group]Runner Image
2026-10-04T02:39:59.9025595Z Image: ubuntu-24.04
2026-10-04T02:39:59.9026410Z Version: 20260927.320.1
2026-10-04T02:39:59.9028056Z Included Software: https://github.com/actions/runner-images/blob/ubuntu24/20260927.320/images/ubuntu/Ubuntu2404-Readme.md
2026-10-04T02:39:59.9029823Z Image Release: https://github.com/actions/runner-images/releases/tag/ubuntu24%2F20260927.320
2026-10-04T02:39:59.9030789Z ##[endgroup]
2026-10-04T02:39:59.9031977Z ##[group]GITHUB_TOKEN Permissions
2026-10-04T02:39:59.9034230Z Contents: read
2026-10-04T02:39:59.9034906Z Metadata: read
2026-10-04T02:39:59.9035470Z ##[endgroup]
2026-10-04T02:39:59.9038392Z Secret source: Actions
2026-10-04T02:39:59.9039348Z Cache mode: write
2026-10-04T02:39:59.9040224Z Prepare workflow directory
2026-10-04T02:39:59.9437941Z Prepare all required actions
2026-10-04T02:39:59.9486919Z Getting action download info
2026-10-04T02:40:00.2189333Z Download action repository 'actions/checkout@3d3c42e5aac5ba805825da76410c181273ba90b1' (SHA:3d3c42e5aac5ba805825da76410c181273ba90b1)
2026-10-04T02:40:00.3353177Z Download action repository 'actions/setup-node@49933ea5288caeca8642d1e84afbd3f7d6820020' (SHA:49933ea5288caeca8642d1e84afbd3f7d6820020)
2026-10-04T02:40:00.4696458Z Download action repository 'actions/setup-python@5fda3b95a4ea91299a34e894583c3862153e4b97' (SHA:5fda3b95a4ea91299a34e894583c3862153e4b97)
2026-10-04T02:40:00.5697603Z Download action repository 'actions/upload-artifact@ea165f8d65b6e75b540449e92b4886f43607fa02' (SHA:ea165f8d65b6e75b540449e92b4886f43607fa02)
2026-10-04T02:40:00.7813334Z Complete job name: qualify
2026-10-04T02:40:00.8608507Z ##[group]Run actions/checkout@3d3c42e5aac5ba805825da76410c181273ba90b1
2026-10-04T02:40:00.8609887Z with:
2026-10-04T02:40:00.8610408Z   ref: e990e9342678117090a48516ec736d92104be4b2
2026-10-04T02:40:00.8611031Z   repository: wieslawsoltes/SharpForge
2026-10-04T02:40:00.8615126Z   token: ***
2026-10-04T02:40:00.8615553Z   ssh-strict: true
2026-10-04T02:40:00.8615988Z   ssh-user: git
2026-10-04T02:40:00.8616684Z   persist-credentials: true
2026-10-04T02:40:00.8617200Z   clean: true
2026-10-04T02:40:00.8617648Z   sparse-checkout-cone-mode: true
2026-10-04T02:40:00.8618173Z   fetch-depth: 1
2026-10-04T02:40:00.8618609Z   fetch-tags: false
2026-10-04T02:40:00.8619054Z   show-progress: true
2026-10-04T02:40:00.8619529Z   lfs: false
2026-10-04T02:40:00.8619941Z   submodules: false
2026-10-04T02:40:00.8620393Z   set-safe-directory: true
2026-10-04T02:40:00.8620904Z   allow-unsafe-pr-checkout: false
2026-10-04T02:40:00.8621710Z env:
2026-10-04T02:40:00.8622248Z   SHARPFORGE_RESULTS_DIR: artifacts/results/project16
2026-10-04T02:40:00.8622886Z ##[endgroup]
2026-10-04T02:40:00.9721274Z Syncing repository: wieslawsoltes/SharpForge
2026-10-04T02:40:00.9724101Z ##[group]Getting Git version info
2026-10-04T02:40:00.9725435Z Working directory is '/home/runner/work/SharpForge/SharpForge'
2026-10-04T02:40:00.9728031Z [command]/usr/bin/git version
2026-10-04T02:40:00.9794590Z git version 2.55.0
2026-10-04T02:40:00.9816090Z ##[endgroup]
2026-10-04T02:40:00.9827387Z Temporarily overriding HOME='/home/runner/work/_temp/dfc56b88-7e45-424d-8938-9c1b34cc1e28' before making global git config changes
2026-10-04T02:40:00.9829701Z Adding repository directory to the temporary git global config as a safe directory
2026-10-04T02:40:00.9833241Z [command]/usr/bin/git config --global --add safe.directory /home/runner/work/SharpForge/SharpForge
2026-10-04T02:40:00.9882130Z Deleting the contents of '/home/runner/work/SharpForge/SharpForge'
2026-10-04T02:40:00.9885669Z ##[group]Determining repository object format
2026-10-04T02:40:00.9887210Z ##[endgroup]
2026-10-04T02:40:00.9888424Z ##[group]Initializing the repository
2026-10-04T02:40:00.9891792Z [command]/usr/bin/git init /home/runner/work/SharpForge/SharpForge
2026-10-04T02:40:01.0033207Z hint: Using 'master' as the name for the initial branch. This default branch name
2026-10-04T02:40:01.0034363Z hint: will change to "main" in Git 3.0. To configure the initial branch name
2026-10-04T02:40:01.0035472Z hint: to use in all of your new repositories, which will suppress this warning,
2026-10-04T02:40:01.0036482Z hint: call:
2026-10-04T02:40:01.0037007Z hint:
2026-10-04T02:40:01.0037783Z hint: 	git config --global init.defaultBranch <name>
2026-10-04T02:40:01.0038946Z hint:
2026-10-04T02:40:01.0039883Z hint: Names commonly chosen instead of 'master' are 'main', 'trunk' and
2026-10-04T02:40:01.0041676Z hint: 'development'. The just-created branch can be renamed via this command:
2026-10-04T02:40:01.0043109Z hint:
2026-10-04T02:40:01.0043926Z hint: 	git branch -m <name>
2026-10-04T02:40:01.0044914Z hint:
2026-10-04T02:40:01.0046050Z hint: Disable this message with "git config set advice.defaultBranchName false"
2026-10-04T02:40:01.0048160Z Initialized empty Git repository in /home/runner/work/SharpForge/SharpForge/.git/
2026-10-04T02:40:01.0051310Z [command]/usr/bin/git remote add origin https://github.com/wieslawsoltes/SharpForge
2026-10-04T02:40:01.0109295Z ##[endgroup]
2026-10-04T02:40:01.0110628Z ##[group]Disabling automatic garbage collection
2026-10-04T02:40:01.0113648Z [command]/usr/bin/git config --local gc.auto 0
2026-10-04T02:40:01.0143068Z ##[endgroup]
2026-10-04T02:40:01.0144035Z ##[group]Setting up auth
2026-10-04T02:40:01.0145148Z Removing SSH command configuration
2026-10-04T02:40:01.0149067Z [command]/usr/bin/git config --local --name-only --get-regexp core\.sshCommand
2026-10-04T02:40:01.0179222Z [command]/usr/bin/git submodule foreach --recursive sh -c "git config --local --name-only --get-regexp 'core\.sshCommand' && git config --local --unset-all 'core.sshCommand' || :"
2026-10-04T02:40:01.0605355Z Removing HTTP extra header
2026-10-04T02:40:01.0607346Z [command]/usr/bin/git config --local --name-only --get-regexp http\.https\:\/\/github\.com\/\.extraheader
2026-10-04T02:40:01.0631421Z [command]/usr/bin/git submodule foreach --recursive sh -c "git config --local --name-only --get-regexp 'http\.https\:\/\/github\.com\/\.extraheader' && git config --local --unset-all 'http.https://github.com/.extraheader' || :"
2026-10-04T02:40:01.0843727Z Removing includeIf entries pointing to credentials config files
2026-10-04T02:40:01.0849502Z [command]/usr/bin/git config --local --name-only --get-regexp ^includeIf\.gitdir:
2026-10-04T02:40:01.0880823Z [command]/usr/bin/git submodule foreach --recursive git config --local --show-origin --name-only --get-regexp remote.origin.url
2026-10-04T02:40:01.1124712Z [command]/usr/bin/git config --file /home/runner/work/_temp/git-credentials-e6e5fce0-3d46-423e-ae8d-eb578e75e30c.config http.https://github.com/.extraheader AUTHORIZATION: basic ***
2026-10-04T02:40:01.1162373Z [command]/usr/bin/git config --local includeIf.gitdir:/home/runner/work/SharpForge/SharpForge/.git.path /home/runner/work/_temp/git-credentials-e6e5fce0-3d46-423e-ae8d-eb578e75e30c.config
2026-10-04T02:40:01.1194660Z [command]/usr/bin/git config --local includeIf.gitdir:/home/runner/work/SharpForge/SharpForge/.git/worktrees/*.path /home/runner/work/_temp/git-credentials-e6e5fce0-3d46-423e-ae8d-eb578e75e30c.config
2026-10-04T02:40:01.1227554Z [command]/usr/bin/git config --local includeIf.gitdir:/github/workspace/.git.path /github/runner_temp/git-credentials-e6e5fce0-3d46-423e-ae8d-eb578e75e30c.config
2026-10-04T02:40:01.1261299Z [command]/usr/bin/git config --local includeIf.gitdir:/github/workspace/.git/worktrees/*.path /github/runner_temp/git-credentials-e6e5fce0-3d46-423e-ae8d-eb578e75e30c.config
2026-10-04T02:40:01.1343463Z ##[endgroup]
2026-10-04T02:40:01.1344673Z ##[group]Fetching the repository
2026-10-04T02:40:01.1346160Z [command]/usr/bin/git -c protocol.version=2 fetch --no-tags --prune --no-recurse-submodules --depth=1 origin e990e9342678117090a48516ec736d92104be4b2
2026-10-04T02:40:03.1307641Z From https://github.com/wieslawsoltes/SharpForge
2026-10-04T02:40:03.1340264Z  * branch            e990e9342678117090a48516ec736d92104be4b2 -> FETCH_HEAD
2026-10-04T02:40:03.1349590Z [command]/usr/bin/git rev-parse --verify --quiet e990e9342678117090a48516ec736d92104be4b2^{object}
2026-10-04T02:40:03.1376594Z e990e9342678117090a48516ec736d92104be4b2
2026-10-04T02:40:03.1381521Z ##[endgroup]
2026-10-04T02:40:03.1382896Z ##[group]Determining the checkout info
2026-10-04T02:40:03.1384167Z ##[endgroup]
2026-10-04T02:40:03.1388272Z [command]/usr/bin/git sparse-checkout disable
2026-10-04T02:40:03.1443809Z [command]/usr/bin/git config --local --unset-all extensions.worktreeConfig
2026-10-04T02:40:03.1475843Z ##[group]Checking out the ref
2026-10-04T02:40:03.1481093Z [command]/usr/bin/git checkout --progress --force e990e9342678117090a48516ec736d92104be4b2
2026-10-04T02:40:03.9369455Z Note: switching to 'e990e9342678117090a48516ec736d92104be4b2'.
2026-10-04T02:40:03.9370280Z 
2026-10-04T02:40:03.9370851Z You are in 'detached HEAD' state. You can look around, make experimental
2026-10-04T02:40:03.9372044Z changes and commit them, and you can discard any commits you make in this
2026-10-04T02:40:03.9373145Z state without impacting any branches by switching back to a branch.
2026-10-04T02:40:03.9373727Z 
2026-10-04T02:40:03.9374136Z If you want to create a new branch to retain commits you create, you may
2026-10-04T02:40:03.9375096Z do so (now or later) by using -c with the switch command. Example:
2026-10-04T02:40:03.9375675Z 
2026-10-04T02:40:03.9375938Z   git switch -c <new-branch-name>
2026-10-04T02:40:03.9376674Z 
2026-10-04T02:40:03.9377017Z Or undo this operation with:
2026-10-04T02:40:03.9377390Z 
2026-10-04T02:40:03.9377613Z   git switch -
2026-10-04T02:40:03.9377903Z 
2026-10-04T02:40:03.9378365Z Turn off this advice by setting config variable advice.detachedHead to false
2026-10-04T02:40:03.9379288Z 
2026-10-04T02:40:03.9379948Z HEAD is now at e990e93 Merge pull request #3865 from wieslawsoltes/codex/project16/06-qualification-yaml
2026-10-04T02:40:03.9394884Z ##[endgroup]
2026-10-04T02:40:03.9440968Z [command]/usr/bin/git log -1 --format=%H
2026-10-04T02:40:03.9466686Z e990e9342678117090a48516ec736d92104be4b2
2026-10-04T02:40:03.9735734Z ##[group]Run actions/setup-node@49933ea5288caeca8642d1e84afbd3f7d6820020
2026-10-04T02:40:03.9736508Z with:
2026-10-04T02:40:03.9736818Z   node-version: 24
2026-10-04T02:40:03.9737128Z   always-auth: false
2026-10-04T02:40:03.9737442Z   check-latest: false
2026-10-04T02:40:03.9740672Z   token: ***
2026-10-04T02:40:03.9740973Z env:
2026-10-04T02:40:03.9741340Z   SHARPFORGE_RESULTS_DIR: artifacts/results/project16
2026-10-04T02:40:03.9741760Z ##[endgroup]
2026-10-04T02:40:04.1344508Z Found in cache @ /opt/hostedtoolcache/node/24.21.0/x64
2026-10-04T02:40:04.1349710Z (node:2408) [DEP0040] DeprecationWarning: The `punycode` module is deprecated. Please use a userland alternative instead.
2026-10-04T02:40:04.1350879Z (Use `node --trace-deprecation ...` to show where the warning was created)
2026-10-04T02:40:04.1352540Z ##[group]Environment details
2026-10-04T02:40:06.3560928Z node: v24.21.0
2026-10-04T02:40:06.3561414Z npm: 11.19.0
2026-10-04T02:40:06.3561820Z yarn: 1.22.22
2026-10-04T02:40:06.3562901Z ##[endgroup]
2026-10-04T02:40:06.3723211Z ##[group]Run node scripts/project16-trigger.js
2026-10-04T02:40:06.3723687Z [36;1mnode scripts/project16-trigger.js[0m
2026-10-04T02:40:06.5115710Z shell: /usr/bin/bash -e {0}
2026-10-04T02:40:06.5116046Z env:
2026-10-04T02:40:06.5116685Z   SHARPFORGE_RESULTS_DIR: artifacts/results/project16
2026-10-04T02:40:06.5117413Z ##[endgroup]
2026-10-04T02:40:06.5695955Z Resolved create: ubuntu-latest/chromium/all at e990e9342678117090a48516ec736d92104be4b2
2026-10-04T02:40:06.5869102Z ##[group]Run actions/setup-python@5fda3b95a4ea91299a34e894583c3862153e4b97
2026-10-04T02:40:06.5869542Z with:
2026-10-04T02:40:06.5869758Z   python-version: 3.12
2026-10-04T02:40:06.5870004Z   check-latest: false
2026-10-04T02:40:06.5872930Z   token: ***
2026-10-04T02:40:06.5873156Z   update-environment: true
2026-10-04T02:40:06.5873410Z   allow-prereleases: false
2026-10-04T02:40:06.5873647Z   freethreaded: false
2026-10-04T02:40:06.5873863Z env:
2026-10-04T02:40:06.5874104Z   SHARPFORGE_RESULTS_DIR: artifacts/results/project16
2026-10-04T02:40:06.5874444Z   QUALIFICATION_TRIGGER_EVENT: create
2026-10-04T02:40:06.5874913Z   QUALIFICATION_TRIGGER_REF: refs/heads/codex/project16/qualify-ubuntu-chromium-all-20261004-a2
2026-10-04T02:40:06.5875405Z   QUALIFICATION_TRIGGER_NONCE: 20261004-a2
2026-10-04T02:40:06.5875765Z   QUALIFICATION_SOURCE_SHA: e990e9342678117090a48516ec736d92104be4b2
2026-10-04T02:40:06.5876514Z   QUALIFICATION_SOURCE_TREE: 36c33c1974b2429edc1798637673d548c822124d
2026-10-04T02:40:06.5876910Z   QUALIFICATION_RUNNER: ubuntu-latest
2026-10-04T02:40:06.5877180Z   QUALIFICATION_STAGE: all
2026-10-04T02:40:06.5877427Z   QUALIFICATION_CAPTURE_ONLY: true
2026-10-04T02:40:06.5877716Z   SHARPFORGE_BROWSER_ENGINE: chromium
2026-10-04T02:40:06.5878018Z   SHARPFORGE_EDITOR_BASELINE: 
2026-10-04T02:40:06.5878272Z   SHARPFORGE_WORKBENCH_BASELINE: 
2026-10-04T02:40:06.5878520Z ##[endgroup]
2026-10-04T02:40:06.7021762Z ##[group]Installed versions
2026-10-04T02:40:06.7374865Z Successfully set up CPython (3.12.14)
2026-10-04T02:40:06.7375518Z ##[endgroup]
2026-10-04T02:40:06.7474715Z ##[group]Run npm ci --ignore-scripts --no-audit --no-fund
2026-10-04T02:40:06.7475176Z [36;1mnpm ci --ignore-scripts --no-audit --no-fund[0m
2026-10-04T02:40:06.7592967Z shell: /usr/bin/bash -e {0}
2026-10-04T02:40:06.7593235Z env:
2026-10-04T02:40:06.7593541Z   SHARPFORGE_RESULTS_DIR: artifacts/results/project16
2026-10-04T02:40:06.7593899Z   QUALIFICATION_TRIGGER_EVENT: create
2026-10-04T02:40:06.7594382Z   QUALIFICATION_TRIGGER_REF: refs/heads/codex/project16/qualify-ubuntu-chromium-all-20261004-a2
2026-10-04T02:40:06.7594891Z   QUALIFICATION_TRIGGER_NONCE: 20261004-a2
2026-10-04T02:40:06.7595258Z   QUALIFICATION_SOURCE_SHA: e990e9342678117090a48516ec736d92104be4b2
2026-10-04T02:40:06.7595702Z   QUALIFICATION_SOURCE_TREE: 36c33c1974b2429edc1798637673d548c822124d
2026-10-04T02:40:06.7596076Z   QUALIFICATION_RUNNER: ubuntu-latest
2026-10-04T02:40:06.7596627Z   QUALIFICATION_STAGE: all
2026-10-04T02:40:06.7596898Z   QUALIFICATION_CAPTURE_ONLY: true
2026-10-04T02:40:06.7597233Z   SHARPFORGE_BROWSER_ENGINE: chromium
2026-10-04T02:40:06.7597504Z   SHARPFORGE_EDITOR_BASELINE: 
2026-10-04T02:40:06.7597754Z   SHARPFORGE_WORKBENCH_BASELINE: 
2026-10-04T02:40:06.7598067Z   pythonLocation: /opt/hostedtoolcache/Python/3.12.14/x64
2026-10-04T02:40:06.7598511Z   PKG_CONFIG_PATH: /opt/hostedtoolcache/Python/3.12.14/x64/lib/pkgconfig
2026-10-04T02:40:06.7598941Z   Python_ROOT_DIR: /opt/hostedtoolcache/Python/3.12.14/x64
2026-10-04T02:40:06.7599341Z   Python2_ROOT_DIR: /opt/hostedtoolcache/Python/3.12.14/x64
2026-10-04T02:40:06.7599721Z   Python3_ROOT_DIR: /opt/hostedtoolcache/Python/3.12.14/x64
2026-10-04T02:40:06.7600107Z   LD_LIBRARY_PATH: /opt/hostedtoolcache/Python/3.12.14/x64/lib
2026-10-04T02:40:06.7600431Z ##[endgroup]
2026-10-04T02:40:08.2913892Z 
2026-10-04T02:40:08.2915038Z added 28 packages in 1s
2026-10-04T02:40:08.3330215Z ##[group]Run npm run check
2026-10-04T02:40:08.3330514Z [36;1mnpm run check[0m
2026-10-04T02:40:08.3330730Z [36;1mnpm run build[0m
2026-10-04T02:40:08.3330958Z [36;1mnode scripts/standalone.js[0m
2026-10-04T02:40:08.3398566Z shell: /usr/bin/bash --noprofile --norc -e -o pipefail {0}
2026-10-04T02:40:08.3398907Z env:
2026-10-04T02:40:08.3399152Z   SHARPFORGE_RESULTS_DIR: artifacts/results/project16
2026-10-04T02:40:08.3399478Z   QUALIFICATION_TRIGGER_EVENT: create
2026-10-04T02:40:08.3400127Z   QUALIFICATION_TRIGGER_REF: refs/heads/codex/project16/qualify-ubuntu-chromium-all-20261004-a2
2026-10-04T02:40:08.3400611Z   QUALIFICATION_TRIGGER_NONCE: 20261004-a2
2026-10-04T02:40:08.3400963Z   QUALIFICATION_SOURCE_SHA: e990e9342678117090a48516ec736d92104be4b2
2026-10-04T02:40:08.3401410Z   QUALIFICATION_SOURCE_TREE: 36c33c1974b2429edc1798637673d548c822124d
2026-10-04T02:40:08.3401775Z   QUALIFICATION_RUNNER: ubuntu-latest
2026-10-04T02:40:08.3402037Z   QUALIFICATION_STAGE: all
2026-10-04T02:40:08.3402300Z   QUALIFICATION_CAPTURE_ONLY: true
2026-10-04T02:40:08.3402557Z   SHARPFORGE_BROWSER_ENGINE: chromium
2026-10-04T02:40:08.3402813Z   SHARPFORGE_EDITOR_BASELINE: 
2026-10-04T02:40:08.3403056Z   SHARPFORGE_WORKBENCH_BASELINE: 
2026-10-04T02:40:08.3403365Z   pythonLocation: /opt/hostedtoolcache/Python/3.12.14/x64
2026-10-04T02:40:08.3403803Z   PKG_CONFIG_PATH: /opt/hostedtoolcache/Python/3.12.14/x64/lib/pkgconfig
2026-10-04T02:40:08.3404234Z   Python_ROOT_DIR: /opt/hostedtoolcache/Python/3.12.14/x64
2026-10-04T02:40:08.3404615Z   Python2_ROOT_DIR: /opt/hostedtoolcache/Python/3.12.14/x64
2026-10-04T02:40:08.3404995Z   Python3_ROOT_DIR: /opt/hostedtoolcache/Python/3.12.14/x64
2026-10-04T02:40:08.3405368Z   LD_LIBRARY_PATH: /opt/hostedtoolcache/Python/3.12.14/x64/lib
2026-10-04T02:40:08.3405686Z ##[endgroup]
2026-10-04T02:40:08.4471297Z 
2026-10-04T02:40:08.4471736Z > sharpforge@0.14.0 check
2026-10-04T02:40:08.4472259Z > node scripts/run.js check
2026-10-04T02:40:08.4472439Z 
2026-10-04T02:40:08.7225137Z {
2026-10-04T02:40:08.7225587Z   "areas": 30,
2026-10-04T02:40:08.7253670Z   "nodeFiles": 766,
2026-10-04T02:40:08.7254192Z   "browserScripts": 32,
2026-10-04T02:40:08.7254605Z   "unassigned": 0,
2026-10-04T02:40:08.7254882Z   "duplicate": 0
2026-10-04T02:40:08.7255100Z }
2026-10-04T02:40:10.1502489Z Checked 3027 JavaScript modules; 0 syntax errors.
2026-10-04T02:40:12.8163316Z {
2026-10-04T02:40:12.8163814Z   "passed": true,
2026-10-04T02:40:12.8164235Z   "inspected": 3023,
2026-10-04T02:40:12.8164685Z   "modules": 3023,
2026-10-04T02:40:12.8165050Z   "errors": []
2026-10-04T02:40:12.8165393Z }
2026-10-04T02:40:12.9313807Z 
2026-10-04T02:40:12.9314468Z > sharpforge@0.14.0 build
2026-10-04T02:40:12.9315094Z > node scripts/run.js build
2026-10-04T02:40:12.9315417Z 
2026-10-04T02:40:18.2732063Z Built dependency-free browser application in dist/
2026-10-04T02:40:20.0554116Z Built /home/runner/work/SharpForge/SharpForge/artifacts/SharpForge-standalone.html (15,146,002 bytes; 5 embedded worker graphs)
2026-10-04T02:40:20.0784267Z ##[group]Run python -m pip install --require-hashes --only-binary=:all: -r tests/requirements.txt
2026-10-04T02:40:20.0785486Z [36;1mpython -m pip install --require-hashes --only-binary=:all: -r tests/requirements.txt[0m
2026-10-04T02:40:20.0868637Z shell: /usr/bin/bash -e {0}
2026-10-04T02:40:20.0868893Z env:
2026-10-04T02:40:20.0869147Z   SHARPFORGE_RESULTS_DIR: artifacts/results/project16
2026-10-04T02:40:20.0869484Z   QUALIFICATION_TRIGGER_EVENT: create
2026-10-04T02:40:20.0869969Z   QUALIFICATION_TRIGGER_REF: refs/heads/codex/project16/qualify-ubuntu-chromium-all-20261004-a2
2026-10-04T02:40:20.0870451Z   QUALIFICATION_TRIGGER_NONCE: 20261004-a2
2026-10-04T02:40:20.0870808Z   QUALIFICATION_SOURCE_SHA: e990e9342678117090a48516ec736d92104be4b2
2026-10-04T02:40:20.0871238Z   QUALIFICATION_SOURCE_TREE: 36c33c1974b2429edc1798637673d548c822124d
2026-10-04T02:40:20.0871599Z   QUALIFICATION_RUNNER: ubuntu-latest
2026-10-04T02:40:20.0871855Z   QUALIFICATION_STAGE: all
2026-10-04T02:40:20.0872137Z   QUALIFICATION_CAPTURE_ONLY: true
2026-10-04T02:40:20.0872399Z   SHARPFORGE_BROWSER_ENGINE: chromium
2026-10-04T02:40:20.0872657Z   SHARPFORGE_EDITOR_BASELINE: 
2026-10-04T02:40:20.0872901Z   SHARPFORGE_WORKBENCH_BASELINE: 
2026-10-04T02:40:20.0873210Z   pythonLocation: /opt/hostedtoolcache/Python/3.12.14/x64
2026-10-04T02:40:20.0873631Z   PKG_CONFIG_PATH: /opt/hostedtoolcache/Python/3.12.14/x64/lib/pkgconfig
2026-10-04T02:40:20.0874058Z   Python_ROOT_DIR: /opt/hostedtoolcache/Python/3.12.14/x64
2026-10-04T02:40:20.0874625Z   Python2_ROOT_DIR: /opt/hostedtoolcache/Python/3.12.14/x64
2026-10-04T02:40:20.0875030Z   Python3_ROOT_DIR: /opt/hostedtoolcache/Python/3.12.14/x64
2026-10-04T02:40:20.0875414Z   LD_LIBRARY_PATH: /opt/hostedtoolcache/Python/3.12.14/x64/lib
2026-10-04T02:40:20.0875730Z ##[endgroup]
2026-10-04T02:40:22.8683226Z Collecting attrs==26.1.0 (from -r tests/requirements.txt (line 3))
2026-10-04T02:40:22.9855910Z   Downloading attrs-26.1.0-py3-none-any.whl (67 kB)
2026-10-04T02:40:23.2724994Z Collecting greenlet==3.5.6 (from -r tests/requirements.txt (line 5))
2026-10-04T02:40:23.2987953Z   Downloading greenlet-3.5.6-cp312-cp312-manylinux_2_24_x86_64.manylinux_2_28_x86_64.whl (621 kB)
2026-10-04T02:40:23.3971052Z      ━━━━━━━━━━━━━━━━━━━━━━━━━━━━━━━━━━━━━━━━ 621.4/621.4 kB 7.8 MB/s  0:00:00
2026-10-04T02:40:23.4377952Z Collecting jsonschema==4.26.0 (from -r tests/requirements.txt (line 84))
2026-10-04T02:40:23.4637383Z   Downloading jsonschema-4.26.0-py3-none-any.whl (90 kB)
2026-10-04T02:40:23.5011634Z Collecting jsonschema-specifications==2025.9.1 (from -r tests/requirements.txt (line 86))
2026-10-04T02:40:23.5271958Z   Downloading jsonschema_specifications-2025.9.1-py3-none-any.whl (18 kB)
2026-10-04T02:40:23.5914149Z Collecting playwright==1.63.0 (from -r tests/requirements.txt (line 88))
2026-10-04T02:40:23.6168365Z   Downloading playwright-1.63.0-py3-none-manylinux1_x86_64.whl (48.2 MB)
2026-10-04T02:40:23.9609895Z      ━━━━━━━━━━━━━━━━━━━━━━━━━━━━━━━━━━━━━━━━ 48.2/48.2 MB 142.6 MB/s  0:00:00
2026-10-04T02:40:24.0294536Z Collecting pyee==13.0.1 (from -r tests/requirements.txt (line 97))
2026-10-04T02:40:24.0552035Z   Downloading pyee-13.0.1-py3-none-any.whl (15 kB)
2026-10-04T02:40:24.1140592Z Collecting PyYAML==6.0.3 (from -r tests/requirements.txt (line 99))
2026-10-04T02:40:24.1402714Z   Downloading pyyaml-6.0.3-cp312-cp312-manylinux2014_x86_64.manylinux_2_17_x86_64.manylinux_2_28_x86_64.whl (807 kB)
2026-10-04T02:40:24.1459346Z      ━━━━━━━━━━━━━━━━━━━━━━━━━━━━━━━━━━━━━━━━ 807.9/807.9 kB 163.3 MB/s  0:00:00
2026-10-04T02:40:24.1856694Z Collecting referencing==0.37.0 (from -r tests/requirements.txt (line 172))
2026-10-04T02:40:24.2112139Z   Downloading referencing-0.37.0-py3-none-any.whl (26 kB)
2026-10-04T02:40:24.5072644Z Collecting rpds-py==2026.6.3 (from -r tests/requirements.txt (line 174))
2026-10-04T02:40:24.5334412Z   Downloading rpds_py-2026.6.3-cp312-cp312-manylinux_2_17_x86_64.manylinux2014_x86_64.whl (366 kB)
2026-10-04T02:40:24.5715407Z Collecting typing_extensions==4.16.0 (from -r tests/requirements.txt (line 290))
2026-10-04T02:40:24.5975887Z   Downloading typing_extensions-4.16.0-py3-none-any.whl (45 kB)
2026-10-04T02:40:24.7234817Z Installing collected packages: typing_extensions, rpds-py, PyYAML, greenlet, attrs, referencing, pyee, playwright, jsonschema-specifications, jsonschema
2026-10-04T02:40:25.8026618Z 
2026-10-04T02:40:25.8045394Z Successfully installed PyYAML-6.0.3 attrs-26.1.0 greenlet-3.5.6 jsonschema-4.26.0 jsonschema-specifications-2025.9.1 playwright-1.63.0 pyee-13.0.1 referencing-0.37.0 rpds-py-2026.6.3 typing_extensions-4.16.0
2026-10-04T02:40:25.8654839Z ##[group]Run python -m playwright install --with-deps "$SHARPFORGE_BROWSER_ENGINE"
2026-10-04T02:40:25.8655766Z [36;1mpython -m playwright install --with-deps "$SHARPFORGE_BROWSER_ENGINE"[0m
2026-10-04T02:40:25.8717304Z shell: /usr/bin/bash --noprofile --norc -e -o pipefail {0}
2026-10-04T02:40:25.8717636Z env:
2026-10-04T02:40:25.8717878Z   SHARPFORGE_RESULTS_DIR: artifacts/results/project16
2026-10-04T02:40:25.8718212Z   QUALIFICATION_TRIGGER_EVENT: create
2026-10-04T02:40:25.8718683Z   QUALIFICATION_TRIGGER_REF: refs/heads/codex/project16/qualify-ubuntu-chromium-all-20261004-a2
2026-10-04T02:40:25.8719166Z   QUALIFICATION_TRIGGER_NONCE: 20261004-a2
2026-10-04T02:40:25.8719515Z   QUALIFICATION_SOURCE_SHA: e990e9342678117090a48516ec736d92104be4b2
2026-10-04T02:40:25.8719945Z   QUALIFICATION_SOURCE_TREE: 36c33c1974b2429edc1798637673d548c822124d
2026-10-04T02:40:25.8720485Z   QUALIFICATION_RUNNER: ubuntu-latest
2026-10-04T02:40:25.8720748Z   QUALIFICATION_STAGE: all
2026-10-04T02:40:25.8721018Z   QUALIFICATION_CAPTURE_ONLY: true
2026-10-04T02:40:25.8721279Z   SHARPFORGE_BROWSER_ENGINE: chromium
2026-10-04T02:40:25.8721537Z   SHARPFORGE_EDITOR_BASELINE: 
2026-10-04T02:40:25.8721782Z   SHARPFORGE_WORKBENCH_BASELINE: 
2026-10-04T02:40:25.8722085Z   pythonLocation: /opt/hostedtoolcache/Python/3.12.14/x64
2026-10-04T02:40:25.8722494Z   PKG_CONFIG_PATH: /opt/hostedtoolcache/Python/3.12.14/x64/lib/pkgconfig
2026-10-04T02:40:25.8722900Z   Python_ROOT_DIR: /opt/hostedtoolcache/Python/3.12.14/x64
2026-10-04T02:40:25.8723275Z   Python2_ROOT_DIR: /opt/hostedtoolcache/Python/3.12.14/x64
2026-10-04T02:40:25.8723652Z   Python3_ROOT_DIR: /opt/hostedtoolcache/Python/3.12.14/x64
2026-10-04T02:40:25.8724023Z   LD_LIBRARY_PATH: /opt/hostedtoolcache/Python/3.12.14/x64/lib
2026-10-04T02:40:25.8724337Z ##[endgroup]
2026-10-04T02:40:26.2323664Z Installing dependencies...
2026-10-04T02:40:26.2391938Z Switching to root user to install dependencies...
2026-10-04T02:40:26.3673257Z Get:1 file:/etc/apt/apt-mirrors.txt Mirrorlist [144 B]
2026-10-04T02:40:26.4157593Z Hit:2 http://azure.archive.ubuntu.com/ubuntu noble InRelease
2026-10-04T02:40:26.4188112Z Get:6 https://packages.microsoft.com/ubuntu/24.04/prod noble InRelease [3600 B]
2026-10-04T02:40:26.4200846Z Get:3 http://azure.archive.ubuntu.com/ubuntu noble-updates InRelease [126 kB]
2026-10-04T02:40:26.4264643Z Get:4 http://azure.archive.ubuntu.com/ubuntu noble-backports InRelease [126 kB]
2026-10-04T02:40:26.4316993Z Get:5 http://azure.archive.ubuntu.com/ubuntu noble-security InRelease [126 kB]
2026-10-04T02:40:26.5865125Z Get:7 https://packages.microsoft.com/ubuntu/24.04/prod noble/main armhf Packages [12.6 kB]
2026-10-04T02:40:26.6061617Z Get:8 https://packages.microsoft.com/ubuntu/24.04/prod noble/main amd64 Packages [511 kB]
2026-10-04T02:40:26.6288237Z Get:9 http://azure.archive.ubuntu.com/ubuntu noble-updates/main amd64 Packages [1364 kB]
2026-10-04T02:40:26.6363471Z Get:10 http://azure.archive.ubuntu.com/ubuntu noble-updates/main Translation-en [304 kB]
2026-10-04T02:40:26.6364692Z Get:18 https://packages.microsoft.com/ubuntu/24.04/prod noble/main arm64 Packages [458 kB]
2026-10-04T02:40:26.6368456Z Get:11 http://azure.archive.ubuntu.com/ubuntu noble-updates/main amd64 Components [181 kB]
2026-10-04T02:40:26.6393602Z Get:12 http://azure.archive.ubuntu.com/ubuntu noble-updates/universe amd64 Packages [1699 kB]
2026-10-04T02:40:26.6462314Z Get:13 http://azure.archive.ubuntu.com/ubuntu noble-updates/universe Translation-en [341 kB]
2026-10-04T02:40:26.6483878Z Get:14 http://azure.archive.ubuntu.com/ubuntu noble-updates/universe amd64 Components [388 kB]
2026-10-04T02:40:26.6505169Z Get:15 http://azure.archive.ubuntu.com/ubuntu noble-updates/restricted amd64 Packages [1720 kB]
2026-10-04T02:40:26.6604941Z Get:16 http://azure.archive.ubuntu.com/ubuntu noble-updates/restricted Translation-en [394 kB]
2026-10-04T02:40:26.6634228Z Get:17 http://azure.archive.ubuntu.com/ubuntu noble-updates/multiverse amd64 Components [940 B]
2026-10-04T02:40:26.6908135Z Get:19 http://azure.archive.ubuntu.com/ubuntu noble-backports/main amd64 Components [5736 B]
2026-10-04T02:40:26.7348649Z Get:20 http://azure.archive.ubuntu.com/ubuntu noble-backports/universe amd64 Components [12.6 kB]
2026-10-04T02:40:26.7396904Z Get:21 http://azure.archive.ubuntu.com/ubuntu noble-security/main amd64 Packages [1069 kB]
2026-10-04T02:40:26.7448524Z Get:22 http://azure.archive.ubuntu.com/ubuntu noble-security/main Translation-en [221 kB]
2026-10-04T02:40:26.7462800Z Get:23 http://azure.archive.ubuntu.com/ubuntu noble-security/main amd64 Components [46.5 kB]
2026-10-04T02:40:26.7470529Z Get:24 http://azure.archive.ubuntu.com/ubuntu noble-security/universe amd64 Packages [1216 kB]
2026-10-04T02:40:26.7523588Z Get:25 http://azure.archive.ubuntu.com/ubuntu noble-security/universe Translation-en [244 kB]
2026-10-04T02:40:26.7539942Z Get:26 http://azure.archive.ubuntu.com/ubuntu noble-security/universe amd64 Components [76.3 kB]
2026-10-04T02:40:26.7546640Z Get:27 http://azure.archive.ubuntu.com/ubuntu noble-security/restricted amd64 Packages [1566 kB]
2026-10-04T02:40:26.7616997Z Get:28 http://azure.archive.ubuntu.com/ubuntu noble-security/restricted Translation-en [361 kB]
2026-10-04T02:40:33.1188887Z Fetched 12.6 MB in 1s (8842 kB/s)
2026-10-04T02:40:33.9361252Z Reading package lists...
2026-10-04T02:40:33.9650343Z Reading package lists...
2026-10-04T02:40:34.1881742Z Building dependency tree...
2026-10-04T02:40:34.1888736Z Reading state information...
2026-10-04T02:40:34.3235024Z libasound2t64 is already the newest version (1.2.11-1ubuntu0.3).
2026-10-04T02:40:34.3236138Z libasound2t64 set to manually installed.
2026-10-04T02:40:34.3237516Z libatk-bridge2.0-0t64 is already the newest version (2.52.0-1build1).
2026-10-04T02:40:34.3238609Z libatk-bridge2.0-0t64 set to manually installed.
2026-10-04T02:40:34.3239653Z libatk1.0-0t64 is already the newest version (2.52.0-1build1).
2026-10-04T02:40:34.3240635Z libatk1.0-0t64 set to manually installed.
2026-10-04T02:40:34.3241657Z libatspi2.0-0t64 is already the newest version (2.52.0-1build1).
2026-10-04T02:40:34.3242636Z libatspi2.0-0t64 set to manually installed.
2026-10-04T02:40:34.3243368Z libcairo2 is already the newest version (1.18.0-3build1).
2026-10-04T02:40:34.3243876Z libcairo2 set to manually installed.
2026-10-04T02:40:34.3244636Z libcups2t64 is already the newest version (2.4.7-1.2ubuntu7.14).
2026-10-04T02:40:34.3245250Z libcups2t64 set to manually installed.
2026-10-04T02:40:34.3245715Z libdbus-1-3 is already the newest version (1.14.10-4ubuntu4.1).
2026-10-04T02:40:34.3246163Z libdbus-1-3 set to manually installed.
2026-10-04T02:40:34.3246901Z libdrm2 is already the newest version (2.4.125-1ubuntu0.1~24.04.2).
2026-10-04T02:40:34.3247361Z libdrm2 set to manually installed.
2026-10-04T02:40:34.3247823Z libglib2.0-0t64 is already the newest version (2.80.0-6ubuntu3.9).
2026-10-04T02:40:34.3248302Z libglib2.0-0t64 set to manually installed.
2026-10-04T02:40:34.3248998Z libnspr4 is already the newest version (2:4.35-1.1build1).
2026-10-04T02:40:34.3249427Z libnspr4 set to manually installed.
2026-10-04T02:40:34.3249873Z libnss3 is already the newest version (2:3.98-1ubuntu0.2).
2026-10-04T02:40:34.3250319Z libnss3 set to manually installed.
2026-10-04T02:40:34.3250776Z libpango-1.0-0 is already the newest version (1.52.1+ds-1build1).
2026-10-04T02:40:34.3251238Z libpango-1.0-0 set to manually installed.
2026-10-04T02:40:34.3251685Z libx11-6 is already the newest version (2:1.8.7-1build1).
2026-10-04T02:40:34.3252100Z libx11-6 set to manually installed.
2026-10-04T02:40:34.3252604Z libxcb1 is already the newest version (1.15-1ubuntu2).
2026-10-04T02:40:34.3253004Z libxcb1 set to manually installed.
2026-10-04T02:40:34.3253461Z libxcomposite1 is already the newest version (1:0.4.5-1build3).
2026-10-04T02:40:34.3253931Z libxcomposite1 set to manually installed.
2026-10-04T02:40:34.3254397Z libxdamage1 is already the newest version (1:1.1.6-1build1).
2026-10-04T02:40:34.3254841Z libxdamage1 set to manually installed.
2026-10-04T02:40:34.3255630Z libxext6 is already the newest version (2:1.3.4-1build2).
2026-10-04T02:40:34.3256061Z libxext6 set to manually installed.
2026-10-04T02:40:34.3256649Z libxfixes3 is already the newest version (1:6.0.0-2build1).
2026-10-04T02:40:34.3257084Z libxfixes3 set to manually installed.
2026-10-04T02:40:34.3257538Z libxkbcommon0 is already the newest version (1.6.0-1build1).
2026-10-04T02:40:34.3257983Z libxkbcommon0 set to manually installed.
2026-10-04T02:40:34.3258453Z libxrandr2 is already the newest version (2:1.5.2-2build1).
2026-10-04T02:40:34.3258882Z libxrandr2 set to manually installed.
2026-10-04T02:40:34.3259328Z xvfb is already the newest version (2:21.1.12-1ubuntu1.8).
2026-10-04T02:40:34.3259910Z fonts-noto-color-emoji is already the newest version (2.047-0ubuntu0.24.04.1).
2026-10-04T02:40:34.3260491Z libfontconfig1 is already the newest version (2.15.0-1.1ubuntu2).
2026-10-04T02:40:34.3260929Z libfontconfig1 set to manually installed.
2026-10-04T02:40:34.3261564Z libfreetype6 is already the newest version (2.13.2+dfsg-1ubuntu0.1).
2026-10-04T02:40:34.3261989Z libfreetype6 set to manually installed.
2026-10-04T02:40:34.3262397Z fonts-liberation is already the newest version (1:2.1.5-3).
2026-10-04T02:40:34.3262802Z fonts-liberation set to manually installed.
2026-10-04T02:40:34.3263200Z The following additional packages will be installed:
2026-10-04T02:40:34.3263698Z   libgl1-mesa-dri libglx-mesa0 mesa-libgallium xfonts-encodings xfonts-utils
2026-10-04T02:40:34.3264115Z Recommended packages:
2026-10-04T02:40:34.3264391Z   fonts-ipafont-mincho fonts-tlwg-loma
2026-10-04T02:40:34.3539491Z The following NEW packages will be installed:
2026-10-04T02:40:34.3540236Z   fonts-freefont-ttf fonts-ipafont-gothic fonts-tlwg-loma-otf fonts-unifont
2026-10-04T02:40:34.3544732Z   fonts-wqy-zenhei xfonts-cyrillic xfonts-encodings xfonts-scalable
2026-10-04T02:40:34.3545396Z   xfonts-utils
2026-10-04T02:40:34.3548727Z The following packages will be upgraded:
2026-10-04T02:40:34.3553051Z   libgbm1 libgl1-mesa-dri libglx-mesa0 mesa-libgallium
2026-10-04T02:40:34.3713988Z 4 upgraded, 9 newly installed, 0 to remove and 21 not upgraded.
2026-10-04T02:40:34.3714726Z Need to get 32.1 MB of archives.
2026-10-04T02:40:34.3715588Z After this operation, 79.5 MB of additional disk space will be used.
2026-10-04T02:40:34.3716679Z Get:1 file:/etc/apt/apt-mirrors.txt Mirrorlist [144 B]
2026-10-04T02:40:34.4484194Z Get:2 http://azure.archive.ubuntu.com/ubuntu noble/universe amd64 fonts-ipafont-gothic all 00303-21ubuntu1 [3513 kB]
2026-10-04T02:40:34.7190909Z Get:3 http://azure.archive.ubuntu.com/ubuntu noble/main amd64 fonts-freefont-ttf all 20211204+svn4273-2 [5641 kB]
2026-10-04T02:40:34.8132644Z Get:4 http://azure.archive.ubuntu.com/ubuntu noble/universe amd64 fonts-tlwg-loma-otf all 1:0.7.3-1 [107 kB]
2026-10-04T02:40:34.8440100Z Get:5 http://azure.archive.ubuntu.com/ubuntu noble/universe amd64 fonts-unifont all 1:15.1.01-1build1 [2993 kB]
2026-10-04T02:40:34.9063960Z Get:6 http://azure.archive.ubuntu.com/ubuntu noble/universe amd64 fonts-wqy-zenhei all 0.9.45-8 [7472 kB]
2026-10-04T02:40:35.0163339Z Get:7 http://azure.archive.ubuntu.com/ubuntu noble-updates/main amd64 libgl1-mesa-dri amd64 25.2.8-0ubuntu0.24.04.4 [38.0 kB]
2026-10-04T02:40:35.0462492Z Get:8 http://azure.archive.ubuntu.com/ubuntu noble-updates/main amd64 libglx-mesa0 amd64 25.2.8-0ubuntu0.24.04.4 [110 kB]
2026-10-04T02:40:35.0776163Z Get:9 http://azure.archive.ubuntu.com/ubuntu noble-updates/main amd64 libgbm1 amd64 25.2.8-0ubuntu0.24.04.4 [34.2 kB]
2026-10-04T02:40:35.1077749Z Get:10 http://azure.archive.ubuntu.com/ubuntu noble-updates/main amd64 mesa-libgallium amd64 25.2.8-0ubuntu0.24.04.4 [10.8 MB]
2026-10-04T02:40:35.2577105Z Get:11 http://azure.archive.ubuntu.com/ubuntu noble/main amd64 xfonts-encodings all 1:1.0.5-0ubuntu2 [578 kB]
2026-10-04T02:40:35.2932444Z Get:12 http://azure.archive.ubuntu.com/ubuntu noble/main amd64 xfonts-utils amd64 1:7.7+6build3 [94.4 kB]
2026-10-04T02:40:35.3237457Z Get:13 http://azure.archive.ubuntu.com/ubuntu noble/universe amd64 xfonts-cyrillic all 1:1.0.5+nmu1 [384 kB]
2026-10-04T02:40:35.3584476Z Get:14 http://azure.archive.ubuntu.com/ubuntu noble/main amd64 xfonts-scalable all 1:1.0.3-1.3 [304 kB]
2026-10-04T02:40:35.6160019Z Fetched 32.1 MB in 1s (32.1 MB/s)
2026-10-04T02:40:35.6572792Z Selecting previously unselected package fonts-ipafont-gothic.
2026-10-04T02:40:35.7184120Z (Reading database ... 
2026-10-04T02:40:35.7184717Z (Reading database ... 5%
2026-10-04T02:40:35.7185270Z (Reading database ... 10%
2026-10-04T02:40:35.7185720Z (Reading database ... 15%
2026-10-04T02:40:35.7186046Z (Reading database ... 20%
2026-10-04T02:40:35.7186755Z (Reading database ... 25%
2026-10-04T02:40:35.7187222Z (Reading database ... 30%
2026-10-04T02:40:35.7187786Z (Reading database ... 35%
2026-10-04T02:40:35.7188306Z (Reading database ... 40%
2026-10-04T02:40:35.7188854Z (Reading database ... 45%
2026-10-04T02:40:35.7189206Z (Reading database ... 50%
2026-10-04T02:40:35.7484432Z (Reading database ... 55%
2026-10-04T02:40:36.1652766Z (Reading database ... 60%
2026-10-04T02:40:36.4130267Z (Reading database ... 65%
2026-10-04T02:40:36.6699290Z (Reading database ... 70%
2026-10-04T02:40:36.9201984Z (Reading database ... 75%
2026-10-04T02:40:37.2721359Z (Reading database ... 80%
2026-10-04T02:40:37.7974201Z (Reading database ... 85%
2026-10-04T02:40:38.3537077Z (Reading database ... 90%
2026-10-04T02:40:38.9442408Z (Reading database ... 95%
2026-10-04T02:40:38.9443068Z (Reading database ... 100%
2026-10-04T02:40:38.9444029Z (Reading database ... 202296 files and directories currently installed.)
2026-10-04T02:40:38.9486679Z Preparing to unpack .../00-fonts-ipafont-gothic_00303-21ubuntu1_all.deb ...
2026-10-04T02:40:38.9583542Z Unpacking fonts-ipafont-gothic (00303-21ubuntu1) ...
2026-10-04T02:40:39.1796640Z Selecting previously unselected package fonts-freefont-ttf.
2026-10-04T02:40:39.1927654Z Preparing to unpack .../01-fonts-freefont-ttf_20211204+svn4273-2_all.deb ...
2026-10-04T02:40:39.1934708Z Unpacking fonts-freefont-ttf (20211204+svn4273-2) ...
2026-10-04T02:40:39.2722469Z Selecting previously unselected package fonts-tlwg-loma-otf.
2026-10-04T02:40:39.2847577Z Preparing to unpack .../02-fonts-tlwg-loma-otf_1%3a0.7.3-1_all.deb ...
2026-10-04T02:40:39.2853777Z Unpacking fonts-tlwg-loma-otf (1:0.7.3-1) ...
2026-10-04T02:40:39.3118247Z Selecting previously unselected package fonts-unifont.
2026-10-04T02:40:39.3241551Z Preparing to unpack .../03-fonts-unifont_1%3a15.1.01-1build1_all.deb ...
2026-10-04T02:40:39.3248890Z Unpacking fonts-unifont (1:15.1.01-1build1) ...
2026-10-04T02:40:39.4290106Z Selecting previously unselected package fonts-wqy-zenhei.
2026-10-04T02:40:39.4413770Z Preparing to unpack .../04-fonts-wqy-zenhei_0.9.45-8_all.deb ...
2026-10-04T02:40:39.4511394Z Unpacking fonts-wqy-zenhei (0.9.45-8) ...
2026-10-04T02:40:39.9455645Z Preparing to unpack .../05-libgl1-mesa-dri_25.2.8-0ubuntu0.24.04.4_amd64.deb ...
2026-10-04T02:40:39.9595868Z Unpacking libgl1-mesa-dri:amd64 (25.2.8-0ubuntu0.24.04.4) over (25.2.8-0ubuntu0.24.04.2) ...
2026-10-04T02:40:40.0185800Z Preparing to unpack .../06-libglx-mesa0_25.2.8-0ubuntu0.24.04.4_amd64.deb ...
2026-10-04T02:40:40.0220063Z Unpacking libglx-mesa0:amd64 (25.2.8-0ubuntu0.24.04.4) over (25.2.8-0ubuntu0.24.04.2) ...
2026-10-04T02:40:40.0609792Z Preparing to unpack .../07-libgbm1_25.2.8-0ubuntu0.24.04.4_amd64.deb ...
2026-10-04T02:40:40.0697973Z Unpacking libgbm1:amd64 (25.2.8-0ubuntu0.24.04.4) over (25.2.8-0ubuntu0.24.04.2) ...
2026-10-04T02:40:40.1129878Z Preparing to unpack .../08-mesa-libgallium_25.2.8-0ubuntu0.24.04.4_amd64.deb ...
2026-10-04T02:40:40.1159595Z Unpacking mesa-libgallium:amd64 (25.2.8-0ubuntu0.24.04.4) over (25.2.8-0ubuntu0.24.04.2) ...
2026-10-04T02:40:40.2788921Z Selecting previously unselected package xfonts-encodings.
2026-10-04T02:40:40.2916912Z Preparing to unpack .../09-xfonts-encodings_1%3a1.0.5-0ubuntu2_all.deb ...
2026-10-04T02:40:40.2925069Z Unpacking xfonts-encodings (1:1.0.5-0ubuntu2) ...
2026-10-04T02:40:40.3205344Z Selecting previously unselected package xfonts-utils.
2026-10-04T02:40:40.3329606Z Preparing to unpack .../10-xfonts-utils_1%3a7.7+6build3_amd64.deb ...
2026-10-04T02:40:40.3335442Z Unpacking xfonts-utils (1:7.7+6build3) ...
2026-10-04T02:40:40.4039413Z Selecting previously unselected package xfonts-cyrillic.
2026-10-04T02:40:40.4163516Z Preparing to unpack .../11-xfonts-cyrillic_1%3a1.0.5+nmu1_all.deb ...
2026-10-04T02:40:40.4173628Z Unpacking xfonts-cyrillic (1:1.0.5+nmu1) ...
2026-10-04T02:40:40.4498461Z Selecting previously unselected package xfonts-scalable.
2026-10-04T02:40:40.4621654Z Preparing to unpack .../12-xfonts-scalable_1%3a1.0.3-1.3_all.deb ...
2026-10-04T02:40:40.4633469Z Unpacking xfonts-scalable (1:1.0.3-1.3) ...
2026-10-04T02:40:40.5057204Z Setting up mesa-libgallium:amd64 (25.2.8-0ubuntu0.24.04.4) ...
2026-10-04T02:40:40.5077522Z Setting up libgbm1:amd64 (25.2.8-0ubuntu0.24.04.4) ...
2026-10-04T02:40:40.5092561Z Setting up libgl1-mesa-dri:amd64 (25.2.8-0ubuntu0.24.04.4) ...
2026-10-04T02:40:40.5192227Z Setting up fonts-wqy-zenhei (0.9.45-8) ...
2026-10-04T02:40:40.5302856Z Setting up fonts-freefont-ttf (20211204+svn4273-2) ...
2026-10-04T02:40:40.5321987Z Setting up fonts-tlwg-loma-otf (1:0.7.3-1) ...
2026-10-04T02:40:40.5342423Z Setting up xfonts-encodings (1:1.0.5-0ubuntu2) ...
2026-10-04T02:40:40.5362600Z Setting up fonts-ipafont-gothic (00303-21ubuntu1) ...
2026-10-04T02:40:40.5425351Z update-alternatives: using /usr/share/fonts/opentype/ipafont-gothic/ipag.ttf to provide /usr/share/fonts/truetype/fonts-japanese-gothic.ttf (fonts-japanese-gothic.ttf) in auto mode
2026-10-04T02:40:40.5440341Z Setting up fonts-unifont (1:15.1.01-1build1) ...
2026-10-04T02:40:40.5458568Z Setting up libglx-mesa0:amd64 (25.2.8-0ubuntu0.24.04.4) ...
2026-10-04T02:40:40.5476722Z Setting up xfonts-utils (1:7.7+6build3) ...
2026-10-04T02:40:40.5515694Z Setting up xfonts-cyrillic (1:1.0.5+nmu1) ...
2026-10-04T02:40:40.5853366Z Setting up xfonts-scalable (1:1.0.3-1.3) ...
2026-10-04T02:40:40.6156552Z Processing triggers for libc-bin (2.39-0ubuntu8.9) ...
2026-10-04T02:40:40.6710835Z Processing triggers for man-db (2.12.0-4build2) ...
2026-10-04T02:40:40.6732158Z Not building database; man-db/auto-update is not 'true'.
2026-10-04T02:40:40.6743889Z Processing triggers for fontconfig (2.15.0-1.1ubuntu2) ...
2026-10-04T02:40:41.9311609Z 
2026-10-04T02:40:41.9312220Z Running kernel seems to be up-to-date.
2026-10-04T02:40:41.9312630Z 
2026-10-04T02:40:41.9312908Z No services need to be restarted.
2026-10-04T02:40:41.9313219Z 
2026-10-04T02:40:41.9313518Z No containers need to be restarted.
2026-10-04T02:40:41.9313859Z 
2026-10-04T02:40:41.9314167Z No user sessions are running outdated binaries.
2026-10-04T02:40:41.9314548Z 
2026-10-04T02:40:41.9315052Z No VM guests are running outdated hypervisor (qemu) binaries on this host.
2026-10-04T02:40:42.7622156Z Downloading Chrome for Testing 153.0.8010.12 (playwright chromium v1243) from https://cdn.playwright.dev/builds/cft/153.0.8010.12/linux64/chrome-linux64.zip
2026-10-04T02:40:43.2235917Z |                                                                                |   0% of 186.8 MiB
2026-10-04T02:40:43.4819892Z |■■■■■■■■                                                                        |  10% of 186.8 MiB
2026-10-04T02:40:43.5894677Z |■■■■■■■■■■■■■■■■                                                                |  20% of 186.8 MiB
2026-10-04T02:40:43.6871545Z |■■■■■■■■■■■■■■■■■■■■■■■■                                                        |  30% of 186.8 MiB
2026-10-04T02:40:43.7792733Z |■■■■■■■■■■■■■■■■■■■■■■■■■■■■■■■■                                                |  40% of 186.8 MiB
2026-10-04T02:40:43.8639918Z |■■■■■■■■■■■■■■■■■■■■■■■■■■■■■■■■■■■■■■■■                                        |  50% of 186.8 MiB
2026-10-04T02:40:43.9365897Z |■■■■■■■■■■■■■■■■■■■■■■■■■■■■■■■■■■■■■■■■■■■■■■■■                                |  60% of 186.8 MiB
2026-10-04T02:40:44.0421270Z |■■■■■■■■■■■■■■■■■■■■■■■■■■■■■■■■■■■■■■■■■■■■■■■■■■■■■■■■                        |  70% of 186.8 MiB
2026-10-04T02:40:44.1371975Z |■■■■■■■■■■■■■■■■■■■■■■■■■■■■■■■■■■■■■■■■■■■■■■■■■■■■■■■■■■■■■■■■                |  80% of 186.8 MiB
2026-10-04T02:40:44.2347260Z |■■■■■■■■■■■■■■■■■■■■■■■■■■■■■■■■■■■■■■■■■■■■■■■■■■■■■■■■■■■■■■■■■■■■■■■■        |  90% of 186.8 MiB
2026-10-04T02:40:44.3285728Z |■■■■■■■■■■■■■■■■■■■■■■■■■■■■■■■■■■■■■■■■■■■■■■■■■■■■■■■■■■■■■■■■■■■■■■■■■■■■■■■■| 100% of 186.8 MiB
2026-10-04T02:40:47.4601330Z Chrome for Testing 153.0.8010.12 (playwright chromium v1243) downloaded to /home/runner/.cache/ms-playwright/chromium-1243
2026-10-04T02:40:47.4605589Z Downloading FFmpeg (playwright ffmpeg v1011) from https://cdn.playwright.dev/dbazure/download/playwright/builds/ffmpeg/1011/ffmpeg-linux.zip
2026-10-04T02:40:47.8404676Z |                                                                                |   0% of 2.3 MiB
2026-10-04T02:40:47.8483689Z |■■■■■■■■                                                                        |  10% of 2.3 MiB
2026-10-04T02:40:47.8533342Z |■■■■■■■■■■■■■■■■                                                                |  20% of 2.3 MiB
2026-10-04T02:40:47.8567885Z |■■■■■■■■■■■■■■■■■■■■■■■■                                                        |  30% of 2.3 MiB
2026-10-04T02:40:47.8589592Z |■■■■■■■■■■■■■■■■■■■■■■■■■■■■■■■■                                                |  40% of 2.3 MiB
2026-10-04T02:40:47.8611018Z |■■■■■■■■■■■■■■■■■■■■■■■■■■■■■■■■■■■■■■■■                                        |  50% of 2.3 MiB
2026-10-04T02:40:47.8629601Z |■■■■■■■■■■■■■■■■■■■■■■■■■■■■■■■■■■■■■■■■■■■■■■■■                                |  60% of 2.3 MiB
2026-10-04T02:40:47.8652681Z |■■■■■■■■■■■■■■■■■■■■■■■■■■■■■■■■■■■■■■■■■■■■■■■■■■■■■■■■                        |  70% of 2.3 MiB
2026-10-04T02:40:47.8669769Z |■■■■■■■■■■■■■■■■■■■■■■■■■■■■■■■■■■■■■■■■■■■■■■■■■■■■■■■■■■■■■■■■                |  80% of 2.3 MiB
2026-10-04T02:40:47.8686134Z |■■■■■■■■■■■■■■■■■■■■■■■■■■■■■■■■■■■■■■■■■■■■■■■■■■■■■■■■■■■■■■■■■■■■■■■■        |  90% of 2.3 MiB
2026-10-04T02:40:47.8698247Z |■■■■■■■■■■■■■■■■■■■■■■■■■■■■■■■■■■■■■■■■■■■■■■■■■■■■■■■■■■■■■■■■■■■■■■■■■■■■■■■■| 100% of 2.3 MiB
2026-10-04T02:40:47.9302102Z FFmpeg (playwright ffmpeg v1011) downloaded to /home/runner/.cache/ms-playwright/ffmpeg-1011
2026-10-04T02:40:47.9305183Z Downloading Chrome Headless Shell 153.0.8010.12 (playwright chromium-headless-shell v1243) from https://cdn.playwright.dev/builds/cft/153.0.8010.12/linux64/chrome-headless-shell-linux64.zip
2026-10-04T02:40:48.3512858Z |                                                                                |   0% of 114.3 MiB
2026-10-04T02:40:48.5730692Z |■■■■■■■■                                                                        |  10% of 114.3 MiB
2026-10-04T02:40:48.6478659Z |■■■■■■■■■■■■■■■■                                                                |  20% of 114.3 MiB
2026-10-04T02:40:48.7147073Z |■■■■■■■■■■■■■■■■■■■■■■■■                                                        |  30% of 114.3 MiB
2026-10-04T02:40:48.7865910Z |■■■■■■■■■■■■■■■■■■■■■■■■■■■■■■■■                                                |  40% of 114.3 MiB
2026-10-04T02:40:48.8577556Z |■■■■■■■■■■■■■■■■■■■■■■■■■■■■■■■■■■■■■■■■                                        |  50% of 114.3 MiB
2026-10-04T02:40:48.9248027Z |■■■■■■■■■■■■■■■■■■■■■■■■■■■■■■■■■■■■■■■■■■■■■■■■                                |  60% of 114.3 MiB
2026-10-04T02:40:48.9917922Z |■■■■■■■■■■■■■■■■■■■■■■■■■■■■■■■■■■■■■■■■■■■■■■■■■■■■■■■■                        |  70% of 114.3 MiB
2026-10-04T02:40:49.0565047Z |■■■■■■■■■■■■■■■■■■■■■■■■■■■■■■■■■■■■■■■■■■■■■■■■■■■■■■■■■■■■■■■■                |  80% of 114.3 MiB
2026-10-04T02:40:49.1216203Z |■■■■■■■■■■■■■■■■■■■■■■■■■■■■■■■■■■■■■■■■■■■■■■■■■■■■■■■■■■■■■■■■■■■■■■■■        |  90% of 114.3 MiB
2026-10-04T02:40:49.2044351Z |■■■■■■■■■■■■■■■■■■■■■■■■■■■■■■■■■■■■■■■■■■■■■■■■■■■■■■■■■■■■■■■■■■■■■■■■■■■■■■■■| 100% of 114.3 MiB
2026-10-04T02:40:51.7065374Z Chrome Headless Shell 153.0.8010.12 (playwright chromium-headless-shell v1243) downloaded to /home/runner/.cache/ms-playwright/chromium_headless_shell-1243
2026-10-04T02:40:51.7322947Z ##[group]Run import os
2026-10-04T02:40:51.7323401Z [36;1mimport os[0m
2026-10-04T02:40:51.7323778Z [36;1mfrom pathlib import Path[0m
2026-10-04T02:40:51.7324227Z [36;1mimport playwright[0m
2026-10-04T02:40:51.7324818Z [36;1mdriver = Path(playwright.__file__).parent / 'driver' / 'package'[0m
2026-10-04T02:40:51.7325545Z [36;1mif not (driver / 'package.json').is_file():[0m
2026-10-04T02:40:51.7326221Z [36;1m    raise RuntimeError('Pinned Playwright driver is missing')[0m
2026-10-04T02:40:51.7327285Z [36;1mwith open(os.environ['GITHUB_ENV'], 'a', encoding='utf8') as output:[0m
2026-10-04T02:40:51.7328137Z [36;1m    output.write('SHARPFORGE_PLAYWRIGHT_MODULE=' + str(driver) + '\n')[0m
2026-10-04T02:40:51.7330827Z shell: /opt/hostedtoolcache/Python/3.12.14/x64/bin/python {0}
2026-10-04T02:40:51.7331383Z env:
2026-10-04T02:40:51.7331776Z   SHARPFORGE_RESULTS_DIR: artifacts/results/project16
2026-10-04T02:40:51.7332325Z   QUALIFICATION_TRIGGER_EVENT: create
2026-10-04T02:40:51.7333175Z   QUALIFICATION_TRIGGER_REF: refs/heads/codex/project16/qualify-ubuntu-chromium-all-20261004-a2
2026-10-04T02:40:51.7334034Z   QUALIFICATION_TRIGGER_NONCE: 20261004-a2
2026-10-04T02:40:51.7334644Z   QUALIFICATION_SOURCE_SHA: e990e9342678117090a48516ec736d92104be4b2
2026-10-04T02:40:51.7335399Z   QUALIFICATION_SOURCE_TREE: 36c33c1974b2429edc1798637673d548c822124d
2026-10-04T02:40:51.7336027Z   QUALIFICATION_RUNNER: ubuntu-latest
2026-10-04T02:40:51.7336709Z   QUALIFICATION_STAGE: all
2026-10-04T02:40:51.7337120Z   QUALIFICATION_CAPTURE_ONLY: true
2026-10-04T02:40:51.7337586Z   SHARPFORGE_BROWSER_ENGINE: chromium
2026-10-04T02:40:51.7338037Z   SHARPFORGE_EDITOR_BASELINE: 
2026-10-04T02:40:51.7338463Z   SHARPFORGE_WORKBENCH_BASELINE: 
2026-10-04T02:40:51.7338989Z   pythonLocation: /opt/hostedtoolcache/Python/3.12.14/x64
2026-10-04T02:40:51.7339708Z   PKG_CONFIG_PATH: /opt/hostedtoolcache/Python/3.12.14/x64/lib/pkgconfig
2026-10-04T02:40:51.7340432Z   Python_ROOT_DIR: /opt/hostedtoolcache/Python/3.12.14/x64
2026-10-04T02:40:51.7341094Z   Python2_ROOT_DIR: /opt/hostedtoolcache/Python/3.12.14/x64
2026-10-04T02:40:51.7341747Z   Python3_ROOT_DIR: /opt/hostedtoolcache/Python/3.12.14/x64
2026-10-04T02:40:51.7342414Z   LD_LIBRARY_PATH: /opt/hostedtoolcache/Python/3.12.14/x64/lib
2026-10-04T02:40:51.7342976Z ##[endgroup]
2026-10-04T02:40:51.7649625Z ##[group]Run node scripts/project16-qualification.js "$QUALIFICATION_STAGE"
2026-10-04T02:40:51.7650543Z [36;1mnode scripts/project16-qualification.js "$QUALIFICATION_STAGE"[0m
2026-10-04T02:40:51.7731303Z shell: /usr/bin/bash --noprofile --norc -e -o pipefail {0}
2026-10-04T02:40:51.7731866Z env:
2026-10-04T02:40:51.7732279Z   SHARPFORGE_RESULTS_DIR: artifacts/results/project16
2026-10-04T02:40:51.7732832Z   QUALIFICATION_TRIGGER_EVENT: create
2026-10-04T02:40:51.7733637Z   QUALIFICATION_TRIGGER_REF: refs/heads/codex/project16/qualify-ubuntu-chromium-all-20261004-a2
2026-10-04T02:40:51.7734497Z   QUALIFICATION_TRIGGER_NONCE: 20261004-a2
2026-10-04T02:40:51.7735324Z   QUALIFICATION_SOURCE_SHA: e990e9342678117090a48516ec736d92104be4b2
2026-10-04T02:40:51.7736086Z   QUALIFICATION_SOURCE_TREE: 36c33c1974b2429edc1798637673d548c822124d
2026-10-04T02:40:51.7736939Z   QUALIFICATION_RUNNER: ubuntu-latest
2026-10-04T02:40:51.7737389Z   QUALIFICATION_STAGE: all
2026-10-04T02:40:51.7737844Z   QUALIFICATION_CAPTURE_ONLY: true
2026-10-04T02:40:51.7738297Z   SHARPFORGE_BROWSER_ENGINE: chromium
2026-10-04T02:40:51.7738744Z   SHARPFORGE_EDITOR_BASELINE: 
2026-10-04T02:40:51.7739162Z   SHARPFORGE_WORKBENCH_BASELINE: 
2026-10-04T02:40:51.7739685Z   pythonLocation: /opt/hostedtoolcache/Python/3.12.14/x64
2026-10-04T02:40:51.7740405Z   PKG_CONFIG_PATH: /opt/hostedtoolcache/Python/3.12.14/x64/lib/pkgconfig
2026-10-04T02:40:51.7741127Z   Python_ROOT_DIR: /opt/hostedtoolcache/Python/3.12.14/x64
2026-10-04T02:40:51.7741780Z   Python2_ROOT_DIR: /opt/hostedtoolcache/Python/3.12.14/x64
2026-10-04T02:40:51.7742424Z   Python3_ROOT_DIR: /opt/hostedtoolcache/Python/3.12.14/x64
2026-10-04T02:40:51.7743088Z   LD_LIBRARY_PATH: /opt/hostedtoolcache/Python/3.12.14/x64/lib
2026-10-04T02:40:51.7744182Z   SHARPFORGE_PLAYWRIGHT_MODULE: /opt/hostedtoolcache/Python/3.12.14/x64/lib/python3.12/site-packages/playwright/driver/package
2026-10-04T02:40:51.7745171Z ##[endgroup]
2026-10-04T02:40:52.0067531Z Discovered 80 Node test files and 7 Python suites in 1 area manifests. Node reports executed test counts below.
2026-10-04T02:40:52.1433523Z ✔ five concurrent preview navigations leave one preview; edit promotes and retains it (6.613449ms)
2026-10-04T02:40:52.1436104Z ✔ document edits redraw tab chrome only when dirty or preview metadata changes across shared views (1.148331ms)
2026-10-04T02:40:52.1440504Z ✔ pinned tabs survive close others and pin state roundtrips (1.642758ms)
2026-10-04T02:40:52.1442077Z ✔ Cancel in a batch aborts the complete close without saving or closing any earlier tab (1.017676ms)
2026-10-04T02:40:52.1444300Z ✔ save failure, edited-during-prompt and explicit discard obey atomic close contracts (2.385519ms)
2026-10-04T02:40:52.1446018Z ✔ closing a shared secondary view does not discard or prompt for the remaining buffer (1.440709ms)
2026-10-04T02:40:52.1448461Z ✔ reopen restores the original caret and scroll; thirty tabs remain in the overflow model (7.849775ms)
2026-10-04T02:40:52.1450921Z ✔ context command enablement follows pinning, groups, side and host capabilities (1.054836ms)
2026-10-04T02:40:52.1462051Z ✔ disposing during dirty confirmation cancels without discarding buffers (0.507811ms)
2026-10-04T02:40:52.2284365Z ✔ v1 migrates without changing panel identities and v2 roundtrips metadata (5.032678ms)
2026-10-04T02:40:52.2286232Z ✔ unknown and duplicate persisted panels are dropped and reported without substitution (0.646551ms)
2026-10-04T02:40:52.2288445Z ✔ corrupt layouts recover valid closed identities and reject future versions in strict restore (0.669263ms)
2026-10-04T02:40:52.2301047Z ✔ all four auto-hide edges pin back to the exact previous tab group and index (1.463892ms)
2026-10-04T02:40:52.2306826Z ✔ Auto Hide All restores a removed tool group against its original document anchor (0.930934ms)
2026-10-04T02:40:52.2309630Z ✔ a floating tab group docks as one undoable operation retaining both tabs (0.971941ms)
2026-10-04T02:40:52.2311944Z ✔ nested floating splits retain topology on edge re-dock and flatten only on center (0.607879ms)
2026-10-04T02:40:52.2314023Z ✔ nested transaction failures and cancelled pointer transactions leave no partial history (0.584454ms)
2026-10-04T02:40:52.2316031Z ✔ monitor shrink clamps geometry and corrupt floating coordinates never escape viewport (0.630471ms)
2026-10-04T02:40:52.2328429Z ✔ nine explicit guide targets hit their own centers and execute the specified topology (1.602903ms)
2026-10-04T02:40:52.2330370Z ✔ pin and preview partition is deterministic and pin metadata survives tab moves (0.520234ms)
2026-10-04T02:40:52.2332503Z ✔ background app registration preserves every visible group and global activation in one transaction (0.878155ms)
2026-10-04T02:40:52.2335111Z ✔ background reopening auto-hidden tools and existing floating tabs cannot steal activation (0.82233ms)
2026-10-04T02:40:52.3269529Z ✔ two runtime workers may use serial 1 without sharing output, debug state or legacy identity (7.46777ms)
2026-10-04T02:40:52.3297808Z ✔ legacy runtime facade translates matching identities and rejects app-switch races (2.292624ms)
2026-10-04T02:40:52.3327824Z ✔ restart replaces only its worker and stale callbacks cannot replace the new generation (1.41455ms)
2026-10-04T02:40:52.3331845Z ✔ ending the active application selects the most recently active remaining app with ordered events (1.785304ms)
2026-10-04T02:40:52.3356905Z ✔ resource limit refuses a new app without touching live workers (1.25447ms)
2026-10-04T02:40:52.3359207Z ✔ background events update their app while shared debugger callbacks remain on the selected app (1.92706ms)
2026-10-04T02:40:52.3361906Z ✔ state compatibility accessors follow the selected session without aliasing their mutable maps (1.41489ms)
2026-10-04T02:40:52.3364461Z ✔ breakpoint edits bind only to sessions belonging to the owning project (1.370758ms)
2026-10-04T02:40:52.3366550Z ✔ session grant edits never leak to another app and revocation stops only its owner (2.575896ms)
2026-10-04T02:40:52.3368529Z ✔ combined debug status reflects multiple applications and exact paused count (1.100452ms)
2026-10-04T02:40:52.3370829Z ✔ a ended active session can be retired at a one-session limit and releases retained output (0.964898ms)
2026-10-04T02:40:52.3372666Z ✔ worker failure clears stale live UI flags and unlocks only the failed app (0.812923ms)
2026-10-04T02:40:52.7392039Z ✔ legacy renderer, metrics and settling automation borrows only the active application host (7.640984ms)
2026-10-04T02:40:52.7470165Z ✔ scene responses cannot cross selected sessions with equal runtime serials or matching node IDs (10.88436ms)
2026-10-04T02:40:52.7514062Z ✔ active worker restart invalidates pending visual inspection even when its runtime serial repeats (2.964574ms)
2026-10-04T02:40:52.7517464Z ✔ background UI never changes the selected host and active inspection never reapplies scene commands (1.511281ms)
2026-10-04T02:40:52.7534601Z ✔ stopping or removing the selected app clears visual state and reports a missing window explicitly (2.758147ms)
2026-10-04T02:40:52.7560942Z ✔ disposing inspection aborts pending queries and releases subscriptions without disposing application windows (1.748997ms)
2026-10-04T02:40:52.7567720Z ✔ standalone construction without a SessionManager retains one owned WinUI host (1.416834ms)
2026-10-04T02:40:52.8372055Z ✔ actual analysis events create separate tasks; cancelling one preserves same-project build and other project analysis (7.24355ms)
2026-10-04T02:40:52.8374608Z ✔ superseded analysis settles once, drops late worker replies and preserves the legacy successful analysis event (1.938671ms)
2026-10-04T02:40:52.8377247Z ✔ source invalidation cancels only that request and stale results cannot change diagnostics or task state (0.716572ms)
2026-10-04T02:40:52.8379748Z ✔ worker errors and malformed compiler results close failed analysis entries without losing future analyses (1.201049ms)
2026-10-04T02:40:52.8383260Z ✔ pre-aborted and malformed signals refuse before creating tasks; external cancellation is observable (1.236336ms)
2026-10-04T02:40:52.8385998Z ✔ a bridge attached after a request starts observes its real epoch and project removal disposes its task (0.573815ms)
2026-10-04T02:40:52.8388556Z ✔ TaskCenter quota refuses an untracked analysis while retaining the other running operation (0.790591ms)
2026-10-04T02:40:52.8392554Z ✔ synchronous cancellation from task notification and bridge disposal leave no orphan analysis (0.9183ms)
2026-10-04T02:40:52.9023550Z ✔ project builds run independently and only the edited project rejects its stale result (4.176885ms)
2026-10-04T02:40:52.9028021Z ✔ live analysis cannot replace the cached executable returned by a clean build (1.401716ms)
2026-10-04T02:40:52.9049728Z ✔ cancelling one project terminates only its worker and preserves other project diagnostics (1.123014ms)
2026-10-04T02:40:52.9052415Z ✔ dependency order is deterministic and rejects cycles before executing work (1.264328ms)
2026-10-04T02:40:52.9168121Z ✔ build queue cancellation skips remaining projects and reports exact counts (7.422996ms)
2026-10-04T02:40:52.9198042Z ✔ output panes isolate applications and use bounded viewport reads after ring eviction (1.335311ms)
2026-10-04T02:40:52.9217668Z ✔ diagnostics remain project/producer/version scoped and combine query filters (8.811556ms)
2026-10-04T02:40:52.9218873Z ✔ only current user intent may reveal panels; background work cannot steal focus (0.505477ms)
2026-10-04T02:40:53.0846127Z ✔ released runtime builtin identity and sparse registry copies remain stable (9.398926ms)
2026-10-04T02:40:53.0849282Z ✔ copying sparse extension registries preserves holes instead of allocating placeholder entries (3.020518ms)
2026-10-04T02:40:53.0862018Z ✔ environment registration uses the existing A07 reserved block without changing released slots (0.598511ms)
2026-10-04T02:40:53.7629076Z ✔ public builtin metadata retains actual owners, source receivers and operand categories (24.826177ms)
2026-10-04T02:40:53.7634989Z ✔ shared builtin metadata preserves binding and both emitted runtime artifacts (85.879977ms)
2026-10-04T02:40:54.6426528Z ✔ non-startup URI routes every lazy expansion and navigation through its actual compiler owner (112.865909ms)
2026-10-04T02:40:54.6431990Z ✔ preparation captures the version before waiting and never installs an outdated root (9.899685ms)
2026-10-04T02:40:54.6437750Z ✔ expansion and navigation reject a source edited after preparation (8.169253ms)
2026-10-04T02:40:54.6443353Z ✔ disposal cancels an outstanding compiler operation and prevents late tree publication (6.544039ms)
2026-10-04T02:40:54.6445920Z ✔ worker rejects a call item from a different project or document even at the same revision (6.791241ms)
2026-10-04T02:40:54.6450984Z ✔ project configuration changes invalidate prepared call items without requiring a source edit (5.424402ms)
2026-10-04T02:40:54.6454148Z ✔ public shell entry prepares the real model before opening and invalidating its shared tool (5.369389ms)
2026-10-04T02:40:54.8910726Z ✔ A19 accepting an external baseline updates byte budget and disk version so a later save succeeds (19.789271ms)
2026-10-04T02:40:54.8968231Z ✔ A19 an old observation cannot bypass changed bytes, changed handles, or saved versions (6.370214ms)
2026-10-04T02:40:54.9048434Z ✔ A19 baseline acceptance joins the save queue and refuses a revision committed ahead of it (8.194581ms)
2026-10-04T02:40:54.9132210Z ✔ A19 cancellation and failed host preparation publish no baseline, while postcommit errors retain the accepted version (8.173471ms)
2026-10-04T02:40:54.9180862Z ✔ A19 observed encoded sizes and whole-workspace budgets are validated before host commit (4.942147ms)
2026-10-04T02:40:54.9326823Z ✔ A19 a rebased DiskWorkspace accepts only its mapped path and keeps the original queue and baseline independent (14.653009ms)
2026-10-04T02:40:55.1834893Z ✔ captured DocumentService→DiskWorkspace utf-8 saves stream the written source while newer model edits remain dirty (51.839038ms)
2026-10-04T02:40:55.2165417Z ✔ captured DocumentService→DiskWorkspace utf-16le saves stream the written source while newer model edits remain dirty (34.795191ms)
2026-10-04T02:40:55.2503295Z ✔ captured DocumentService→DiskWorkspace utf-16be saves stream the written source while newer model edits remain dirty (34.745689ms)
2026-10-04T02:40:55.2591165Z ✔ a failed streamed disk write preserves DocumentService and DiskWorkspace baselines and owned model state (9.294982ms)
2026-10-04T02:40:55.6914344Z ✔ document model edits and event delivery retain lazy snapshots for a one-megabyte source (32.607613ms)
2026-10-04T02:40:55.6916891Z ✔ split views share the real model and undo without text-copy callbacks or shared view positions (1.513916ms)
2026-10-04T02:40:55.6919017Z ✔ legacy document text setters apply undoable edits while the version remains model-owned (1.530847ms)
2026-10-04T02:40:55.6921636Z ✔ save preparation runs before capture and a later edit never inherits that saved marker (1.67069ms)
2026-10-04T02:40:55.6923934Z ✔ model factories validate replacement before disposing the current workspace and retain the shared map identity (1.610316ms)
2026-10-04T02:40:55.6926167Z ✔ project locks cover unopened models and update linked-source membership without locking unrelated projects (4.021744ms)
2026-10-04T02:40:55.6929783Z ✔ model events invalidate only owning builds without materializing text until compilation requests a snapshot (3.34692ms)
2026-10-04T02:40:55.6932507Z ✔ ordered workbench events preserve lazy getters even during reentrant dispatch (0.673181ms)
2026-10-04T02:40:55.9017008Z ✔ document operation state captures immutable current and saved roots without live model ownership (5.874675ms)
2026-10-04T02:40:55.9036466Z ✔ validated moved-model state retains a rebased dirty baseline through subsequent edits and undo (2.081278ms)
2026-10-04T02:40:55.9080701Z ✔ operation state mismatches reject before ownership transfers or saved markers change (1.549703ms)
2026-10-04T02:40:55.9082945Z ✔ new plain-text operation state transfers to a factory model while an explicit clean restore updates its saved marker (1.049516ms)
2026-10-04T02:40:56.1522385Z ✔ reload commits the shared model, saved baseline and encoding before document, buffer or view notifications (10.005804ms)
2026-10-04T02:40:56.1524293Z ✔ reload is one undo step, retains an unaffected caret and restores clean state on redo (1.918604ms)
2026-10-04T02:40:56.1526165Z ✔ a metadata rejection restores source, undo, selections, baseline, metadata and stale-save state without notification (3.91328ms)
2026-10-04T02:40:56.1527644Z ✔ document notification failure reports a committed reload and still publishes saved state (1.604756ms)
2026-10-04T02:40:56.1530271Z ✔ model notification failure reports a committed reload and still publishes saved state (1.397517ms)
2026-10-04T02:40:56.1534187Z ✔ an explicitly committed metadata error retains the accepted disk and document roots (0.998601ms)
2026-10-04T02:40:56.1537810Z ✔ a newer edit from a document notification remains dirty and cannot receive a stale saved marker (1.132281ms)
2026-10-04T02:40:56.1541880Z ✔ a newer edit from a model notification remains dirty and cannot receive a stale saved marker (0.903643ms)
2026-10-04T02:40:56.1546647Z ✔ reload guards reject stale ownership, versions, read-only state and invalid encoding before metadata acceptance (1.066518ms)
2026-10-04T02:40:56.1553816Z ✔ asynchronous metadata contributions are rejected and rolled back before any event (0.917779ms)
2026-10-04T02:40:56.1555202Z ✔ same-text reload accepts changed encoding and clears an obsolete saved baseline without adding an undo edit (0.708497ms)
2026-10-04T02:40:56.1558555Z ✔ legacy reload updates all views after metadata and classifies a failed view refresh as committed (0.854651ms)
2026-10-04T02:40:56.1560231Z ✔ reload permits the exact shared character limit and rejects larger incoming or existing sources (18.887963ms)
2026-10-04T02:40:56.1563114Z ✔ a disposed owner cannot reload or accept disk metadata (0.61918ms)
2026-10-04T02:40:56.4670163Z ✔ an unchanged captured source save marks the exact model revision clean without materializing text (28.309792ms)
2026-10-04T02:40:56.4678830Z ✔ edits during pending source I/O retain the written snapshot baseline and never mark the new revision clean (14.975534ms)
2026-10-04T02:40:56.4681106Z ✔ captureSave supports bulk snapshot consumers and reads captured text only on a legacy provider request (17.289337ms)
2026-10-04T02:40:56.4683417Z ✔ failed or rejected writes retain the previous baseline and dirty state (21.65705ms)
2026-10-04T02:40:56.4685415Z ✔ a captured save cannot overwrite a replacement document baseline after asynchronous I/O (14.294969ms)
2026-10-04T02:40:56.4687734Z ✔ saved snapshot validation rejects foreign or mismatched sources before considering lazy text (13.499398ms)
2026-10-04T02:40:56.5504965Z ✔ documents open, change, save and close without requiring a docking host (4.081886ms)
2026-10-04T02:40:56.5510537Z ✔ saving a captured revision never marks a newer edit as clean (0.567884ms)
2026-10-04T02:40:56.5517235Z ✔ multiple document views share edits and retain independent selection/scroll state (0.957423ms)
2026-10-04T02:40:56.5520273Z ✔ workspace replacement validates completely before changing existing records (0.724867ms)
2026-10-04T02:40:56.5585535Z ✔ every legacy initial state key resolves through an explicit slice property descriptor (8.025634ms)
2026-10-04T02:40:56.5588258Z ✔ running project locks its shared source views while other project remains editable (3.832089ms)
2026-10-04T02:40:56.6360154Z ✔ equal worker serials stay partitioned by app and launch identity (3.381374ms)
2026-10-04T02:40:56.6366937Z ✔ strict capture validation rejects missing sequences, wrong identities and invalid measurements atomically (1.306127ms)
2026-10-04T02:40:56.6368726Z ✔ bounded history gaps are explicit and malformed replies block only their current launch (1.109589ms)
2026-10-04T02:40:56.6372401Z ✔ late replies after replacement cannot attach measurements to the replacement capture (0.499936ms)
2026-10-04T02:40:56.6377040Z ✔ pausing and disposal cancel outstanding waits without clearing retained launch history (0.72068ms)
2026-10-04T02:40:56.6382751Z ✔ disposed and removed sessions cannot create new capture work (0.369783ms)
2026-10-04T02:40:56.6389698Z ✔ timeline retains bounded descriptors and partitions heap snapshots by launch (5.109511ms)
2026-10-04T02:40:56.6391050Z ✔ heap snapshots reject late replacement and malformed census data (0.465623ms)
2026-10-04T02:40:56.6392571Z ✔ CPU graph uses actual time, bounded percent and weighted intervals with accessible event detail (14.386349ms)
2026-10-04T02:40:56.6970462Z ✔ execution occupancy measures actual intervals and separate synchronous categories (2.904541ms)
2026-10-04T02:40:56.6975154Z ✔ nested work counts once and a close inside the operation includes its complete final interval (0.338894ms)
2026-10-04T02:40:56.6979022Z ✔ measurement preserves synchronous exceptions and rejects asynchronous waiting (0.705152ms)
2026-10-04T02:40:56.6983368Z ✔ bounded sequence windows report lost history and replacement clears the previous launch (0.423714ms)
2026-10-04T02:40:56.6988214Z ✔ occupancy validates bounds, clock monotonicity and replacement outside measured work (0.62496ms)
2026-10-04T02:40:56.6992468Z ✔ runtime pumping closes the actual final interval and cancels idle sampling after termination (0.823362ms)
2026-10-04T02:40:56.6997242Z ✔ paused runtimes sample genuine idle intervals and freeze automatic animations (0.400671ms)
2026-10-04T02:40:56.7006130Z ✔ retired launch timer callbacks cannot clear or execute replacement timers (0.447539ms)
2026-10-04T02:40:56.7008399Z ✔ request measurements exclude inspection and count UI/debug actions without changing their results (0.45405ms)
2026-10-04T02:40:56.7018777Z ✔ runtime pump failures keep a paused capture and report the original error (0.465262ms)
2026-10-04T02:40:57.8551220Z ✔ real source worker exposes actual execution intervals and preserves program output (537.584946ms)
2026-10-04T02:40:58.7130997Z ✔ real source workers isolate captures, pause, stop and replacement despite equal raw serials (861.440523ms)
2026-10-04T02:40:59.2794121Z ✔ real direct CIL worker exposes actual execution intervals and preserves program output (566.159235ms)
2026-10-04T02:41:02.5552509Z ✔ real direct CIL workers isolate captures, pause, stop and replacement despite equal raw serials (3281.154077ms)
2026-10-04T02:41:02.8604147Z ✔ resource rename publishes source edits, file paths and literal project references in one undoable host commit (18.202973ms)
2026-10-04T02:41:02.8606748Z ✔ multiple independent resource renames share one operation and preserve unedited clean sources (3.123372ms)
2026-10-04T02:41:02.8618918Z ✔ invalid versions, before text, result text, overlapping edits and destination collisions leave all owners unchanged (5.626821ms)
2026-10-04T02:41:02.8623452Z ✔ a model change during render fails the immediate precommit guard without overwriting the newer edit (2.770491ms)
2026-10-04T02:41:02.8626677Z ✔ async host preflight rechecks identities, affected locks, unrelated edits, saves, membership and workspace lifetime (13.687403ms)
2026-10-04T02:41:02.8628020Z ✔ failed host preflight releases every staged model and preserves live source buffers (1.882667ms)
2026-10-04T02:41:02.8629151Z ✔ postcommit callback failure retains all adopted resource models and a complete file-operation undo (3.727413ms)
2026-10-04T02:41:02.8790868Z ✔ large resource source comparisons stay lazy and yield to cancellation before ownership changes (38.038905ms)
2026-10-04T02:41:02.8793165Z ✔ the adapter copies supported plan fields before awaits and rejects native, locked and oversized resource requests (2.757607ms)
2026-10-04T02:41:03.1100288Z ✔ Explorer rename and undo preserve dirty snapshot baselines and leave unrelated models unchanged (23.75791ms)
2026-10-04T02:41:03.1167476Z ✔ Explorer copies are independent unsaved models and sequential file undo retains earlier snapshot identity (8.595473ms)
2026-10-04T02:41:03.1224172Z ✔ Explorer source writes prepare a replacement without mutating current text and undo restores a lazy root (5.643764ms)
2026-10-04T02:41:03.1278143Z ✔ Explorer snapshot history refuses newer edits without reading either complete source (5.265585ms)
2026-10-04T02:41:03.1467776Z ✔ Explorer failed preflight and host commit keep existing owners intact and dispose staged replacement models (4.416965ms)
2026-10-04T02:41:03.3484953Z ✔ Explorer Add Existing Item accepts sources beyond 16 MiB using chunked File reads and records undo without flattening (216.036022ms)
2026-10-04T02:41:03.3532704Z ✔ Explorer Add Existing Item updates project membership while retaining the prepared source descriptor (4.834408ms)
2026-10-04T02:41:03.3665358Z ✔ Explorer rejected or cancelled multi-file import cleans up only its prepared models (11.568373ms)
2026-10-04T02:41:03.3808971Z ✔ Explorer disposed imports cancel between chunks and postcommit callback errors retain adopted ownership and history (6.273753ms)
2026-10-04T02:41:03.3811570Z ✔ Explorer native source payload limits remain explicit before native I/O (10.056791ms)
2026-10-04T02:41:03.5995742Z ✔ Explorer snapshot records preserve metadata and exact history roots while fresh URI models remain independent (5.248422ms)
2026-10-04T02:41:03.6002035Z ✔ Explorer path index preserves descendant and case-collision rules across large indexed batches and removals (8.500796ms)
2026-10-04T02:41:03.6005287Z ✔ native prepared creates encode the captured edited source and BOM instead of stale original bytes (1.470987ms)
2026-10-04T02:41:03.8418812Z ✔ A19 FileWatch forwards the captured record and observation and prompts once until the document or disk changes (28.056818ms)
2026-10-04T02:41:03.8528450Z ✔ A19 old Reload, Ignore, and Compare actions cannot act on a same-URI same-version replacement (11.317973ms)
2026-10-04T02:41:03.8617496Z ✔ A19 a later edit refreshes the notification instead of retaining an unusable version guard forever (8.868244ms)
2026-10-04T02:41:03.8658200Z ✔ A19 changing the Save As target invalidates every action even when the same document version remains open (4.04606ms)
2026-10-04T02:41:03.8740111Z ✔ A19 a BOM-only external change is observable and its accepted metadata survives a later save (8.045002ms)
2026-10-04T02:41:03.8756813Z ✔ A19 a legacy asynchronous reader cannot publish a notification for a replaced document (1.677704ms)
2026-10-04T02:41:03.8780119Z ✔ A19 cancellation after a legacy reader resolves cannot publish an external-change notification (2.456893ms)
2026-10-04T02:41:04.1957959Z ✔ first-run visual-studio applies theme, global navigation and actual editor shortcuts (44.536389ms)
2026-10-04T02:41:04.2054119Z ✔ first-run vscode applies theme, global navigation and actual editor shortcuts (9.352472ms)
2026-10-04T02:41:04.2161616Z ✔ first-run resharper applies theme, global navigation and actual editor shortcuts (8.595734ms)
2026-10-04T02:41:04.2407802Z ✔ global ReSharper navigation retains file/member/symbol/recent arguments without an active editor (12.160553ms)
2026-10-04T02:41:04.2412780Z ✔ projected query prefixes use the real workbench search filters and source navigation (1.408228ms)
2026-10-04T02:41:04.2415477Z ✔ cancelled first-run selection has no effect, completed setup is skipped, and reselect preserves documents (10.056951ms)
2026-10-04T02:41:04.2823020Z ✔ profile changes keep custom bindings and one effective copy of each common global shortcut (19.860398ms)
2026-10-04T02:41:04.2825555Z ✔ choosing a user scheme clears only supplied current-workspace overrides and persists across reload (7.956897ms)
2026-10-04T02:41:04.2828374Z ✔ invalid scheme and persistence failure reject the complete first-run transaction before changing shortcuts (3.876703ms)
2026-10-04T02:41:04.2830672Z ✔ Options selects ReSharper after setup and commits only edited keys over a workspace override (14.410178ms)
2026-10-04T02:41:04.2917357Z ✔ Import and Export Settings applies a previewed scheme to both scopes without changing editor data (9.526999ms)
2026-10-04T02:41:04.3063470Z ✔ settings profile rejects invalid imports, exports selected categories and can reopen first-run choices (8.113731ms)
2026-10-04T02:41:04.3129048Z ✔ resetting selected categories restores the default scheme while retaining unrelated settings and undo (12.195629ms)
2026-10-04T02:41:04.3131740Z ✔ reset validates categories and remains atomic on storage failure, including the empty boundary (1.105962ms)
2026-10-04T02:41:04.3161688Z ✔ changing schemes cancels an in-progress native and global chord before the next keystroke (7.842914ms)
2026-10-04T02:41:04.6424918Z ✔ PE metadata exposes actual generic List members, names, parameter signatures, properties and namespaces (16.137273ms)
2026-10-04T02:41:04.6427287Z ✔ metadata source carries the exact PE identity, source version and matching overload selection (8.82309ms)
2026-10-04T02:41:04.6431366Z ✔ metadata versions never collapse same-name assemblies or infer an ambiguous owner (2.664321ms)
2026-10-04T02:41:04.6433195Z ✔ framework member caret resolves Console.WriteLine rather than treating it as a type name (19.173091ms)
2026-10-04T02:41:04.6435032Z ✔ core intrinsic metadata uses accepted arities, canonical owners, instance parameters and property shape (10.948522ms)
2026-10-04T02:41:04.6438845Z ✔ bound assembly simple identity selects actual PE metadata and rejects multiple matching versions (11.861262ms)
2026-10-04T02:41:04.6441119Z ✔ reference sources use authorized HintPath bytes, transitive project visibility and no source text getters (19.970635ms)
2026-10-04T02:41:04.6590005Z ✔ unavailable, ambiguous and invalid PE references return explicit Object Browser diagnostic rows (11.578683ms)
2026-10-04T02:41:04.6591922Z ✔ metadata inspection rejects byte and declaration limits before returning a partial model (1.151798ms)
2026-10-04T02:41:04.6600033Z ✔ catalog cancellation terminates its dedicated metadata worker and does not cache late replies (7.50438ms)
2026-10-04T02:41:04.6603129Z ✔ Code Definition reads only a bounded caret fragment and prioritizes structured bound owners (4.576074ms)
2026-10-04T02:41:04.6605020Z ✔ Code Definition source definitions bypass metadata and retain exact selection (0.189194ms)
2026-10-04T02:41:06.2311081Z ✔ Studio multi-session C# fixture preserves WinUI, argv, environment and stop isolation in source VM (942.514882ms)
2026-10-04T02:41:07.0095543Z ✔ Studio multi-session C# fixture preserves WinUI, argv, environment and stop isolation in direct CIL (785.704382ms)
2026-10-04T02:41:07.2374565Z ✔ actual MSBuildTools onJob notifications retain exact cancellation ownership when another job is selected (5.037497ms)
2026-10-04T02:41:07.2378273Z ✔ owners with the same remote job id remain independent and known terminal callbacks cannot resurrect a task (0.626334ms)
2026-10-04T02:41:07.2383184Z ✔ phase text stays indeterminate, only host-reported fractions become progress, and stale cursors/phases are ignored (0.413565ms)
2026-10-04T02:41:07.2386991Z ✔ a native success that wins a cancellation race remains an observed success (0.432671ms)
2026-10-04T02:41:07.2391902Z ✔ native cancellation failures and replies for another job are explicit and cannot alter that other task (0.687056ms)
2026-10-04T02:41:07.2395585Z ✔ transport failure settles only its matching observed job and malformed snapshots do not mutate task state (0.531165ms)
2026-10-04T02:41:07.2402633Z ✔ synchronous cancellation from first notification reaches the captured client exactly once (1.914306ms)
2026-10-04T02:41:07.2405331Z ✔ disposal aborts owned requests once, ignores late callbacks and bounds retained terminal identity history (0.503473ms)
2026-10-04T02:41:07.4981384Z ✔ A19 actual native utf-8 reload updates SHA-256 and native baseline before a physical save (28.121081ms)
2026-10-04T02:41:07.5054532Z ✔ A19 actual native utf-16le reload updates SHA-256 and native baseline before a physical save (7.458384ms)
2026-10-04T02:41:07.5116369Z ✔ A19 actual native utf-16be reload updates SHA-256 and native baseline before a physical save (6.019136ms)
2026-10-04T02:41:07.5151971Z ✔ A19 reconnecting the native host invalidates a prior observation without changing the document (3.499276ms)
2026-10-04T02:41:07.5191111Z ✔ A19 native bytes changed after the observation are not marked as the reloaded baseline (3.89657ms)
2026-10-04T02:41:07.5223720Z ✔ A19 rejecting immutable native metadata restores the document and retains both previous native baseline fields (3.206487ms)
2026-10-04T02:41:07.5254633Z ✔ A19 native read cancellation and disposal reach the actual client request signal (2.211556ms)
2026-10-04T02:41:07.5257047Z ✔ A19 MSBuild text and binary read APIs forward the supplied cancellation signal without changing endpoints (0.925022ms)
2026-10-04T02:41:07.9555890Z ✔ actual client, MSBuildTools and lazy native callbacks publish live tasks and preserve completed inspection (231.639112ms)
2026-10-04T02:41:08.1619064Z ✔ poll transport failure retains the captured client and fails only that job after another job becomes selected (203.869806ms)
2026-10-04T02:41:08.1622141Z ✔ the TaskCenter cancellation callback targets its captured client/job and does not replace another native selection (1.748526ms)
2026-10-04T02:41:08.1624150Z ✔ validation/start failures and ordinary native UI errors cannot settle a previously observed unrelated task (1.484131ms)
2026-10-04T02:41:08.3657088Z ✔ a poll response for a different ID closes only the requested task and never publishes the foreign job (202.519589ms)
2026-10-04T02:41:08.3658546Z ✔ native Cancel transport errors report only the captured current owner, regardless of a later client value (0.92874ms)
2026-10-04T02:41:08.5682670Z ✔ a confirmed native success wins a cancellation race and a stale pending poll cannot regress it (202.618879ms)
2026-10-04T02:41:08.7717926Z ✔ disposal coalesces TaskCenter cancellation before disconnect and abandons a pending poll without late UI writes (202.601196ms)
2026-10-04T02:41:08.7721375Z ✔ disposal during job start waits for the actual returned ID, cancels it, and never publishes a post-disposal task (1.132882ms)
2026-10-04T02:41:08.8303938Z ✔ Outline host passes exact URI/project/version and applies one provider edit before navigation (2.872381ms)
2026-10-04T02:41:08.8307304Z ✔ Outline rejects stale version after provider completion (0.733504ms)
2026-10-04T02:41:08.8319405Z ✔ Outline rejects stale project after provider completion (0.292187ms)
2026-10-04T02:41:08.8324470Z ✔ Outline rejects stale workspace after provider completion (0.244618ms)
2026-10-04T02:41:08.8326199Z ✔ Outline rejects stale document after provider completion (0.407573ms)
2026-10-04T02:41:08.8329255Z ✔ Outline cancellation and disposal stop a waiting provider without applying its late result (0.627716ms)
2026-10-04T02:41:08.8334247Z ✔ Outline rejects read-only and mismatched provider edits (0.372437ms)
2026-10-04T02:41:08.8335472Z ✔ Outline leaf drops retain before/after position and refuse cross-tree payloads (0.981128ms)
2026-10-04T02:41:09.5847324Z ✔ Outline moves a complete CRLF member with XML docs and trailing comments, without changing the workspace (12.015289ms)
2026-10-04T02:41:09.5849462Z ✔ Outline moves a callable across fields without changing field initialization order or either runtime result (117.786626ms)
2026-10-04T02:41:09.5851054Z ✔ Outline accepts storage-free declaration: int Value => 1; (1.673695ms)
2026-10-04T02:41:09.5855010Z ✔ Outline accepts storage-free declaration: int Value { get { return 1; } set { } } (1.314312ms)
2026-10-04T02:41:09.5858949Z ✔ Outline accepts storage-free declaration: C() { } (1.233932ms)
2026-10-04T02:41:09.5865949Z ✔ Outline accepts storage-free declaration: int this[int i] { get { return i; } } (1.685357ms)
2026-10-04T02:41:09.5868245Z ✔ Outline rejects order-sensitive or hidden-storage declaration: int value = 1; (1.461918ms)
2026-10-04T02:41:09.5870931Z ✔ Outline rejects order-sensitive or hidden-storage declaration: int Value { get; set; } (0.706363ms)
2026-10-04T02:41:09.5875080Z ✔ Outline rejects order-sensitive or hidden-storage declaration: int Value { get; } = 1; (0.91279ms)
2026-10-04T02:41:09.5877657Z ✔ Outline rejects order-sensitive or hidden-storage declaration: [ModuleInitializer] static void Init() {} (1.342935ms)
2026-10-04T02:41:09.5879673Z ✔ Outline rejects order-sensitive or hidden-storage declaration: [Alias] static void Init() {} (0.685925ms)
2026-10-04T02:41:09.5882213Z ✔ Outline rejects different containers, stale/read-only versions and invalid offsets without partial mutation (0.875079ms)
2026-10-04T02:41:09.5884153Z ✔ Outline rejects crossing region/directive trivia and malformed source members (2.281053ms)
2026-10-04T02:41:09.5887266Z ✔ Outline returns a stable no-op for the same member and preserves same-line separators for real moves (0.97183ms)
2026-10-04T02:41:09.8412357Z ✔ prepared document ingress adopts the exact model and source without reading text or rebuilding it (18.483867ms)
2026-10-04T02:41:09.8414267Z ✔ model and immutable roots are hidden even when an incoming caller made them enumerable (1.265831ms)
2026-10-04T02:41:09.8421346Z ✔ retaining prepared records preserves model/map/view identity and replaces old subscriptions without materializing text (8.484114ms)
2026-10-04T02:41:09.8423396Z ✔ duplicate, mismatched and stale prepared records reject atomically and remain caller-owned (5.73847ms)
2026-10-04T02:41:09.8427069Z ✔ a failed factory disposes only models it created while prepared callers and the current workspace remain intact (1.51588ms)
2026-10-04T02:41:09.8431495Z ✔ subscription failure and cancellation release staged subscriptions without disposing prepared input models (1.624513ms)
2026-10-04T02:41:09.8435642Z ✔ saved-state preparation rolls back dirty caller models if another model cannot commit its saved marker (0.964226ms)
2026-10-04T02:41:09.8440390Z ✔ add and legacy appended-record lookup adopt prepared models without a factory, and dispose releases owned roots (1.614485ms)
2026-10-04T02:41:09.8445358Z ✔ view errors after the atomic ownership commit are explicit and do not hand live models back to callers (1.294856ms)
2026-10-04T02:41:09.8665384Z ✔ real chunked File ingress adopts the reader model and decoder metadata without invoking whole-source getters (22.14748ms)
2026-10-04T02:41:09.8668645Z ✔ append imports retain dirty model baselines and read-only state without implicitly saving existing documents (2.7919ms)
2026-10-04T02:41:09.8671625Z ✔ append imports retain a late-save snapshot baseline and its stale-save dirty marker (1.776788ms)
2026-10-04T02:41:09.8675590Z ✔ preserveDirty never permits replacing or removing a dirty model without explicit discard (2.590543ms)
2026-10-04T02:41:09.8679103Z ✔ disposed prepared models reject and failing view cleanup still releases all owned models and roots (1.688062ms)
2026-10-04T02:41:10.2622091Z ✔ startup target switching preserves each project selected profile and starts that target (11.72773ms)
2026-10-04T02:41:10.2629833Z ✔ current-selection startup and new-instance commands honor the current project selected profile (2.747237ms)
2026-10-04T02:41:10.2634578Z ✔ changing a startup profile preserves its start-without-debugging action (1.286951ms)
2026-10-04T02:41:10.3330200Z ✔ malformed editor JSON fails before any capture starts (9.31984ms)
2026-10-04T02:41:10.3375730Z ✔ both baseline schemas are checked before any capture starts (4.695286ms)
2026-10-04T02:41:10.3436490Z ✔ known editor browser, OS, architecture, Node and CPU mismatches fail before capture (6.059181ms)
2026-10-04T02:41:10.3465535Z ✔ model-only or another browser backend cannot be used as the editor baseline (2.843116ms)
2026-10-04T02:41:10.3526825Z ✔ known workbench runner mismatches fail before editor captures (5.993608ms)
2026-10-04T02:41:10.3559886Z ✔ Python OS and architecture aliases match corresponding known Node runner facts (3.369803ms)
2026-10-04T02:41:10.3575814Z ✔ missing and outside-checkout baseline files fail before capture (1.592033ms)
2026-10-04T02:41:10.3593989Z ✔ empty inputs retain capture mode and the 22-minute outer browser deadline (1.54155ms)
2026-10-04T02:41:10.3624943Z ✔ compatible baselines are read once before capture and reused for comparison (3.030257ms)
2026-10-04T02:41:10.4205457Z ✔ each explicit platform, engine and stage resolves without running a capture (3.158778ms)
2026-10-04T02:41:10.4207480Z ✔ create events always discard baseline and dispatch-style overrides (0.235411ms)
2026-10-04T02:41:10.4211013Z ✔ manual dispatch preserves defaults and exact supplied baseline paths (0.338264ms)
2026-10-04T02:41:10.4214518Z ✔ unrelated creates, tag creates and unsupported event types cannot qualify (0.647092ms)
2026-10-04T02:41:10.4219115Z ✔ the complete branch grammar rejects malformed selection and unsafe or oversized nonces (0.443692ms)
2026-10-04T02:41:10.4223325Z ✔ event and full ref identity must agree for created and manually selected refs (0.488155ms)
2026-10-04T02:41:10.4228296Z ✔ a mutable name, missing SHA or different checked-out commit cannot pass immutable source validation (0.436457ms)
2026-10-04T02:41:10.4232156Z ✔ allocated runner and manual choice values are validated before output (0.444302ms)
2026-10-04T02:41:10.4237334Z ✔ baseline data cannot inject Actions environment records (1.626346ms)
2026-10-04T02:41:10.4292003Z ✔ oversized or malformed event files fail before writing any Actions environment output (12.494845ms)
2026-10-04T02:41:10.8208444Z ✔ deleting a project in the same workspace clears only its profiles and persists a consistent startup snapshot (12.246011ms)
2026-10-04T02:41:10.8213748Z ✔ removing a virtual-default profile selection clears it without requiring a materialized profile map (0.25623ms)
2026-10-04T02:41:11.7065472Z ✔ source Main(string[]) receives flat program argv and defaults to an empty array (96.966162ms)
2026-10-04T02:41:11.7067858Z ✔ source a parameterless entry accepts process argv without injecting method parameters (5.014474ms)
2026-10-04T02:41:11.7070858Z ✔ source top-level args are forwarded through the generated startup wrapper (5.703805ms)
2026-10-04T02:41:11.7075384Z ✔ source module initializers run once before argv forwarding into Main (43.808618ms)
2026-10-04T02:41:11.7078294Z ✔ source async Main retains argv and its integer exit code across an await (22.722237ms)
2026-10-04T02:41:11.7085538Z ✔ source argument arrays survive collection and caller mutation after construction (10.605026ms)
2026-10-04T02:41:11.7087433Z ✔ cil Main(string[]) receives flat program argv and defaults to an empty array (25.618713ms)
2026-10-04T02:41:11.7089252Z ✔ cil a parameterless entry accepts process argv without injecting method parameters (4.024008ms)
2026-10-04T02:41:11.7093806Z ✔ cil top-level args are forwarded through the generated startup wrapper (4.835538ms)
2026-10-04T02:41:11.7095995Z ✔ cil module initializers run once before argv forwarding into Main (13.225325ms)
2026-10-04T02:41:11.7099534Z ✔ cil async Main retains argv and its integer exit code across an await (12.373099ms)
2026-10-04T02:41:11.7424961Z ✔ cil argument arrays survive collection and caller mutation after construction (40.500372ms)
2026-10-04T02:41:11.7428827Z ✔ raw CIL methodToken invocations retain their numeric parameter contract (6.407924ms)
2026-10-04T02:41:11.7430847Z ✔ independently authored CIL string-array entry receives argv without a compiler-specific payload (5.426886ms)
2026-10-04T02:41:12.5315306Z ✔ source reads only its explicit environment, preserving empty values and case-sensitive names (98.595514ms)
2026-10-04T02:41:12.5320620Z ✔ source separate runtimes copy environment values and never observe another application (8.005968ms)
2026-10-04T02:41:12.5323816Z ✔ source a null environment variable name raises a managed ArgumentNullException (4.242668ms)
2026-10-04T02:41:12.5326217Z ✔ cil reads only its explicit environment, preserving empty values and case-sensitive names (22.151758ms)
2026-10-04T02:41:12.5329136Z ✔ cil separate runtimes copy environment values and never observe another application (10.952658ms)
2026-10-04T02:41:12.5332679Z ✔ cil a null environment variable name raises a managed ArgumentNullException (5.271095ms)
2026-10-04T02:41:12.5336081Z ✔ environment mutation and OS target overloads report unsupported source members (15.103214ms)
2026-10-04T02:41:12.5338378Z ✔ independent managed CIL resolves the registered process environment signature and refuses mutation (2.981185ms)
2026-10-04T02:41:12.9041502Z ✔ program argument normalization copies and freezes strings including empty and Unicode values (1.893767ms)
2026-10-04T02:41:12.9045342Z ✔ argument count, individual size, total size, primitive type and null bytes have explicit limits (0.703829ms)
2026-10-04T02:41:12.9050830Z ✔ environment normalization has private storage and never inherits host or prototype entries (0.376605ms)
2026-10-04T02:41:12.9056467Z ✔ environment names, types, prototypes, per-entry and total sizes reject before launch (2.096167ms)
2026-10-04T02:41:12.9060188Z ✔ process argv cannot replace raw parameters of an explicitly selected method (0.450284ms)
2026-10-04T02:41:12.9064286Z ✔ launch profiles use the same bounds and advertise only the implemented environment capability (0.554568ms)
2026-10-04T02:41:13.3248172Z ✔ injected RuntimeTools keeps existing profile grants and target launches do not inherit the active app settings (12.629109ms)
2026-10-04T02:41:13.3255164Z ✔ profile settings apply to the next project launch only without rebuilding or mutating existing apps (4.808618ms)
2026-10-04T02:41:13.3257695Z ✔ session settings remain scoped through active-app switches and only take effect on that app restart (5.925571ms)
2026-10-04T02:41:13.3259660Z ✔ profile and session revocation stop only the explicitly associated applications (4.31883ms)
2026-10-04T02:41:13.3261323Z ✔ settings requests capture the chosen app and do not fall back to a foreign active session (2.531993ms)
2026-10-04T02:41:13.3307480Z ✔ late metrics cannot repaint a newly selected settings target (6.364323ms)
2026-10-04T02:41:13.3313223Z ✔ target selector values are stable and invalid settings do not change any target (1.52118ms)
2026-10-04T02:41:13.3315356Z ✔ only an actual loose-source language change schedules its project compilation (1.262224ms)
2026-10-04T02:41:13.3317294Z ✔ legacy hosts retain the RuntimeTools API with explicitly isolated default settings (0.516658ms)
2026-10-04T02:41:14.4531536Z ✔ real source worker consumes a complete launch profile (497.763839ms)
2026-10-04T02:41:14.9492368Z ✔ real source workers isolate argv, environment and stop commands despite equal local serials (498.031055ms)
2026-10-04T02:41:15.3355007Z ✔ real source worker rejects malformed replacement settings without retiring its paused session (388.5969ms)
2026-10-04T02:41:15.7080549Z ✔ real direct CIL worker consumes a complete launch profile (371.283712ms)
2026-10-04T02:41:16.1626027Z ✔ real direct CIL workers isolate argv, environment and stop commands despite equal local serials (456.323471ms)
2026-10-04T02:41:16.5380830Z ✔ real direct CIL worker rejects malformed replacement settings without retiring its paused session (379.473288ms)
2026-10-04T02:41:16.9668401Z ✔ session recovery exports only deterministic startup and non-executable profile metadata (16.33839ms)
2026-10-04T02:41:16.9670109Z ✔ ZIP and extracted-folder manifests retain metadata while dropping hostile executable fields (6.195705ms)
2026-10-04T02:41:16.9672182Z ✔ invalid recovery projects, libraries, selections and profile references fail before either live owner changes (3.005073ms)
2026-10-04T02:41:16.9680674Z ✔ recovery staging is immutable, single-use and notifies observers only after both owners commit (1.840039ms)
2026-10-04T02:41:16.9682710Z ✔ prospective recovery validates before workspace replacement and commits only to that loaded project set (2.081101ms)
2026-10-04T02:41:16.9685396Z ✔ legacy records without session metadata are no-ops, while malformed versions, paths and bounds are rejected (1.111483ms)
2026-10-04T02:41:17.0277453Z ✔ session state lint detects direct, computed, compound, destructuring and prefix writes (3.136701ms)
2026-10-04T02:41:17.0283102Z ✔ session state lint excludes reads, equality, strings, comments and unrelated state properties (0.876373ms)
2026-10-04T02:41:17.0288331Z ✔ session state lint accepts only explicitly inventoried owners and includes stable diagnostics (0.462346ms)
2026-10-04T02:41:17.4239600Z ✔ Processes row controls affect only that row across active-application changes (17.351279ms)
2026-10-04T02:41:17.4246955Z ✔ Debug Location process/thread/frame selection owns its locals and does not navigate a background app (4.009416ms)
2026-10-04T02:41:17.4252800Z ✔ status and title announce a meaning change once and ignore repeated output/state events (2.075151ms)
2026-10-04T02:41:17.6371355Z ✔ status updates read model positions and EOL metadata without flattening a 100 MB document (1.875757ms)
2026-10-04T02:41:17.6374526Z ✔ status visual columns distinguish tabs, CJK, zero-width clusters and UTF-16 characters (2.184966ms)
2026-10-04T02:41:17.6605059Z ✔ status uses cancellable exact model columns and ignores stale carets without flattening source (5.716296ms)
2026-10-04T02:41:17.6608820Z ✔ reading one setting preserves workspace null overrides without cloning unrelated layouts (1.714123ms)
2026-10-04T02:41:17.6610953Z ✔ Solution Explorer filtering never reads document content synchronously (2.228188ms)
2026-10-04T02:41:17.6613408Z ✔ definition range reads stay bounded at a caret near the end of a large indexed document (1.193978ms)
2026-10-04T02:41:17.6615585Z ✔ Explorer content searches retain actual worker URI matches and reject stale or cancelled results (1.016255ms)
2026-10-04T02:41:17.6620672Z ✔ automatic recovery and bookmark construction never materialize a 100 MB model-backed file (0.893105ms)
2026-10-04T02:41:17.6623800Z ✔ existing recovery is retained until the user restores or discards it (0.355537ms)
2026-10-04T02:41:17.6626719Z ✔ bookmark edit transformation handles several pre-edit coordinates and wraps across files (7.818287ms)
2026-10-04T02:41:17.6632869Z ✔ Output filters project and session identity from shared channel entries (0.743083ms)
2026-10-04T02:41:17.6635007Z ✔ Find Results changes retained project or session scope without requesting another search (0.273352ms)
2026-10-04T02:41:17.6637046Z ✔ locked result windows remain bounded without silently discarding retained results (1.574692ms)
2026-10-04T02:41:17.6640107Z ✔ regex replacement retains lookbehind, named captures and original string substitutions (1.816956ms)
2026-10-04T02:41:17.6643157Z ✔ keyboard removal applies to default ids before conflict calculation (1.116884ms)
2026-10-04T02:41:17.6644681Z ✔ provider failures terminate queued test state instead of leaving a run in progress (0.7784ms)
2026-10-04T02:41:17.7473227Z ✔ menu palette and command window share contextual enablement and the same handler (3.786899ms)
2026-10-04T02:41:17.7477479Z ✔ when parser handles precedence and rejects malformed executable input and nesting (0.541605ms)
2026-10-04T02:41:17.7481089Z ✔ command contributions rollback conflicts and restore replaced handlers (0.541726ms)
2026-10-04T02:41:17.7483242Z ✔ command parser preserves quoted arguments without evaluating expressions (0.765364ms)
2026-10-04T02:41:17.7488549Z ✔ 10000 hidden output invalidations produce no render or scheduled frame (1.275271ms)
2026-10-04T02:41:17.7491790Z ✔ performance records exact per-session percentiles and enforces relative budgets (0.898424ms)
2026-10-04T02:41:17.7495093Z ✔ lazy activation cancellation never resolves a mount and successful module loads cache once (0.717495ms)
2026-10-04T02:41:17.7501779Z ✔ two concurrent tasks cancel independently and keep truthful cancelling state (1.616931ms)
2026-10-04T02:41:18.2077304Z ✔ workbench inventory matches every registered shell window and command (19.731732ms)
2026-10-04T02:41:18.2080227Z ✔ performance budget comparison fails absolute and twenty-percent p95 regressions (1.807268ms)
2026-10-04T02:41:18.2083916Z ✔ performance comparison rejects absent, duplicate and unreported metric obligations (0.867176ms)
2026-10-04T02:41:18.2091838Z ✔ performance comparison rejects invalid or fabricated statistics and mismatched captures (1.553132ms)
2026-10-04T02:41:18.2093614Z ✔ capture-only performance assessment never invents a relative regression verdict (0.628929ms)
2026-10-04T02:41:18.2840358Z ✔ recent workspace remembering retains metadata and never enumerates source or disk records (2.040926ms)
2026-10-04T02:41:18.2845096Z ✔ opening the current workspace activates it without reading recovery or requiring permission (0.427761ms)
2026-10-04T02:41:18.2849735Z ✔ recovery preparation preserves file bytes, encoding, BOM and unsaved source metadata (1.947211ms)
2026-10-04T02:41:18.2854021Z ✔ recent opening uses the matching previous recovery and confirms actual workspace identity (0.626033ms)
2026-10-04T02:41:18.2857242Z ✔ samples require a provider-confirmed open instead of treating an unchanged workspace as success (0.745017ms)
2026-10-04T02:41:18.2861134Z ✔ missing recent files request permission explicitly and cancellation preserves the pinned MRU (0.572073ms)
2026-10-04T02:41:18.2865409Z ✔ recovery bounds, corrupt data and cancelled providers fail before recent success is published (0.986109ms)
2026-10-04T02:41:18.4593931Z ✔ search supports captures literal metacharacters exact versions whole words and bounded empty regex matches (4.001992ms)
2026-10-04T02:41:18.4597489Z ✔ replacement preview skips changed documents and preserves unchecked matches as one batch per document (1.544044ms)
2026-10-04T02:41:18.4605698Z ✔ worker cancellation terminates a pathological query without affecting a second results instance (0.936296ms)
2026-10-04T02:41:18.4609808Z ✔ workspace symbol results reject superseded requests and changed document versions (0.558246ms)
2026-10-04T02:41:18.4613981Z ✔ Error List combines source scope severity search and sort over 5000 real diagnostic records (3.843976ms)
2026-10-04T02:41:18.4617604Z ✔ Output model bounds 100000 line inputs and compiler message links preserve location (84.307072ms)
2026-10-04T02:41:18.4623071Z ✔ bookmarks move with source insertions and locked reference results remain unchanged (1.4029ms)
2026-10-04T02:41:18.6664794Z ✔ old settings migrate once and corrupt settings notify then recover defaults (2.73647ms)
2026-10-04T02:41:18.6667702Z ✔ settings transaction rejects invalid data and persistence failure before publishing (1.919619ms)
2026-10-04T02:41:18.6670195Z ✔ line-ending normalization stays opt-in across theme changes and rejects invalid settings (0.812784ms)
2026-10-04T02:41:18.6673066Z ✔ workspace preferences override user scope and exported profiles omit secrets recursively (1.18444ms)
2026-10-04T02:41:18.6676156Z ✔ keyboard conflicts include default bindings and distinguish scopes (1.18939ms)
2026-10-04T02:41:18.6681959Z ✔ keyboard Options shares native chord-prefix conflicts and shifted punctuation notation (0.513302ms)
2026-10-04T02:41:18.6683699Z ✔ configuration manager applies release selection only to enabled project mappings (1.519459ms)
2026-10-04T02:41:18.6686932Z ✔ recent files retain pinning and prune missing sources (0.696747ms)
2026-10-04T02:41:18.6688886Z ✔ notifications survive toast expiry and unread/dismissal are independent (2.160921ms)
2026-10-04T02:41:18.6693268Z ✔ external change prompts once per disk version and recovery contains only document data (1.310196ms)
2026-10-04T02:41:18.6695023Z ✔ dropped file import bounds count and total bytes (0.540643ms)
2026-10-04T02:41:18.7372304Z ✔ theme gate detects hex and numeric functional colors inside declarations, fallbacks, gradients and nested rules (3.916623ms)
2026-10-04T02:41:18.7377916Z ✔ theme gate ignores selectors, comments, strings, URL fragments and identifiers that are not color tokens (0.312896ms)
2026-10-04T02:41:18.7381183Z ✔ only explicit token files may define literal palette values; token files cannot hide painted rules (0.347261ms)
2026-10-04T02:41:18.7383841Z ✔ theme gate fails closed on malformed CSS and validates empty and non-string input boundaries (0.527359ms)
2026-10-04T02:41:18.8133240Z ✔ all Studio styles pass the color gate and extracted paint and token styles have explicit cascade order (78.819995ms)
2026-10-04T02:41:18.8361257Z ✔ the migration preserves every legacy dark/light paint value, geometry declaration and ordered override (22.92613ms)
2026-10-04T02:41:18.8562940Z ✔ Light keeps its authored palette, Blue keeps syntax distinctions, and contrast modes resolve every legacy token (19.737983ms)
2026-10-04T02:41:18.8565150Z ✔ system theme follows OS changes immediately and disposal removes its media listener (0.459922ms)
2026-10-04T02:41:19.0928748Z ✔ Task List scans real C# comment trivia and ignores literal task words (65.822559ms)
2026-10-04T02:41:19.0931108Z ✔ class hierarchy attaches members to their actual project and namespace (0.447419ms)
2026-10-04T02:41:19.1075678Z ✔ Object Browser uses actual registered List metadata and method signatures (57.949288ms)
2026-10-04T02:41:19.1077612Z ✔ test provider subset runs emit incremental states and produce hierarchical results (2.397224ms)
2026-10-04T02:41:19.1079397Z ✔ test cancellation signals only its current provider operation and preserves terminal results (0.578905ms)
2026-10-04T02:41:19.1081054Z ✔ call hierarchy expands lazily and rejects changed source versions (1.524107ms)
2026-10-04T02:41:19.1082565Z ✔ diagnostic session timelines remain separate and heap diffs use actual census data (1.321998ms)
2026-10-04T02:41:19.1096115Z ✔ toolbox providers select the actual active document kind (0.579076ms)
2026-10-04T02:41:19.5613295Z ✔ both main menu surfaces expose startup configuration, a new instance, and Stop All (4.938428ms)
2026-10-04T02:41:19.5616323Z ✔ configuration aliases and auxiliary session commands reuse their registered host actions (1.534677ms)
2026-10-04T02:41:19.5622968Z ✔ explicit project invocation overrides ambient selection without changing startup or launch profiles (1.231268ms)
2026-10-04T02:41:19.5624582Z ✔ a host without an execution override still launches the explicit project using its selected profile (0.735018ms)
2026-10-04T02:41:19.5628528Z ✔ library, missing and empty targets cannot silently fall back to the startup project (1.736906ms)
2026-10-04T02:41:19.5632232Z ✔ new-instance availability refreshes native, Hot Reload and pending-launch explanations (0.872485ms)
2026-10-04T02:41:19.5638334Z ✔ Stop All is enabled for live sessions or pending launches and uses the host cancellation path (0.728245ms)
2026-10-04T02:41:19.5640693Z ✔ startup configuration is disabled when no projects remain (0.648606ms)
2026-10-04T02:41:19.5645697Z ✔ Explorer solution and project menus route the exact selected node through the public aliases (2.39509ms)
2026-10-04T02:41:19.5649284Z ✔ Explorer uses current registry reasons and preserves native build, restore and evaluate availability (0.859592ms)
2026-10-04T02:41:19.5653048Z ✔ aborted invocations do not start and disposal restores a previously registered command (0.802103ms)
2026-10-04T02:41:19.9740945Z ✔ startup modes validate libraries/unknown projects and serialize in deterministic order (2.964578ms)
2026-10-04T02:41:19.9746168Z ✔ profiles isolate project settings, return copies and exclude grants/environment from exported preferences (1.231208ms)
2026-10-04T02:41:19.9748665Z ✔ startup builds dependencies once, preserves configured order and starts independent roots after one failure (8.589343ms)
2026-10-04T02:41:19.9751176Z ✔ two successful startup roots keep independent session resources and restart commands use explicit context (4.462947ms)
2026-10-04T02:41:19.9755269Z ✔ workbench disposal terminates every owned worker without closing another workbench (2.844041ms)
2026-10-04T02:41:19.9757632Z ✔ default build snapshots use current shared document revisions without changing source descriptors (1.567629ms)
2026-10-04T02:41:19.9760540Z ✔ source and managed IL profiles forward program argv separately from method parameters (3.276803ms)
2026-10-04T02:41:19.9762888Z ✔ an explicitly restricted external launch target refuses unsupported profile capabilities (1.618945ms)
2026-10-04T02:41:19.9764931Z ✔ concurrent starts queue one shared project build and keep independent application instances (1.700829ms)
2026-10-04T02:41:19.9768768Z ✔ failed startup preference storage leaves the previous configuration intact (0.429535ms)
2026-10-04T02:41:20.4353585Z ✔ Set as Startup Project preserves both selected profiles and the toolbar agrees with the next F5 launch (21.520003ms)
2026-10-04T02:41:20.4359479Z ✔ Set as Startup Project uses the real default profile when no per-project choice exists (3.638676ms)
2026-10-04T02:41:20.4364599Z ✔ invalid or library startup targets leave the selected project and profile unchanged (3.138169ms)
2026-10-04T02:41:20.4949415Z ✔ session state lint detects direct, computed, compound, destructuring and prefix writes (3.210945ms)
2026-10-04T02:41:20.4953809Z ✔ session state lint excludes reads, equality, strings, comments and unrelated state properties (0.914623ms)
2026-10-04T02:41:20.4960603Z ✔ session state lint accepts only explicitly inventoried owners and includes stable diagnostics (0.431849ms)
2026-10-04T02:41:20.7111897Z ✔ all Studio modules keep direct debug-state writes inside session owners (218.72517ms)
2026-10-04T02:41:20.7915222Z ✔ static named/re-export graph initializes dependencies first and lazy graph stays cold until one microtask (17.894161ms)
2026-10-04T02:41:20.7970443Z ✔ lexical transforms leave literal/comment/regex text unchanged and handle nested template expressions (5.815013ms)
2026-10-04T02:41:20.8022925Z ✔ dynamic cycles are deferred and repeated evaluation failures keep their original error identity (5.272006ms)
2026-10-04T02:41:20.8057179Z ✔ the known Node worker adapter cannot trigger dynamic code loading from a browser bundle (3.337953ms)
2026-10-04T02:41:20.8220014Z ✔ computed/unresolved imports, mutable exports, static cycles and missing or ambiguous names fail at build time (16.231787ms)
2026-10-04T02:41:20.8246568Z ✔ graph containment checks real paths, including symlinks (2.600561ms)
2026-10-04T02:41:20.8410404Z ✔ standalone hashes exact code and lazily embeds actual worker dependencies, including nested workers (16.159953ms)
2026-10-04T02:41:20.8466923Z ✔ recursive worker graphs and worker URLs outside the asset root are rejected before packaging (5.797771ms)
2026-10-04T02:41:20.9126718Z ✔ actual TaskCenter Cancel aborts its whole two-project queue and leaves an independent queue running (11.568814ms)
2026-10-04T02:41:20.9154028Z ✔ a queued second operation for the same project survives cancellation of the first captured queue (2.687755ms)
2026-10-04T02:41:20.9210276Z ✔ a completed task callback cannot cancel the next project or a later build with the same project id (3.121427ms)
2026-10-04T02:41:20.9212249Z ✔ TaskCenter cancellation during its started notification sends no request and skips the rest of the queue (1.519386ms)
2026-10-04T02:41:20.9262454Z ✔ standalone build cancellation preserves the other worker and disposal settles only tracked operations (6.555731ms)
2026-10-04T02:41:20.9276117Z ✔ build task quota cancels only the untrackable queue and reports the refusal (1.58583ms)
2026-10-04T02:41:21.4542112Z ✔ startup toolbar selection changes the explicit compiler project while background work retains it (16.606369ms)
2026-10-04T02:41:21.4546855Z ✔ Studio routes language requests by document membership without selecting background projects (2.94649ms)
2026-10-04T02:41:21.4550811Z ✔ workspace replacement clears former project memberships, sessions and launch profiles (9.911206ms)
2026-10-04T02:41:21.4552744Z ✔ Studio language providers preserve originating versions and resolve the requested target document (3.041538ms)
2026-10-04T02:41:21.4555350Z ✔ workspace record metadata does not read source text and explicit reads retain the captured snapshot (3.917288ms)
2026-10-04T02:41:21.4559069Z ✔ partial disk saves acknowledge only written snapshots and keep edits made during I/O dirty (4.38777ms)
2026-10-04T02:41:21.4561750Z ✔ start new instance keeps existing applications and launches the selected profile (4.616559ms)
2026-10-04T02:41:21.4568154Z ✔ silent Studio builds leave large documents available without sending them to the compiler (51.243344ms)
2026-10-04T02:41:21.4570093Z ✔ Studio source policy admits 501 files and a 200 MiB buffer and rejects bounded overflow (0.87535ms)
2026-10-04T02:41:21.4573577Z ✔ launch fields preserve literal arguments and equals signs and reject invalid or duplicate environment entries (0.622226ms)
2026-10-04T02:41:21.4575975Z ✔ breakpoint remapping applies several ordered source changes against their captured versions (2.090416ms)
2026-10-04T02:41:21.9775763Z ✔ actual project loading publishes warnings into Error List without failing a build or leaking to project B (12.255378ms)
2026-10-04T02:41:21.9780096Z ✔ loader errors block only their project and appear once under their producer; reevaluation removes only obsolete entries (10.07912ms)
2026-10-04T02:41:21.9795570Z ✔ real designer source synchronization publishes protected-expression warnings and errors under the captured source owner (22.792288ms)
2026-10-04T02:41:21.9799152Z ✔ source edits, project removal and disposal invalidate designer reports without erasing other producers (3.216589ms)
2026-10-04T02:41:21.9801255Z ✔ an asynchronous designer failure cannot replace a new link or attribute the old failure to its new project (13.107136ms)
2026-10-04T02:41:22.2333048Z ✔ A19 utf-8 observation uses the granted handle and preserves encoding through reload and the next save (45.640023ms)
2026-10-04T02:41:22.2617676Z ✔ A19 utf-16le observation uses the granted handle and preserves encoding through reload and the next save (28.805778ms)
2026-10-04T02:41:22.2887197Z ✔ A19 utf-16be observation uses the granted handle and preserves encoding through reload and the next save (26.62478ms)
2026-10-04T02:41:22.3045821Z ✔ A19 a Save As target overrides the original workspace handle and receives the accepted baseline (15.703769ms)
2026-10-04T02:41:22.3101789Z ✔ A19 an empty no-BOM UTF-16 observation remains an editable zero-byte source after reload (5.683753ms)
2026-10-04T02:41:22.3160927Z ✔ A19 same-URI workspace replacement and later editor edits both invalidate an old observation (5.856196ms)
2026-10-04T02:41:22.3263290Z ✔ A19 confirmation cannot overwrite a replacement document, a later edit, or a changed target (10.168808ms)
2026-10-04T02:41:22.3338912Z ✔ A19 declined confirmation and read-only models leave both document and disk baselines intact (7.419395ms)
2026-10-04T02:41:22.3425759Z ✔ A19 disk changes occurring after a prompt are rechecked before changing the editor (8.795815ms)
2026-10-04T02:41:22.3573045Z ✔ A19 postcommit listener errors report committed state and preserve the matching save baseline (14.670556ms)
2026-10-04T02:41:22.3614354Z ✔ A19 disposed and cancelled observers do not publish a pending handle read or reload prompt (3.962947ms)
2026-10-04T02:41:22.3636084Z ✔ A19 a replaced target or record during decoding returns no stale observation (2.2996ms)
2026-10-04T02:41:22.3668963Z ✔ A19 cancellation during a decoded chunk prevents observation publication and leaves the document unchanged (3.176243ms)
2026-10-04T02:41:22.5556742Z ✔ A19 watch reads admit exactly 8,000,000 decoded characters and reject larger or invalid encodings (188.5977ms)
2026-10-04T02:41:22.6045268Z ✔ A19 automatic reads reject an oversized byte descriptor without slicing or reading lazy editor text (49.009964ms)
2026-10-04T02:41:22.6821539Z ✔ initial document sync activates the selected primary view and opens other tabs in the background (3.14793ms)
2026-10-04T02:41:22.6826760Z ✔ dirty document sync preserves its active secondary view and a different URI explicitly changes it (2.040885ms)
2026-10-04T02:41:22.6833734Z ✔ background document sync preserves selected application or tool without changing group selection (0.610574ms)
2026-10-04T02:41:22.6841556Z ✔ removing the active document returns to a surviving source and unregisters its secondary views (0.978253ms)
2026-10-04T02:41:22.6843933Z ✔ initial restore keeps the persisted secondary document selection (2.114514ms)
2026-10-04T02:41:22.9112213Z ✔ horizontal host split creates one bottom group beside the original, with no intermediate vertical or empty group (12.659276ms)
2026-10-04T02:41:22.9114221Z ✔ vertical host split and default New Window retain one right-hand shared view (2.33192ms)
2026-10-04T02:41:22.9120556Z ✔ new views anchor to the requested source group instead of the first document group (1.591994ms)
2026-10-04T02:41:22.9122885Z ✔ Vim split filename opens that workspace source and moves its exact panel beside the original once (1.421354ms)
2026-10-04T02:41:22.9126504Z ✔ a split path naming the current source clones its view and does not perform an unnecessary open (0.961141ms)
2026-10-04T02:41:22.9129227Z ✔ invalid or non-workspace split paths fail before any open, group change or new view (1.088821ms)
2026-10-04T02:41:22.9132227Z ✔ a cancelled or failing workspace opener creates no split (1.474954ms)
2026-10-04T02:41:22.9136728Z ✔ invalid split axes and missing original groups cannot allocate secondary views (1.073963ms)
2026-10-04T02:41:22.9139381Z ✔ removing the original group during an asynchronous source open reports the stale target without an extra view (0.881201ms)
2026-10-04T02:41:23.3571756Z ✔ actual Explorer rows expose multiple startup, running, paused and building states with descriptive accessible names (22.604596ms)
2026-10-04T02:41:23.3576147Z ✔ background session changes preserve tree selection and unchanged statistics do not redraw rows or read source records (9.014164ms)
2026-10-04T02:41:23.3581169Z ✔ a normal Explorer tree rebuild retains current badges and disposing the adapter releases every subscription (3.077458ms)
2026-10-04T02:41:23.3584820Z ✔ current-selection startup decorations follow the actual active document membership without selecting another project (2.402343ms)
2026-10-04T02:41:23.3593579Z ✔ recycled ordinary tree rows remove a former project accessible label (2.090728ms)
2026-10-04T02:41:23.8377626Z ✔ an Explorer host commit retains unchanged models and their saved baselines, including unsaved siblings (35.824102ms)
2026-10-04T02:41:23.8510853Z ✔ dirty Explorer rename and undo preserve source roots, baseline history, active tabs and breakpoints (14.163105ms)
2026-10-04T02:41:23.8579935Z ✔ document reset subscribers observe the same project XML, membership and active source as the Explorer commit (6.873513ms)
2026-10-04T02:41:23.8642953Z ✔ Explorer opening guard preserves edits made during asynchronous workspace preflight (6.421856ms)
2026-10-04T02:41:23.8696881Z ✔ Explorer host rejects a superseding workspace revision before adopting its staged source models (6.28507ms)
2026-10-04T02:41:24.3289501Z ✔ a cancelled late JSON file read cannot acquire a newer ticket or replace the succeeding workspace (18.83468ms)
2026-10-04T02:41:24.3364064Z ✔ bundle import retains source overrides, encoding/BOM, folders and zero-length binary entries (5.492164ms)
2026-10-04T02:41:24.3367492Z ✔ sample reset observers see the matching source, workspace metadata and cleared old artifacts (3.753705ms)
2026-10-04T02:41:24.3491603Z ✔ stale assembly completion cannot replace a workspace opened during compiler import (4.125241ms)
2026-10-04T02:41:24.3495252Z ✔ successful assembly reset never pairs imported documents with previous build artifacts (2.585996ms)
2026-10-04T02:41:24.3505816Z ✔ metadata reads use the captured browser handle or native client and return actual bounded bytes (1.462331ms)
2026-10-04T02:41:24.3508095Z ✔ a browser metadata read rejects after its owning disk changes while getFile is pending (1.179281ms)
2026-10-04T02:41:24.3509927Z ✔ pending native metadata rejects a change to native client (1.319603ms)
2026-10-04T02:41:24.3512352Z ✔ pending native metadata rejects a change to backend mode (1.000576ms)
2026-10-04T02:41:24.3527962Z ✔ pending native metadata rejects a change to workspace epoch (1.020012ms)
2026-10-04T02:41:24.3529414Z ✔ metadata cancellation and advertised byte limits stop before consuming an oversized file (1.055128ms)
2026-10-04T02:41:24.6186545Z ✔ public shortcut utilities share native event normalization with the Options recorder (2.247763ms)
2026-10-04T02:41:24.6188828Z ✔ invalid keyboard assignments, removal syntax and profile IDs never replace active state (26.535633ms)
2026-10-04T02:41:24.6191270Z ✔ custom commands override defaults exactly once and remain visible to command menus (8.762233ms)
2026-10-04T02:41:24.6194862Z ✔ removing one native chord leaves other chords sharing its prefix available (6.632079ms)
2026-10-04T02:41:24.6199325Z ✔ a removed global exact key does not intercept an editor chord using its prefix (4.781993ms)
2026-10-04T02:41:24.6203938Z ✔ a removal follows command and scope across profile changes without suppressing a different command on the key (6.988538ms)
2026-10-04T02:41:24.6207511Z ✔ dynamic binding disposers remain valid after atomic table swaps and reject duplicate IDs (7.325028ms)
2026-10-04T02:41:24.6218439Z ✔ keyboard conflict data excludes removed defaults and includes cross-scope prefix overlap (3.472649ms)
2026-10-04T02:41:24.6221780Z ✔ popup installation handles global shortcuts once, releases listeners and leaves dialogs alone (2.37409ms)
2026-10-04T02:41:24.6226046Z ✔ attached command availability is explicit without an editor and closing a view detaches its filter (2.691495ms)
2026-10-04T02:41:25.5079680Z ✔ Studio direct ownership excludes dependency-only membership and retains genuine linked-file owners (15.135527ms)
2026-10-04T02:41:25.5084215Z ✔ composed project Fix All changes owned sources through real compiler validation without editing a dependency (119.615874ms)
2026-10-04T02:41:25.5088986Z ✔ composed solution Fix All deduplicates linked sources and preserves preview-only ownership (30.277366ms)
2026-10-04T02:41:25.5093088Z ✔ reference and test lenses compose while test resolve/run use the actual owning provider and TaskCenter (8.466147ms)
2026-10-04T02:41:25.5097410Z ✔ explicit linked-file context runs only its selected test owner, while ambiguous inferred ownership remains hidden (5.454263ms)
2026-10-04T02:41:25.5100952Z ✔ non-test lens commands forward the real host command and its argument without running a test (1.737496ms)
2026-10-04T02:41:25.5105016Z ✔ cancelling pending semantic lenses prevents the test provider from publishing combined results (5.607119ms)
2026-10-04T02:41:25.5109473Z ✔ removed test providers and changed direct ownership cannot execute retained CodeLens commands (5.284294ms)
2026-10-04T02:41:25.6331317Z ✔ cold Studio registers every facade without importing tools or activating native integration (5.39434ms)
2026-10-04T02:41:25.6344341Z ✔ first commands and panels instantiate each actual controller once and share native settings (3.118845ms)
2026-10-04T02:41:25.6359122Z ✔ visible restored panels activate only their feature and repeated layout events do not rerender (1.404372ms)
2026-10-04T02:41:25.6376723Z ✔ loading coalesces latest mount and disposal prevents late construction or DOM changes (1.716327ms)
2026-10-04T02:41:25.6400371Z ✔ module failure presents an actionable retry and a successful retry mounts the real controller (1.213825ms)
2026-10-04T02:41:25.6404062Z ✔ capability presence permits only native first activation; canonical client still validates the token (0.593202ms)
2026-10-04T02:41:25.6406143Z ✔ designer automation waits for first activation and preserves synchronous loaded document calls (0.585648ms)
2026-10-04T02:41:25.7078766Z ✔ actual focused view wins while dock activation is ahead of Studio editor installation (5.168627ms)
2026-10-04T02:41:25.7085747Z ✔ nested open callbacks add one departure and one actual jump, retaining view identity (1.516452ms)
2026-10-04T02:41:25.7117809Z ✔ ordinary caret movement does not create a jump and a failed open does not add a destination (1.384194ms)
2026-10-04T02:41:25.7119596Z ✔ direct window navigation and toolbar navigation replay the same history without recording activation (1.745581ms)
2026-10-04T02:41:25.7121213Z ✔ dropdown entries replay the shared history and clear invalidates in-progress tokens (1.421464ms)
2026-10-04T02:41:25.7823606Z ✔ five actual Studio preview opens reuse one tab and retain ordered jump history (8.589839ms)
2026-10-04T02:41:25.7830048Z ✔ failed preview destinations do not enter history or block the next valid navigation (1.841552ms)
2026-10-04T02:41:26.1677388Z ✔ background build failure never reveals a tool or changes user intent (9.329476ms)
2026-10-04T02:41:26.1743490Z ✔ an explicit build reveals its errors only while the initiating navigation remains current (10.645492ms)
2026-10-04T02:41:26.1767851Z ✔ an explicit build cannot reveal results for a project that is no longer selected (2.185736ms)
2026-10-04T02:41:26.1818483Z ✔ late launch completion and stop-on-entry navigation respect a newer tool selection (5.406172ms)
2026-10-04T02:41:26.2006530Z ✔ a pending new-instance launch cannot replace an explicitly selected existing application (2.552504ms)
2026-10-04T02:41:26.2010925Z ✔ a current launch may reveal its source and application without invalidating its own ticket (1.956317ms)
2026-10-04T02:41:26.2013901Z ✔ faults, exits and verified-symbol source cannot override later user navigation (2.154188ms)
2026-10-04T02:41:26.2018314Z ✔ current active-session faults may reveal output while foreign owners and worker serials are rejected (2.615883ms)
2026-10-04T02:41:26.2021881Z ✔ continuing after navigation captures a new action without reviving earlier paused events (2.163275ms)
2026-10-04T02:41:26.2026816Z ✔ restart follows the new epoch while the previous worker identity remains unable to reveal (2.3687ms)
2026-10-04T02:41:26.2029773Z ✔ registered debug commands refresh follow intent; cancelled or unavailable commands do not authorize reveals (2.388937ms)
2026-10-04T02:41:26.2033298Z ✔ main and detached document navigation invalidate pending reveals and listeners are disposed (0.961572ms)
2026-10-04T02:41:26.2037343Z ✔ an explicit target starts even when the selected build project is a library (1.539705ms)
2026-10-04T02:41:26.2055424Z ✔ stopping a pending launch revokes its later reveal without leaving an activation callback in worker options (5.367529ms)
2026-10-04T02:41:26.6711960Z ✔ Studio bulk save follows the successful Save As handle and leaves the original file untouched (27.242127ms)
2026-10-04T02:41:26.6814697Z ✔ bulk I/O cannot reconcile a replacement document with the same URI and version (7.499045ms)
2026-10-04T02:41:26.6819887Z ✔ disposing StudioSave cancels an outstanding picker without retaining targets or refreshing documents (1.866108ms)
2026-10-04T02:41:26.6823467Z ✔ native workspaces reject browser Save As before asking for a destination (1.633001ms)
2026-10-04T02:41:26.6840317Z ✔ document save acquires its picker synchronously and commits the exact asynchronously normalized capture (3.844916ms)
2026-10-04T02:41:27.1414473Z ✔ file picker opens synchronously exactly once and passes its original ticket into real workspace adoption (21.718715ms)
2026-10-04T02:41:27.1465293Z ✔ a superseded picker late change cannot invoke import or acquire a newer ticket (5.901791ms)
2026-10-04T02:41:27.1524581Z ✔ an uncancellable late reader keeps the original ticket and cannot replace a newer workspace (6.100513ms)
2026-10-04T02:41:27.1581586Z ✔ cancel removes the abort listener, releases an owned ticket, and permits a new picker (4.450782ms)
2026-10-04T02:41:27.1585547Z ✔ cancelling a borrowed ticket leaves ownership with the caller and creates no duplicate picker ticket (1.300297ms)
2026-10-04T02:41:27.1607380Z ✔ disposal rejects an open picker and removes all input and ticket listeners before late events (2.445824ms)
2026-10-04T02:41:27.1634526Z ✔ a direct nonempty input change begins once without opening a second native picker (3.013699ms)
2026-10-04T02:41:27.1684821Z ✔ an empty unsolicited change cannot supersede an independent pending workspace operation (1.645734ms)
2026-10-04T02:41:27.1689261Z ✔ read-only ownership rejects before opening the browser picker (2.639707ms)
2026-10-04T02:41:27.1694429Z ✔ consumer failure reports the actual error and releases its ticket without changing documents (1.388603ms)
2026-10-04T02:41:27.5835202Z ✔ Watch 2 is an executable user command with independent expressions/results and explicit application scope (15.161245ms)
2026-10-04T02:41:27.5877193Z ✔ Watch controls add, scope and remove expressions while asynchronous values retain the input node (7.081322ms)
2026-10-04T02:41:27.7090766Z ✔ pending application/frame results are aborted and never replace a newer window scope (4.240236ms)
2026-10-04T02:41:27.7092398Z ✔ hidden Watch windows do no evaluation or DOM writes for background output (111.80192ms)
2026-10-04T02:41:27.7097533Z ✔ factory registration before restore recreates exact Watch identity, layout and saved expressions (4.152593ms)
2026-10-04T02:41:27.7099468Z ✔ closing retains the controller and explicit unregister/dispose releases it before reopening (2.354593ms)
2026-10-04T02:41:27.7102023Z ✔ corrupt, oversized, duplicate and failed persisted writes are explicit and atomic (0.492202ms)
2026-10-04T02:41:27.7907485Z ✔ saved tool layout applies across document sets without closing or reopening documents (4.331508ms)
2026-10-04T02:41:27.7910300Z ✔ saved layouts support legacy payloads, stable slots, rename, delete and rejected persistence (1.513306ms)
2026-10-04T02:41:27.7917496Z ✔ reset requires an explicit positive choice (0.396814ms)
2026-10-04T02:41:27.7926918Z ✔ navigation retains group, view and popout identities and rejects malformed locations (0.549921ms)
2026-10-04T02:41:27.7929152Z ✔ navigation returns moved tab to its original existing document group (2.227134ms)
2026-10-04T02:41:27.7931064Z ✔ tool factories create independent instances and restore exact identities (1.02952ms)
2026-10-04T02:41:27.7932895Z ✔ Window command descriptors include layout slots and keyboard-only management (0.508042ms)
2026-10-04T02:41:27.8449224Z ✔ worker requests preserve the protocol and reject errors without leaking pending requests (3.436742ms)
2026-10-04T02:41:27.8458400Z ✔ worker errors reject all requests and only explicit restart admits new work (0.75719ms)
2026-10-04T02:41:27.8461278Z ✔ restart generations suppress late replies and events from the terminated worker (0.481743ms)
2026-10-04T02:41:27.8545210Z ✔ timeout, abort, quota and disposal all clean up their pending requests (11.110213ms)
2026-10-04T02:41:27.8548028Z ✔ constructor request middleware is explicit and preserves input objects (0.537006ms)
2026-10-04T02:41:27.8551399Z ✔ event delivery is ordered under reentrancy and unsubscribe during dispatch (0.427672ms)
2026-10-04T02:41:27.9379841Z ✔ a slow earlier read cannot replace a later workspace, even after the later ticket finishes (4.800698ms)
2026-10-04T02:41:27.9381881Z ✔ an old finally cannot release or cancel the current request (0.559088ms)
2026-10-04T02:41:27.9386398Z ✔ nested readers share the original ticket instead of beginning after their await (0.902441ms)
2026-10-04T02:41:27.9390456Z ✔ external cancellation rejects adoption and retains the original cancellation cause (0.915856ms)
2026-10-04T02:41:27.9393636Z ✔ an already-cancelled request cannot begin reading or leave ownership behind (0.905247ms)
2026-10-04T02:41:27.9405349Z ✔ ownership check cancels after document edit without undoing the current workspace (0.792555ms)
2026-10-04T02:41:27.9407179Z ✔ ownership check cancels after document replacement without undoing the current workspace (0.631904ms)
2026-10-04T02:41:27.9408510Z ✔ ownership check cancels after workspace epoch without undoing the current workspace (0.417823ms)
2026-10-04T02:41:27.9409659Z ✔ ownership check cancels after native backend without undoing the current workspace (0.501651ms)
2026-10-04T02:41:27.9412173Z ✔ ownership check cancels after read-only transition without undoing the current workspace (0.488195ms)
2026-10-04T02:41:27.9416576Z ✔ ownership check cancels after document disposal without undoing the current workspace (0.333395ms)
2026-10-04T02:41:27.9420376Z ✔ begin rejects a locked workspace and a disposed document service (0.408425ms)
2026-10-04T02:41:27.9424423Z ✔ disposal cancels pending I/O, prevents adoption, and is idempotent (0.407403ms)
2026-10-04T02:41:27.9426961Z ✔ finish detaches external cancellation and a finished ticket cannot be reused (0.385874ms)
2026-10-04T02:41:27.9430026Z ✔ independent Studio instances do not cancel each other (0.871303ms)
2026-10-04T02:41:27.9433295Z ✔ a reentrant abort listener cannot restore an older owner over a newer request (0.515486ms)
2026-10-04T02:41:27.9437417Z ✔ invalid arguments do not supersede a valid pending request (0.328135ms)
2026-10-04T02:41:28.1421176Z ✔ initial model places all panels closed with persistent empty document group (2.258002ms)
2026-10-04T02:41:28.1422574Z ✔ open activate close reopen retains unique placement (1.487918ms)
2026-10-04T02:41:28.1423800Z ✔ edge dock left (0.665327ms)
2026-10-04T02:41:28.1427061Z ✔ edge dock right (0.339496ms)
2026-10-04T02:41:28.1430254Z ✔ edge dock top (0.316473ms)
2026-10-04T02:41:28.1432012Z ✔ edge dock bottom (0.287368ms)
2026-10-04T02:41:28.1436714Z ✔ tab reorder is deterministic (0.303619ms)
2026-10-04T02:41:28.1442617Z ✔ float redock cleans empty floating nodes (0.495138ms)
2026-10-04T02:41:28.1445482Z ✔ auto hide pin close and reopen move one panel (0.837329ms)
2026-10-04T02:41:28.1449349Z ✔ documents cannot auto hide (0.64604ms)
2026-10-04T02:41:28.1453188Z ✔ nonclosable panels cannot close (0.209342ms)
2026-10-04T02:41:28.1456161Z ✔ layout JSON restore roundtrips split auto hide and floats (0.663183ms)
2026-10-04T02:41:28.1459856Z ✔ invalid restore is atomic s=>s.root.active='missing' (0.204103ms)
2026-10-04T02:41:28.1462816Z ✔ invalid restore is atomic s=>s.closed.push('output') (0.193472ms)
2026-10-04T02:41:28.1467022Z ✔ invalid restore is atomic s=>s.root.id='' (0.177312ms)
2026-10-04T02:41:28.1470673Z ✔ invalid restore is atomic s=>s.version=999 (0.177472ms)
2026-10-04T02:41:28.1475091Z ✔ invalid restore is atomic s=>s.closed.pop() (0.182272ms)
2026-10-04T02:41:28.1479014Z ✔ invalid restore is atomic s=>s.autoHide.left.push('unknown') (0.154239ms)
2026-10-04T02:41:28.1484577Z ✔ invalid restore is atomic s=>s.floating.push({id:'f',x:0,y:0,width:-1,height:100,root:createGroup('g',[])}) (0.207428ms)
2026-10-04T02:41:28.1487516Z ✔ invalid operation rolls back model (0.305132ms)
2026-10-04T02:41:28.1524404Z ✔ undo redo restore correct placements (0.382237ms)
2026-10-04T02:41:28.1528206Z ✔ split resize validates finite ratio and clamps keyboard movement (0.348253ms)
2026-10-04T02:41:28.1530043Z ✔ closing final document keeps a docking target (0.18169ms)
2026-10-04T02:41:28.1533505Z ✔ history bound and subscriptions can unsubscribe (0.602289ms)
2026-10-04T02:41:28.1552320Z ✔ register and unregister document panels preserve invariants (0.285405ms)
2026-10-04T02:41:28.1553719Z ✔ duplicate tree identifiers are rejected (0.236132ms)
2026-10-04T02:41:28.1554903Z ✔ randomized moves maintain uniqueness and valid round trips (128.137052ms)
2026-10-04T02:41:28.4133498Z ✔ 08 preview mutation batches preflight before replacing workspace buffers (3.325192ms)
2026-10-04T02:41:28.4140356Z ✔ 08 preview rename/copy/delete undo restores data and editor metadata (1.238481ms)
2026-10-04T02:41:28.4143691Z ✔ 08 preview undo refuses subsequent user edits (0.604573ms)
2026-10-04T02:41:28.4146991Z ✔ 08 pending file command cannot cross a workspace switch (0.244588ms)
2026-10-04T02:41:28.4152224Z ✔ 08 planning a project change detects concurrent project source changes (0.396603ms)
2026-10-04T02:41:28.4155557Z ✔ 08 native planning reads unsaved project buffers, not an old disk snapshot (0.284934ms)
2026-10-04T02:41:28.4160334Z ✔ 08 cross-project source copy explicitly includes files with defaults disabled (4.776041ms)
2026-10-04T02:41:28.4168616Z ✔ 08 readonly explorer rejects file mutations before prompting (1.031012ms)
2026-10-04T02:41:28.4169889Z ✔ 08 overlapping explorer dialogs cannot start a second mutation (0.54936ms)
2026-10-04T02:41:28.4173813Z ✔ 08 solution project removal preserves comment and neighboring configuration (0.658524ms)
2026-10-04T02:41:28.4178798Z ✔ 08 solution removal also removes literal dependency on the removed member (0.370344ms)
2026-10-04T02:41:28.4184239Z ✔ 08 package reference authoring escapes metadata and does not invent relative package IDs (0.595987ms)
2026-10-04T02:41:28.4188438Z ✔ 08 path rewrites leave commented-out references and CDATA byte-identical (0.484789ms)
2026-10-04T02:41:28.4190749Z ✔ 08 adding compile membership removes default match before explicit include (0.659947ms)
2026-10-04T02:41:28.4194699Z ✔ 08 Visual Studio modifier-only keys do not eat an active keyboard chord (14.212257ms)
2026-10-04T02:41:28.4197694Z ✔ 08 editor declares Visual Studio default and six distinct profiles without a DOM (0.722324ms)
2026-10-04T02:41:28.4428534Z ✔ 08 native XML write undo restores original encoding and byte hash (33.925793ms)
2026-10-04T02:41:28.4440325Z ✔ 08 native XML syntax validation precedes every batch mutation (1.332026ms)
2026-10-04T02:41:28.4454298Z ✔ 08 native overlapping parent/child operations fail preflight instead of breaking undo (1.252487ms)
2026-10-04T02:41:28.4537494Z ✔ 08 native XML write followed by undo rejects later disk edits (8.214125ms)
2026-10-04T02:41:28.5043988Z ✔ 08 actual loopback explorer APIs enforce auth/origin and preserve binary bytes (50.461224ms)
2026-10-04T02:41:28.5415784Z ℹ tests 662
2026-10-04T02:41:28.5416183Z ℹ suites 0
2026-10-04T02:41:28.5417152Z ℹ pass 662
2026-10-04T02:41:28.5417369Z ℹ fail 0
2026-10-04T02:41:28.5417586Z ℹ cancelled 0
2026-10-04T02:41:28.5417818Z ℹ skipped 0
2026-10-04T02:41:28.5418309Z ℹ todo 0
2026-10-04T02:41:28.5418586Z ℹ duration_ms 36501.413317
2026-10-04T02:41:28.7030225Z Discovered 55 Node test files and 3 Python suites in 1 area manifests. Node reports executed test counts below.
2026-10-04T02:41:28.9934742Z ▶ VS Code shortcuts apply independently specified text, caret, view and host results
2026-10-04T02:41:28.9935333Z   ✔ ArrowLeft (18.960957ms)
2026-10-04T02:41:28.9937768Z   ✔ Shift+ArrowLeft (2.314398ms)
2026-10-04T02:41:28.9939541Z   ✔ ArrowRight (1.601933ms)
2026-10-04T02:41:28.9940739Z   ✔ Shift+ArrowRight (2.218949ms)
2026-10-04T02:41:28.9943090Z   ✔ ArrowUp (1.601722ms)
2026-10-04T02:41:28.9945528Z   ✔ Shift+ArrowUp (1.13151ms)
2026-10-04T02:41:28.9948700Z   ✔ ArrowDown (1.073993ms)
2026-10-04T02:41:28.9953036Z   ✔ Shift+ArrowDown (1.327327ms)
2026-10-04T02:41:28.9956629Z   ✔ Home (1.690838ms)
2026-10-04T02:41:28.9977235Z   ✔ Shift+Home (1.835811ms)
2026-10-04T02:41:28.9977947Z   ✔ End (1.593056ms)
2026-10-04T02:41:28.9978414Z   ✔ Shift+End (0.846356ms)
2026-10-04T02:41:28.9978907Z   ✔ Mod+Home (0.812753ms)
2026-10-04T02:41:28.9979412Z   ✔ Mod+Shift+Home (0.985647ms)
2026-10-04T02:41:28.9979889Z   ✔ Mod+End (1.273497ms)
2026-10-04T02:41:28.9984050Z   ✔ Mod+Shift+End (1.105372ms)
2026-10-04T02:41:28.9987909Z   ✔ Mod+ArrowLeft (1.484803ms)
2026-10-04T02:41:28.9993700Z   ✔ Mod+Shift+ArrowLeft (1.500383ms)
2026-10-04T02:41:29.0000883Z   ✔ Mod+ArrowRight (1.031093ms)
2026-10-04T02:41:29.0005069Z   ✔ Mod+Shift+ArrowRight (0.833492ms)
2026-10-04T02:41:29.0008834Z   ✔ PageUp (0.845064ms)
2026-10-04T02:41:29.0012526Z   ✔ Shift+PageUp (0.788558ms)
2026-10-04T02:41:29.0022310Z   ✔ PageDown (0.848641ms)
2026-10-04T02:41:29.0023347Z   ✔ Shift+PageDown (1.37107ms)
2026-10-04T02:41:29.0042088Z   ✔ Backspace (4.157061ms)
2026-10-04T02:41:29.0042831Z   ✔ Delete (1.209276ms)
2026-10-04T02:41:29.0043362Z   ✔ Mod+Backspace (1.779265ms)
2026-10-04T02:41:29.0043869Z   ✔ Mod+Delete (1.135348ms)
2026-10-04T02:41:29.0044325Z   ✔ Enter (1.310106ms)
2026-10-04T02:41:29.0044785Z   ✔ Tab (1.920294ms)
2026-10-04T02:41:29.0045866Z   ✔ Shift+Tab (2.441025ms)
2026-10-04T02:41:29.0047494Z   ✔ Mod+A (1.399402ms)
2026-10-04T02:41:29.0051669Z   ✔ Mod+X (1.471188ms)
2026-10-04T02:41:29.0052679Z   ✔ Mod+V (1.592084ms)
2026-10-04T02:41:29.0054247Z   ✔ Mod+C (0.863108ms)
2026-10-04T02:41:29.0055044Z   ✔ Mod+Z (0.971801ms)
2026-10-04T02:41:29.0060388Z   ✔ Mod+Y (1.580672ms)
2026-10-04T02:41:29.0061312Z   ✔ Mod+Shift+Z (0.943077ms)
2026-10-04T02:41:29.0063463Z   ✔ Mod+D (1.973619ms)
2026-10-04T02:41:29.0065664Z   ✔ Mod+Shift+L (1.600339ms)
2026-10-04T02:41:29.0069385Z   ✔ Mod+Shift+K (1.345452ms)
2026-10-04T02:41:29.0072297Z   ✔ Mod+L (1.029269ms)
2026-10-04T02:41:29.0075544Z   ✔ Mod+Enter (1.713462ms)
2026-10-04T02:41:29.0078639Z   ✔ Mod+Shift+Enter (1.003421ms)
2026-10-04T02:41:29.0082795Z   ✔ Alt+Shift+ArrowUp (1.185823ms)
2026-10-04T02:41:29.0084869Z   ✔ Alt+Shift+ArrowDown (1.026654ms)
2026-10-04T02:41:29.0100060Z   ✔ Alt+ArrowUp (1.58446ms)
2026-10-04T02:41:29.0115234Z   ✔ Alt+ArrowDown (1.081858ms)
2026-10-04T02:41:29.0116497Z   ✔ Mod+Alt+ArrowUp (1.574421ms)
2026-10-04T02:41:29.0117385Z   ✔ Mod+Alt+ArrowDown (0.988332ms)
2026-10-04T02:41:29.0118131Z   ✔ Mod+Shift+\ (0.886682ms)
2026-10-04T02:41:29.0118798Z   ✔ Mod+] (0.903713ms)
2026-10-04T02:41:29.0119448Z   ✔ Mod+[ (0.910566ms)
2026-10-04T02:41:29.0120153Z   ✔ Mod+ArrowUp (0.822702ms)
2026-10-04T02:41:29.0123266Z   ✔ Mod+ArrowDown (0.83784ms)
2026-10-04T02:41:29.0131616Z   ✔ Mod+Shift+[ (2.303988ms)
2026-10-04T02:41:29.0132728Z   ✔ Mod+Shift+] (0.820518ms)
2026-10-04T02:41:29.0135678Z   ✔ Mod+K Mod+0 (0.91769ms)
2026-10-04T02:41:29.0144312Z   ✔ Mod+K Mod+J (0.861214ms)
2026-10-04T02:41:29.0145163Z   ✔ Mod+K Mod+C (1.489552ms)
2026-10-04T02:41:29.0146655Z   ✔ Mod+K Mod+U (1.094121ms)
2026-10-04T02:41:29.0147556Z   ✔ Mod+/ (1.226118ms)
2026-10-04T02:41:29.0150074Z   ✔ Alt+Z (1.142942ms)
2026-10-04T02:41:29.0157528Z   ✔ Escape (1.10493ms)
2026-10-04T02:41:29.0158238Z   ✔ Insert (1.131841ms)
2026-10-04T02:41:29.0177242Z   ✔ Mod+= (1.076798ms)
2026-10-04T02:41:29.0178269Z   ✔ Mod+- (1.10961ms)
2026-10-04T02:41:29.0179021Z   ✔ Mod+0 (1.186453ms)
2026-10-04T02:41:29.0179698Z   ✔ Mod+P (1.857271ms)
2026-10-04T02:41:29.0180484Z   ✔ Mod+Shift+P (0.754223ms)
2026-10-04T02:41:29.0181576Z   ✔ F1 (0.71998ms)
2026-10-04T02:41:29.0182594Z   ✔ Mod+, (0.727423ms)
2026-10-04T02:41:29.0183676Z   ✔ Mod+K Mod+S (0.743674ms)
2026-10-04T02:41:29.0185774Z   ✔ Mod+S (0.719258ms)
2026-10-04T02:41:29.0190717Z   ✔ Mod+Shift+S (1.234163ms)
2026-10-04T02:41:29.0191397Z   ✔ Mod+F4 (1.706488ms)
2026-10-04T02:41:29.0205325Z   ✔ Ctrl+F6 (1.204387ms)
2026-10-04T02:41:29.0205821Z   ✔ Ctrl+Shift+F6 (0.992991ms)
2026-10-04T02:41:29.0206987Z   ✔ Mod+Alt+N (1.087218ms)
2026-10-04T02:41:29.0208425Z   ✔ Mod+Alt+O (1.165284ms)
2026-10-04T02:41:29.0209433Z   ✔ Mod+\ (1.141619ms)
2026-10-04T02:41:29.0213580Z   ✔ Alt+ArrowLeft (2.127527ms)
2026-10-04T02:41:29.0214080Z   ✔ Alt+ArrowRight (2.520704ms)
2026-10-04T02:41:29.0214627Z   ✔ F12 (1.238121ms)
2026-10-04T02:41:29.0215684Z   ✔ Shift+F12 (0.799579ms)
2026-10-04T02:41:29.0219305Z   ✔ Mod+Shift+F (0.718677ms)
2026-10-04T02:41:29.0227619Z   ✔ Mod+Shift+H (0.661229ms)
2026-10-04T02:41:29.0228400Z   ✔ Mod+F (0.821079ms)
2026-10-04T02:41:29.0238827Z   ✔ Mod+H (0.738654ms)
2026-10-04T02:41:29.0242394Z   ✔ F3 (0.753482ms)
2026-10-04T02:41:29.0243153Z   ✔ Shift+F3 (0.908643ms)
2026-10-04T02:41:29.0243948Z   ✔ Mod+Space (0.808305ms)
2026-10-04T02:41:29.0244778Z   ✔ Mod+Shift+Space (0.702967ms)
2026-10-04T02:41:29.0245495Z   ✔ Mod+K Mod+I (0.717465ms)
2026-10-04T02:41:29.0247568Z   ✔ Mod+. (0.840645ms)
2026-10-04T02:41:29.0248235Z   ✔ F2 (0.993562ms)
2026-10-04T02:41:29.0249700Z   ✔ Alt+Shift+F (1.509139ms)
2026-10-04T02:41:29.0251638Z   ✔ Alt+Shift+ArrowRight (0.700893ms)
2026-10-04T02:41:29.0257421Z   ✔ Alt+Shift+ArrowLeft (0.680676ms)
2026-10-04T02:41:29.0262126Z ✔ VS Code shortcuts apply independently specified text, caret, view and host results (149.881984ms)
2026-10-04T02:41:29.0269366Z ✔ normalizes platform modifiers and real shifted punctuation without intercepting AltGraph or IME (0.467426ms)
2026-10-04T02:41:29.0271377Z ✔ macOS profile editing uses Meta while physical Ctrl bindings remain distinct (1.019221ms)
2026-10-04T02:41:29.0273482Z ✔ context expressions are bounded boolean predicates without evaluation side effects (1.05641ms)
2026-10-04T02:41:29.0276649Z ✔ resolver honors scope, priority, predicates, disposal, and atomic replacement of invalid bindings (0.789199ms)
2026-10-04T02:41:29.0278184Z ✔ chord cancellation, failure and timeout leave no stale pending input (0.498354ms)
2026-10-04T02:41:29.0279755Z ✔ a higher-priority chord prefix suppresses a lower-priority destructive command even after timeout (0.296505ms)
2026-10-04T02:41:29.0281219Z ✔ all shipped profile bindings have executable command registrations (1.281752ms)
2026-10-04T02:41:29.0417009Z ✔ Visual Studio bindings and unbound known commands match the pinned inventory (50.548132ms)
2026-10-04T02:41:29.0418980Z ✔ readonly commands and editing aliases preserve text/history while navigation remains available (1.549374ms)
2026-10-04T02:41:29.0420847Z ✔ completion filter aliases call the implemented insight API with directions (0.922609ms)
2026-10-04T02:41:29.2095159Z ✔ profile switches preserve the authoritative model, undo, primary selection, view and native state (25.952981ms)
2026-10-04T02:41:29.2099398Z ✔ resuming Vim insert after a profile switch opens a new complete undo group (5.614052ms)
2026-10-04T02:41:29.2106146Z ✔ Emacs mark extends motion, exchanges ends and kills the marked region with one undo (3.879241ms)
2026-10-04T02:41:29.2108739Z ✔ Emacs successive kills append, yank cycles distinct entries, and unrelated commands end a yank chain (4.987627ms)
2026-10-04T02:41:29.2111305Z ✔ Emacs ring bounds and marks stay independent between views and track document edits (2.527457ms)
2026-10-04T02:41:29.2113505Z ✔ Sublime occurrences and split-line carets edit the actual model atomically (4.166159ms)
2026-10-04T02:41:29.2115891Z ✔ native text edits preserve CRLF and deduplicate two carets on one copied line (2.041055ms)
2026-10-04T02:41:29.2118364Z ✔ clipboard distributes multiline fragments, remembers line copy and undoes all caret pastes together (2.807322ms)
2026-10-04T02:41:29.2129724Z ▶ denied and stale clipboard requests never mutate text, history or selections
2026-10-04T02:41:29.2130925Z   ✔ Edit.Cut (1.641066ms)
2026-10-04T02:41:29.2135322Z   ✔ Edit.Paste (1.475316ms)
2026-10-04T02:41:29.2137243Z   ✔ selection (1.417165ms)
2026-10-04T02:41:29.2142014Z   ✔ document (1.529556ms)
2026-10-04T02:41:29.2145639Z   ✔ dispose (0.813494ms)
2026-10-04T02:41:29.2150045Z   ✔ profile (1.231318ms)
2026-10-04T02:41:29.2155038Z   ✔ readonly (1.007578ms)
2026-10-04T02:41:29.2157778Z ✔ denied and stale clipboard requests never mutate text, history or selections (10.415511ms)
2026-10-04T02:41:29.2161444Z ✔ CodeMirror protocol is a live model projection with operation undo and savepoint cleanliness (1.715916ms)
2026-10-04T02:41:29.2165577Z ✔ document marks follow edits, are cleared on model replacement, and dispose releases subscriptions (2.575527ms)
2026-10-04T02:41:29.9572566Z ✔ instance receiver signature help includes its accessible instance overloads, not same-name unrelated methods (113.926579ms)
2026-10-04T02:41:29.9575855Z ✔ this receiver uses its containing type, preserving private overloads accessible within that type (8.115649ms)
2026-10-04T02:41:29.9580962Z ✔ type receivers use static overloads and scoped receiver variables use their bound types (13.75926ms)
2026-10-04T02:41:29.9583905Z ✔ generic and inherited instance members display substituted parameter types (11.496454ms)
2026-10-04T02:41:29.9589291Z ✔ incomplete invocation recovery retains the bound this receiver before arguments or closing delimiters exist (5.252751ms)
2026-10-04T02:41:29.9649142Z ✔ nested delimiters and named argument mapping use actual syntax and the selected overload (9.287377ms)
2026-10-04T02:41:29.9650708Z ✔ unresolved receivers and stale worker snapshots never return unrelated method tips (4.612476ms)
2026-10-04T02:41:29.9652325Z ✔ worker uses syntax argument separators when a lexical hint counts a nested generic comma (6.083764ms)
2026-10-04T02:41:30.1893735Z ✔ A20 pre-cancelled and queued-cancelled disk saves do not start a read or write (17.018508ms)
2026-10-04T02:41:30.1942380Z ✔ A20 cancelling an acquired prepared baseline releases its private model and preserves the live source (5.212967ms)
2026-10-04T02:41:30.2099642Z ✔ A20 cancellation during permission and stream acquisition prevents any committed write (10.984507ms)
2026-10-04T02:41:30.2195299Z ✔ A20 a mid-stream cancellation aborts before close and retains the previous baseline/version (13.752258ms)
2026-10-04T02:41:30.2329396Z ✔ A20 close is the per-file commit boundary; cancellation prevents later files and preserves exact partial written results (13.962279ms)
2026-10-04T02:41:30.2394774Z ✔ A20 a cancellation after the final close starts does not falsely report an uncommitted file (6.882055ms)
2026-10-04T02:41:30.4767277Z ✔ model benchmark measures all five actual operations and preserves source correctness (24.802648ms)
2026-10-04T02:41:30.4779640Z ✔ model benchmark cancellation is explicit and produces no pretend successful report (0.920329ms)
2026-10-04T02:41:30.4781042Z ✔ memory runner refuses unavailable GC and preserves signed deltas (0.638513ms)
2026-10-04T02:41:30.5183002Z ✔ browser harness serves the real editor entry under a strict CSP and rejects malformed resource URLs (42.159598ms)
2026-10-04T02:41:30.6068900Z ✔ 200 MiB qualification is explicitly accepted without growing defaults or allocating a large fixture (2.582433ms)
2026-10-04T02:41:30.6092635Z ✔ browser readiness only uses evaluate and stops once the real API appears (4.564947ms)
2026-10-04T02:41:30.6200719Z ✔ browser readiness has a deadline even when evaluate hangs, and propagates page errors or cancellation (10.768294ms)
2026-10-04T02:41:30.7967851Z ✔ chunk boundaries preserve the shared matcher nonoverlap, case-fold and word-boundary semantics (23.104155ms)
2026-10-04T02:41:30.7976744Z ✔ cooperative search is cancellable between slices and reports progress without publishing partial success (1.264743ms)
2026-10-04T02:41:30.7979191Z ✔ persistent snapshots are read in bounded slices without materializing document text (13.690672ms)
2026-10-04T02:41:30.7983207Z ✔ global match limits remain exact when each chunk contains rejected whole-word matches (67.563817ms)
2026-10-04T02:41:30.8296600Z ✔ regex worker receives bounded chunks and cancellation terminates its isolated computation (36.426319ms)
2026-10-04T02:41:30.9124990Z ✔ real paste source triggers bounded range formatting and its own undo transaction (6.291572ms)
2026-10-04T02:41:30.9127276Z ✔ disabled paste/type/completion triggers and formatting recursion schedule no work (0.633433ms)
2026-10-04T02:41:30.9138179Z ✔ on-type formatting uses the registered provider and read-only editors cannot commit it (0.561609ms)
2026-10-04T02:41:31.1484320Z ✔ A20 shared-model locks update each pane, reject prepared edits, and preserve rollback and history (6.358396ms)
2026-10-04T02:41:31.1487971Z ✔ A20 read-only construction and subscription disposal do not change document revisions (0.84607ms)
2026-10-04T02:41:31.1493084Z ✔ A20 same-line offscreen edits reconcile wrap counts and zone mapping without visiting the line (10.565625ms)
2026-10-04T02:41:31.1496997Z ✔ A20 wrap measurement stays chunked after a large same-line-count replacement (1.074166ms)
2026-10-04T02:41:31.1501745Z ✔ A20 deleting a brace or region marker on one line refreshes the actual folding provider (7.890829ms)
2026-10-04T02:41:31.1509379Z ✔ A20 real workspace configuration applies ancestor sections, per-language overlays and ordinary EOL preservation (3.824483ms)
2026-10-04T02:41:31.1519987Z ✔ A20 EditorConfig input is bounded, model-aware, ordered, atomic and unaffected by unrelated root flags (0.93715ms)
2026-10-04T02:41:31.1521961Z ✔ A20 multi-caret deletion retains blocked carets and merges overlapping word deletions in one undo step (11.517172ms)
2026-10-04T02:41:31.1523246Z ✔ A20 invalid load chunk sizes reject before reading or replacing the document (1.528836ms)
2026-10-04T02:41:31.1530685Z ✔ A20 overlapping whole-line expansions transform every selected line once (1.352697ms)
2026-10-04T02:41:31.1532111Z ✔ A20 project/disk path-only records apply configuration without flattening source snapshots (0.478454ms)
2026-10-04T02:41:31.9551293Z ✔ compiler contribution reuses real language endpoints with explicit client aliases (105.054226ms)
2026-10-04T02:41:31.9559461Z ✔ diagnostic and semantic results are versioned, source faithful and reject stale snapshots (8.17551ms)
2026-10-04T02:41:31.9561252Z ✔ signature request uses provider symbols for nested invocations and preserves active argument (14.497489ms)
2026-10-04T02:41:31.9563355Z ✔ inlay hints share one bound implementation with the existing LSP contract (5.572979ms)
2026-10-04T02:41:31.9565116Z ✔ rename and refactoring requests return versioned edits without committing source (35.94468ms)
2026-10-04T02:41:31.9567671Z ✔ format selection/on-type adapt existing indentation edits and preserve unrelated lines (2.123676ms)
2026-10-04T02:41:31.9572814Z ✔ generated peek targets retain their own URI/version and are explicitly read-only (0.407651ms)
2026-10-04T02:41:32.1917012Z ✔ A20 shared-model locks update each pane, reject prepared edits, and preserve rollback and history (6.181015ms)
2026-10-04T02:41:32.1923034Z ✔ A20 read-only construction and subscription disposal do not change document revisions (0.821875ms)
2026-10-04T02:41:32.1925116Z ✔ A20 same-line offscreen edits reconcile wrap counts and zone mapping without visiting the line (11.096898ms)
2026-10-04T02:41:32.1927209Z ✔ A20 wrap measurement stays chunked after a large same-line-count replacement (1.212645ms)
2026-10-04T02:41:32.1929395Z ✔ A20 deleting a brace or region marker on one line refreshes the actual folding provider (7.732343ms)
2026-10-04T02:41:32.1934347Z ✔ A20 multi-caret deletion retains blocked carets and merges overlapping word deletions in one undo step (11.470125ms)
2026-10-04T02:41:32.1937285Z ✔ A20 invalid load chunk sizes reject before reading or replacing the document (1.422056ms)
2026-10-04T02:41:32.1940405Z ✔ A20 overlapping whole-line expansions transform every selected line once (1.752092ms)
2026-10-04T02:41:32.3270743Z ✔ nearest-rank percentiles preserve raw outliers and reject malformed samples (1.806995ms)
2026-10-04T02:41:32.3275979Z ✔ 100MB fixture uses exact byte/code-unit size with one deterministic middle search target (70.588359ms)
2026-10-04T02:41:32.3289965Z ✔ performance gate fails strictly above20percent p95 and passes exact20percent boundary (1.089405ms)
2026-10-04T02:41:32.3291710Z ✔ retained memory budgets bound each real component and preserve signed measurement noise (0.579392ms)
2026-10-04T02:41:32.3293177Z ✔ one regressed size/operation cannot be hidden by another faster row (0.314407ms)
2026-10-04T02:41:32.3294726Z ✔ gate rejects missing browser evidence, changed runners, tampered percentiles and failed correctness (0.658891ms)
2026-10-04T02:41:32.3303093Z ✔ zero baseline and missing/duplicate benchmark rows cannot silently pass (0.325568ms)
2026-10-04T02:41:32.4901104Z ✔ regex replacement with numbered and named groups spans open documents atomically (8.872422ms)
2026-10-04T02:41:32.4903868Z ✔ find selection scope retains the captured range, whole-word filters and preserve-case replacements (2.40911ms)
2026-10-04T02:41:32.4907449Z ✔ selection search counts only its captured scope and restores original regex capture coordinates (6.144898ms)
2026-10-04T02:41:32.4910765Z ✔ single-editor and selection snapshots stay lazy and reject replaced model identities (30.669507ms)
2026-10-04T02:41:32.4915115Z ✔ a newer search supersedes pending matches and an invalid pattern cannot reuse an older result (13.422441ms)
2026-10-04T02:41:32.4918783Z ✔ invalid regex and stale replace preview leave source unchanged and history stays bounded (1.87387ms)
2026-10-04T02:41:32.4922149Z ✔ side-by-side and inline rows share hunks and preserve line alignment around insertion and deletion (2.765526ms)
2026-10-04T02:41:32.4929383Z ✔ merge preserves unresolved conflict bytes until a chosen side, both or manual result is accepted (13.135806ms)
2026-10-04T02:41:32.4932056Z ✔ independent merge changes are accepted automatically and adjacent conflict offsets track replacement length (0.663199ms)
2026-10-04T02:41:32.5879768Z ✔ every declared service can be supplied by a standalone fake provider (3.01419ms)
2026-10-04T02:41:32.5881957Z ✔ RPC adapter advertises only pure registered methods and passes cancellation through (0.310891ms)
2026-10-04T02:41:32.5884565Z ✔ request generations reject older versions, edits at identical caret offsets and out-of-order results (1.195313ms)
2026-10-04T02:41:32.5886787Z ✔ guard propagates errors, isolates feature channels and cancels on dispose (0.425184ms)
2026-10-04T02:41:32.5888455Z ✔ guard retains persistent snapshot identities and compares target document versions independently (1.438527ms)
2026-10-04T02:41:32.5890580Z ✔ three-document edits commit before any subscriber and undo in one step per document (4.691603ms)
2026-10-04T02:41:32.5892668Z ✔ stale, overlapping, missing, readonly and invalid LSP edits fail before any mutation (4.4543ms)
2026-10-04T02:41:32.5894477Z ✔ LSP document changes and captured versions require an explicit host for resource operations (0.714996ms)
2026-10-04T02:41:32.5897054Z ✔ version change after preview blocks commit and an internal participant failure rolls back history (1.577697ms)
2026-10-04T02:41:32.5899301Z ✔ rename preview updates source without publishing then cancel restores exact bytes and undo state (1.127987ms)
2026-10-04T02:41:32.5900793Z ✔ diagnostic severities and semantic overlays are version checked and preserve lexical coverage (0.804203ms)
2026-10-04T02:41:32.7546756Z ✔ snippet placeholders, forward mirrors, variables, choices and final stop use UTF-16 offsets (2.556936ms)
2026-10-04T02:41:32.7549783Z ✔ nested snippet placeholders and escaped punctuation are retained (0.380961ms)
2026-10-04T02:41:32.7557170Z ✔ invalid, recursive, excessive and transform snippets fail explicitly (0.719534ms)
2026-10-04T02:41:32.7561015Z ✔ all builtin snippets expand and all required C# and surrounding templates are present (0.85151ms)
2026-10-04T02:41:32.7564995Z ✔ snippet primary edits and synchronous linked mirrors undo together through editor edit hooks (6.083312ms)
2026-10-04T02:41:32.7579477Z ✔ completion fuzzy matches prefer prefix, preserve match positions, support filters and use bounded MRU (0.543194ms)
2026-10-04T02:41:32.7580757Z ✔ signature nesting counts only commas in the active call and ignores literals (2.935924ms)
2026-10-04T02:41:32.7581804Z ✔ smart newline uses source EOL, indentation settings and a caret between empty braces (0.441495ms)
2026-10-04T02:41:33.5987964Z ✔ document/project/solution Fix All batch exactly one selected action equivalence family (128.321763ms)
2026-10-04T02:41:33.5991662Z ✔ Fix All validates every source version and rejects forged, absent or ambiguous ownership (0.645519ms)
2026-10-04T02:41:33.5998052Z ✔ implicit type batches preserve nonexact numeric conversions, const locals and comments (9.201056ms)
2026-10-04T02:41:33.6000000Z ✔ solution Fix All uses real isolated compiler contexts, deduplicates shared source and does not commit (21.455753ms)
2026-10-04T02:41:33.6001538Z ✔ project Fix All does not broaden to an unrelated project (7.342324ms)
2026-10-04T02:41:33.6003248Z ✔ type rename reaches each dependent compiler context and returns one resource move (20.551699ms)
2026-10-04T02:41:33.6007562Z ✔ workspace action rejects a source mutation or ownership change while providers are answering (9.52886ms)
2026-10-04T02:41:33.6009957Z ✔ pre-cancelled solution action never returns a partial plan (1.378332ms)
2026-10-04T02:41:33.6013741Z ✔ solution Fix All and rename reject new project membership during the final semantic validation (20.272065ms)
2026-10-04T02:41:33.6017131Z ✔ conflicting shared edits or resources are refused before a preview can be committed (0.398537ms)
2026-10-04T02:41:33.7205422Z ✔ incremental forward search begins at a large origin and repeats beyond 10000 matches before wrapping (36.935251ms)
2026-10-04T02:41:33.7207731Z ✔ incremental reverse search selects the nearest preceding match and wraps from the actual caret (1.849164ms)
2026-10-04T02:41:33.7210121Z ✔ extending and shortening an incremental query always returns to the opening origin (1.635835ms)
2026-10-04T02:41:33.7214801Z ✔ cancel restores the opening range, while accepting preserves the selected match without edits (2.214257ms)
2026-10-04T02:41:33.7217298Z ✔ an explicit navigation budget failure leaves the original selection and displays the limit (0.935141ms)
2026-10-04T02:41:33.7293257Z ✔ an exhausted scope and an empty query display their result without moving the caret (3.084238ms)
2026-10-04T02:41:33.7296487Z ✔ a delayed incremental result is discarded after edit (2.376653ms)
2026-10-04T02:41:33.7300104Z ✔ a delayed incremental result is discarded after replace model (0.903182ms)
2026-10-04T02:41:33.7303997Z ✔ a newer incremental query supersedes a delayed search without stale navigation or status (0.68866ms)
2026-10-04T02:41:33.7307887Z ✔ close cancels a pending search and prevents subsequent late results (0.519493ms)
2026-10-04T02:41:33.7312861Z ✔ dispose cancels a pending search and prevents subsequent late results (0.361527ms)
2026-10-04T02:41:33.7319540Z ✔ host navigation failures are handled inside the incremental request and reported to the user (0.384039ms)
2026-10-04T02:41:33.7321689Z ✔ closing during asynchronous host navigation passes cancellation and suppresses a stale status (0.41655ms)
2026-10-04T02:41:33.9189392Z ✔ same-document insight navigation uses the host preview and awaits focus restoration (3.76317ms)
2026-10-04T02:41:33.9199194Z ✔ cross-document insight navigation preserves host group options and restores focus after failure (0.904264ms)
2026-10-04T02:41:34.5951277Z ✔ compilation semantic fallback retains diagnostics and bound trees without editor invocation records (102.682684ms)
2026-10-04T02:41:34.5958220Z ✔ a first post-build signature query captures privately once without mutating compilation queries or diagnostics (11.547041ms)
2026-10-04T02:41:34.5963736Z ✔ a source model created before compilation captures within its original bind and reuses it for signature help (4.968267ms)
2026-10-04T02:41:34.5968560Z ✔ invalid post-build signature requests do not capture or mutate the reused analysis (6.030056ms)
2026-10-04T02:41:34.6920951Z ✔ A20 disk defaults still reject source files or save text exceeding 2000000 bytes (10.268165ms)
2026-10-04T02:41:34.8640311Z ✔ A20 explicit readDirectory limits permit >2MB source save and survive the read/write boundary (185.570577ms)
2026-10-04T02:41:34.8704733Z ✔ A20 FileList limits propagate to DiskWorkspace and total encoded bytes preflight every write (6.892171ms)
2026-10-04T02:41:34.8726630Z ✔ A20 UTF-16 limits count encoded bytes including BOM and retain encoding on save (2.395658ms)
2026-10-04T02:41:34.8770372Z ✔ A20 serialized saves reject a queued stale version and permission-time conflicts before writing (4.358475ms)
2026-10-04T02:41:35.6165376Z ✔ actual C# worker supplies invocation commit characters for source and intrinsic methods only (118.962716ms)
2026-10-04T02:41:35.6168885Z ✔ typing a method invocation opener commits the selected real provider item and the opener in one undo step (9.000461ms)
2026-10-04T02:41:35.6177947Z ✔ suggestion mode keeps an invocation opener available to typing and Escape preserves the prefix (4.875002ms)
2026-10-04T02:41:35.6180281Z ✔ read-only completion does not consume a commit character or mutate the source (4.332255ms)
2026-10-04T02:41:35.8283826Z ✔ A20 prefixWorkspace rebases persistent source identity and leaves the input model caller-owned (9.45946ms)
2026-10-04T02:41:35.8348782Z ✔ A20 manifest extraction rebases source identities after validating all destination paths (6.522148ms)
2026-10-04T02:41:35.8376900Z ✔ A20 unchanged source paths preserve descriptors and model ownership without a rebase provider (2.714685ms)
2026-10-04T02:41:35.8410877Z ✔ A20 failed rebasing disposes only newly created models and preserves every original (3.239669ms)
2026-10-04T02:41:35.8450283Z ✔ A20 invalid manifest settings reject before any prepared source is rebased (3.414737ms)
2026-10-04T02:41:35.8559776Z ✔ A20 nested manifest rebasing keeps granted disk handles, source baselines and save versions aligned (11.527415ms)
2026-10-04T02:41:35.8669303Z ✔ A20 rebased disk sessions serialize with pending original saves and reject their stale baseline (11.374909ms)
2026-10-04T02:41:36.0800599Z ✔ A20 FileList→DiskWorkspace→ProjectSystem retains prepared descriptors and never reads lazy source text during discovery (12.838811ms)
2026-10-04T02:41:36.0885067Z ✔ A20 failed and cancelled FileList reads dispose their own completed models and publish no partial batch (7.026753ms)
2026-10-04T02:41:36.0926852Z ✔ A20 failed directory iteration disposes prepared models after traversal loses access (2.121405ms)
2026-10-04T02:41:36.1251826Z ✔ A20 prepared utf-8 source saves captured snapshots in chunks, preserving BOM, pairs and disk versions (33.170898ms)
2026-10-04T02:41:36.1447982Z ✔ A20 prepared utf-16le source saves captured snapshots in chunks, preserving BOM, pairs and disk versions (22.11248ms)
2026-10-04T02:41:36.1639852Z ✔ A20 prepared utf-16be source saves captured snapshots in chunks, preserving BOM, pairs and disk versions (20.157661ms)
2026-10-04T02:41:36.1654772Z ✔ A20 snapshot saves enforce encoded byte limits before write permission or stream creation (1.274818ms)
2026-10-04T02:41:36.1724857Z ✔ A20 prepared baseline checks detect permission-time external changes before any stream opens (7.13728ms)
2026-10-04T02:41:36.1810466Z ✔ A20 prepared save I/O failure aborts its stream and retains the prior baseline and disk version (8.290491ms)
2026-10-04T02:41:36.1880683Z ✔ A20 invalid source reader records are rejected and cleaned up without a lazy text read (1.123775ms)
2026-10-04T02:41:36.1882800Z ✔ A20 default binary-source handling remains intact while explicit reader limits reject before slicing (5.99975ms)
2026-10-04T02:41:36.1927820Z ✔ A20 public source encoding shares exact BOM/byte bounds and leaves stream commit ownership with the caller (4.782729ms)
2026-10-04T02:41:36.9218939Z ✔ text and resource rename produce one immutable complete host plan without editing live models first (3.229851ms)
2026-10-04T02:41:36.9221130Z ✔ workspace resource support is evaluated again when the host mode changes after preview (0.764201ms)
2026-10-04T02:41:36.9226525Z ✔ stale targets, resource collisions, readonly source and host failure leave source unchanged (3.071855ms)
2026-10-04T02:41:36.9229581Z ✔ unversioned and unsupported resource operations fail before the host receives any plan (0.606917ms)
2026-10-04T02:41:36.9231904Z ✔ real bound type rename preview restores original source, selection and undo after changing options (111.281061ms)
2026-10-04T02:41:36.9233672Z ✔ provider invalidation is scoped, explicitly disposable and does not fabricate source changes (1.038736ms)
2026-10-04T02:41:36.9237905Z ✔ rename preview refuses a newer source revision even when external edits reproduce its displayed bytes (0.793726ms)
2026-10-04T02:41:36.9239862Z ✔ changing the active model restores only the captured rename preview and refuses another preview (0.479759ms)
2026-10-04T02:41:37.1737311Z ✔ ReSharper-like is a native profile with stable identity and preserves the Visual Studio default (16.437512ms)
2026-10-04T02:41:37.1739839Z ✔ duplicate edits every selected range in one model transaction and undo restores primary direction (8.75996ms)
2026-10-04T02:41:37.1741773Z ✔ line duplication and joining use native CRLF-aware commands (2.987596ms)
2026-10-04T02:41:37.1747809Z ✔ line and shifted-punctuation block comment shortcuts change the real model and remain reversible (3.231724ms)
2026-10-04T02:41:37.1749580Z ✔ ReSharper move-line gestures preserve the original line terminators and undo history (2.410807ms)
2026-10-04T02:41:37.1752729Z ✔ language and selection gestures invoke the supported provider contract exactly once (2.456783ms)
2026-10-04T02:41:37.1756884Z ✔ navigation and browser-alternative chords preserve query arguments, URI and caret at the host seam (2.477591ms)
2026-10-04T02:41:37.1760704Z ✔ a language provider can complete formatting and rename through the same model and shared undo stack (2.107598ms)
2026-10-04T02:41:37.1765126Z ✔ absent snippet providers report explicit unavailability and never edit the document (1.761019ms)
2026-10-04T02:41:37.1770530Z ✔ read-only, composing, AltGraph and disposed views cannot perform ReSharper edits (1.877276ms)
2026-10-04T02:41:37.1775347Z ✔ the portable Mac mapping uses Meta and retains browser chord alternatives (1.442332ms)
2026-10-04T02:41:37.1777304Z ✔ profile switches preserve model identity, undo, selections, folds, bookmarks and modal state (6.759483ms)
2026-10-04T02:41:37.4108643Z ✔ A20 Save As without a utf-8 BOM retains the encoding on both later baseline checks (28.748474ms)
2026-10-04T02:41:37.4316075Z ✔ A20 utf-8 output refuses unpaired surrogates before closing or downloading (24.391373ms)
2026-10-04T02:41:37.4339414Z ✔ A20 utf-8 disk preflight rejects lossy captured and legacy input before opening a stream (2.874184ms)
2026-10-04T02:41:37.4524641Z ✔ A20 Save As without a utf-16le BOM retains the encoding on both later baseline checks (16.150514ms)
2026-10-04T02:41:37.4766670Z ✔ A20 utf-16le output refuses unpaired surrogates before closing or downloading (26.368226ms)
2026-10-04T02:41:37.4787919Z ✔ A20 utf-16le disk preflight rejects lossy captured and legacy input before opening a stream (2.076309ms)
2026-10-04T02:41:37.4957444Z ✔ A20 Save As without a utf-16be BOM retains the encoding on both later baseline checks (15.415028ms)
2026-10-04T02:41:37.5153022Z ✔ A20 utf-16be output refuses unpaired surrogates before closing or downloading (20.813646ms)
2026-10-04T02:41:37.5185841Z ✔ A20 utf-16be disk preflight rejects lossy captured and legacy input before opening a stream (2.286564ms)
2026-10-04T02:41:37.5189337Z ✔ A20 direct source output reports a boundary high surrogate and leaves abort/close ownership to its caller (0.876162ms)
2026-10-04T02:41:37.5258834Z ✔ A20 the default disk reader retains an explicitly known no-BOM UTF-16 baseline (6.435487ms)
2026-10-04T02:41:37.5267601Z ✔ A20 source output rejects NUL and an ambiguous leading BOM character without committing or downloading (1.576183ms)
2026-10-04T02:41:37.5289355Z ✔ A20 rebasing retains the old encoded-byte baseline when the prepared source has changed (2.227854ms)
2026-10-04T02:41:37.5295534Z ✔ A20 unchanged rebasing keeps a provably current byte baseline without reading text (0.748442ms)
2026-10-04T02:41:39.0605288Z ✔ A20 a no-option save of an actual 200 MiB line is synchronous; enabled tail trim commits once without a whole-text view (1339.015522ms)
2026-10-04T02:41:39.5078170Z ✔ A20 trailing-whitespace scans use bounded backward windows and yield before finishing a long logical line (455.003061ms)
2026-10-04T02:41:39.6470532Z ✔ A20 save normalization matches terminator/trim semantics while preserving significant whitespace and one undo transaction (135.958796ms)
2026-10-04T02:41:39.6479327Z ✔ A20 aborted normalization leaves source, selections, dirty marker and undo history untouched (2.804204ms)
2026-10-04T02:41:39.6480464Z ✔ A20 changed source, replaced model and changed text options reject private normalization before commit (1.797598ms)
2026-10-04T02:41:39.6481484Z ✔ A20 private preparation rejects invalid limits and excessive edits without applying a partial line batch (0.901749ms)
2026-10-04T02:41:39.6609663Z ✔ A20 prepared commits use the latest view selections and the shared contribution transaction (13.237481ms)
2026-10-04T02:41:39.6612503Z ✔ A20 trimming before a requested final newline retains a content-end caret before that new terminator (0.568736ms)
2026-10-04T02:41:39.6712371Z ✔ A20 a shared read-only transition during preparation never changes the buffer (10.259261ms)
2026-10-04T02:41:39.8807647Z ✔ A20 Save As starts the picker before asynchronous preparation and writes only its exact replacement capture (9.028586ms)
2026-10-04T02:41:39.8810957Z ✔ A20 dismissing a picker never runs a normalization callback (0.640951ms)
2026-10-04T02:41:39.8816899Z ✔ A20 cancellation or a preparation rejection cannot open a write stream or download (1.074923ms)
2026-10-04T02:41:39.8820632Z ✔ A20 a replacement capture must retain URI and a current, consistent version before write acquisition (1.052943ms)
2026-10-04T02:41:39.8851815Z ✔ A20 download fallback prepares exactly once and still cannot report a confirmed native save (5.207196ms)
2026-10-04T02:41:39.9671461Z ✔ single-match navigation reaches forward and backward origins beyond 10000 earlier matches (3.647904ms)
2026-10-04T02:41:39.9673720Z ✔ navigation finds nearest overlapping matches and wrapped spans crossing the original origin (0.846776ms)
2026-10-04T02:41:40.0240247Z ✔ scalar matches survive chunk seams and origins inside UTF-16 pairs in either direction (32.243249ms)
2026-10-04T02:41:40.0242601Z ✔ navigation retains literal case folding, Unicode word boundaries and merged selection exclusions (1.805212ms)
2026-10-04T02:41:40.0244934Z ✔ a near-end origin in a virtual 200 MiB ASCII source requests only bounded nearby slices (0.667781ms)
2026-10-04T02:41:40.0250615Z ✔ cooperative navigation holds an immutable source snapshot while the original buffer changes (2.532785ms)
2026-10-04T02:41:40.0252562Z ✔ step and elapsed limits fail explicitly before an incomplete scan could report wrapping or no match (0.954929ms)
2026-10-04T02:41:40.0255405Z ✔ navigation honors cancellation before scanning and between cooperative chunks (0.791012ms)
2026-10-04T02:41:40.0261660Z ✔ navigation rejects invalid bounds and oversized exclusions without reading unbounded source text (1.109759ms)
2026-10-04T02:41:40.0264458Z ✔ Add Next Occurrence advances after the primary range beyond 10000 matches and wraps around selected ranges (2.798875ms)
2026-10-04T02:41:40.0267519Z ✔ Add Next Occurrence skips existing ranges and preserves the explicit 10000-selection capacity (16.027127ms)
2026-10-04T02:41:40.0270761Z ✔ Add Next Occurrence excludes a candidate containing an existing empty caret (0.861284ms)
2026-10-04T02:41:40.9171569Z ✔ source query model is cached per complete source/options revision (83.878821ms)
2026-10-04T02:41:40.9173574Z ✔ namespace-qualified class bases, interfaces and members build distinct Class View branches (10.273719ms)
2026-10-04T02:41:40.9176818Z ✔ bound reads, writes, declarations, compound updates and ref/out/in retain filterable metadata (36.116366ms)
2026-10-04T02:41:40.9179734Z ✔ a written property does not classify its receiver as written (14.190535ms)
2026-10-04T02:41:40.9183118Z ✔ tuple deconstruction writes are distinct from tuple reads (6.369784ms)
2026-10-04T02:41:40.9190508Z ✔ partial generic type rename covers aliases, constructors, arrays, qualified names and typeof (34.943979ms)
2026-10-04T02:41:40.9192374Z ✔ comment/string options use lexical spans and whole identifiers, including interpolation (17.711376ms)
2026-10-04T02:41:40.9194961Z ✔ rename refuses collisions, captures, generated targets and existing resource destinations (9.518273ms)
2026-10-04T02:41:40.9200120Z ✔ renaming Unicode source identifiers preserves UTF-16 offsets after an astral prefix (8.355364ms)
2026-10-04T02:41:40.9202396Z ✔ parameter hints follow the selected overload and omit explicitly named arguments (7.032645ms)
2026-10-04T02:41:40.9205276Z ✔ constructor and extension hints use parameter mapping without labeling the extension receiver (6.809638ms)
2026-10-04T02:41:40.9208285Z ✔ worker and LSP preparation accept source types and return read/write highlights (4.071929ms)
2026-10-04T02:41:40.9211574Z ✔ pure Outline worker routes the safe semantic reorder leaf and rejects stale versions (1.144945ms)
2026-10-04T02:41:40.9215010Z ✔ framework hover carries a structured callable target for metadata navigation (2.549116ms)
2026-10-04T02:41:40.9219428Z ✔ nameof and selected method-group conversions retain actual bound source references (13.329173ms)
2026-10-04T02:41:41.6285782Z ✔ first and repeated signature queries retain their document owner in a shared source model (106.123097ms)
2026-10-04T02:41:41.6289604Z ✔ exact opening lookup and caret lookup preserve nested-call boundaries through closing delimiters (6.955141ms)
2026-10-04T02:41:41.6294729Z ✔ unresolved inner invocations hide an outer tip only while the caret belongs to the inner call (10.284028ms)
2026-10-04T02:41:41.6300428Z ✔ a replacement source model has independent cached signatures while the captured revision remains readable (7.032325ms)
2026-10-04T02:41:41.9925943Z ✔ A20 prepared utf-8 ingress retains BOM and streaming decoder state at byte boundaries (160.236681ms)
2026-10-04T02:41:42.2181043Z ✔ A20 prepared utf-16le ingress retains BOM and streaming decoder state at byte boundaries (225.398485ms)
2026-10-04T02:41:42.4431899Z ✔ A20 prepared utf-16be ingress retains BOM and streaming decoder state at byte boundaries (223.270779ms)
2026-10-04T02:41:42.4585919Z ✔ A20 prepared empty and BOM-only files remain empty and editable without load history (11.22423ms)
2026-10-04T02:41:42.4819075Z ✔ A20 Studio reads >2 MB File inputs in bounded slices and retains a stable original snapshot (28.423192ms)
2026-10-04T02:41:42.4851899Z ✔ A20 source loading cancels before I/O and between chunks without returning a partial model (3.455103ms)
2026-10-04T02:41:42.4853564Z ✔ A20 invalid chunk bounds and resource limits fail before a File read (0.653385ms)
2026-10-04T02:41:42.4975618Z ✔ A20 malformed encodings, binary NUL, inconsistent chunks and I/O failures reject the staged load (12.097465ms)
2026-10-04T02:41:42.5387879Z ✔ A20 CodeEditor large-file policy adopts only a complete decoded model and detects disposed loads (41.321238ms)
2026-10-04T02:41:42.6348579Z ✔ Save As invokes the picker during the calling gesture before any source read (10.335634ms)
2026-10-04T02:41:42.6419661Z ✔ Save As preserves utf-8, BOM, split surrogate pairs, and CRLF (6.593413ms)
2026-10-04T02:41:42.6480758Z ✔ Save As preserves utf-16le, BOM, split surrogate pairs, and CRLF (7.411947ms)
2026-10-04T02:41:42.6521147Z ✔ Save As preserves utf-16be, BOM, split surrogate pairs, and CRLF (7.387271ms)
2026-10-04T02:41:43.7472029Z ✔ Save As writes the BOM for empty sources and supports captured legacy text data properties (4.43025ms)
2026-10-04T02:41:49.9061178Z ✔ Save As streams an actual 200 MiB ASCII source without retaining or reading whole text (7244.256335ms)
2026-10-04T02:41:49.9075096Z ✔ a cancelled native picker leaves the source unread and does not initiate an export (1.646734ms)
2026-10-04T02:41:49.9077258Z ✔ pre-cancellation skips the picker and cancellation while acquiring a stream aborts it unread (0.961451ms)
2026-10-04T02:41:49.9080747Z ✔ cancellation aborts a pending native write and never commits or writes a second chunk (1.774734ms)
2026-10-04T02:41:49.9116837Z ✔ a native save is not confirmed until close completes; late cancellation does not undo a committed save (3.494801ms)
2026-10-04T02:41:49.9121940Z ✔ a picker failure rejects, never exports, and aborts an acquired native stream (1.080003ms)
2026-10-04T02:41:49.9123291Z ✔ a createWritable failure rejects, never exports, and aborts an acquired native stream (0.296596ms)
2026-10-04T02:41:49.9124683Z ✔ a write failure rejects, never exports, and aborts an acquired native stream (0.361157ms)
2026-10-04T02:41:49.9183906Z ✔ a close failure rejects, never exports, and aborts an acquired native stream (4.749547ms)
2026-10-04T02:41:49.9187065Z ✔ encoded output caps, progress errors, and failed cleanup remain explicit failures (1.301779ms)
2026-10-04T02:41:49.9210647Z ✔ a byte cap after a completed chunk aborts staged output and does not close the destination (2.876809ms)
2026-10-04T02:41:49.9213467Z ✔ invalid native handles and streams report explicit errors, with cleanup when available (0.489937ms)
2026-10-04T02:41:49.9262539Z ✔ download fallback with no picker preserves binary encoding but cannot confirm a save (3.209201ms)
2026-10-04T02:41:49.9282462Z ✔ download fallback with read-only handle preserves binary encoding but cannot confirm a save (2.228985ms)
2026-10-04T02:41:49.9284605Z ✔ download fallback with unsupported writable preserves binary encoding but cannot confirm a save (1.006094ms)
2026-10-04T02:41:49.9324647Z ✔ download cancellation and unavailable hosts reject or cancel before falsely claiming an export (4.801094ms)
2026-10-04T02:41:49.9348456Z ✔ the browser fallback uses a binary Blob URL and removes its temporary download link (1.907413ms)
2026-10-04T02:41:49.9350963Z ✔ invalid source metadata and mutable or lazy-only sources fail before a picker opens (0.420287ms)
2026-10-04T02:41:49.9381495Z ✔ suggested names use URI basenames, including Windows paths and empty trailing components (3.17696ms)
2026-10-04T02:41:50.7789814Z ✔ a complete 501-file loose-source import stages without mutating existing sources (637.174861ms)
2026-10-04T02:41:50.7811892Z ✔ failed later source reads leave every existing input untouched and enforce encoding/path policy (1.928873ms)
2026-10-04T02:41:50.7814789Z ✔ legacy JSON project conversion retains settings and rejects invalid metadata before loading (1.278605ms)
2026-10-04T02:41:53.3788828Z ✔ 200 MiB File reaches the actual Studio workspace model through chunked ingress with automatic work bounded (2159.113433ms)
2026-10-04T02:41:53.3848581Z ✔ rejected settings and cancelled selection release new prepared models without changing the current workspace (8.140709ms)
2026-10-04T02:41:53.3937715Z ✔ adding prepared files retains current projects, dirty models and private launch settings (10.03632ms)
2026-10-04T02:41:53.4023824Z ✔ committed document callback errors still install matching project metadata and retain adopted models (4.509337ms)
2026-10-04T02:41:53.4027088Z ✔ bulk Studio save passes captured roots and preserves newer edits after partial disk completion (2.931692ms)
2026-10-04T02:41:53.4030024Z ✔ Save As download outcome retains dirty state and a replaced workspace cannot receive a late saved marker (2.099332ms)
2026-10-04T02:41:53.8909563Z ✔ whole workspace limits count actual UTF-16 encoded bytes across imported files (10.095342ms)
2026-10-04T02:41:53.8922598Z ✔ workspace budgets include binary file count and aggregate bytes (1.446076ms)
2026-10-04T02:41:53.9055682Z ✔ edited source roots are counted again instead of trusting original encoded metadata (4.596752ms)
2026-10-04T02:41:53.9058830Z ✔ empty binary recovery succeeds and recovery preflight errors are reported without escaping (6.978248ms)
2026-10-04T02:41:53.9172318Z ✔ a saved project-file selection cannot become a source document active URI (13.499431ms)
2026-10-04T02:41:54.1229803Z ✔ SF-A20-T25: region wrapping preserves LF body endings and does not indent later lines (7.126936ms)
2026-10-04T02:41:54.1232294Z ✔ SF-A20-T25: block wrapping uses configured two-space indentation with LF (1.723836ms)
2026-10-04T02:41:54.1237676Z ✔ SF-A20-T25: region wrapping preserves CRLF body endings and does not indent later lines (0.646339ms)
2026-10-04T02:41:54.1240062Z ✔ SF-A20-T25: block wrapping uses configured two-space indentation with CRLF (0.674953ms)
2026-10-04T02:41:54.1242645Z ✔ SF-A20-T25: region wrapping preserves CR body endings and does not indent later lines (0.730928ms)
2026-10-04T02:41:54.1247887Z ✔ SF-A20-T25: block wrapping uses configured two-space indentation with CR (0.529441ms)
2026-10-04T02:41:54.1250550Z ✔ SF-A20-T25: mixed body terminators are unchanged while new wrapper lines use configured EOL (0.554407ms)
2026-10-04T02:41:54.1252460Z ✔ SF-A20-T25: region preserves existing body indentation with indentation excluded from the selection (0.746517ms)
2026-10-04T02:41:54.1256235Z ✔ SF-A20-T25: block templates use tabs and preserve relative body tabs (0.843759ms)
2026-10-04T02:41:54.1261927Z ✔ SF-A20-T25: each selected-text placeholder follows its own indentation context (0.901017ms)
2026-10-04T02:41:54.1264511Z ✔ SF-A20-T25: selected snippet-looking text and empty lines remain literal (0.417612ms)
2026-10-04T02:41:54.1267934Z ✔ SF-A20-T25: read-only surrounding does not modify text or history (0.241863ms)
2026-10-04T02:41:54.1272694Z ✔ SF-A20-T25: template EOL adaptation includes CR and preserves the existing public literal-indent contract (0.281156ms)
2026-10-04T02:41:54.1276163Z ✔ SF-A20-T25: contextual variable formatting preserves placeholder ranges and rejects invalid formatter output (0.540541ms)
2026-10-04T02:41:54.2540333Z ✔ B01: Visual Studio Ctrl+K Ctrl+S reaches Surround With once and applies a production snippet in one undo (23.457686ms)
2026-10-04T02:41:54.2546027Z ✔ B01: a missing Surround With provider reports its absence without opening code actions (3.613943ms)
2026-10-04T02:41:54.4536125Z ✔ SF-A20-T41: untabify resets visual columns at every LF line (2.822071ms)
2026-10-04T02:41:54.4551672Z ✔ SF-A20-T41: tabify converts every LF indentation without changing terminators (0.452257ms)
2026-10-04T02:41:54.4554166Z ✔ SF-A20-T41: untabify resets visual columns at every CRLF line (0.252162ms)
2026-10-04T02:41:54.4557782Z ✔ SF-A20-T41: tabify converts every CRLF indentation without changing terminators (0.156753ms)
2026-10-04T02:41:54.4560258Z ✔ SF-A20-T41: untabify resets visual columns at every CR line (0.259015ms)
2026-10-04T02:41:54.4564534Z ✔ SF-A20-T41: tabify converts every CR indentation without changing terminators (0.180267ms)
2026-10-04T02:41:54.4567615Z ✔ SF-A20-T41: tab conversion preserves mixed EOL, blank lines and tab columns in mixed indentation (0.232435ms)
2026-10-04T02:41:54.4570859Z ✔ SF-A20-T41: disjoint multiline selections convert in one undo transaction and restore selection state (5.994116ms)
2026-10-04T02:41:54.4574728Z ✔ SF-A20-T41: read-only tab conversion leaves the model and history unchanged (0.504233ms)
2026-10-04T02:41:54.6774373Z ✔ source-indexed lenses are unresolved and lazy, ordered, project-owned and never materialize document text (3.389243ms)
2026-10-04T02:41:54.6778587Z ✔ actual editor service command runs only the selected registry test through TaskCenter and refreshes real status (2.953517ms)
2026-10-04T02:41:54.6780951Z ✔ real failed and skipped outcomes resolve with their observed state and do not fabricate timing (0.850542ms)
2026-10-04T02:41:54.6782956Z ✔ forged or stale source, span, test and project identities cannot resolve or execute (1.393327ms)
2026-10-04T02:41:54.6786482Z ✔ linked documents require exact stable project ownership; a display label never selects a project (0.622905ms)
2026-10-04T02:41:54.6788943Z ✔ discovery invalidates moved locations and captures omitted versions only on actual rediscovery (0.509794ms)
2026-10-04T02:41:54.6792066Z ✔ cancelling a lens run preserves an independent Test Explorer run and reports actual cancellation (0.894534ms)
2026-10-04T02:41:54.6800230Z ✔ unregistering a real provider aborts its run, invalidates lenses and cannot leave a clickable old action (0.722962ms)
2026-10-04T02:41:54.6802488Z ✔ disposing CodeLens cancels only its runs, removes refresh listeners and rejects later requests (0.835684ms)
2026-10-04T02:41:54.6804810Z ✔ an optional operation wrapper cannot bypass provider execution or reuse its delayed run after completion (0.513361ms)
2026-10-04T02:41:54.6807211Z ✔ deferred execution revalidates source and discovery ownership before starting the test (0.330669ms)
2026-10-04T02:41:54.6809345Z ✔ provider errors still emit final invalidation and resolve to the actual failed registry state (0.476191ms)
2026-10-04T02:41:54.6811284Z ✔ pre-aborted requests and malformed commands fail before starting provider work (0.445955ms)
2026-10-04T02:41:54.6813659Z ✔ document bounds and the editor lens cap reject unusable or excessive discoveries explicitly (10.671761ms)
2026-10-04T02:41:54.8867026Z ✔ A20 multi-caret editing commits one undo group and grapheme delete preserves boundaries (6.271456ms)
2026-10-04T02:41:54.8869585Z ✔ A20 deletion boundaries and smart newline at EOF are valid no-ops or atomic edits (1.440466ms)
2026-10-04T02:41:54.8873871Z ✔ A20 overtype never replaces a newline and virtual space is materialized only by typing (0.879346ms)
2026-10-04T02:41:54.8875922Z ✔ A20 advanced transforms preserve multi-caret atomicity and Unicode case expansion (1.633326ms)
2026-10-04T02:41:54.8878033Z ✔ A20 editorconfig precedence changes indentation per path and save applies EOL trim/final newline (2.071506ms)
2026-10-04T02:41:54.8881474Z ✔ A20 clipboard ring bounds entries and drag move preserves one undo transaction (0.665776ms)
2026-10-04T02:41:54.8883585Z ✔ A20 bookmarks and unsaved/saved/reverted change marks follow undo (1.161804ms)
2026-10-04T02:41:54.9015846Z ✔ A20 chunk loading commits once and cancellation or malformed UTF-8 keeps original model (14.04355ms)
2026-10-04T02:41:54.9020450Z ✔ A20 advanced caret transforms and disjoint line moves preserve EOLs and undo selections (4.464815ms)
2026-10-04T02:41:54.9022650Z ✔ A20 advanced sorting preserves CRLF and read-only rejects transforms (0.925662ms)
2026-10-04T02:41:55.6681038Z ✔ A20 incremental syntax reconverges within 200 lines in a 100000-line document (568.319019ms)
2026-10-04T02:41:55.6686070Z ✔ A20 incremental syntax matches full lexing after multiline literal and comment edits (6.447525ms)
2026-10-04T02:41:55.6690133Z ✔ A20 folding validates nesting and expands edits in hidden ranges (1.177884ms)
2026-10-04T02:41:55.6695412Z ✔ A20 folding state persists per document and fallback handles regions comments usings (2.876202ms)
2026-10-04T02:41:55.6699904Z ✔ A20 folding ignores stale and disposed language responses (0.791191ms)
2026-10-04T02:41:55.6704172Z ✔ A20 typed folding provider cancels older requests and restores saved collapsed state after discovery (0.600914ms)
2026-10-04T02:41:55.8918759Z ✔ A20 native clipboard retains per-caret fragments, line-copy metadata and malformed payload fallback (6.603106ms)
2026-10-04T02:41:55.8922392Z ✔ A20 view model adapter follows document switches and keeps view selections independent (0.435615ms)
2026-10-04T02:41:55.8927604Z ✔ A20 synthetic composition commits once, cancels safely and cannot cross document identity (0.953605ms)
2026-10-04T02:41:55.8931411Z ✔ A20 rename preview refreshes token/layout caches without publishing or recording edits (2.514004ms)
2026-10-04T02:41:56.1289263Z ✔ A20 line layout round trips grapheme offsets, tabs, CJK and emoji (3.472959ms)
2026-10-04T02:41:56.1293765Z ✔ A20 visual line map handles 500000 lines with wraps, hidden intervals and inverse lookup (5.689657ms)
2026-10-04T02:41:56.1300326Z ✔ A20 wrap covers source without splitting extended graphemes (0.946421ms)
2026-10-04T02:41:56.1304108Z ✔ A20 viewport bounds materialized rows and folds preserve logical line numbering (32.353693ms)
2026-10-04T02:41:56.1308810Z ✔ A20 whitespace changes only decoration data and overview endpoints are exact (0.472955ms)
2026-10-04T02:41:56.1313110Z ✔ A20 leading and inline zones retain row mapping through repeated layout resets (1.41102ms)
2026-10-04T02:41:56.1317915Z ✔ A20 long-line fragments clamp stale horizontal scroll and use bounded text reads (2.457989ms)
2026-10-04T02:41:56.2986129Z ✔ Vim block deletion uses display columns across partial tabs, wide graphemes, combining text and short lines (26.765496ms)
2026-10-04T02:41:56.2994352Z ✔ Vim block change types on every selected row and retains virtual space in one history group (5.14613ms)
2026-10-04T02:41:56.2995362Z ▶ Vim block insert, append and end-of-line append honor their distinct short-line behavior
2026-10-04T02:41:56.2995950Z   ✔ I ! Escape (2.295175ms)
2026-10-04T02:41:56.3000471Z   ✔ A ! Escape (3.208473ms)
2026-10-04T02:41:56.3002270Z   ✔ $ A ! Escape (2.097906ms)
2026-10-04T02:41:56.3005412Z   ✔ D (1.874829ms)
2026-10-04T02:41:56.3010182Z   ✔ C ! Escape (1.911106ms)
2026-10-04T02:41:56.3012487Z ✔ Vim block insert, append and end-of-line append honor their distinct short-line behavior (12.338669ms)
2026-10-04T02:41:56.3015660Z ✔ Vim block registers preserve rows on counted normal puts, visual puts and puts beyond the final line (4.107066ms)
2026-10-04T02:41:56.3017963Z ✔ Vim asynchronous clipboard keeps block metadata only while clipboard text still matches (2.420419ms)
2026-10-04T02:41:56.3021170Z ✔ Vim visual replacement splits tabs and fills virtual cells without splitting surrogate pairs (4.217732ms)
2026-10-04T02:41:56.3025463Z ▶ Vim block shifts use the left boundary, count, shift width and tab policy
2026-10-04T02:41:56.3026628Z   ✔ 2 > spaces=true (1.76895ms)
2026-10-04T02:41:56.3028499Z   ✔ < spaces=true (1.262152ms)
2026-10-04T02:41:56.3032214Z   ✔ 2 > spaces=false (1.287118ms)
2026-10-04T02:41:56.3035391Z ✔ Vim block shifts use the left boundary, count, shift width and tab policy (4.773192ms)
2026-10-04T02:41:56.3038381Z ✔ Vim normal vertical moves preserve display column and block corner switches preserve the selected rectangle (2.102975ms)
2026-10-04T02:41:56.3041961Z ▶ Vim visual aliases operate on the selected text rather than normal-mode single-character ranges
2026-10-04T02:41:56.3043481Z   ✔ x (1.458981ms)
2026-10-04T02:41:56.3045355Z   ✔ U (1.191189ms)
2026-10-04T02:41:56.3049699Z   ✔ u (1.503574ms)
2026-10-04T02:41:56.3054372Z   ✔ ~ (0.828621ms)
2026-10-04T02:41:56.3058261Z   ✔ r# (0.868475ms)
2026-10-04T02:41:56.3061027Z ✔ Vim visual aliases operate on the selected text rather than normal-mode single-character ranges (6.478142ms)
2026-10-04T02:41:56.3063255Z ✔ Vim block edits reject malformed metadata, excessive virtual replacement and locked models before mutation (1.369142ms)
2026-10-04T02:41:56.5083554Z ✔ selection normalization deterministically merges overlap and preserves primary direction and head alias (2.216828ms)
2026-10-04T02:41:56.5085395Z ✔ model stores operation undo independent of a 500 KB document and restores save points (55.372786ms)
2026-10-04T02:41:56.5088032Z ✔ five-caret typing is one undo step with exact selection restore; time/command coalescing has explicit boundaries (1.834072ms)
2026-10-04T02:41:56.5089270Z ✔ random operations undo and redo against retained string oracles (45.5145ms)
2026-10-04T02:41:56.5093937Z ✔ model prepares atomic workspace participants and rollback preserves document/history/selection/scroll (0.919109ms)
2026-10-04T02:41:56.5098065Z ✔ multi-caret commands add occurrences, remove newest and insert line-end carets (12.994537ms)
2026-10-04T02:41:56.5101672Z ✔ box typing splits partial tabs, uses wide visual columns and inserts virtual spaces (3.060006ms)
2026-10-04T02:41:56.5105297Z ✔ multicaret clipboard round-trips N fragments and rectangular pastes grow missing lines atomically (2.119496ms)
2026-10-04T02:41:56.5110747Z ✔ box deletion avoids manufacturing virtual spaces and insertion budgets reject before any model edit (0.73221ms)
2026-10-04T02:41:56.5113838Z ✔ explicit nested groups override per-command stops and selection jumps while preserving saved state identity (0.743381ms)
2026-10-04T02:41:56.7462289Z ▶ Vim counts multiply operators, motions and line ranges and each edit undoes as one operation
2026-10-04T02:41:56.7463439Z   ✔ 2d2w (23.485979ms)
2026-10-04T02:41:56.7464251Z   ✔ 2dd (2.738394ms)
2026-10-04T02:41:56.7466106Z   ✔ Gdd (2.136428ms)
2026-10-04T02:41:56.7469099Z   ✔ de (1.762638ms)
2026-10-04T02:41:56.7473730Z   ✔ dw (2.444665ms)
2026-10-04T02:41:56.7476968Z   ✔ D (1.22368ms)
2026-10-04T02:41:56.7479401Z   ✔ J (1.317565ms)
2026-10-04T02:41:56.7481535Z   ✔ gJ (1.3736ms)
2026-10-04T02:41:56.7484578Z ✔ Vim counts multiply operators, motions and line ranges and each edit undoes as one operation (38.393135ms)
2026-10-04T02:41:56.7488543Z ✔ Vim normal movements, finds and character deletes stay at grapheme and CRLF line boundaries (6.404776ms)
2026-10-04T02:41:56.7505278Z ▶ Vim word-end, backward-end, find/till, paragraph, line and document motions have expected offsets
2026-10-04T02:41:56.7516827Z   ✔ 2w at 0 (1.227757ms)
2026-10-04T02:41:56.7518017Z   ✔ ge at 8 (0.96723ms)
2026-10-04T02:41:56.7520405Z   ✔ 2ge at 8 (1.385613ms)
2026-10-04T02:41:56.7523826Z   ✔ 2e at 0 (0.739283ms)
2026-10-04T02:41:56.7524294Z   ✔ W at 0 (0.663642ms)
2026-10-04T02:41:56.7524730Z   ✔ fc at 0 (0.725477ms)
2026-10-04T02:41:56.7525186Z   ✔ tc at 0 (0.711531ms)
2026-10-04T02:41:56.7526700Z   ✔ Fa at 6 (0.838509ms)
2026-10-04T02:41:56.7531212Z   ✔ tB at 0 (0.829662ms)
2026-10-04T02:41:56.7535493Z   ✔ } at 0 (0.831055ms)
2026-10-04T02:41:56.7558304Z   ✔ ^ at 5 (0.807681ms)
2026-10-04T02:41:56.7567611Z   ✔ 0 at 6 (0.792203ms)
2026-10-04T02:41:56.7568144Z   ✔ G at 0 (1.284684ms)
2026-10-04T02:41:56.7568644Z   ✔ gg at 12 (0.626432ms)
2026-10-04T02:41:56.7569147Z   ✔ 2G at 0 (0.577481ms)
2026-10-04T02:41:56.7570476Z ✔ Vim word-end, backward-end, find/till, paragraph, line and document motions have expected offsets (14.524159ms)
2026-10-04T02:41:56.7572089Z ▶ Vim change, insert, replace and open-line sessions share one explicit history group
2026-10-04T02:41:56.7573081Z   ✔ c w N E W Escape (2.109087ms)
2026-10-04T02:41:56.7573704Z   ✔ i a b c Escape (1.004239ms)
2026-10-04T02:41:56.7574794Z   ✔ R X Y Escape (0.951451ms)
2026-10-04T02:41:56.7575353Z   ✔ r 😀 (0.802702ms)
2026-10-04T02:41:56.7575849Z   ✔ o X Escape (1.028515ms)
2026-10-04T02:41:56.7576643Z   ✔ O X Escape (1.609503ms)
2026-10-04T02:41:56.7577201Z   ✔ c c X Escape (0.975976ms)
2026-10-04T02:41:56.7579901Z ✔ Vim change, insert, replace and open-line sessions share one explicit history group (9.194836ms)
2026-10-04T02:41:56.7589128Z ▶ Vim text objects use half-open word, quote, nested bracket, sentence and paragraph ranges
2026-10-04T02:41:56.7590469Z   ✔ diw (1.073899ms)
2026-10-04T02:41:56.7591272Z   ✔ daw (0.778296ms)
2026-10-04T02:41:56.7591989Z   ✔ di" (0.773818ms)
2026-10-04T02:41:56.7592690Z   ✔ di( (0.827519ms)
2026-10-04T02:41:56.7593477Z   ✔ 2da( (0.752248ms)
2026-10-04T02:41:56.7594185Z   ✔ dis (0.717352ms)
2026-10-04T02:41:56.7597750Z   ✔ dip (0.7004ms)
2026-10-04T02:41:56.7610610Z ✔ Vim text objects use half-open word, quote, nested bracket, sentence and paragraph ranges (6.44467ms)
2026-10-04T02:41:56.7612206Z ✔ Vim visual character, line and block operators edit the real multi-selection model (6.059079ms)
2026-10-04T02:41:56.7613631Z ✔ Vim visual put replaces the selected range instead of inserting beside it (1.369573ms)
2026-10-04T02:41:56.7615190Z ✔ Vim indent, case operators, matching pairs and repeated find use their native command ranges (2.771586ms)
2026-10-04T02:41:56.7617093Z ✔ Vim named, appended, yank, numbered and black-hole registers preserve their contracts (1.381875ms)
2026-10-04T02:41:56.7618798Z ✔ Vim marks track buffer edits, retain profile state and route cross-document jumps through the host (2.50116ms)
2026-10-04T02:41:56.7620390Z ✔ Vim macros, repeated changes and insertion replay use one undo group per replay (3.53218ms)
2026-10-04T02:41:56.7621853Z ✔ Vim search uses bounded regex with wraparound, counts and reverse direction (29.451352ms)
2026-10-04T02:41:56.7623283Z ✔ Ex substitution captures, line scopes, flags and bounded failures are atomic (3.483298ms)
2026-10-04T02:41:56.7624789Z ✔ Ex settings and workspace requests use the common host and honor failed saves (1.684663ms)
2026-10-04T02:41:56.7627637Z ✔ Vim denied system-register delete and paste leave the model unchanged (1.097184ms)
2026-10-04T02:41:56.7644758Z ✔ Vim delayed clipboard and prompt responses reject stale or disposed editor state (1.3844ms)
2026-10-04T02:41:56.7646942Z ✔ Vim read-only mode and browser composition preserve the text and undo state (1.64578ms)
2026-10-04T02:41:56.7649213Z ﹣ Unsupported target: shell commands and external filters (0.076764ms) # The browser editor has no shell or process-execution authority.
2026-10-04T02:41:56.7651766Z ﹣ Unsupported target: Vimscript and plugin loading (0.064701ms) # The native modal adapter is not a Vimscript interpreter or plugin runtime.
2026-10-04T02:41:56.7654110Z ﹣ Unsupported target: terminal buffers (0.050004ms) # Terminal emulation is outside the editor document and keymap scope.
2026-10-04T02:41:56.7656631Z ﹣ Unsupported target: native Vim regex extensions (0.049433ms) # Search uses the documented bounded regex engine rather than Vim magic expressions.
2026-10-04T02:41:56.7659009Z ﹣ Unsupported target: operating-system primary selection (0.067937ms) # The injected asynchronous clipboard API exposes ordinary clipboard text.
2026-10-04T02:41:56.7661498Z ﹣ Unsupported target: unlimited recursive macros (0.049803ms) # Native macros have explicit recursion, key-count and register-memory budgets.
2026-10-04T02:41:56.7663888Z ﹣ Unsupported target: desktop Vim executable parity (0.045044ms) # Node fixtures qualify this native model; no installed desktop Vim is used as an oracle.
2026-10-04T02:41:56.7666850Z ﹣ Unsupported target: browser key interception and assistive technology (0.04262ms) # Operating-system/browser key delivery and screen readers need browser/manual qualification.
2026-10-04T02:41:57.6753682Z ✔ 0.5 refactor: introduce whole initializer preserves side effects once (108.88024ms)
2026-10-04T02:41:57.6797422Z ✔ 0.5 refactor: introduce return expression stays inside block (13.254844ms)
2026-10-04T02:41:57.6799588Z ✔ 0.5 refactor: introduce local avoids existing names (7.913318ms)
2026-10-04T02:41:57.6802031Z ✔ 0.5 refactor: no extraction from conditional branch or call argument (6.655304ms)
2026-10-04T02:41:57.6804529Z ✔ 0.5 refactor: no extraction from a for initializer (5.518667ms)
2026-10-04T02:41:57.6807360Z ✔ 0.5 refactor: inline immutable literal preserves type and all references (6.354772ms)
2026-10-04T02:41:57.6810541Z ✔ 0.5 refactor: mutable local is not offered for inline (2.118825ms)
2026-10-04T02:41:57.6814951Z ✔ 0.5 refactor: overload-affecting literal widening is not inlined (2.53296ms)
2026-10-04T02:41:57.6816727Z ✔ 0.5 refactor: invert if keeps one condition evaluation (9.430698ms)
2026-10-04T02:41:57.6819565Z ✔ 0.5 refactor: expand initialized auto-property preserves get/set execution (28.806726ms)
2026-10-04T02:41:57.6822048Z ✔ 0.5 refactor: expansion preserves static initializer and private setter (12.997192ms)
2026-10-04T02:41:57.6825941Z ✔ 0.5 refactor: getter-only constructor property is not expanded unsafely (4.638451ms)
2026-10-04T02:41:57.6828437Z ✔ 0.5 refactor: stale structural edit fails atomically (2.437552ms)
2026-10-04T02:41:57.6831593Z ✔ 0.5 editor: bracket pairs ignore comments and escaped string punctuation (0.795468ms)
2026-10-04T02:41:57.6833927Z ✔ 0.5 editor: unmatched delimiters are not paired across mismatch (0.206507ms)
2026-10-04T02:41:57.6836843Z ✔ 0.5 editor: lexical insertion contexts include EOF comments and incomplete strings (0.790419ms)
2026-10-04T02:41:57.6839445Z ✔ 0.5 editor: literal replacement honors UTF-16, word and case constraints (1.773509ms)
2026-10-04T02:41:57.6841984Z ✔ 0.5 editor: search text is literal rather than regex (0.325299ms)
2026-10-04T02:41:57.6852571Z ✔ 0.5 editor: replacement preflights result and match limits (14.916653ms)
2026-10-04T02:41:57.6853819Z ✔ 0.5 editor: duplicate selected whole lines excludes trailing newline (0.239067ms)
2026-10-04T02:41:57.6855008Z ✔ 0.5 editor: duplicate last line upward and validate ranges (0.161802ms)
2026-10-04T02:41:59.3032541Z ✔ 0.6 highlight: indexed source preserves all UTF-16 and trivia characters (5.086969ms)
2026-10-04T02:41:59.3034134Z ✔ 0.6 highlight: scrolling large files renders a bounded line window (543.482349ms)
2026-10-04T02:41:59.3037253Z ✔ 0.6 highlight: lexical fallback still renders only the viewport (0.51806ms)
2026-10-04T02:41:59.3040253Z ✔ 0.6 highlight: huge-line token budget preserves text without thousands of nodes (49.948347ms)
2026-10-04T02:41:59.3042082Z ✔ 0.6 highlight: multiline comment clipping remains classified as comment (0.44812ms)
2026-10-04T02:41:59.3047307Z ✔ 0.6 highlight: invalid viewport arguments fail without loops (0.778979ms)
2026-10-04T02:41:59.3049439Z ✔ 0.6 selection: nesting strictly grows and retains UTF-16 positions (8.075907ms)
2026-10-04T02:41:59.3051106Z ✔ 0.6 refactoring: make int const (119.908158ms)
2026-10-04T02:41:59.3052542Z ✔ 0.6 refactoring: make var const (16.758751ms)
2026-10-04T02:41:59.3056627Z ✔ 0.6 refactoring: make string const (16.619029ms)
2026-10-04T02:41:59.3058747Z ✔ 0.6 refactoring: conditional return evaluation (33.523373ms)
2026-10-04T02:41:59.3060525Z ✔ 0.6 refactoring: conditional return CRLF (14.438124ms)
2026-10-04T02:41:59.3061863Z ✔ 0.6 refactoring: expression body method (25.67424ms)
2026-10-04T02:41:59.3064577Z ✔ 0.6 refactoring: expression body void (13.71566ms)
2026-10-04T02:41:59.3069447Z ✔ 0.6 refactoring: scoped using (24.0086ms)
2026-10-04T02:41:59.3072176Z ✔ 0.6 refactoring: scoped using names remain bounded (17.267192ms)
2026-10-04T02:41:59.3075934Z ✔ 0.6 refactoring: mutable/nonexact/already const no make-const int x=1;x++;Console.WriteLine(x); (3.776122ms)
2026-10-04T02:41:59.3078333Z ✔ 0.6 refactoring: mutable/nonexact/already const no make-const int x=1;x+=2;Console.WriteLine(x); (2.464837ms)
2026-10-04T02:41:59.3081215Z ✔ 0.6 refactoring: mutable/nonexact/already const no make-const int x=1;x=2;Console.WriteLine(x); (2.826714ms)
2026-10-04T02:41:59.3084981Z ✔ 0.6 refactoring: mutable/nonexact/already const no make-const double x=1;Console.WriteLine(x); (1.865153ms)
2026-10-04T02:41:59.3087728Z ✔ 0.6 refactoring: mutable/nonexact/already const no make-const const int x=1;Console.WriteLine(x); (1.633189ms)
2026-10-04T02:41:59.3092685Z ✔ 0.6 refactoring: does not delete comments Use expression-bodied (2.062433ms)
2026-10-04T02:41:59.3094244Z ✔ 0.6 refactoring: does not delete comments Use conditional return (2.458545ms)
2026-10-04T02:41:59.3095700Z ✔ 0.6 refactoring: does not delete comments Use scoped using (3.367728ms)
2026-10-04T02:41:59.3102361Z ✔ 0.6 refactoring: make-const stale edit is rejected atomically (1.530026ms)
2026-10-04T02:41:59.3104007Z ✔ 0.6 navigation: bidirectional document locations preserve selections (0.332373ms)
2026-10-04T02:41:59.3108521Z ✔ 0.6 navigation: origin cursor refresh does not create phantom jumps (0.152195ms)
2026-10-04T02:41:59.3109950Z ✔ 0.6 navigation: new jump truncates forward history and deduplicates (0.814556ms)
2026-10-04T02:41:59.3111471Z ✔ 0.6 navigation: retained history is bounded and immutable (0.180357ms)
2026-10-04T02:41:59.3113713Z ✔ 0.6 navigation: invalid locations and limits rejected (0.238877ms)
2026-10-04T02:42:00.6285765Z ✔ piece table: 100000 deterministic mixed-EOL/UTF-16 edits match a string oracle (414.934327ms)
2026-10-04T02:42:00.6288994Z ✔ piece table: reading a 100 MB buffer boundary materializes only the requested slice (694.682158ms)
2026-10-04T02:42:00.6292688Z ✔ line index: CRLF seams, CR/LF splits and all coordinate boundaries remain exact (0.940892ms)
2026-10-04T02:42:00.6297467Z ✔ text buffer: multi-edits are one immutable version with inverse coordinates and exact ranges (1.314662ms)
2026-10-04T02:42:00.6301112Z ✔ text buffer: prepare/commit is atomic; overlap, stale versions and disposed changes fail explicitly (0.635781ms)
2026-10-04T02:42:00.6303258Z ✔ text buffer: indexed EOL metadata and UTF encodings preserve BOM, mixed endings and final newline (1.200639ms)
2026-10-04T02:42:00.6306477Z ✔ text buffer: start/middle/end edits in one million lines remain indexed and below a 2 ms p95 budget (100.431016ms)
2026-10-04T02:42:00.6309694Z ℹ [{"region":"start","median":0.012172999999847889,"p95":0.020168000000012398},{"region":"middle","median":0.007042999999839594,"p95":0.014026000000058048},{"region":"end","median":0.004427999999961685,"p95":0.005290000000059081}]
2026-10-04T02:42:00.8940352Z ✔ cooperative preparation matches synchronous UTF-16 ranges and publishes only at its explicit commit (18.287314ms)
2026-10-04T02:42:00.9981631Z ✔ cooperative large inverse construction yields while retaining one model undo operation (165.692676ms)
2026-10-04T02:42:00.9990044Z ✔ cooperative preparation honors cancellation, disposal and snapshot identity without publishing partial changes (2.829911ms)
2026-10-04T02:42:00.9991106Z ✔ cooperative ordered edit input validates bounds, ordering, edit count and chunk controls (0.807974ms)
2026-10-04T02:42:01.0377711Z ✔ cooperative insertion normalizes CRLF across single-unit windows and keeps the one-version contract (37.550916ms)
2026-10-04T02:42:01.0379796Z ✔ adjacent deletions and a replacement retain an unambiguous inverse transaction (1.392188ms)
2026-10-04T02:42:01.0381640Z ✔ prepared model binding enforces ownership, current revisions and read-only state (0.675966ms)
2026-10-04T02:42:01.1659901Z ✔ Myers diff: randomized scripts round-trip and match the dynamic-programming minimum (49.875992ms)
2026-10-04T02:42:01.1665029Z ✔ line diff retains CRLF offsets and bounded character/word refinement (1.415692ms)
2026-10-04T02:42:01.1671682Z ✔ diff limits return an exact replacement fallback and cancellation remains explicit (1.021302ms)
2026-10-04T02:42:01.1675520Z ✔ merge3 automatically combines independent edits and identical changes (8.030972ms)
2026-10-04T02:42:01.1682904Z ✔ merge3 conflicts carry exact stable branch/base/result ranges and preserve dominant EOL (1.333578ms)
2026-10-04T02:42:01.3325350Z ✔ bounded regex matches the native safe-fixture oracle: a+/ (4.251594ms)
2026-10-04T02:42:01.3327883Z ✔ bounded regex matches the native safe-fixture oracle: a+?/ (0.390171ms)
2026-10-04T02:42:01.3330282Z ✔ bounded regex matches the native safe-fixture oracle: a{2,4}/ (0.486632ms)
2026-10-04T02:42:01.3334426Z ✔ bounded regex matches the native safe-fixture oracle: (?:ab|a)+/ (0.626864ms)
2026-10-04T02:42:01.3338114Z ✔ bounded regex matches the native safe-fixture oracle: (a|b)\1/ (0.613669ms)
2026-10-04T02:42:01.3341250Z ✔ bounded regex matches the native safe-fixture oracle: (?<word>\w+):(?<number>\d+)/ (0.668512ms)
2026-10-04T02:42:01.3344656Z ✔ bounded regex matches the native safe-fixture oracle: foo(?=bar)/ (0.286326ms)
2026-10-04T02:42:01.3353471Z ✔ bounded regex matches the native safe-fixture oracle: foo(?!bar)/ (0.398156ms)
2026-10-04T02:42:01.3357440Z ✔ bounded regex matches the native safe-fixture oracle: (?<=foo)bar/ (0.771045ms)
2026-10-04T02:42:01.3359951Z ✔ bounded regex matches the native safe-fixture oracle: (?<!foo)bar/ (0.408255ms)
2026-10-04T02:42:01.3363264Z ✔ bounded regex matches the native safe-fixture oracle: ^(\w+)\r?$/m (0.578874ms)
2026-10-04T02:42:01.3366894Z ✔ bounded regex matches the native safe-fixture oracle: a.*b/s (0.291626ms)
2026-10-04T02:42:01.3369782Z ✔ bounded regex matches the native safe-fixture oracle: [a-z]+/i (0.568665ms)
2026-10-04T02:42:01.3372635Z ✔ bounded regex matches the native safe-fixture oracle: [^0-9]+/ (0.360946ms)
2026-10-04T02:42:01.3375468Z ✔ bounded regex matches the native safe-fixture oracle: a*/ (0.311643ms)
2026-10-04T02:42:01.3379464Z ✔ bounded regex matches the native safe-fixture oracle: (?=(aa))/ (0.295563ms)
2026-10-04T02:42:01.3383375Z ✔ bounded regex matches the native safe-fixture oracle: (a?)*/ (0.242554ms)
2026-10-04T02:42:01.3386031Z ✔ bounded regex matches the native safe-fixture oracle: \p{L}+/ (1.470455ms)
2026-10-04T02:42:01.3392527Z ✔ bounded regex matches the native safe-fixture oracle: \u{1F600}/ (0.262031ms)
2026-10-04T02:42:01.3393647Z ✔ bounded regex matches the native safe-fixture oracle: \bfoo\b/ (0.305923ms)
2026-10-04T02:42:01.3401700Z ✔ bounded regex matches the native safe-fixture oracle: (a(b)?)+/ (0.21349ms)
2026-10-04T02:42:01.3412072Z ✔ literal search preserves Unicode folding, UTF-16 spans and whole-word semantics (1.96451ms)
2026-10-04T02:42:01.3413845Z ✔ regex replacement expands captures, names, escapes and multiline patterns atomically (1.227549ms)
2026-10-04T02:42:01.3418184Z ✔ invalid/unsupported patterns report stable positions instead of native engine errors (0.641462ms)
2026-10-04T02:42:01.3420203Z ✔ pathological regex is interrupted inside the interpreter and a process watchdog remains a second boundary (70.176427ms)
2026-10-04T02:42:01.3424211Z ✔ search cancellation, result limits and empty-match advancement are bounded (0.803785ms)
2026-10-04T02:42:01.4306150Z ✔ grapheme movement keeps clusters intact: "áb" (2.370951ms)
2026-10-04T02:42:01.4312332Z ✔ grapheme movement keeps clusters intact: "👩‍👩‍👧‍👦!" (0.506288ms)
2026-10-04T02:42:01.4313945Z ✔ grapheme movement keeps clusters intact: "🇵🇱🇯🇵x" (0.315801ms)
2026-10-04T02:42:01.4317037Z ✔ grapheme movement keeps clusters intact: "👍🏽👍" (0.184135ms)
2026-10-04T02:42:01.4320559Z ✔ grapheme movement keeps clusters intact: "\r\nX" (0.317033ms)
2026-10-04T02:42:01.4325114Z ✔ grapheme movement keeps clusters intact: "각각" (0.24ms)
2026-10-04T02:42:01.4328695Z ✔ grapheme movement keeps clusters intact: "क्‍ष" (0.163096ms)
2026-10-04T02:42:01.4332244Z ✔ word/subword navigation handles acronym humps, digits, underscores and CJK (12.833969ms)
2026-10-04T02:42:01.4337630Z ✔ visual columns distinguish UTF-16 characters, graphemes, tabs, wide characters and virtual space (2.15139ms)
2026-10-04T02:42:02.6781725Z ✔ pinned segmentation passes every Unicode 16.0 extended-grapheme conformance row (16.184034ms)
2026-10-04T02:42:02.6784504Z ﹣ default and explicit native segmentation retain Unicode 16.0 host compatibility (0.280174ms) # The native comparison is pinned to a Unicode 16.0 Intl runtime
2026-10-04T02:42:02.6789454Z ✔ existing editor grapheme fixtures agree with the actual host Intl segmenter (10.519148ms)
2026-10-04T02:42:02.6795711Z ✔ chunked columns agree at every UTF-16 position, including split graphemes, pairs, tabs and CRLF (39.394444ms)
2026-10-04T02:42:03.3888508Z ✔ a 200 MiB single line yields, stays chunk bounded, and supports exact subsequent cached lookups (1806.778648ms)
2026-10-04T02:42:03.9048549Z ✔ an unfinished multi-megabyte combining cluster retains only numeric state across chunks (82.883026ms)
2026-10-04T02:42:03.9051080Z ✔ edits reuse the indexed prefix and invalidate changed answers, including surrogate and combining seams (439.979194ms)
2026-10-04T02:42:03.9053529Z ✔ unaffected line checkpoints relocate across earlier edits and joined or split lines never reuse wrong columns (2.194544ms)
2026-10-04T02:42:03.9055861Z ✔ model columns survive undo/redo, invalidate silent rollback, and retain shared read-only behavior (3.330338ms)
2026-10-04T02:42:03.9121647Z ✔ cancel, stale text and disposal reject promptly and release pending work (2.62001ms)
2026-10-04T02:42:03.9123224Z ✔ checkpoint, result, line and pending budgets are enforced without a document-length cutoff (5.375573ms)
2026-10-04T02:42:03.9272916Z ℹ tests 678
2026-10-04T02:42:03.9273307Z ℹ suites 0
2026-10-04T02:42:03.9273649Z ℹ pass 669
2026-10-04T02:42:03.9273947Z ℹ fail 0
2026-10-04T02:42:03.9274200Z ℹ cancelled 0
2026-10-04T02:42:03.9274423Z ℹ skipped 9
2026-10-04T02:42:03.9274627Z ℹ todo 0
2026-10-04T02:42:03.9274868Z ℹ duration_ms 35192.636134
2026-10-04T02:42:06.3929806Z Traceback (most recent call last):
2026-10-04T02:42:06.3931028Z   File "/home/runner/work/SharpForge/SharpForge/tests/browser_a19_docking_test.py", line 11, in <module>
2026-10-04T02:42:06.3932380Z     wait_condition(page, lambda: page.evaluate('window.dockingDemo !== undefined'))
2026-10-04T02:42:06.3933697Z   File "/home/runner/work/SharpForge/SharpForge/tests/browser_harness.py", line 96, in wait_condition
2026-10-04T02:42:06.3934661Z     if not predicate.lstrip().startswith('async'):
2026-10-04T02:42:06.3935197Z            ^^^^^^^^^^^^^^^^
2026-10-04T02:42:06.3935776Z AttributeError: 'function' object has no attribute 'lstrip'
2026-10-04T02:42:06.4581031Z Qualification failed (1): python tests/conformance/browser/run_suite.py workbench-docking --timeout 1200
2026-10-04T02:42:06.4645960Z ##[error]Process completed with exit code 1.
2026-10-04T02:42:06.4700252Z ##[group]Run import json
2026-10-04T02:42:06.4700555Z [36;1mimport json[0m
2026-10-04T02:42:06.4700765Z [36;1mimport os[0m
2026-10-04T02:42:06.4700983Z [36;1mfrom pathlib import Path[0m
2026-10-04T02:42:06.4701315Z [36;1moutput = Path(os.environ['SHARPFORGE_RESULTS_DIR'])[0m
2026-10-04T02:42:06.4701697Z [36;1moutput.mkdir(parents=True, exist_ok=True)[0m
2026-10-04T02:42:06.4702046Z [36;1m(output / 'source.json').write_text(json.dumps({[0m
2026-10-04T02:42:06.4702421Z [36;1m    'sourceSha': os.environ['QUALIFICATION_SOURCE_SHA'],[0m
2026-10-04T02:42:06.4702823Z [36;1m    'sourceTree': os.environ['QUALIFICATION_SOURCE_TREE'],[0m
2026-10-04T02:42:06.4703240Z [36;1m    'trigger': os.environ['QUALIFICATION_TRIGGER_EVENT'],[0m
2026-10-04T02:42:06.4703627Z [36;1m    'triggerRef': os.environ['QUALIFICATION_TRIGGER_REF'],[0m
2026-10-04T02:42:06.4704063Z [36;1m    'triggerNonce': os.environ['QUALIFICATION_TRIGGER_NONCE'] or None,[0m
2026-10-04T02:42:06.4704560Z [36;1m    'captureOnly': os.environ['QUALIFICATION_CAPTURE_ONLY'] == 'true',[0m
2026-10-04T02:42:06.4704973Z [36;1m    'workflowRunId': os.environ['GITHUB_RUN_ID'],[0m
2026-10-04T02:42:06.4705314Z [36;1m    'stage': os.environ['QUALIFICATION_STAGE'],[0m
2026-10-04T02:42:06.4705668Z [36;1m    'engine': os.environ['SHARPFORGE_BROWSER_ENGINE'],[0m
2026-10-04T02:42:06.4706006Z [36;1m    'runner': os.environ['RUNNER_OS'],[0m
2026-10-04T02:42:06.4706633Z [36;1m    'runnerLabel': os.environ['QUALIFICATION_RUNNER'],[0m
2026-10-04T02:42:06.4707075Z [36;1m    'editorBaseline': os.environ['SHARPFORGE_EDITOR_BASELINE'] or None,[0m
2026-10-04T02:42:06.4707583Z [36;1m    'workbenchBaseline': os.environ['SHARPFORGE_WORKBENCH_BASELINE'] or None,[0m
2026-10-04T02:42:06.4708182Z [36;1m}, indent=2) + '\n', encoding='utf8')[0m
2026-10-04T02:42:06.4710021Z shell: /opt/hostedtoolcache/Python/3.12.14/x64/bin/python {0}
2026-10-04T02:42:06.4710350Z env:
2026-10-04T02:42:06.4710588Z   SHARPFORGE_RESULTS_DIR: artifacts/results/project16
2026-10-04T02:42:06.4710903Z   QUALIFICATION_TRIGGER_EVENT: create
2026-10-04T02:42:06.4711352Z   QUALIFICATION_TRIGGER_REF: refs/heads/codex/project16/qualify-ubuntu-chromium-all-20261004-a2
2026-10-04T02:42:06.4711825Z   QUALIFICATION_TRIGGER_NONCE: 20261004-a2
2026-10-04T02:42:06.4712166Z   QUALIFICATION_SOURCE_SHA: e990e9342678117090a48516ec736d92104be4b2
2026-10-04T02:42:06.4712606Z   QUALIFICATION_SOURCE_TREE: 36c33c1974b2429edc1798637673d548c822124d
2026-10-04T02:42:06.4712972Z   QUALIFICATION_RUNNER: ubuntu-latest
2026-10-04T02:42:06.4713233Z   QUALIFICATION_STAGE: all
2026-10-04T02:42:06.4713468Z   QUALIFICATION_CAPTURE_ONLY: true
2026-10-04T02:42:06.4713726Z   SHARPFORGE_BROWSER_ENGINE: chromium
2026-10-04T02:42:06.4713982Z   SHARPFORGE_EDITOR_BASELINE: 
2026-10-04T02:42:06.4714222Z   SHARPFORGE_WORKBENCH_BASELINE: 
2026-10-04T02:42:06.4714530Z   pythonLocation: /opt/hostedtoolcache/Python/3.12.14/x64
2026-10-04T02:42:06.4714944Z   PKG_CONFIG_PATH: /opt/hostedtoolcache/Python/3.12.14/x64/lib/pkgconfig
2026-10-04T02:42:06.4715362Z   Python_ROOT_DIR: /opt/hostedtoolcache/Python/3.12.14/x64
2026-10-04T02:42:06.4715733Z   Python2_ROOT_DIR: /opt/hostedtoolcache/Python/3.12.14/x64
2026-10-04T02:42:06.4716105Z   Python3_ROOT_DIR: /opt/hostedtoolcache/Python/3.12.14/x64
2026-10-04T02:42:06.4716742Z   LD_LIBRARY_PATH: /opt/hostedtoolcache/Python/3.12.14/x64/lib
2026-10-04T02:42:06.4717373Z   SHARPFORGE_PLAYWRIGHT_MODULE: /opt/hostedtoolcache/Python/3.12.14/x64/lib/python3.12/site-packages/playwright/driver/package
2026-10-04T02:42:06.4717921Z ##[endgroup]
2026-10-04T02:42:06.5055864Z ##[group]Run actions/upload-artifact@ea165f8d65b6e75b540449e92b4886f43607fa02
2026-10-04T02:42:06.5056582Z with:
2026-10-04T02:42:06.5056845Z   name: project16-ubuntu-latest-chromium-all
2026-10-04T02:42:06.5057147Z   path: artifacts/results/project16/
2026-10-04T02:42:06.5057412Z   if-no-files-found: error
2026-10-04T02:42:06.5057637Z   compression-level: 6
2026-10-04T02:42:06.5057843Z   overwrite: false
2026-10-04T02:42:06.5058049Z   include-hidden-files: false
2026-10-04T02:42:06.5058269Z env:
2026-10-04T02:42:06.5058487Z   SHARPFORGE_RESULTS_DIR: artifacts/results/project16
2026-10-04T02:42:06.5058800Z   QUALIFICATION_TRIGGER_EVENT: create
2026-10-04T02:42:06.5059248Z   QUALIFICATION_TRIGGER_REF: refs/heads/codex/project16/qualify-ubuntu-chromium-all-20261004-a2
2026-10-04T02:42:06.5059727Z   QUALIFICATION_TRIGGER_NONCE: 20261004-a2
2026-10-04T02:42:06.5060073Z   QUALIFICATION_SOURCE_SHA: e990e9342678117090a48516ec736d92104be4b2
2026-10-04T02:42:06.5060523Z   QUALIFICATION_SOURCE_TREE: 36c33c1974b2429edc1798637673d548c822124d
2026-10-04T02:42:06.5060880Z   QUALIFICATION_RUNNER: ubuntu-latest
2026-10-04T02:42:06.5061139Z   QUALIFICATION_STAGE: all
2026-10-04T02:42:06.5061372Z   QUALIFICATION_CAPTURE_ONLY: true
2026-10-04T02:42:06.5061629Z   SHARPFORGE_BROWSER_ENGINE: chromium
2026-10-04T02:42:06.5061880Z   SHARPFORGE_EDITOR_BASELINE: 
2026-10-04T02:42:06.5062124Z   SHARPFORGE_WORKBENCH_BASELINE: 
2026-10-04T02:42:06.5062427Z   pythonLocation: /opt/hostedtoolcache/Python/3.12.14/x64
2026-10-04T02:42:06.5062842Z   PKG_CONFIG_PATH: /opt/hostedtoolcache/Python/3.12.14/x64/lib/pkgconfig
2026-10-04T02:42:06.5063249Z   Python_ROOT_DIR: /opt/hostedtoolcache/Python/3.12.14/x64
2026-10-04T02:42:06.5063623Z   Python2_ROOT_DIR: /opt/hostedtoolcache/Python/3.12.14/x64
2026-10-04T02:42:06.5064016Z   Python3_ROOT_DIR: /opt/hostedtoolcache/Python/3.12.14/x64
2026-10-04T02:42:06.5064392Z   LD_LIBRARY_PATH: /opt/hostedtoolcache/Python/3.12.14/x64/lib
2026-10-04T02:42:06.5065009Z   SHARPFORGE_PLAYWRIGHT_MODULE: /opt/hostedtoolcache/Python/3.12.14/x64/lib/python3.12/site-packages/playwright/driver/package
2026-10-04T02:42:06.5065737Z ##[endgroup]
2026-10-04T02:42:06.6723471Z (node:4466) [DEP0040] DeprecationWarning: The `punycode` module is deprecated. Please use a userland alternative instead.
2026-10-04T02:42:06.6725179Z (Use `node --trace-deprecation ...` to show where the warning was created)
2026-10-04T02:42:06.6801902Z With the provided path, there will be 6 files uploaded
2026-10-04T02:42:06.6805888Z Artifact name is valid!
2026-10-04T02:42:06.6807342Z Root directory input is valid!
2026-10-04T02:42:06.9185827Z Beginning upload of artifact content to blob storage
2026-10-04T02:42:06.9494621Z (node:4466) [DEP0169] DeprecationWarning: `url.parse()` behavior is not standardized and prone to errors that have security implications. Use the WHATWG URL API instead. CVEs are not issued for `url.parse()` vulnerabilities.
2026-10-04T02:42:07.1219226Z Uploaded bytes 74410
2026-10-04T02:42:07.1602202Z Finished uploading artifact content to blob storage!
2026-10-04T02:42:07.1603477Z SHA256 digest of uploaded artifact zip is 08dfddfe17b2d4a02bd03aff172699ad972b6d6f8d371d4cc452e86ff19ac61f
2026-10-04T02:42:07.1604608Z Finalizing artifact upload
2026-10-04T02:42:07.3969502Z Artifact project16-ubuntu-latest-chromium-all.zip successfully finalized. Artifact ID 11290869652
2026-10-04T02:42:07.3971789Z Artifact project16-ubuntu-latest-chromium-all has been successfully uploaded! Final size is 74410 bytes. Artifact ID is 11290869652
2026-10-04T02:42:07.3976822Z Artifact download URL: https://github.com/wieslawsoltes/SharpForge/actions/runs/37171747249/artifacts/11290869652
2026-10-04T02:42:07.4171500Z Post job cleanup.
2026-10-04T02:42:07.5006052Z [command]/usr/bin/git version
2026-10-04T02:42:07.5076969Z git version 2.55.0
2026-10-04T02:42:07.5122702Z Temporarily overriding HOME='/home/runner/work/_temp/9ff30e72-dcf2-481e-9218-6aec0885849f' before making global git config changes
2026-10-04T02:42:07.5124066Z Adding repository directory to the temporary git global config as a safe directory
2026-10-04T02:42:07.5128523Z [command]/usr/bin/git config --global --add safe.directory /home/runner/work/SharpForge/SharpForge
2026-10-04T02:42:07.5159910Z Removing SSH command configuration
2026-10-04T02:42:07.5166385Z [command]/usr/bin/git config --local --name-only --get-regexp core\.sshCommand
2026-10-04T02:42:07.5202631Z [command]/usr/bin/git submodule foreach --recursive sh -c "git config --local --name-only --get-regexp 'core\.sshCommand' && git config --local --unset-all 'core.sshCommand' || :"
2026-10-04T02:42:07.5443272Z Removing HTTP extra header
2026-10-04T02:42:07.5448609Z [command]/usr/bin/git config --local --name-only --get-regexp http\.https\:\/\/github\.com\/\.extraheader
2026-10-04T02:42:07.5481446Z [command]/usr/bin/git submodule foreach --recursive sh -c "git config --local --name-only --get-regexp 'http\.https\:\/\/github\.com\/\.extraheader' && git config --local --unset-all 'http.https://github.com/.extraheader' || :"
2026-10-04T02:42:07.5715683Z Removing includeIf entries pointing to credentials config files
2026-10-04T02:42:07.5722070Z [command]/usr/bin/git config --local --name-only --get-regexp ^includeIf\.gitdir:
2026-10-04T02:42:07.5755360Z includeif.gitdir:/home/runner/work/SharpForge/SharpForge/.git.path
2026-10-04T02:42:07.5757029Z includeif.gitdir:/home/runner/work/SharpForge/SharpForge/.git/worktrees/*.path
2026-10-04T02:42:07.5758207Z includeif.gitdir:/github/workspace/.git.path
2026-10-04T02:42:07.5759212Z includeif.gitdir:/github/workspace/.git/worktrees/*.path
2026-10-04T02:42:07.5766627Z [command]/usr/bin/git config --local --get-all includeif.gitdir:/home/runner/work/SharpForge/SharpForge/.git.path
2026-10-04T02:42:07.5789528Z /home/runner/work/_temp/git-credentials-e6e5fce0-3d46-423e-ae8d-eb578e75e30c.config
2026-10-04T02:42:07.5799424Z [command]/usr/bin/git config --local --unset includeif.gitdir:/home/runner/work/SharpForge/SharpForge/.git.path \/home\/runner\/work\/_temp\/git\-credentials\-e6e5fce0\-3d46\-423e\-ae8d\-eb578e75e30c\.config
2026-10-04T02:42:07.5835961Z [command]/usr/bin/git config --local --get-all includeif.gitdir:/home/runner/work/SharpForge/SharpForge/.git/worktrees/*.path
2026-10-04T02:42:07.5859916Z /home/runner/work/_temp/git-credentials-e6e5fce0-3d46-423e-ae8d-eb578e75e30c.config
2026-10-04T02:42:07.5868055Z [command]/usr/bin/git config --local --unset includeif.gitdir:/home/runner/work/SharpForge/SharpForge/.git/worktrees/*.path \/home\/runner\/work\/_temp\/git\-credentials\-e6e5fce0\-3d46\-423e\-ae8d\-eb578e75e30c\.config
2026-10-04T02:42:07.5900322Z [command]/usr/bin/git config --local --get-all includeif.gitdir:/github/workspace/.git.path
2026-10-04T02:42:07.5921365Z /github/runner_temp/git-credentials-e6e5fce0-3d46-423e-ae8d-eb578e75e30c.config
2026-10-04T02:42:07.5928764Z [command]/usr/bin/git config --local --unset includeif.gitdir:/github/workspace/.git.path \/github\/runner_temp\/git\-credentials\-e6e5fce0\-3d46\-423e\-ae8d\-eb578e75e30c\.config
2026-10-04T02:42:07.5960893Z [command]/usr/bin/git config --local --get-all includeif.gitdir:/github/workspace/.git/worktrees/*.path
2026-10-04T02:42:07.5982748Z /github/runner_temp/git-credentials-e6e5fce0-3d46-423e-ae8d-eb578e75e30c.config
2026-10-04T02:42:07.5991205Z [command]/usr/bin/git config --local --unset includeif.gitdir:/github/workspace/.git/worktrees/*.path \/github\/runner_temp\/git\-credentials\-e6e5fce0\-3d46\-423e\-ae8d\-eb578e75e30c\.config
2026-10-04T02:42:07.6024865Z [command]/usr/bin/git submodule foreach --recursive git config --local --show-origin --name-only --get-regexp remote.origin.url
2026-10-04T02:42:07.6278963Z Removing credentials config '/home/runner/work/_temp/git-credentials-e6e5fce0-3d46-423e-ae8d-eb578e75e30c.config'
2026-10-04T02:42:07.6439722Z Cleaning up orphan processes
2026-10-04T02:42:07.6746684Z ##[warning]Node.js 20 is deprecated. The following actions target Node.js 20 but are being forced to run on Node.js 24: actions/setup-node@49933ea5288caeca8642d1e84afbd3f7d6820020, actions/upload-artifact@ea165f8d65b6e75b540449e92b4886f43607fa02. For more information see: https://github.blog/changelog/2025-09-19-deprecation-of-node-20-on-github-actions-runners/
