2026-10-04T05:04:47.7478226Z Current runner version: '2.337.0'
2026-10-04T05:04:47.7503736Z ##[group]Runner Image Provisioner
2026-10-04T05:04:47.7504675Z Hosted Compute Agent
2026-10-04T05:04:47.7505257Z Version: 20260901.588
2026-10-04T05:04:47.7505969Z Commit: f88ec8081b781fac6c440065ac7ff9e710ce3d0b
2026-10-04T05:04:47.7506763Z Build Date: 2026-09-01T19:56:44Z
2026-10-04T05:04:47.7507432Z Worker ID: {4048e485-c704-40dc-873d-be1000d80821}
2026-10-04T05:04:47.7508197Z Azure Region: eastus
2026-10-04T05:04:47.7509212Z ##[endgroup]
2026-10-04T05:04:47.7510917Z ##[group]Operating System
2026-10-04T05:04:47.7511590Z Ubuntu
2026-10-04T05:04:47.7512110Z 24.04.5
2026-10-04T05:04:47.7512666Z LTS
2026-10-04T05:04:47.7513183Z ##[endgroup]
2026-10-04T05:04:47.7513753Z ##[group]Runner Image
2026-10-04T05:04:47.7514447Z Image: ubuntu-24.04
2026-10-04T05:04:47.7515014Z Version: 20260927.320.1
2026-10-04T05:04:47.7516695Z Included Software: https://github.com/actions/runner-images/blob/ubuntu24/20260927.320/images/ubuntu/Ubuntu2404-Readme.md
2026-10-04T05:04:47.7518435Z Image Release: https://github.com/actions/runner-images/releases/tag/ubuntu24%2F20260927.320
2026-10-04T05:04:47.7519809Z ##[endgroup]
2026-10-04T05:04:47.7520984Z ##[group]GITHUB_TOKEN Permissions
2026-10-04T05:04:47.7523233Z Contents: read
2026-10-04T05:04:47.7523860Z Metadata: read
2026-10-04T05:04:47.7524514Z ##[endgroup]
2026-10-04T05:04:47.7526665Z Secret source: Actions
2026-10-04T05:04:47.7527652Z Cache mode: write
2026-10-04T05:04:47.7528854Z Prepare workflow directory
2026-10-04T05:04:47.7925222Z Prepare all required actions
2026-10-04T05:04:47.7974544Z Getting action download info
2026-10-04T05:04:48.0324513Z Download action repository 'actions/checkout@3d3c42e5aac5ba805825da76410c181273ba90b1' (SHA:3d3c42e5aac5ba805825da76410c181273ba90b1)
2026-10-04T05:04:48.1347199Z Download action repository 'actions/setup-node@49933ea5288caeca8642d1e84afbd3f7d6820020' (SHA:49933ea5288caeca8642d1e84afbd3f7d6820020)
2026-10-04T05:04:48.2293689Z Download action repository 'actions/setup-python@5fda3b95a4ea91299a34e894583c3862153e4b97' (SHA:5fda3b95a4ea91299a34e894583c3862153e4b97)
2026-10-04T05:04:48.3508024Z Download action repository 'actions/upload-artifact@ea165f8d65b6e75b540449e92b4886f43607fa02' (SHA:ea165f8d65b6e75b540449e92b4886f43607fa02)
2026-10-04T05:04:48.5879443Z Complete job name: qualify
2026-10-04T05:04:48.6813811Z ##[group]Run actions/checkout@3d3c42e5aac5ba805825da76410c181273ba90b1
2026-10-04T05:04:48.6815454Z with:
2026-10-04T05:04:48.6816228Z   ref: c13aa0fd9d27df28b3708bb83d914a04c20a5c7c
2026-10-04T05:04:48.6817290Z   repository: wieslawsoltes/SharpForge
2026-10-04T05:04:48.6825505Z   token: ***
2026-10-04T05:04:48.6826216Z   ssh-strict: true
2026-10-04T05:04:48.6826932Z   ssh-user: git
2026-10-04T05:04:48.6827662Z   persist-credentials: true
2026-10-04T05:04:48.6828456Z   clean: true
2026-10-04T05:04:48.6829323Z   sparse-checkout-cone-mode: true
2026-10-04T05:04:48.6830205Z   fetch-depth: 1
2026-10-04T05:04:48.6830912Z   fetch-tags: false
2026-10-04T05:04:48.6831636Z   show-progress: true
2026-10-04T05:04:48.6832401Z   lfs: false
2026-10-04T05:04:48.6833080Z   submodules: false
2026-10-04T05:04:48.6833826Z   set-safe-directory: true
2026-10-04T05:04:48.6834663Z   allow-unsafe-pr-checkout: false
2026-10-04T05:04:48.6835789Z env:
2026-10-04T05:04:48.6836648Z   SHARPFORGE_RESULTS_DIR: artifacts/results/project16
2026-10-04T05:04:48.6837700Z ##[endgroup]
2026-10-04T05:04:48.7953982Z Syncing repository: wieslawsoltes/SharpForge
2026-10-04T05:04:48.7957025Z ##[group]Getting Git version info
2026-10-04T05:04:48.7958416Z Working directory is '/home/runner/work/SharpForge/SharpForge'
2026-10-04T05:04:48.7960844Z [command]/usr/bin/git version
2026-10-04T05:04:48.8002937Z git version 2.55.0
2026-10-04T05:04:48.8025475Z ##[endgroup]
2026-10-04T05:04:48.8036747Z Temporarily overriding HOME='/home/runner/work/_temp/b02c92a7-fa8c-4260-9e26-8629d8b692c2' before making global git config changes
2026-10-04T05:04:48.8041409Z Adding repository directory to the temporary git global config as a safe directory
2026-10-04T05:04:48.8045316Z [command]/usr/bin/git config --global --add safe.directory /home/runner/work/SharpForge/SharpForge
2026-10-04T05:04:48.8096769Z Deleting the contents of '/home/runner/work/SharpForge/SharpForge'
2026-10-04T05:04:48.8100004Z ##[group]Determining repository object format
2026-10-04T05:04:48.8102677Z ##[endgroup]
2026-10-04T05:04:48.8104734Z ##[group]Initializing the repository
2026-10-04T05:04:48.8107397Z [command]/usr/bin/git init /home/runner/work/SharpForge/SharpForge
2026-10-04T05:04:48.8237433Z hint: Using 'master' as the name for the initial branch. This default branch name
2026-10-04T05:04:48.8240231Z hint: will change to "main" in Git 3.0. To configure the initial branch name
2026-10-04T05:04:48.8242712Z hint: to use in all of your new repositories, which will suppress this warning,
2026-10-04T05:04:48.8244520Z hint: call:
2026-10-04T05:04:48.8245827Z hint:
2026-10-04T05:04:48.8247404Z hint: 	git config --global init.defaultBranch <name>
2026-10-04T05:04:48.8249317Z hint:
2026-10-04T05:04:48.8251197Z hint: Names commonly chosen instead of 'master' are 'main', 'trunk' and
2026-10-04T05:04:48.8253780Z hint: 'development'. The just-created branch can be renamed via this command:
2026-10-04T05:04:48.8255538Z hint:
2026-10-04T05:04:48.8257038Z hint: 	git branch -m <name>
2026-10-04T05:04:48.8258848Z hint:
2026-10-04T05:04:48.8260819Z hint: Disable this message with "git config set advice.defaultBranchName false"
2026-10-04T05:04:48.8263429Z Initialized empty Git repository in /home/runner/work/SharpForge/SharpForge/.git/
2026-10-04T05:04:48.8268216Z [command]/usr/bin/git remote add origin https://github.com/wieslawsoltes/SharpForge
2026-10-04T05:04:48.8304416Z ##[endgroup]
2026-10-04T05:04:48.8305701Z ##[group]Disabling automatic garbage collection
2026-10-04T05:04:48.8307504Z [command]/usr/bin/git config --local gc.auto 0
2026-10-04T05:04:48.8340172Z ##[endgroup]
2026-10-04T05:04:48.8342413Z ##[group]Setting up auth
2026-10-04T05:04:48.8345846Z Removing SSH command configuration
2026-10-04T05:04:48.8357417Z [command]/usr/bin/git config --local --name-only --get-regexp core\.sshCommand
2026-10-04T05:04:48.8385744Z [command]/usr/bin/git submodule foreach --recursive sh -c "git config --local --name-only --get-regexp 'core\.sshCommand' && git config --local --unset-all 'core.sshCommand' || :"
2026-10-04T05:04:48.8758079Z Removing HTTP extra header
2026-10-04T05:04:48.8764276Z [command]/usr/bin/git config --local --name-only --get-regexp http\.https\:\/\/github\.com\/\.extraheader
2026-10-04T05:04:48.8797035Z [command]/usr/bin/git submodule foreach --recursive sh -c "git config --local --name-only --get-regexp 'http\.https\:\/\/github\.com\/\.extraheader' && git config --local --unset-all 'http.https://github.com/.extraheader' || :"
2026-10-04T05:04:48.9014284Z Removing includeIf entries pointing to credentials config files
2026-10-04T05:04:48.9019889Z [command]/usr/bin/git config --local --name-only --get-regexp ^includeIf\.gitdir:
2026-10-04T05:04:48.9053633Z [command]/usr/bin/git submodule foreach --recursive git config --local --show-origin --name-only --get-regexp remote.origin.url
2026-10-04T05:04:48.9282395Z [command]/usr/bin/git config --file /home/runner/work/_temp/git-credentials-5047a0bf-6444-4714-a30a-5854c67d7790.config http.https://github.com/.extraheader AUTHORIZATION: basic ***
2026-10-04T05:04:48.9317957Z [command]/usr/bin/git config --local includeIf.gitdir:/home/runner/work/SharpForge/SharpForge/.git.path /home/runner/work/_temp/git-credentials-5047a0bf-6444-4714-a30a-5854c67d7790.config
2026-10-04T05:04:48.9418286Z [command]/usr/bin/git config --local includeIf.gitdir:/home/runner/work/SharpForge/SharpForge/.git/worktrees/*.path /home/runner/work/_temp/git-credentials-5047a0bf-6444-4714-a30a-5854c67d7790.config
2026-10-04T05:04:48.9428212Z [command]/usr/bin/git config --local includeIf.gitdir:/github/workspace/.git.path /github/runner_temp/git-credentials-5047a0bf-6444-4714-a30a-5854c67d7790.config
2026-10-04T05:04:48.9438163Z [command]/usr/bin/git config --local includeIf.gitdir:/github/workspace/.git/worktrees/*.path /github/runner_temp/git-credentials-5047a0bf-6444-4714-a30a-5854c67d7790.config
2026-10-04T05:04:48.9450724Z ##[endgroup]
2026-10-04T05:04:48.9451913Z ##[group]Fetching the repository
2026-10-04T05:04:48.9459326Z [command]/usr/bin/git -c protocol.version=2 fetch --no-tags --prune --no-recurse-submodules --depth=1 origin c13aa0fd9d27df28b3708bb83d914a04c20a5c7c
2026-10-04T05:04:51.3050889Z From https://github.com/wieslawsoltes/SharpForge
2026-10-04T05:04:51.3053310Z  * branch            c13aa0fd9d27df28b3708bb83d914a04c20a5c7c -> FETCH_HEAD
2026-10-04T05:04:51.3060938Z [command]/usr/bin/git rev-parse --verify --quiet c13aa0fd9d27df28b3708bb83d914a04c20a5c7c^{object}
2026-10-04T05:04:51.3085892Z c13aa0fd9d27df28b3708bb83d914a04c20a5c7c
2026-10-04T05:04:51.3091743Z ##[endgroup]
2026-10-04T05:04:51.3093303Z ##[group]Determining the checkout info
2026-10-04T05:04:51.3094825Z ##[endgroup]
2026-10-04T05:04:51.3096669Z [command]/usr/bin/git sparse-checkout disable
2026-10-04T05:04:51.3148425Z [command]/usr/bin/git config --local --unset-all extensions.worktreeConfig
2026-10-04T05:04:51.3175215Z ##[group]Checking out the ref
2026-10-04T05:04:51.3178286Z [command]/usr/bin/git checkout --progress --force c13aa0fd9d27df28b3708bb83d914a04c20a5c7c
2026-10-04T05:04:52.1888272Z Note: switching to 'c13aa0fd9d27df28b3708bb83d914a04c20a5c7c'.
2026-10-04T05:04:52.1889234Z 
2026-10-04T05:04:52.1889574Z You are in 'detached HEAD' state. You can look around, make experimental
2026-10-04T05:04:52.1890322Z changes and commit them, and you can discard any commits you make in this
2026-10-04T05:04:52.1891008Z state without impacting any branches by switching back to a branch.
2026-10-04T05:04:52.1891410Z 
2026-10-04T05:04:52.1891671Z If you want to create a new branch to retain commits you create, you may
2026-10-04T05:04:52.1892171Z do so (now or later) by using -c with the switch command. Example:
2026-10-04T05:04:52.1893146Z 
2026-10-04T05:04:52.1893271Z   git switch -c <new-branch-name>
2026-10-04T05:04:52.1893529Z 
2026-10-04T05:04:52.1893649Z Or undo this operation with:
2026-10-04T05:04:52.1893847Z 
2026-10-04T05:04:52.1893950Z   git switch -
2026-10-04T05:04:52.1894086Z 
2026-10-04T05:04:52.1894333Z Turn off this advice by setting config variable advice.detachedHead to false
2026-10-04T05:04:52.1895018Z 
2026-10-04T05:04:52.1895358Z HEAD is now at c13aa0f Merge pull request #4297 from wieslawsoltes/codex/project16/09-hosted-followup
2026-10-04T05:04:52.1931824Z ##[endgroup]
2026-10-04T05:04:52.1977877Z [command]/usr/bin/git log -1 --format=%H
2026-10-04T05:04:52.2002485Z c13aa0fd9d27df28b3708bb83d914a04c20a5c7c
2026-10-04T05:04:52.2283855Z ##[group]Run actions/setup-node@49933ea5288caeca8642d1e84afbd3f7d6820020
2026-10-04T05:04:52.2284304Z with:
2026-10-04T05:04:52.2284522Z   node-version: 24
2026-10-04T05:04:52.2284954Z   always-auth: false
2026-10-04T05:04:52.2285189Z   check-latest: false
2026-10-04T05:04:52.2287828Z   token: ***
2026-10-04T05:04:52.2288044Z env:
2026-10-04T05:04:52.2288317Z   SHARPFORGE_RESULTS_DIR: artifacts/results/project16
2026-10-04T05:04:52.2288787Z ##[endgroup]
2026-10-04T05:04:52.3790394Z Found in cache @ /opt/hostedtoolcache/node/24.21.0/x64
2026-10-04T05:04:52.3795116Z (node:2309) [DEP0040] DeprecationWarning: The `punycode` module is deprecated. Please use a userland alternative instead.
2026-10-04T05:04:52.3796026Z (Use `node --trace-deprecation ...` to show where the warning was created)
2026-10-04T05:04:52.3798362Z ##[group]Environment details
2026-10-04T05:04:52.8163759Z node: v24.21.0
2026-10-04T05:04:52.8164052Z npm: 11.19.0
2026-10-04T05:04:52.8164257Z yarn: 1.22.22
2026-10-04T05:04:52.8165514Z ##[endgroup]
2026-10-04T05:04:52.8290647Z ##[group]Run node scripts/project16-trigger.js
2026-10-04T05:04:52.8291098Z [36;1mnode scripts/project16-trigger.js[0m
2026-10-04T05:04:52.8595039Z shell: /usr/bin/bash -e {0}
2026-10-04T05:04:52.8595340Z env:
2026-10-04T05:04:52.8595626Z   SHARPFORGE_RESULTS_DIR: artifacts/results/project16
2026-10-04T05:04:52.8596196Z ##[endgroup]
2026-10-04T05:04:52.9101114Z Resolved create: ubuntu-latest/chromium/all at c13aa0fd9d27df28b3708bb83d914a04c20a5c7c
2026-10-04T05:04:52.9229667Z ##[group]Run actions/setup-python@5fda3b95a4ea91299a34e894583c3862153e4b97
2026-10-04T05:04:52.9230097Z with:
2026-10-04T05:04:52.9230296Z   python-version: 3.12
2026-10-04T05:04:52.9230522Z   check-latest: false
2026-10-04T05:04:52.9232873Z   token: ***
2026-10-04T05:04:52.9233089Z   update-environment: true
2026-10-04T05:04:52.9233327Z   allow-prereleases: false
2026-10-04T05:04:52.9233550Z   freethreaded: false
2026-10-04T05:04:52.9233752Z env:
2026-10-04T05:04:52.9233976Z   SHARPFORGE_RESULTS_DIR: artifacts/results/project16
2026-10-04T05:04:52.9234299Z   QUALIFICATION_TRIGGER_EVENT: create
2026-10-04T05:04:52.9234751Z   QUALIFICATION_TRIGGER_REF: refs/heads/codex/project16/qualify-ubuntu-chromium-all-20261004-a5
2026-10-04T05:04:52.9235233Z   QUALIFICATION_TRIGGER_NONCE: 20261004-a5
2026-10-04T05:04:52.9235599Z   QUALIFICATION_SOURCE_SHA: c13aa0fd9d27df28b3708bb83d914a04c20a5c7c
2026-10-04T05:04:52.9236078Z   QUALIFICATION_SOURCE_TREE: 29023ed8b962b6d91671bdb0c0359d905ef2659e
2026-10-04T05:04:52.9236446Z   QUALIFICATION_RUNNER: ubuntu-latest
2026-10-04T05:04:52.9236702Z   QUALIFICATION_STAGE: all
2026-10-04T05:04:52.9236940Z   QUALIFICATION_CAPTURE_ONLY: true
2026-10-04T05:04:52.9237203Z   SHARPFORGE_BROWSER_ENGINE: chromium
2026-10-04T05:04:52.9237461Z   SHARPFORGE_EDITOR_BASELINE: 
2026-10-04T05:04:52.9237705Z   SHARPFORGE_WORKBENCH_BASELINE: 
2026-10-04T05:04:52.9237941Z ##[endgroup]
2026-10-04T05:04:53.0415323Z ##[group]Installed versions
2026-10-04T05:04:53.0498253Z Successfully set up CPython (3.12.14)
2026-10-04T05:04:53.0499355Z ##[endgroup]
2026-10-04T05:04:53.0595375Z ##[group]Run npm ci --ignore-scripts --no-audit --no-fund
2026-10-04T05:04:53.0595836Z [36;1mnpm ci --ignore-scripts --no-audit --no-fund[0m
2026-10-04T05:04:53.0673892Z shell: /usr/bin/bash -e {0}
2026-10-04T05:04:53.0674154Z env:
2026-10-04T05:04:53.0674409Z   SHARPFORGE_RESULTS_DIR: artifacts/results/project16
2026-10-04T05:04:53.0674766Z   QUALIFICATION_TRIGGER_EVENT: create
2026-10-04T05:04:53.0675242Z   QUALIFICATION_TRIGGER_REF: refs/heads/codex/project16/qualify-ubuntu-chromium-all-20261004-a5
2026-10-04T05:04:53.0675742Z   QUALIFICATION_TRIGGER_NONCE: 20261004-a5
2026-10-04T05:04:53.0676112Z   QUALIFICATION_SOURCE_SHA: c13aa0fd9d27df28b3708bb83d914a04c20a5c7c
2026-10-04T05:04:53.0676567Z   QUALIFICATION_SOURCE_TREE: 29023ed8b962b6d91671bdb0c0359d905ef2659e
2026-10-04T05:04:53.0676941Z   QUALIFICATION_RUNNER: ubuntu-latest
2026-10-04T05:04:53.0677216Z   QUALIFICATION_STAGE: all
2026-10-04T05:04:53.0677472Z   QUALIFICATION_CAPTURE_ONLY: true
2026-10-04T05:04:53.0677811Z   SHARPFORGE_BROWSER_ENGINE: chromium
2026-10-04T05:04:53.0678090Z   SHARPFORGE_EDITOR_BASELINE: 
2026-10-04T05:04:53.0678350Z   SHARPFORGE_WORKBENCH_BASELINE: 
2026-10-04T05:04:53.0678954Z   pythonLocation: /opt/hostedtoolcache/Python/3.12.14/x64
2026-10-04T05:04:53.0679426Z   PKG_CONFIG_PATH: /opt/hostedtoolcache/Python/3.12.14/x64/lib/pkgconfig
2026-10-04T05:04:53.0679876Z   Python_ROOT_DIR: /opt/hostedtoolcache/Python/3.12.14/x64
2026-10-04T05:04:53.0680286Z   Python2_ROOT_DIR: /opt/hostedtoolcache/Python/3.12.14/x64
2026-10-04T05:04:53.0680705Z   Python3_ROOT_DIR: /opt/hostedtoolcache/Python/3.12.14/x64
2026-10-04T05:04:53.0681114Z   LD_LIBRARY_PATH: /opt/hostedtoolcache/Python/3.12.14/x64/lib
2026-10-04T05:04:53.0681462Z ##[endgroup]
2026-10-04T05:04:53.8248800Z 
2026-10-04T05:04:53.8249920Z added 28 packages in 696ms
2026-10-04T05:04:53.8656673Z ##[group]Run npm run check
2026-10-04T05:04:53.8656985Z [36;1mnpm run check[0m
2026-10-04T05:04:53.8657213Z [36;1mnpm run build[0m
2026-10-04T05:04:53.8657450Z [36;1mnode scripts/standalone.js[0m
2026-10-04T05:04:53.8723563Z shell: /usr/bin/bash --noprofile --norc -e -o pipefail {0}
2026-10-04T05:04:53.8723907Z env:
2026-10-04T05:04:53.8724166Z   SHARPFORGE_RESULTS_DIR: artifacts/results/project16
2026-10-04T05:04:53.8724510Z   QUALIFICATION_TRIGGER_EVENT: create
2026-10-04T05:04:53.8725183Z   QUALIFICATION_TRIGGER_REF: refs/heads/codex/project16/qualify-ubuntu-chromium-all-20261004-a5
2026-10-04T05:04:53.8725675Z   QUALIFICATION_TRIGGER_NONCE: 20261004-a5
2026-10-04T05:04:53.8726041Z   QUALIFICATION_SOURCE_SHA: c13aa0fd9d27df28b3708bb83d914a04c20a5c7c
2026-10-04T05:04:53.8726480Z   QUALIFICATION_SOURCE_TREE: 29023ed8b962b6d91671bdb0c0359d905ef2659e
2026-10-04T05:04:53.8726839Z   QUALIFICATION_RUNNER: ubuntu-latest
2026-10-04T05:04:53.8727100Z   QUALIFICATION_STAGE: all
2026-10-04T05:04:53.8727385Z   QUALIFICATION_CAPTURE_ONLY: true
2026-10-04T05:04:53.8727643Z   SHARPFORGE_BROWSER_ENGINE: chromium
2026-10-04T05:04:53.8727902Z   SHARPFORGE_EDITOR_BASELINE: 
2026-10-04T05:04:53.8728145Z   SHARPFORGE_WORKBENCH_BASELINE: 
2026-10-04T05:04:53.8728457Z   pythonLocation: /opt/hostedtoolcache/Python/3.12.14/x64
2026-10-04T05:04:53.8729138Z   PKG_CONFIG_PATH: /opt/hostedtoolcache/Python/3.12.14/x64/lib/pkgconfig
2026-10-04T05:04:53.8729566Z   Python_ROOT_DIR: /opt/hostedtoolcache/Python/3.12.14/x64
2026-10-04T05:04:53.8729957Z   Python2_ROOT_DIR: /opt/hostedtoolcache/Python/3.12.14/x64
2026-10-04T05:04:53.8730338Z   Python3_ROOT_DIR: /opt/hostedtoolcache/Python/3.12.14/x64
2026-10-04T05:04:53.8730719Z   LD_LIBRARY_PATH: /opt/hostedtoolcache/Python/3.12.14/x64/lib
2026-10-04T05:04:53.8731038Z ##[endgroup]
2026-10-04T05:04:53.9758257Z 
2026-10-04T05:04:53.9759386Z > sharpforge@0.14.0 check
2026-10-04T05:04:53.9760128Z > node scripts/run.js check
2026-10-04T05:04:53.9760480Z 
2026-10-04T05:04:54.2620353Z {
2026-10-04T05:04:54.2620793Z   "areas": 30,
2026-10-04T05:04:54.2621217Z   "nodeFiles": 870,
2026-10-04T05:04:54.2621653Z   "browserScripts": 37,
2026-10-04T05:04:54.2622081Z   "unassigned": 0,
2026-10-04T05:04:54.2622806Z   "duplicate": 0
2026-10-04T05:04:54.2651845Z }
2026-10-04T05:04:55.7786290Z Checked 3339 JavaScript modules; 0 syntax errors.
2026-10-04T05:04:58.6832753Z {
2026-10-04T05:04:58.6833146Z   "passed": true,
2026-10-04T05:04:58.6833534Z   "inspected": 3335,
2026-10-04T05:04:58.6833963Z   "modules": 3335,
2026-10-04T05:04:58.6834306Z   "errors": []
2026-10-04T05:04:58.6834655Z }
2026-10-04T05:04:58.7994215Z 
2026-10-04T05:04:58.7995011Z > sharpforge@0.14.0 build
2026-10-04T05:04:58.7995395Z > node scripts/run.js build
2026-10-04T05:04:58.7995582Z 
2026-10-04T05:05:06.3134192Z Built dependency-free browser application in dist/
2026-10-04T05:05:08.1814773Z Built /home/runner/work/SharpForge/SharpForge/artifacts/SharpForge-standalone.html (16,106,722 bytes; 5 embedded worker graphs)
2026-10-04T05:05:08.2035422Z ##[group]Run python -m pip install --require-hashes --only-binary=:all: -r tests/requirements.txt
2026-10-04T05:05:08.2036162Z [36;1mpython -m pip install --require-hashes --only-binary=:all: -r tests/requirements.txt[0m
2026-10-04T05:05:08.2097938Z shell: /usr/bin/bash -e {0}
2026-10-04T05:05:08.2098190Z env:
2026-10-04T05:05:08.2098436Z   SHARPFORGE_RESULTS_DIR: artifacts/results/project16
2026-10-04T05:05:08.2099039Z   QUALIFICATION_TRIGGER_EVENT: create
2026-10-04T05:05:08.2099534Z   QUALIFICATION_TRIGGER_REF: refs/heads/codex/project16/qualify-ubuntu-chromium-all-20261004-a5
2026-10-04T05:05:08.2100017Z   QUALIFICATION_TRIGGER_NONCE: 20261004-a5
2026-10-04T05:05:08.2100378Z   QUALIFICATION_SOURCE_SHA: c13aa0fd9d27df28b3708bb83d914a04c20a5c7c
2026-10-04T05:05:08.2100831Z   QUALIFICATION_SOURCE_TREE: 29023ed8b962b6d91671bdb0c0359d905ef2659e
2026-10-04T05:05:08.2101202Z   QUALIFICATION_RUNNER: ubuntu-latest
2026-10-04T05:05:08.2101460Z   QUALIFICATION_STAGE: all
2026-10-04T05:05:08.2101746Z   QUALIFICATION_CAPTURE_ONLY: true
2026-10-04T05:05:08.2102007Z   SHARPFORGE_BROWSER_ENGINE: chromium
2026-10-04T05:05:08.2102266Z   SHARPFORGE_EDITOR_BASELINE: 
2026-10-04T05:05:08.2102508Z   SHARPFORGE_WORKBENCH_BASELINE: 
2026-10-04T05:05:08.2102822Z   pythonLocation: /opt/hostedtoolcache/Python/3.12.14/x64
2026-10-04T05:05:08.2103250Z   PKG_CONFIG_PATH: /opt/hostedtoolcache/Python/3.12.14/x64/lib/pkgconfig
2026-10-04T05:05:08.2103675Z   Python_ROOT_DIR: /opt/hostedtoolcache/Python/3.12.14/x64
2026-10-04T05:05:08.2104228Z   Python2_ROOT_DIR: /opt/hostedtoolcache/Python/3.12.14/x64
2026-10-04T05:05:08.2104606Z   Python3_ROOT_DIR: /opt/hostedtoolcache/Python/3.12.14/x64
2026-10-04T05:05:08.2104992Z   LD_LIBRARY_PATH: /opt/hostedtoolcache/Python/3.12.14/x64/lib
2026-10-04T05:05:08.2105309Z ##[endgroup]
2026-10-04T05:05:09.1581855Z Collecting attrs==26.1.0 (from -r tests/requirements.txt (line 3))
2026-10-04T05:05:09.2089481Z   Downloading attrs-26.1.0-py3-none-any.whl (67 kB)
2026-10-04T05:05:09.3929919Z Collecting greenlet==3.5.6 (from -r tests/requirements.txt (line 5))
2026-10-04T05:05:09.3975573Z   Downloading greenlet-3.5.6-cp312-cp312-manylinux_2_24_x86_64.manylinux_2_28_x86_64.whl (621 kB)
2026-10-04T05:05:09.4101391Z      ━━━━━━━━━━━━━━━━━━━━━━━━━━━━━━━━━━━━━━━━ 621.4/621.4 kB 61.8 MB/s  0:00:00
2026-10-04T05:05:09.4274104Z Collecting jsonschema==4.26.0 (from -r tests/requirements.txt (line 84))
2026-10-04T05:05:09.4323546Z   Downloading jsonschema-4.26.0-py3-none-any.whl (90 kB)
2026-10-04T05:05:09.4456160Z Collecting jsonschema-specifications==2025.9.1 (from -r tests/requirements.txt (line 86))
2026-10-04T05:05:09.4491409Z   Downloading jsonschema_specifications-2025.9.1-py3-none-any.whl (18 kB)
2026-10-04T05:05:09.4819889Z Collecting playwright==1.63.0 (from -r tests/requirements.txt (line 88))
2026-10-04T05:05:09.4861105Z   Downloading playwright-1.63.0-py3-none-manylinux1_x86_64.whl (48.2 MB)
2026-10-04T05:05:09.6584387Z      ━━━━━━━━━━━━━━━━━━━━━━━━━━━━━━━━━━━━━━━━ 48.2/48.2 MB 284.9 MB/s  0:00:00
2026-10-04T05:05:09.7055439Z Collecting pyee==13.0.1 (from -r tests/requirements.txt (line 97))
2026-10-04T05:05:09.7092165Z   Downloading pyee-13.0.1-py3-none-any.whl (15 kB)
2026-10-04T05:05:09.7441376Z Collecting PyYAML==6.0.3 (from -r tests/requirements.txt (line 99))
2026-10-04T05:05:09.7484282Z   Downloading pyyaml-6.0.3-cp312-cp312-manylinux2014_x86_64.manylinux_2_17_x86_64.manylinux_2_28_x86_64.whl (807 kB)
2026-10-04T05:05:09.7540096Z      ━━━━━━━━━━━━━━━━━━━━━━━━━━━━━━━━━━━━━━━━ 807.9/807.9 kB 165.8 MB/s  0:00:00
2026-10-04T05:05:09.7704348Z Collecting referencing==0.37.0 (from -r tests/requirements.txt (line 172))
2026-10-04T05:05:09.7739989Z   Downloading referencing-0.37.0-py3-none-any.whl (26 kB)
2026-10-04T05:05:10.0122824Z Collecting rpds-py==2026.6.3 (from -r tests/requirements.txt (line 174))
2026-10-04T05:05:10.0164649Z   Downloading rpds_py-2026.6.3-cp312-cp312-manylinux_2_17_x86_64.manylinux2014_x86_64.whl (366 kB)
2026-10-04T05:05:10.0324297Z Collecting typing_extensions==4.16.0 (from -r tests/requirements.txt (line 290))
2026-10-04T05:05:10.0360772Z   Downloading typing_extensions-4.16.0-py3-none-any.whl (45 kB)
2026-10-04T05:05:10.0929611Z Installing collected packages: typing_extensions, rpds-py, PyYAML, greenlet, attrs, referencing, pyee, playwright, jsonschema-specifications, jsonschema
2026-10-04T05:05:11.1699460Z 
2026-10-04T05:05:11.1716599Z Successfully installed PyYAML-6.0.3 attrs-26.1.0 greenlet-3.5.6 jsonschema-4.26.0 jsonschema-specifications-2025.9.1 playwright-1.63.0 pyee-13.0.1 referencing-0.37.0 rpds-py-2026.6.3 typing_extensions-4.16.0
2026-10-04T05:05:11.2308194Z ##[group]Run python -m playwright install --with-deps "$SHARPFORGE_BROWSER_ENGINE"
2026-10-04T05:05:11.2309102Z [36;1mpython -m playwright install --with-deps "$SHARPFORGE_BROWSER_ENGINE"[0m
2026-10-04T05:05:11.2370710Z shell: /usr/bin/bash --noprofile --norc -e -o pipefail {0}
2026-10-04T05:05:11.2371041Z env:
2026-10-04T05:05:11.2371279Z   SHARPFORGE_RESULTS_DIR: artifacts/results/project16
2026-10-04T05:05:11.2371615Z   QUALIFICATION_TRIGGER_EVENT: create
2026-10-04T05:05:11.2372076Z   QUALIFICATION_TRIGGER_REF: refs/heads/codex/project16/qualify-ubuntu-chromium-all-20261004-a5
2026-10-04T05:05:11.2372555Z   QUALIFICATION_TRIGGER_NONCE: 20261004-a5
2026-10-04T05:05:11.2372917Z   QUALIFICATION_SOURCE_SHA: c13aa0fd9d27df28b3708bb83d914a04c20a5c7c
2026-10-04T05:05:11.2373352Z   QUALIFICATION_SOURCE_TREE: 29023ed8b962b6d91671bdb0c0359d905ef2659e
2026-10-04T05:05:11.2373890Z   QUALIFICATION_RUNNER: ubuntu-latest
2026-10-04T05:05:11.2374147Z   QUALIFICATION_STAGE: all
2026-10-04T05:05:11.2374419Z   QUALIFICATION_CAPTURE_ONLY: true
2026-10-04T05:05:11.2374680Z   SHARPFORGE_BROWSER_ENGINE: chromium
2026-10-04T05:05:11.2374934Z   SHARPFORGE_EDITOR_BASELINE: 
2026-10-04T05:05:11.2375177Z   SHARPFORGE_WORKBENCH_BASELINE: 
2026-10-04T05:05:11.2375482Z   pythonLocation: /opt/hostedtoolcache/Python/3.12.14/x64
2026-10-04T05:05:11.2375899Z   PKG_CONFIG_PATH: /opt/hostedtoolcache/Python/3.12.14/x64/lib/pkgconfig
2026-10-04T05:05:11.2376323Z   Python_ROOT_DIR: /opt/hostedtoolcache/Python/3.12.14/x64
2026-10-04T05:05:11.2376707Z   Python2_ROOT_DIR: /opt/hostedtoolcache/Python/3.12.14/x64
2026-10-04T05:05:11.2377082Z   Python3_ROOT_DIR: /opt/hostedtoolcache/Python/3.12.14/x64
2026-10-04T05:05:11.2377459Z   LD_LIBRARY_PATH: /opt/hostedtoolcache/Python/3.12.14/x64/lib
2026-10-04T05:05:11.2377777Z ##[endgroup]
2026-10-04T05:05:11.6036982Z Installing dependencies...
2026-10-04T05:05:11.6106774Z Switching to root user to install dependencies...
2026-10-04T05:05:11.6881389Z Get:1 file:/etc/apt/apt-mirrors.txt Mirrorlist [144 B]
2026-10-04T05:05:11.7293518Z Hit:2 http://azure.archive.ubuntu.com/ubuntu noble InRelease
2026-10-04T05:05:11.7294979Z Get:6 https://packages.microsoft.com/ubuntu/24.04/prod noble InRelease [3600 B]
2026-10-04T05:05:11.7319777Z Get:3 http://azure.archive.ubuntu.com/ubuntu noble-updates InRelease [126 kB]
2026-10-04T05:05:11.7398040Z Get:4 http://azure.archive.ubuntu.com/ubuntu noble-backports InRelease [126 kB]
2026-10-04T05:05:11.7415604Z Get:5 http://azure.archive.ubuntu.com/ubuntu noble-security InRelease [126 kB]
2026-10-04T05:05:11.8553516Z Get:7 https://packages.microsoft.com/ubuntu/24.04/prod noble/main arm64 Packages [458 kB]
2026-10-04T05:05:11.8749639Z Get:8 https://packages.microsoft.com/ubuntu/24.04/prod noble/main amd64 Packages [511 kB]
2026-10-04T05:05:11.8842121Z Get:9 https://packages.microsoft.com/ubuntu/24.04/prod noble/main armhf Packages [12.6 kB]
2026-10-04T05:05:11.9057854Z Get:10 http://azure.archive.ubuntu.com/ubuntu noble-updates/main amd64 Packages [1364 kB]
2026-10-04T05:05:11.9140788Z Get:11 http://azure.archive.ubuntu.com/ubuntu noble-updates/main Translation-en [304 kB]
2026-10-04T05:05:11.9162888Z Get:12 http://azure.archive.ubuntu.com/ubuntu noble-updates/main amd64 Components [181 kB]
2026-10-04T05:05:11.9210426Z Get:13 http://azure.archive.ubuntu.com/ubuntu noble-updates/universe amd64 Packages [1699 kB]
2026-10-04T05:05:11.9335637Z Get:14 http://azure.archive.ubuntu.com/ubuntu noble-updates/universe Translation-en [341 kB]
2026-10-04T05:05:11.9340520Z Get:15 http://azure.archive.ubuntu.com/ubuntu noble-updates/universe amd64 Components [388 kB]
2026-10-04T05:05:11.9346391Z Get:16 http://azure.archive.ubuntu.com/ubuntu noble-updates/restricted amd64 Packages [1720 kB]
2026-10-04T05:05:11.9450230Z Get:17 http://azure.archive.ubuntu.com/ubuntu noble-updates/restricted Translation-en [394 kB]
2026-10-04T05:05:11.9467489Z Get:18 http://azure.archive.ubuntu.com/ubuntu noble-updates/multiverse amd64 Components [940 B]
2026-10-04T05:05:11.9702378Z Get:19 http://azure.archive.ubuntu.com/ubuntu noble-backports/main amd64 Components [5736 B]
2026-10-04T05:05:12.0110757Z Get:20 http://azure.archive.ubuntu.com/ubuntu noble-backports/universe amd64 Components [12.6 kB]
2026-10-04T05:05:12.0341079Z Get:21 http://azure.archive.ubuntu.com/ubuntu noble-security/main amd64 Packages [1069 kB]
2026-10-04T05:05:12.0390792Z Get:22 http://azure.archive.ubuntu.com/ubuntu noble-security/main Translation-en [221 kB]
2026-10-04T05:05:12.0415183Z Get:23 http://azure.archive.ubuntu.com/ubuntu noble-security/main amd64 Components [46.5 kB]
2026-10-04T05:05:12.0438997Z Get:24 http://azure.archive.ubuntu.com/ubuntu noble-security/universe amd64 Packages [1216 kB]
2026-10-04T05:05:12.0509984Z Get:25 http://azure.archive.ubuntu.com/ubuntu noble-security/universe Translation-en [244 kB]
2026-10-04T05:05:12.0532621Z Get:26 http://azure.archive.ubuntu.com/ubuntu noble-security/universe amd64 Components [76.3 kB]
2026-10-04T05:05:12.0552065Z Get:27 http://azure.archive.ubuntu.com/ubuntu noble-security/restricted amd64 Packages [1566 kB]
2026-10-04T05:05:12.0647147Z Get:28 http://azure.archive.ubuntu.com/ubuntu noble-security/restricted Translation-en [361 kB]
2026-10-04T05:05:16.3715136Z Fetched 12.6 MB in 1s (9194 kB/s)
2026-10-04T05:05:17.2411243Z Reading package lists...
2026-10-04T05:05:17.2671945Z Reading package lists...
2026-10-04T05:05:17.4563528Z Building dependency tree...
2026-10-04T05:05:17.4570940Z Reading state information...
2026-10-04T05:05:17.6025510Z libasound2t64 is already the newest version (1.2.11-1ubuntu0.3).
2026-10-04T05:05:17.6026628Z libasound2t64 set to manually installed.
2026-10-04T05:05:17.6027673Z libatk-bridge2.0-0t64 is already the newest version (2.52.0-1build1).
2026-10-04T05:05:17.6029374Z libatk-bridge2.0-0t64 set to manually installed.
2026-10-04T05:05:17.6030449Z libatk1.0-0t64 is already the newest version (2.52.0-1build1).
2026-10-04T05:05:17.6031375Z libatk1.0-0t64 set to manually installed.
2026-10-04T05:05:17.6032044Z libatspi2.0-0t64 is already the newest version (2.52.0-1build1).
2026-10-04T05:05:17.6032678Z libatspi2.0-0t64 set to manually installed.
2026-10-04T05:05:17.6033301Z libcairo2 is already the newest version (1.18.0-3build1).
2026-10-04T05:05:17.6033880Z libcairo2 set to manually installed.
2026-10-04T05:05:17.6034501Z libcups2t64 is already the newest version (2.4.7-1.2ubuntu7.14).
2026-10-04T05:05:17.6035102Z libcups2t64 set to manually installed.
2026-10-04T05:05:17.6035706Z libdbus-1-3 is already the newest version (1.14.10-4ubuntu4.1).
2026-10-04T05:05:17.6036229Z libdbus-1-3 set to manually installed.
2026-10-04T05:05:17.6036706Z libdrm2 is already the newest version (2.4.125-1ubuntu0.1~24.04.2).
2026-10-04T05:05:17.6037154Z libdrm2 set to manually installed.
2026-10-04T05:05:17.6037602Z libglib2.0-0t64 is already the newest version (2.80.0-6ubuntu3.9).
2026-10-04T05:05:17.6038058Z libglib2.0-0t64 set to manually installed.
2026-10-04T05:05:17.6038518Z libnspr4 is already the newest version (2:4.35-1.1build1).
2026-10-04T05:05:17.6039299Z libnspr4 set to manually installed.
2026-10-04T05:05:17.6039960Z libnss3 is already the newest version (2:3.98-1ubuntu0.2).
2026-10-04T05:05:17.6040455Z libnss3 set to manually installed.
2026-10-04T05:05:17.6040901Z libpango-1.0-0 is already the newest version (1.52.1+ds-1build1).
2026-10-04T05:05:17.6041351Z libpango-1.0-0 set to manually installed.
2026-10-04T05:05:17.6041786Z libx11-6 is already the newest version (2:1.8.7-1build1).
2026-10-04T05:05:17.6042195Z libx11-6 set to manually installed.
2026-10-04T05:05:17.6042599Z libxcb1 is already the newest version (1.15-1ubuntu2).
2026-10-04T05:05:17.6042995Z libxcb1 set to manually installed.
2026-10-04T05:05:17.6043440Z libxcomposite1 is already the newest version (1:0.4.5-1build3).
2026-10-04T05:05:17.6043893Z libxcomposite1 set to manually installed.
2026-10-04T05:05:17.6044347Z libxdamage1 is already the newest version (1:1.1.6-1build1).
2026-10-04T05:05:17.6044788Z libxdamage1 set to manually installed.
2026-10-04T05:05:17.6045554Z libxext6 is already the newest version (2:1.3.4-1build2).
2026-10-04T05:05:17.6045971Z libxext6 set to manually installed.
2026-10-04T05:05:17.6046397Z libxfixes3 is already the newest version (1:6.0.0-2build1).
2026-10-04T05:05:17.6046796Z libxfixes3 set to manually installed.
2026-10-04T05:05:17.6047214Z libxkbcommon0 is already the newest version (1.6.0-1build1).
2026-10-04T05:05:17.6047608Z libxkbcommon0 set to manually installed.
2026-10-04T05:05:17.6048003Z libxrandr2 is already the newest version (2:1.5.2-2build1).
2026-10-04T05:05:17.6048371Z libxrandr2 set to manually installed.
2026-10-04T05:05:17.6048890Z xvfb is already the newest version (2:21.1.12-1ubuntu1.8).
2026-10-04T05:05:17.6049420Z fonts-noto-color-emoji is already the newest version (2.047-0ubuntu0.24.04.1).
2026-10-04T05:05:17.6049990Z libfontconfig1 is already the newest version (2.15.0-1.1ubuntu2).
2026-10-04T05:05:17.6050407Z libfontconfig1 set to manually installed.
2026-10-04T05:05:17.6051000Z libfreetype6 is already the newest version (2.13.2+dfsg-1ubuntu0.1).
2026-10-04T05:05:17.6051424Z libfreetype6 set to manually installed.
2026-10-04T05:05:17.6051828Z fonts-liberation is already the newest version (1:2.1.5-3).
2026-10-04T05:05:17.6052237Z fonts-liberation set to manually installed.
2026-10-04T05:05:17.6052641Z The following additional packages will be installed:
2026-10-04T05:05:17.6053154Z   libgl1-mesa-dri libglx-mesa0 mesa-libgallium xfonts-encodings xfonts-utils
2026-10-04T05:05:17.6053578Z Recommended packages:
2026-10-04T05:05:17.6053847Z   fonts-ipafont-mincho fonts-tlwg-loma
2026-10-04T05:05:17.6234295Z The following NEW packages will be installed:
2026-10-04T05:05:17.6234955Z   fonts-freefont-ttf fonts-ipafont-gothic fonts-tlwg-loma-otf fonts-unifont
2026-10-04T05:05:17.6240943Z   fonts-wqy-zenhei xfonts-cyrillic xfonts-encodings xfonts-scalable
2026-10-04T05:05:17.6241590Z   xfonts-utils
2026-10-04T05:05:17.6245374Z The following packages will be upgraded:
2026-10-04T05:05:17.6250692Z   libgbm1 libgl1-mesa-dri libglx-mesa0 mesa-libgallium
2026-10-04T05:05:17.6418954Z 4 upgraded, 9 newly installed, 0 to remove and 21 not upgraded.
2026-10-04T05:05:17.6419696Z Need to get 32.1 MB of archives.
2026-10-04T05:05:17.6420413Z After this operation, 79.5 MB of additional disk space will be used.
2026-10-04T05:05:17.6421229Z Get:1 file:/etc/apt/apt-mirrors.txt Mirrorlist [144 B]
2026-10-04T05:05:17.7352236Z Get:2 http://azure.archive.ubuntu.com/ubuntu noble/universe amd64 fonts-ipafont-gothic all 00303-21ubuntu1 [3513 kB]
2026-10-04T05:05:18.1844064Z Get:3 http://azure.archive.ubuntu.com/ubuntu noble/main amd64 fonts-freefont-ttf all 20211204+svn4273-2 [5641 kB]
2026-10-04T05:05:18.3742410Z Get:4 http://azure.archive.ubuntu.com/ubuntu noble/universe amd64 fonts-tlwg-loma-otf all 1:0.7.3-1 [107 kB]
2026-10-04T05:05:18.4516766Z Get:5 http://azure.archive.ubuntu.com/ubuntu noble/universe amd64 fonts-unifont all 1:15.1.01-1build1 [2993 kB]
2026-10-04T05:05:18.5530675Z Get:6 http://azure.archive.ubuntu.com/ubuntu noble/universe amd64 fonts-wqy-zenhei all 0.9.45-8 [7472 kB]
2026-10-04T05:05:18.7906215Z Get:7 http://azure.archive.ubuntu.com/ubuntu noble-updates/main amd64 libgl1-mesa-dri amd64 25.2.8-0ubuntu0.24.04.4 [38.0 kB]
2026-10-04T05:05:18.8675147Z Get:8 http://azure.archive.ubuntu.com/ubuntu noble-updates/main amd64 libglx-mesa0 amd64 25.2.8-0ubuntu0.24.04.4 [110 kB]
2026-10-04T05:05:18.9487051Z Get:9 http://azure.archive.ubuntu.com/ubuntu noble-updates/main amd64 libgbm1 amd64 25.2.8-0ubuntu0.24.04.4 [34.2 kB]
2026-10-04T05:05:19.0258032Z Get:10 http://azure.archive.ubuntu.com/ubuntu noble-updates/main amd64 mesa-libgallium amd64 25.2.8-0ubuntu0.24.04.4 [10.8 MB]
2026-10-04T05:05:19.3619305Z Get:11 http://azure.archive.ubuntu.com/ubuntu noble/main amd64 xfonts-encodings all 1:1.0.5-0ubuntu2 [578 kB]
2026-10-04T05:05:19.4533938Z Get:12 http://azure.archive.ubuntu.com/ubuntu noble/main amd64 xfonts-utils amd64 1:7.7+6build3 [94.4 kB]
2026-10-04T05:05:19.5314129Z Get:13 http://azure.archive.ubuntu.com/ubuntu noble/universe amd64 xfonts-cyrillic all 1:1.0.5+nmu1 [384 kB]
2026-10-04T05:05:19.6218549Z Get:14 http://azure.archive.ubuntu.com/ubuntu noble/main amd64 xfonts-scalable all 1:1.0.3-1.3 [304 kB]
2026-10-04T05:05:19.8836821Z Fetched 32.1 MB in 2s (16.0 MB/s)
2026-10-04T05:05:19.9077666Z Selecting previously unselected package fonts-ipafont-gothic.
2026-10-04T05:05:19.9453536Z (Reading database ... 
2026-10-04T05:05:19.9453899Z (Reading database ... 5%
2026-10-04T05:05:19.9454471Z (Reading database ... 10%
2026-10-04T05:05:19.9454941Z (Reading database ... 15%
2026-10-04T05:05:19.9455381Z (Reading database ... 20%
2026-10-04T05:05:19.9455832Z (Reading database ... 25%
2026-10-04T05:05:19.9456271Z (Reading database ... 30%
2026-10-04T05:05:19.9456694Z (Reading database ... 35%
2026-10-04T05:05:19.9457120Z (Reading database ... 40%
2026-10-04T05:05:19.9457546Z (Reading database ... 45%
2026-10-04T05:05:19.9457973Z (Reading database ... 50%
2026-10-04T05:05:19.9507026Z (Reading database ... 55%
2026-10-04T05:05:20.0629329Z (Reading database ... 60%
2026-10-04T05:05:20.2664043Z (Reading database ... 65%
2026-10-04T05:05:20.4570774Z (Reading database ... 70%
2026-10-04T05:05:20.6600231Z (Reading database ... 75%
2026-10-04T05:05:20.8209392Z (Reading database ... 80%
2026-10-04T05:05:21.0123668Z (Reading database ... 85%
2026-10-04T05:05:21.2216237Z (Reading database ... 90%
2026-10-04T05:05:21.3752376Z (Reading database ... 95%
2026-10-04T05:05:21.3752909Z (Reading database ... 100%
2026-10-04T05:05:21.3753659Z (Reading database ... 202296 files and directories currently installed.)
2026-10-04T05:05:21.3795561Z Preparing to unpack .../00-fonts-ipafont-gothic_00303-21ubuntu1_all.deb ...
2026-10-04T05:05:21.3884416Z Unpacking fonts-ipafont-gothic (00303-21ubuntu1) ...
2026-10-04T05:05:21.6182849Z Selecting previously unselected package fonts-freefont-ttf.
2026-10-04T05:05:21.6307127Z Preparing to unpack .../01-fonts-freefont-ttf_20211204+svn4273-2_all.deb ...
2026-10-04T05:05:21.6314867Z Unpacking fonts-freefont-ttf (20211204+svn4273-2) ...
2026-10-04T05:05:21.7244521Z Selecting previously unselected package fonts-tlwg-loma-otf.
2026-10-04T05:05:21.7375556Z Preparing to unpack .../02-fonts-tlwg-loma-otf_1%3a0.7.3-1_all.deb ...
2026-10-04T05:05:21.7462544Z Unpacking fonts-tlwg-loma-otf (1:0.7.3-1) ...
2026-10-04T05:05:21.7693743Z Selecting previously unselected package fonts-unifont.
2026-10-04T05:05:21.7819316Z Preparing to unpack .../03-fonts-unifont_1%3a15.1.01-1build1_all.deb ...
2026-10-04T05:05:21.7827122Z Unpacking fonts-unifont (1:15.1.01-1build1) ...
2026-10-04T05:05:21.8947793Z Selecting previously unselected package fonts-wqy-zenhei.
2026-10-04T05:05:21.9075780Z Preparing to unpack .../04-fonts-wqy-zenhei_0.9.45-8_all.deb ...
2026-10-04T05:05:21.9182272Z Unpacking fonts-wqy-zenhei (0.9.45-8) ...
2026-10-04T05:05:22.3974843Z Preparing to unpack .../05-libgl1-mesa-dri_25.2.8-0ubuntu0.24.04.4_amd64.deb ...
2026-10-04T05:05:22.4112960Z Unpacking libgl1-mesa-dri:amd64 (25.2.8-0ubuntu0.24.04.4) over (25.2.8-0ubuntu0.24.04.2) ...
2026-10-04T05:05:22.4593646Z Preparing to unpack .../06-libglx-mesa0_25.2.8-0ubuntu0.24.04.4_amd64.deb ...
2026-10-04T05:05:22.4628975Z Unpacking libglx-mesa0:amd64 (25.2.8-0ubuntu0.24.04.4) over (25.2.8-0ubuntu0.24.04.2) ...
2026-10-04T05:05:22.4988479Z Preparing to unpack .../07-libgbm1_25.2.8-0ubuntu0.24.04.4_amd64.deb ...
2026-10-04T05:05:22.5010901Z Unpacking libgbm1:amd64 (25.2.8-0ubuntu0.24.04.4) over (25.2.8-0ubuntu0.24.04.2) ...
2026-10-04T05:05:22.5379867Z Preparing to unpack .../08-mesa-libgallium_25.2.8-0ubuntu0.24.04.4_amd64.deb ...
2026-10-04T05:05:22.5401092Z Unpacking mesa-libgallium:amd64 (25.2.8-0ubuntu0.24.04.4) over (25.2.8-0ubuntu0.24.04.2) ...
2026-10-04T05:05:22.7154429Z Selecting previously unselected package xfonts-encodings.
2026-10-04T05:05:22.7282344Z Preparing to unpack .../09-xfonts-encodings_1%3a1.0.5-0ubuntu2_all.deb ...
2026-10-04T05:05:22.7290288Z Unpacking xfonts-encodings (1:1.0.5-0ubuntu2) ...
2026-10-04T05:05:22.7581869Z Selecting previously unselected package xfonts-utils.
2026-10-04T05:05:22.7707056Z Preparing to unpack .../10-xfonts-utils_1%3a7.7+6build3_amd64.deb ...
2026-10-04T05:05:22.7713807Z Unpacking xfonts-utils (1:7.7+6build3) ...
2026-10-04T05:05:22.8107622Z Selecting previously unselected package xfonts-cyrillic.
2026-10-04T05:05:22.8232876Z Preparing to unpack .../11-xfonts-cyrillic_1%3a1.0.5+nmu1_all.deb ...
2026-10-04T05:05:22.8239650Z Unpacking xfonts-cyrillic (1:1.0.5+nmu1) ...
2026-10-04T05:05:22.8565109Z Selecting previously unselected package xfonts-scalable.
2026-10-04T05:05:22.8690681Z Preparing to unpack .../12-xfonts-scalable_1%3a1.0.3-1.3_all.deb ...
2026-10-04T05:05:22.8697654Z Unpacking xfonts-scalable (1:1.0.3-1.3) ...
2026-10-04T05:05:22.9124357Z Setting up mesa-libgallium:amd64 (25.2.8-0ubuntu0.24.04.4) ...
2026-10-04T05:05:22.9145071Z Setting up libgbm1:amd64 (25.2.8-0ubuntu0.24.04.4) ...
2026-10-04T05:05:22.9165928Z Setting up libgl1-mesa-dri:amd64 (25.2.8-0ubuntu0.24.04.4) ...
2026-10-04T05:05:22.9234852Z Setting up fonts-wqy-zenhei (0.9.45-8) ...
2026-10-04T05:05:22.9347455Z Setting up fonts-freefont-ttf (20211204+svn4273-2) ...
2026-10-04T05:05:22.9364874Z Setting up fonts-tlwg-loma-otf (1:0.7.3-1) ...
2026-10-04T05:05:22.9382236Z Setting up xfonts-encodings (1:1.0.5-0ubuntu2) ...
2026-10-04T05:05:22.9399999Z Setting up fonts-ipafont-gothic (00303-21ubuntu1) ...
2026-10-04T05:05:22.9463618Z update-alternatives: using /usr/share/fonts/opentype/ipafont-gothic/ipag.ttf to provide /usr/share/fonts/truetype/fonts-japanese-gothic.ttf (fonts-japanese-gothic.ttf) in auto mode
2026-10-04T05:05:22.9479126Z Setting up fonts-unifont (1:15.1.01-1build1) ...
2026-10-04T05:05:22.9496300Z Setting up libglx-mesa0:amd64 (25.2.8-0ubuntu0.24.04.4) ...
2026-10-04T05:05:22.9512903Z Setting up xfonts-utils (1:7.7+6build3) ...
2026-10-04T05:05:22.9549383Z Setting up xfonts-cyrillic (1:1.0.5+nmu1) ...
2026-10-04T05:05:22.9842286Z Setting up xfonts-scalable (1:1.0.3-1.3) ...
2026-10-04T05:05:23.0153924Z Processing triggers for libc-bin (2.39-0ubuntu8.9) ...
2026-10-04T05:05:23.0498805Z Processing triggers for man-db (2.12.0-4build2) ...
2026-10-04T05:05:23.0523049Z Not building database; man-db/auto-update is not 'true'.
2026-10-04T05:05:23.0537487Z Processing triggers for fontconfig (2.15.0-1.1ubuntu2) ...
2026-10-04T05:05:23.7955777Z 
2026-10-04T05:05:23.7956443Z Running kernel seems to be up-to-date.
2026-10-04T05:05:23.7957057Z 
2026-10-04T05:05:23.7957401Z No services need to be restarted.
2026-10-04T05:05:23.7957806Z 
2026-10-04T05:05:23.7958147Z No containers need to be restarted.
2026-10-04T05:05:23.7958491Z 
2026-10-04T05:05:23.7959197Z No user sessions are running outdated binaries.
2026-10-04T05:05:23.7959577Z 
2026-10-04T05:05:23.7960079Z No VM guests are running outdated hypervisor (qemu) binaries on this host.
2026-10-04T05:05:24.6940471Z Downloading Chrome for Testing 153.0.8010.12 (playwright chromium v1243) from https://cdn.playwright.dev/builds/cft/153.0.8010.12/linux64/chrome-linux64.zip
2026-10-04T05:05:25.1000415Z |                                                                                |   0% of 186.8 MiB
2026-10-04T05:05:25.2754131Z |■■■■■■■■                                                                        |  10% of 186.8 MiB
2026-10-04T05:05:25.3820389Z |■■■■■■■■■■■■■■■■                                                                |  20% of 186.8 MiB
2026-10-04T05:05:25.4877267Z |■■■■■■■■■■■■■■■■■■■■■■■■                                                        |  30% of 186.8 MiB
2026-10-04T05:05:25.5529154Z |■■■■■■■■■■■■■■■■■■■■■■■■■■■■■■■■                                                |  40% of 186.8 MiB
2026-10-04T05:05:25.6284891Z |■■■■■■■■■■■■■■■■■■■■■■■■■■■■■■■■■■■■■■■■                                        |  50% of 186.8 MiB
2026-10-04T05:05:25.7015110Z |■■■■■■■■■■■■■■■■■■■■■■■■■■■■■■■■■■■■■■■■■■■■■■■■                                |  60% of 186.8 MiB
2026-10-04T05:05:25.8425900Z |■■■■■■■■■■■■■■■■■■■■■■■■■■■■■■■■■■■■■■■■■■■■■■■■■■■■■■■■                        |  70% of 186.8 MiB
2026-10-04T05:05:25.9687138Z |■■■■■■■■■■■■■■■■■■■■■■■■■■■■■■■■■■■■■■■■■■■■■■■■■■■■■■■■■■■■■■■■                |  80% of 186.8 MiB
2026-10-04T05:05:26.0322722Z |■■■■■■■■■■■■■■■■■■■■■■■■■■■■■■■■■■■■■■■■■■■■■■■■■■■■■■■■■■■■■■■■■■■■■■■■        |  90% of 186.8 MiB
2026-10-04T05:05:26.1274852Z |■■■■■■■■■■■■■■■■■■■■■■■■■■■■■■■■■■■■■■■■■■■■■■■■■■■■■■■■■■■■■■■■■■■■■■■■■■■■■■■■| 100% of 186.8 MiB
2026-10-04T05:05:29.6056167Z Chrome for Testing 153.0.8010.12 (playwright chromium v1243) downloaded to /home/runner/.cache/ms-playwright/chromium-1243
2026-10-04T05:05:29.6060796Z Downloading FFmpeg (playwright ffmpeg v1011) from https://cdn.playwright.dev/dbazure/download/playwright/builds/ffmpeg/1011/ffmpeg-linux.zip
2026-10-04T05:05:29.9630666Z |                                                                                |   0% of 2.3 MiB
2026-10-04T05:05:29.9663691Z |■■■■■■■■                                                                        |  10% of 2.3 MiB
2026-10-04T05:05:29.9696764Z |■■■■■■■■■■■■■■■■                                                                |  20% of 2.3 MiB
2026-10-04T05:05:29.9723657Z |■■■■■■■■■■■■■■■■■■■■■■■■                                                        |  30% of 2.3 MiB
2026-10-04T05:05:29.9745885Z |■■■■■■■■■■■■■■■■■■■■■■■■■■■■■■■■                                                |  40% of 2.3 MiB
2026-10-04T05:05:29.9767353Z |■■■■■■■■■■■■■■■■■■■■■■■■■■■■■■■■■■■■■■■■                                        |  50% of 2.3 MiB
2026-10-04T05:05:29.9779190Z |■■■■■■■■■■■■■■■■■■■■■■■■■■■■■■■■■■■■■■■■■■■■■■■■                                |  60% of 2.3 MiB
2026-10-04T05:05:29.9812324Z |■■■■■■■■■■■■■■■■■■■■■■■■■■■■■■■■■■■■■■■■■■■■■■■■■■■■■■■■                        |  70% of 2.3 MiB
2026-10-04T05:05:29.9814423Z |■■■■■■■■■■■■■■■■■■■■■■■■■■■■■■■■■■■■■■■■■■■■■■■■■■■■■■■■■■■■■■■■                |  80% of 2.3 MiB
2026-10-04T05:05:29.9839643Z |■■■■■■■■■■■■■■■■■■■■■■■■■■■■■■■■■■■■■■■■■■■■■■■■■■■■■■■■■■■■■■■■■■■■■■■■        |  90% of 2.3 MiB
2026-10-04T05:05:29.9840649Z |■■■■■■■■■■■■■■■■■■■■■■■■■■■■■■■■■■■■■■■■■■■■■■■■■■■■■■■■■■■■■■■■■■■■■■■■■■■■■■■■| 100% of 2.3 MiB
2026-10-04T05:05:30.0496718Z FFmpeg (playwright ffmpeg v1011) downloaded to /home/runner/.cache/ms-playwright/ffmpeg-1011
2026-10-04T05:05:30.0500293Z Downloading Chrome Headless Shell 153.0.8010.12 (playwright chromium-headless-shell v1243) from https://cdn.playwright.dev/builds/cft/153.0.8010.12/linux64/chrome-headless-shell-linux64.zip
2026-10-04T05:05:30.4395954Z |                                                                                |   0% of 114.3 MiB
2026-10-04T05:05:30.6571429Z |■■■■■■■■                                                                        |  10% of 114.3 MiB
2026-10-04T05:05:30.8171088Z |■■■■■■■■■■■■■■■■                                                                |  20% of 114.3 MiB
2026-10-04T05:05:30.8776856Z |■■■■■■■■■■■■■■■■■■■■■■■■                                                        |  30% of 114.3 MiB
2026-10-04T05:05:30.9391646Z |■■■■■■■■■■■■■■■■■■■■■■■■■■■■■■■■                                                |  40% of 114.3 MiB
2026-10-04T05:05:31.0111733Z |■■■■■■■■■■■■■■■■■■■■■■■■■■■■■■■■■■■■■■■■                                        |  50% of 114.3 MiB
2026-10-04T05:05:31.0508457Z |■■■■■■■■■■■■■■■■■■■■■■■■■■■■■■■■■■■■■■■■■■■■■■■■                                |  60% of 114.3 MiB
2026-10-04T05:05:31.1160383Z |■■■■■■■■■■■■■■■■■■■■■■■■■■■■■■■■■■■■■■■■■■■■■■■■■■■■■■■■                        |  70% of 114.3 MiB
2026-10-04T05:05:31.1699205Z |■■■■■■■■■■■■■■■■■■■■■■■■■■■■■■■■■■■■■■■■■■■■■■■■■■■■■■■■■■■■■■■■                |  80% of 114.3 MiB
2026-10-04T05:05:31.2200924Z |■■■■■■■■■■■■■■■■■■■■■■■■■■■■■■■■■■■■■■■■■■■■■■■■■■■■■■■■■■■■■■■■■■■■■■■■        |  90% of 114.3 MiB
2026-10-04T05:05:31.2933646Z |■■■■■■■■■■■■■■■■■■■■■■■■■■■■■■■■■■■■■■■■■■■■■■■■■■■■■■■■■■■■■■■■■■■■■■■■■■■■■■■■| 100% of 114.3 MiB
2026-10-04T05:05:33.5104482Z Chrome Headless Shell 153.0.8010.12 (playwright chromium-headless-shell v1243) downloaded to /home/runner/.cache/ms-playwright/chromium_headless_shell-1243
2026-10-04T05:05:33.5357257Z ##[group]Run import os
2026-10-04T05:05:33.5357548Z [36;1mimport os[0m
2026-10-04T05:05:33.5357771Z [36;1mfrom pathlib import Path[0m
2026-10-04T05:05:33.5358073Z [36;1mimport playwright[0m
2026-10-04T05:05:33.5358422Z [36;1mdriver = Path(playwright.__file__).parent / 'driver' / 'package'[0m
2026-10-04T05:05:33.5359051Z [36;1mif not (driver / 'package.json').is_file():[0m
2026-10-04T05:05:33.5359469Z [36;1m    raise RuntimeError('Pinned Playwright driver is missing')[0m
2026-10-04T05:05:33.5359935Z [36;1mwith open(os.environ['GITHUB_ENV'], 'a', encoding='utf8') as output:[0m
2026-10-04T05:05:33.5360422Z [36;1m    output.write('SHARPFORGE_PLAYWRIGHT_MODULE=' + str(driver) + '\n')[0m
2026-10-04T05:05:33.5362297Z shell: /opt/hostedtoolcache/Python/3.12.14/x64/bin/python {0}
2026-10-04T05:05:33.5362626Z env:
2026-10-04T05:05:33.5362868Z   SHARPFORGE_RESULTS_DIR: artifacts/results/project16
2026-10-04T05:05:33.5363187Z   QUALIFICATION_TRIGGER_EVENT: create
2026-10-04T05:05:33.5363697Z   QUALIFICATION_TRIGGER_REF: refs/heads/codex/project16/qualify-ubuntu-chromium-all-20261004-a5
2026-10-04T05:05:33.5364179Z   QUALIFICATION_TRIGGER_NONCE: 20261004-a5
2026-10-04T05:05:33.5364534Z   QUALIFICATION_SOURCE_SHA: c13aa0fd9d27df28b3708bb83d914a04c20a5c7c
2026-10-04T05:05:33.5364971Z   QUALIFICATION_SOURCE_TREE: 29023ed8b962b6d91671bdb0c0359d905ef2659e
2026-10-04T05:05:33.5365338Z   QUALIFICATION_RUNNER: ubuntu-latest
2026-10-04T05:05:33.5365598Z   QUALIFICATION_STAGE: all
2026-10-04T05:05:33.5365840Z   QUALIFICATION_CAPTURE_ONLY: true
2026-10-04T05:05:33.5366107Z   SHARPFORGE_BROWSER_ENGINE: chromium
2026-10-04T05:05:33.5366361Z   SHARPFORGE_EDITOR_BASELINE: 
2026-10-04T05:05:33.5366607Z   SHARPFORGE_WORKBENCH_BASELINE: 
2026-10-04T05:05:33.5366918Z   pythonLocation: /opt/hostedtoolcache/Python/3.12.14/x64
2026-10-04T05:05:33.5367334Z   PKG_CONFIG_PATH: /opt/hostedtoolcache/Python/3.12.14/x64/lib/pkgconfig
2026-10-04T05:05:33.5367755Z   Python_ROOT_DIR: /opt/hostedtoolcache/Python/3.12.14/x64
2026-10-04T05:05:33.5368136Z   Python2_ROOT_DIR: /opt/hostedtoolcache/Python/3.12.14/x64
2026-10-04T05:05:33.5368514Z   Python3_ROOT_DIR: /opt/hostedtoolcache/Python/3.12.14/x64
2026-10-04T05:05:33.5369206Z   LD_LIBRARY_PATH: /opt/hostedtoolcache/Python/3.12.14/x64/lib
2026-10-04T05:05:33.5369528Z ##[endgroup]
2026-10-04T05:05:33.5672494Z ##[group]Run node scripts/project16-qualification.js "$QUALIFICATION_STAGE"
2026-10-04T05:05:33.5673058Z [36;1mnode scripts/project16-qualification.js "$QUALIFICATION_STAGE"[0m
2026-10-04T05:05:33.5734875Z shell: /usr/bin/bash --noprofile --norc -e -o pipefail {0}
2026-10-04T05:05:33.5735213Z env:
2026-10-04T05:05:33.5735465Z   SHARPFORGE_RESULTS_DIR: artifacts/results/project16
2026-10-04T05:05:33.5735791Z   QUALIFICATION_TRIGGER_EVENT: create
2026-10-04T05:05:33.5736255Z   QUALIFICATION_TRIGGER_REF: refs/heads/codex/project16/qualify-ubuntu-chromium-all-20261004-a5
2026-10-04T05:05:33.5736737Z   QUALIFICATION_TRIGGER_NONCE: 20261004-a5
2026-10-04T05:05:33.5737277Z   QUALIFICATION_SOURCE_SHA: c13aa0fd9d27df28b3708bb83d914a04c20a5c7c
2026-10-04T05:05:33.5737714Z   QUALIFICATION_SOURCE_TREE: 29023ed8b962b6d91671bdb0c0359d905ef2659e
2026-10-04T05:05:33.5738075Z   QUALIFICATION_RUNNER: ubuntu-latest
2026-10-04T05:05:33.5738331Z   QUALIFICATION_STAGE: all
2026-10-04T05:05:33.5738929Z   QUALIFICATION_CAPTURE_ONLY: true
2026-10-04T05:05:33.5739227Z   SHARPFORGE_BROWSER_ENGINE: chromium
2026-10-04T05:05:33.5739487Z   SHARPFORGE_EDITOR_BASELINE: 
2026-10-04T05:05:33.5739735Z   SHARPFORGE_WORKBENCH_BASELINE: 
2026-10-04T05:05:33.5740041Z   pythonLocation: /opt/hostedtoolcache/Python/3.12.14/x64
2026-10-04T05:05:33.5740463Z   PKG_CONFIG_PATH: /opt/hostedtoolcache/Python/3.12.14/x64/lib/pkgconfig
2026-10-04T05:05:33.5740882Z   Python_ROOT_DIR: /opt/hostedtoolcache/Python/3.12.14/x64
2026-10-04T05:05:33.5741254Z   Python2_ROOT_DIR: /opt/hostedtoolcache/Python/3.12.14/x64
2026-10-04T05:05:33.5741631Z   Python3_ROOT_DIR: /opt/hostedtoolcache/Python/3.12.14/x64
2026-10-04T05:05:33.5742021Z   LD_LIBRARY_PATH: /opt/hostedtoolcache/Python/3.12.14/x64/lib
2026-10-04T05:05:33.5742640Z   SHARPFORGE_PLAYWRIGHT_MODULE: /opt/hostedtoolcache/Python/3.12.14/x64/lib/python3.12/site-packages/playwright/driver/package
2026-10-04T05:05:33.5743187Z ##[endgroup]
2026-10-04T05:05:33.7846260Z Discovered 92 Node test files and 9 Python suites in 1 area manifests. Node reports executed test counts below.
2026-10-04T05:05:33.9170631Z ✔ five concurrent preview navigations leave one preview; edit promotes and retains it (6.499122ms)
2026-10-04T05:05:33.9172759Z ✔ document edits redraw tab chrome only when dirty or preview metadata changes across shared views (1.134387ms)
2026-10-04T05:05:33.9174420Z ✔ pinned tabs survive close others and pin state roundtrips (1.556601ms)
2026-10-04T05:05:33.9176590Z ✔ Cancel in a batch aborts the complete close without saving or closing any earlier tab (0.994057ms)
2026-10-04T05:05:33.9179657Z ✔ save failure, edited-during-prompt and explicit discard obey atomic close contracts (2.180641ms)
2026-10-04T05:05:33.9181813Z ✔ closing a shared secondary view does not discard or prompt for the remaining buffer (1.446738ms)
2026-10-04T05:05:33.9184520Z ✔ reopen restores the original caret and scroll; thirty tabs remain in the overflow model (7.915622ms)
2026-10-04T05:05:33.9186081Z ✔ context command enablement follows pinning, groups, side and host capabilities (1.073504ms)
2026-10-04T05:05:33.9187283Z ✔ disposing during dirty confirmation cancels without discarding buffers (0.486944ms)
2026-10-04T05:05:33.9913293Z ✔ v1 migrates without changing panel identities and v2 roundtrips metadata (4.383793ms)
2026-10-04T05:05:33.9915229Z ✔ unknown and duplicate persisted panels are dropped and reported without substitution (0.60325ms)
2026-10-04T05:05:33.9917542Z ✔ corrupt layouts recover valid closed identities and reject future versions in strict restore (0.696344ms)
2026-10-04T05:05:33.9921132Z ✔ all four auto-hide edges pin back to the exact previous tab group and index (1.251094ms)
2026-10-04T05:05:33.9923251Z ✔ Auto Hide All restores a removed tool group against its original document anchor (0.809092ms)
2026-10-04T05:05:33.9929300Z ✔ a floating tab group docks as one undoable operation retaining both tabs (0.917154ms)
2026-10-04T05:05:33.9931601Z ✔ nested floating splits retain topology on edge re-dock and flatten only on center (0.60335ms)
2026-10-04T05:05:33.9934853Z ✔ nested transaction failures and cancelled pointer transactions leave no partial history (0.588954ms)
2026-10-04T05:05:33.9938513Z ✔ monitor shrink clamps geometry and corrupt floating coordinates never escape viewport (0.521088ms)
2026-10-04T05:05:33.9942807Z ✔ nine explicit guide targets hit their own centers and execute the specified topology (1.437229ms)
2026-10-04T05:05:33.9944690Z ✔ pin and preview partition is deterministic and pin metadata survives tab moves (0.460575ms)
2026-10-04T05:05:33.9946855Z ✔ background app registration preserves every visible group and global activation in one transaction (0.823489ms)
2026-10-04T05:05:33.9950776Z ✔ background reopening auto-hidden tools and existing floating tabs cannot steal activation (0.593041ms)
2026-10-04T05:05:34.0813257Z ✔ complete format fixture recomputes raw percentiles without claiming a relative or physical-frame pass (11.567736ms)
2026-10-04T05:05:34.0820970Z ✔ first-visit and warmup budget violations remain failures even when all measured percentiles pass (3.599535ms)
2026-10-04T05:05:34.0822983Z ✔ rejects empty partial capture instead of qualifying incomplete or incorrect evidence (0.991692ms)
2026-10-04T05:05:34.0824052Z ✔ rejects missing first observation instead of qualifying incomplete or incorrect evidence (1.986489ms)
2026-10-04T05:05:34.0825472Z ✔ rejects duplicate sample instead of qualifying incomplete or incorrect evidence (1.210558ms)
2026-10-04T05:05:34.0826347Z ✔ rejects tampered percentile instead of qualifying incomplete or incorrect evidence (0.803333ms)
2026-10-04T05:05:34.0827184Z ✔ rejects focus stolen and restored instead of qualifying incomplete or incorrect evidence (0.612036ms)
2026-10-04T05:05:34.0844135Z ✔ rejects stale source target instead of qualifying incomplete or incorrect evidence (0.496953ms)
2026-10-04T05:05:34.0846042Z ✔ rejects model-only clock instead of qualifying incomplete or incorrect evidence (1.153021ms)
2026-10-04T05:05:34.0847866Z ✔ rejects hidden tab instead of qualifying incomplete or incorrect evidence (0.678881ms)
2026-10-04T05:05:34.0850101Z ✔ rejects missing compiler artifact instead of qualifying incomplete or incorrect evidence (0.456879ms)
2026-10-04T05:05:34.0851730Z ✔ rejects CSP violation instead of qualifying incomplete or incorrect evidence (0.398801ms)
2026-10-04T05:05:34.0853346Z ✔ rejects changed annotation line instead of qualifying incomplete or incorrect evidence (0.808793ms)
2026-10-04T05:05:34.0854684Z ✔ rejects empty map pixels instead of qualifying incomplete or incorrect evidence (1.457528ms)
2026-10-04T05:05:34.0855557Z ✔ rejects wrong annotation color instead of qualifying incomplete or incorrect evidence (0.718575ms)
2026-10-04T05:05:34.0856447Z ✔ rejects wrong pointer destination instead of qualifying incomplete or incorrect evidence (2.251231ms)
2026-10-04T05:05:34.3027678Z ✔ two runtime workers may use serial 1 without sharing output, debug state or legacy identity (5.406482ms)
2026-10-04T05:05:34.3036845Z ✔ legacy runtime facade translates matching identities and rejects app-switch races (1.903937ms)
2026-10-04T05:05:34.3055785Z ✔ restart replaces only its worker and stale callbacks cannot replace the new generation (1.276691ms)
2026-10-04T05:05:34.3058039Z ✔ ending the active application selects the most recently active remaining app with ordered events (1.478045ms)
2026-10-04T05:05:34.3060074Z ✔ resource limit refuses a new app without touching live workers (2.526883ms)
2026-10-04T05:05:34.3061943Z ✔ background events update their app while shared debugger callbacks remain on the selected app (1.48632ms)
2026-10-04T05:05:34.3063975Z ✔ state compatibility accessors follow the selected session without aliasing their mutable maps (1.235375ms)
2026-10-04T05:05:34.3099813Z ✔ breakpoint edits bind only to sessions belonging to the owning project (1.336794ms)
2026-10-04T05:05:34.3112880Z ✔ session grant edits never leak to another app and revocation stops only its owner (1.696982ms)
2026-10-04T05:05:34.3114930Z ✔ combined debug status reflects multiple applications and exact paused count (0.933764ms)
2026-10-04T05:05:34.3116618Z ✔ a ended active session can be retired at a one-session limit and releases retained output (0.938052ms)
2026-10-04T05:05:34.3118317Z ✔ worker failure clears stale live UI flags and unlocks only the failed app (1.124399ms)
2026-10-04T05:05:34.7266364Z ✔ legacy renderer, metrics and settling automation borrows only the active application host (7.947411ms)
2026-10-04T05:05:34.7339737Z ✔ scene responses cannot cross selected sessions with equal runtime serials or matching node IDs (9.819439ms)
2026-10-04T05:05:34.7376264Z ✔ active worker restart invalidates pending visual inspection even when its runtime serial repeats (2.793258ms)
2026-10-04T05:05:34.7379236Z ✔ background UI never changes the selected host and active inspection never reapplies scene commands (1.586056ms)
2026-10-04T05:05:34.7402509Z ✔ stopping or removing the selected app clears visual state and reports a missing window explicitly (2.796314ms)
2026-10-04T05:05:34.7426320Z ✔ disposing inspection aborts pending queries and releases subscriptions without disposing application windows (1.486521ms)
2026-10-04T05:05:34.7427945Z ✔ standalone construction without a SessionManager retains one owned WinUI host (1.320212ms)
2026-10-04T05:05:34.9536150Z ✔ actual analysis events create separate tasks; cancelling one preserves same-project build and other project analysis (7.217065ms)
2026-10-04T05:05:34.9539733Z ✔ superseded analysis settles once, drops late worker replies and preserves the legacy successful analysis event (1.051082ms)
2026-10-04T05:05:34.9543610Z ✔ source invalidation cancels only that request and stale results cannot change diagnostics or task state (0.717833ms)
2026-10-04T05:05:34.9547795Z ✔ worker errors and malformed compiler results close failed analysis entries without losing future analyses (1.215027ms)
2026-10-04T05:05:34.9552569Z ✔ pre-aborted and malformed signals refuse before creating tasks; external cancellation is observable (1.197244ms)
2026-10-04T05:05:34.9576148Z ✔ a bridge attached after a request starts observes its real epoch and project removal disposes its task (0.525706ms)
2026-10-04T05:05:34.9582282Z ✔ TaskCenter quota refuses an untracked analysis while retaining the other running operation (0.773226ms)
2026-10-04T05:05:34.9609641Z ✔ synchronous cancellation from task notification and bridge disposal leave no orphan analysis (0.868643ms)
2026-10-04T05:05:35.1640101Z ✔ project builds run independently and only the edited project rejects its stale result (4.193178ms)
2026-10-04T05:05:35.1648364Z ✔ live analysis cannot replace the cached executable returned by a clean build (1.368141ms)
2026-10-04T05:05:35.1650428Z ✔ cancelling one project terminates only its worker and preserves other project diagnostics (1.077521ms)
2026-10-04T05:05:35.1651964Z ✔ dependency order is deterministic and rejects cycles before executing work (0.475634ms)
2026-10-04T05:05:35.1766760Z ✔ build queue cancellation skips remaining projects and reports exact counts (8.972916ms)
2026-10-04T05:05:35.1772983Z ✔ output panes isolate applications and use bounded viewport reads after ring eviction (0.846252ms)
2026-10-04T05:05:35.1774959Z ✔ diagnostics remain project/producer/version scoped and combine query filters (5.88482ms)
2026-10-04T05:05:35.1779999Z ✔ only current user intent may reveal panels; background work cannot steal focus (0.534293ms)
2026-10-04T05:05:35.3446191Z ✔ released runtime builtin identity and sparse registry copies remain stable (9.395852ms)
2026-10-04T05:05:35.3451391Z ✔ copying sparse extension registries preserves holes instead of allocating placeholder entries (2.998299ms)
2026-10-04T05:05:35.3460449Z ✔ environment registration uses the existing A07 reserved block without changing released slots (0.491493ms)
2026-10-04T05:05:36.0389948Z ✔ public builtin metadata retains actual owners, source receivers and operand categories (25.106423ms)
2026-10-04T05:05:36.0397104Z ✔ shared builtin metadata preserves binding and both emitted runtime artifacts (86.000107ms)
2026-10-04T05:05:36.9583315Z ✔ non-startup URI routes every lazy expansion and navigation through its actual compiler owner (116.946817ms)
2026-10-04T05:05:36.9588459Z ✔ preparation captures the version before waiting and never installs an outdated root (9.256042ms)
2026-10-04T05:05:36.9603627Z ✔ expansion and navigation reject a source edited after preparation (8.165106ms)
2026-10-04T05:05:36.9605443Z ✔ disposal cancels an outstanding compiler operation and prevents late tree publication (6.551148ms)
2026-10-04T05:05:36.9607423Z ✔ worker rejects a call item from a different project or document even at the same revision (6.794841ms)
2026-10-04T05:05:36.9609632Z ✔ project configuration changes invalidate prepared call items without requiring a source edit (5.385383ms)
2026-10-04T05:05:36.9611963Z ✔ public shell entry prepares the real model before opening and invalidating its shared tool (5.099051ms)
2026-10-04T05:05:37.2129250Z ✔ A19 accepting an external baseline updates byte budget and disk version so a later save succeeds (19.771935ms)
2026-10-04T05:05:37.2190219Z ✔ A19 an old observation cannot bypass changed bytes, changed handles, or saved versions (6.286898ms)
2026-10-04T05:05:37.2270180Z ✔ A19 baseline acceptance joins the save queue and refuses a revision committed ahead of it (8.184883ms)
2026-10-04T05:05:37.2360008Z ✔ A19 cancellation and failed host preparation publish no baseline, while postcommit errors retain the accepted version (8.97491ms)
2026-10-04T05:05:37.2397204Z ✔ A19 observed encoded sizes and whole-workspace budgets are validated before host commit (3.660849ms)
2026-10-04T05:05:37.2552675Z ✔ A19 a rebased DiskWorkspace accepts only its mapped path and keeps the original queue and baseline independent (15.62914ms)
2026-10-04T05:05:37.5001481Z ✔ captured DocumentService→DiskWorkspace utf-8 saves stream the written source while newer model edits remain dirty (50.304506ms)
2026-10-04T05:05:37.5340417Z ✔ captured DocumentService→DiskWorkspace utf-16le saves stream the written source while newer model edits remain dirty (36.014212ms)
2026-10-04T05:05:37.5640434Z ✔ captured DocumentService→DiskWorkspace utf-16be saves stream the written source while newer model edits remain dirty (31.194831ms)
2026-10-04T05:05:37.5725342Z ✔ a failed streamed disk write preserves DocumentService and DiskWorkspace baselines and owned model state (8.839489ms)
2026-10-04T05:05:38.0752644Z ✔ document model edits and event delivery retain lazy snapshots for a one-megabyte source (30.354881ms)
2026-10-04T05:05:38.0757247Z ✔ split views share the real model and undo without text-copy callbacks or shared view positions (1.668659ms)
2026-10-04T05:05:38.0762283Z ✔ legacy document text setters apply undoable edits while the version remains model-owned (1.608367ms)
2026-10-04T05:05:38.0772232Z ✔ save preparation runs before capture and a later edit never inherits that saved marker (1.788943ms)
2026-10-04T05:05:38.0774360Z ✔ model factories validate replacement before disposing the current workspace and retain the shared map identity (1.76053ms)
2026-10-04T05:05:38.0776739Z ✔ project locks cover unopened models and update linked-source membership without locking unrelated projects (4.25297ms)
2026-10-04T05:05:38.0779024Z ✔ model events invalidate only owning builds without materializing text until compilation requests a snapshot (3.636274ms)
2026-10-04T05:05:38.0780265Z ✔ ordered workbench events preserve lazy getters even during reentrant dispatch (0.695131ms)
2026-10-04T05:05:38.2904521Z ✔ document operation state captures immutable current and saved roots without live model ownership (6.151917ms)
2026-10-04T05:05:38.2907031Z ✔ validated moved-model state retains a rebased dirty baseline through subsequent edits and undo (2.294432ms)
2026-10-04T05:05:38.2913546Z ✔ operation state mismatches reject before ownership transfers or saved markers change (1.651738ms)
2026-10-04T05:05:38.2918132Z ✔ new plain-text operation state transfers to a factory model while an explicit clean restore updates its saved marker (2.627901ms)
2026-10-04T05:05:38.5461585Z ✔ reload commits the shared model, saved baseline and encoding before document, buffer or view notifications (9.903364ms)
2026-10-04T05:05:38.5470496Z ✔ reload is one undo step, retains an unaffected caret and restores clean state on redo (1.983304ms)
2026-10-04T05:05:38.5472448Z ✔ a metadata rejection restores source, undo, selections, baseline, metadata and stale-save state without notification (2.401461ms)
2026-10-04T05:05:38.5474527Z ✔ document notification failure reports a committed reload and still publishes saved state (1.580967ms)
2026-10-04T05:05:38.5476604Z ✔ model notification failure reports a committed reload and still publishes saved state (1.376627ms)
2026-10-04T05:05:38.5479155Z ✔ an explicitly committed metadata error retains the accepted disk and document roots (0.950706ms)
2026-10-04T05:05:38.5481210Z ✔ a newer edit from a document notification remains dirty and cannot receive a stale saved marker (1.151138ms)
2026-10-04T05:05:38.5483249Z ✔ a newer edit from a model notification remains dirty and cannot receive a stale saved marker (0.862211ms)
2026-10-04T05:05:38.5484975Z ✔ reload guards reject stale ownership, versions, read-only state and invalid encoding before metadata acceptance (1.076079ms)
2026-10-04T05:05:38.5487139Z ✔ asynchronous metadata contributions are rejected and rolled back before any event (0.933074ms)
2026-10-04T05:05:38.5489471Z ✔ same-text reload accepts changed encoding and clears an obsolete saved baseline without adding an undo edit (0.722853ms)
2026-10-04T05:05:38.5490925Z ✔ legacy reload updates all views after metadata and classifies a failed view refresh as committed (0.941348ms)
2026-10-04T05:05:38.5492597Z ✔ reload permits the exact shared character limit and rejects larger incoming or existing sources (18.453044ms)
2026-10-04T05:05:38.5493662Z ✔ a disposed owner cannot reload or accept disk metadata (0.584295ms)
2026-10-04T05:05:38.8564703Z ✔ an unchanged captured source save marks the exact model revision clean without materializing text (24.376968ms)
2026-10-04T05:05:38.8570674Z ✔ edits during pending source I/O retain the written snapshot baseline and never mark the new revision clean (15.022913ms)
2026-10-04T05:05:38.8577237Z ✔ captureSave supports bulk snapshot consumers and reads captured text only on a legacy provider request (17.602575ms)
2026-10-04T05:05:38.8591386Z ✔ failed or rejected writes retain the previous baseline and dirty state (21.634794ms)
2026-10-04T05:05:38.8592876Z ✔ a captured save cannot overwrite a replacement document baseline after asynchronous I/O (14.244227ms)
2026-10-04T05:05:38.8594460Z ✔ saved snapshot validation rejects foreign or mismatched sources before considering lazy text (13.638773ms)
2026-10-04T05:05:39.0710322Z ✔ documents open, change, save and close without requiring a docking host (4.046105ms)
2026-10-04T05:05:39.0718945Z ✔ saving a captured revision never marks a newer edit as clean (0.526037ms)
2026-10-04T05:05:39.0721024Z ✔ multiple document views share edits and retain independent selection/scroll state (0.965263ms)
2026-10-04T05:05:39.0726638Z ✔ workspace replacement validates completely before changing existing records (0.565941ms)
2026-10-04T05:05:39.0826278Z ✔ every legacy initial state key resolves through an explicit slice property descriptor (12.563225ms)
2026-10-04T05:05:39.0831233Z ✔ running project locks its shared source views while other project remains editable (4.32897ms)
2026-10-04T05:05:39.1669552Z ✔ equal worker serials stay partitioned by app and launch identity (3.425712ms)
2026-10-04T05:05:39.1682174Z ✔ strict capture validation rejects missing sequences, wrong identities and invalid measurements atomically (1.312538ms)
2026-10-04T05:05:39.1684576Z ✔ bounded history gaps are explicit and malformed replies block only their current launch (1.071531ms)
2026-10-04T05:05:39.1685862Z ✔ late replies after replacement cannot attach measurements to the replacement capture (0.546204ms)
2026-10-04T05:05:39.1686985Z ✔ pausing and disposal cancel outstanding waits without clearing retained launch history (0.741858ms)
2026-10-04T05:05:39.1687771Z ✔ disposed and removed sessions cannot create new capture work (0.326146ms)
2026-10-04T05:05:39.1690821Z ✔ timeline retains bounded descriptors and partitions heap snapshots by launch (1.848784ms)
2026-10-04T05:05:39.1701335Z ✔ heap snapshots reject late replacement and malformed census data (0.550082ms)
2026-10-04T05:05:39.1702778Z ✔ CPU graph uses actual time, bounded percent and weighted intervals with accessible event detail (14.868166ms)
2026-10-04T05:05:39.2315325Z ✔ execution occupancy measures actual intervals and separate synchronous categories (2.959136ms)
2026-10-04T05:05:39.2319170Z ✔ nested work counts once and a close inside the operation includes its complete final interval (0.368154ms)
2026-10-04T05:05:39.2321451Z ✔ measurement preserves synchronous exceptions and rejects asynchronous waiting (0.733523ms)
2026-10-04T05:05:39.2323920Z ✔ bounded sequence windows report lost history and replacement clears the previous launch (0.453923ms)
2026-10-04T05:05:39.2327686Z ✔ occupancy validates bounds, clock monotonicity and replacement outside measured work (0.651961ms)
2026-10-04T05:05:39.2330113Z ✔ runtime pumping closes the actual final interval and cancels idle sampling after termination (0.794987ms)
2026-10-04T05:05:39.2332728Z ✔ paused runtimes sample genuine idle intervals and freeze automatic animations (0.407166ms)
2026-10-04T05:05:39.2340465Z ✔ retired launch timer callbacks cannot clear or execute replacement timers (0.423537ms)
2026-10-04T05:05:39.2342447Z ✔ request measurements exclude inspection and count UI/debug actions without changing their results (0.468791ms)
2026-10-04T05:05:39.2344377Z ✔ runtime pump failures keep a paused capture and report the original error (0.449164ms)
2026-10-04T05:05:40.4732737Z ✔ real source worker exposes actual execution intervals and preserves program output (567.448941ms)
2026-10-04T05:05:41.3520886Z ✔ real source workers isolate captures, pause, stop and replacement despite equal raw serials (880.922317ms)
2026-10-04T05:05:41.9511957Z ✔ real direct CIL worker exposes actual execution intervals and preserves program output (599.22404ms)
2026-10-04T05:05:45.2220315Z ✔ real direct CIL workers isolate captures, pause, stop and replacement despite equal raw serials (3276.374666ms)
2026-10-04T05:05:45.5246316Z ✔ resource rename publishes source edits, file paths and literal project references in one undoable host commit (16.909158ms)
2026-10-04T05:05:45.5270635Z ✔ multiple independent resource renames share one operation and preserve unedited clean sources (3.171862ms)
2026-10-04T05:05:45.5272539Z ✔ invalid versions, before text, result text, overlapping edits and destination collisions leave all owners unchanged (5.521386ms)
2026-10-04T05:05:45.5274439Z ✔ a model change during render fails the immediate precommit guard without overwriting the newer edit (2.717858ms)
2026-10-04T05:05:45.5276426Z ✔ async host preflight rechecks identities, affected locks, unrelated edits, saves, membership and workspace lifetime (14.118534ms)
2026-10-04T05:05:45.5278183Z ✔ failed host preflight releases every staged model and preserves live source buffers (2.062391ms)
2026-10-04T05:05:45.5280172Z ✔ postcommit callback failure retains all adopted resource models and a complete file-operation undo (4.159776ms)
2026-10-04T05:05:45.5427320Z ✔ large resource source comparisons stay lazy and yield to cancellation before ownership changes (37.44992ms)
2026-10-04T05:05:45.5429884Z ✔ the adapter copies supported plan fields before awaits and rejects native, locked and oversized resource requests (2.688714ms)
2026-10-04T05:05:45.7756096Z ✔ Explorer rename and undo preserve dirty snapshot baselines and leave unrelated models unchanged (23.843857ms)
2026-10-04T05:05:45.7853196Z ✔ Explorer copies are independent unsaved models and sequential file undo retains earlier snapshot identity (11.298155ms)
2026-10-04T05:05:45.7903193Z ✔ Explorer source writes prepare a replacement without mutating current text and undo restores a lazy root (4.645168ms)
2026-10-04T05:05:45.7947309Z ✔ Explorer snapshot history refuses newer edits without reading either complete source (4.698267ms)
2026-10-04T05:05:45.8156349Z ✔ Explorer failed preflight and host commit keep existing owners intact and dispose staged replacement models (5.264809ms)
2026-10-04T05:05:46.0147855Z ✔ Explorer Add Existing Item accepts sources beyond 16 MiB using chunked File reads and records undo without flattening (214.500023ms)
2026-10-04T05:05:46.0188163Z ✔ Explorer Add Existing Item updates project membership while retaining the prepared source descriptor (4.671967ms)
2026-10-04T05:05:46.0343564Z ✔ Explorer rejected or cancelled multi-file import cleans up only its prepared models (13.292349ms)
2026-10-04T05:05:46.0488172Z ✔ Explorer disposed imports cancel between chunks and postcommit callback errors retain adopted ownership and history (6.142209ms)
2026-10-04T05:05:46.0490554Z ✔ Explorer native source payload limits remain explicit before native I/O (10.242765ms)
2026-10-04T05:05:46.2710546Z ✔ Explorer snapshot records preserve metadata and exact history roots while fresh URI models remain independent (5.283563ms)
2026-10-04T05:05:46.2716219Z ✔ Explorer path index preserves descendant and case-collision rules across large indexed batches and removals (8.979308ms)
2026-10-04T05:05:46.2720216Z ✔ native prepared creates encode the captured edited source and BOM instead of stale original bytes (1.490729ms)
2026-10-04T05:05:46.5099319Z ✔ A19 FileWatch forwards the captured record and observation and prompts once until the document or disk changes (28.457066ms)
2026-10-04T05:05:46.5214493Z ✔ A19 old Reload, Ignore, and Compare actions cannot act on a same-URI same-version replacement (11.931141ms)
2026-10-04T05:05:46.5312755Z ✔ A19 a later edit refreshes the notification instead of retaining an unusable version guard forever (9.78821ms)
2026-10-04T05:05:46.5352635Z ✔ A19 changing the Save As target invalidates every action even when the same document version remains open (3.948263ms)
2026-10-04T05:05:46.5441557Z ✔ A19 a BOM-only external change is observable and its accepted metadata survives a later save (8.793162ms)
2026-10-04T05:05:46.5469828Z ✔ A19 a legacy asynchronous reader cannot publish a notification for a replaced document (2.604537ms)
2026-10-04T05:05:46.5483731Z ✔ A19 cancellation after a legacy reader resolves cannot publish an external-change notification (1.511017ms)
2026-10-04T05:05:46.8716205Z ✔ first-run visual-studio applies theme, global navigation and actual editor shortcuts (45.561737ms)
2026-10-04T05:05:46.8809738Z ✔ first-run vscode applies theme, global navigation and actual editor shortcuts (9.418584ms)
2026-10-04T05:05:46.8915612Z ✔ first-run resharper applies theme, global navigation and actual editor shortcuts (8.374164ms)
2026-10-04T05:05:46.9166914Z ✔ global ReSharper navigation retains file/member/symbol/recent arguments without an active editor (12.203567ms)
2026-10-04T05:05:46.9172355Z ✔ projected query prefixes use the real workbench search filters and source navigation (1.309593ms)
2026-10-04T05:05:46.9174419Z ✔ cancelled first-run selection has no effect, completed setup is skipped, and reselect preserves documents (9.822685ms)
2026-10-04T05:05:46.9602221Z ✔ profile changes keep custom bindings and one effective copy of each common global shortcut (20.091978ms)
2026-10-04T05:05:46.9604454Z ✔ choosing a user scheme clears only supplied current-workspace overrides and persists across reload (7.622979ms)
2026-10-04T05:05:46.9607045Z ✔ invalid scheme and persistence failure reject the complete first-run transaction before changing shortcuts (5.241916ms)
2026-10-04T05:05:46.9609690Z ✔ Options selects ReSharper after setup and commits only edited keys over a workspace override (15.682369ms)
2026-10-04T05:05:46.9701804Z ✔ Import and Export Settings applies a previewed scheme to both scopes without changing editor data (9.597026ms)
2026-10-04T05:05:46.9852957Z ✔ settings profile rejects invalid imports, exports selected categories and can reopen first-run choices (8.562124ms)
2026-10-04T05:05:46.9920320Z ✔ resetting selected categories restores the default scheme while retaining unrelated settings and undo (12.397247ms)
2026-10-04T05:05:46.9922310Z ✔ reset validates categories and remains atomic on storage failure, including the empty boundary (1.503913ms)
2026-10-04T05:05:46.9954103Z ✔ changing schemes cancels an in-progress native and global chord before the next keystroke (8.093563ms)
2026-10-04T05:05:47.2801833Z ✔ completed build identity deterministically binds actual bytes and source revision/tree (206.056121ms)
2026-10-04T05:05:47.4421252Z ✔ changed or added local output cannot reuse a completed build identity (161.92995ms)
2026-10-04T05:05:47.5294835Z fatal: not a git repository (or any of the parent directories): .git
2026-10-04T05:05:47.5327306Z fatal: not a git repository (or any of the parent directories): .git
2026-10-04T05:05:47.5748214Z ✔ archive builds without Git metadata keep identical distribution bytes and explicit unknown provenance (131.95901ms)
2026-10-04T05:05:47.5750350Z ✔ exact-source claim rejects unknown, dirty, stale-commit and stale-tree identities (0.761415ms)
2026-10-04T05:05:47.6855600Z ✔ actual HTTP assets match the completed artifact with the explicit production HTML transformation (110.388517ms)
2026-10-04T05:05:47.7816363Z ✔ a server returning stale application bytes fails closed against the local completed build (96.129904ms)
2026-10-04T05:05:47.8645188Z ✔ changed local HTML is rejected before its production transformation can authorize different served bytes (82.837456ms)
2026-10-04T05:05:47.9556396Z ✔ extracted production path rewrite preserves root, nested, quote and non-JavaScript behavior (91.020485ms)
2026-10-04T05:05:48.0499043Z ✔ the final verification detects an application replaced after the initial verification (94.247397ms)
2026-10-04T05:05:48.2398291Z ✔ whole workload gates strictly below one percent, retaining positive and negative observations (36.795194ms)
2026-10-04T05:05:48.2401757Z ✔ individual operation regressions remain diagnostic while the identical aggregate determines acceptance (6.090984ms)
2026-10-04T05:05:48.2409285Z ✔ assessment rejects missing pairs, wrong order, altered counts, nonfinite data and incomplete effects (56.489875ms)
2026-10-04T05:05:48.2411036Z ✔ driver rejects non-HTTP or remote application origins without starting a server (0.790689ms)
2026-10-04T05:05:48.2413512Z ✔ assessment recomputes product p50/p95/p99 and rejects absent or active disabled instrumentation (13.251814ms)
2026-10-04T05:05:48.2416255Z ✔ clock-quantized zero operation spans are preserved but a zero aggregate denominator is rejected (9.649233ms)
2026-10-04T05:05:48.2420413Z ✔ pre-navigation storage states differ only by explicit tracing mode; workload and order are deterministic (0.452009ms)
2026-10-04T05:05:48.7540271Z ✔ tracing defaults on, persists per workspace, and rejects non-boolean preferences (3.862033ms)
2026-10-04T05:05:48.7544593Z ✔ real shells resolve saved settings before their first mark and keep live changes instance-local (11.318523ms)
2026-10-04T05:05:48.7549720Z ✔ explicit embedding booleans override saved and subsequent settings in both directions (3.832559ms)
2026-10-04T05:05:48.7553682Z ✔ Environment General exposes a working tracing checkbox with the stored preference (1.877517ms)
2026-10-04T05:05:48.7560015Z ✔ disabled instruments read no clock and retain no marks, including input observation (1.165785ms)
2026-10-04T05:05:48.7562776Z ✔ disabling rejects in-flight marks without clock reads, including after re-enabling (0.2905ms)
2026-10-04T05:05:48.7566484Z ✔ unchanged enabled values preserve current marks; marks are single-use and instance-owned (0.257118ms)
2026-10-04T05:05:48.7571115Z ✔ a real shell settings change invalidates an outstanding asynchronous operation mark (1.726457ms)
2026-10-04T05:05:48.8627212Z ✔ counterfactual has identical scaffolding and five explicit static imports before the shipped entry (2.2665ms)
2026-10-04T05:05:48.8631569Z ✔ complete paired assessment retains every signed observation and reports a point observation (4.045985ms)
2026-10-04T05:05:48.8633695Z ✔ missing marker, title, duplicate marker and incomplete fixed sample count are rejected (1.815573ms)
2026-10-04T05:05:48.8636294Z ✔ nonfinite, missing, duplicate, negative and inconsistent metric values fail closed (1.318449ms)
2026-10-04T05:05:48.8639339Z ✔ source, served assets, overlays, engine, module graph and product failures invalidate assessment (2.949488ms)
2026-10-04T05:05:48.8642491Z ✔ unsupported threadTicks rejects without a timing fallback (1.073875ms)
2026-10-04T05:05:48.8644881Z ✔ actual production CSP permits inline styles while rejecting any relaxed script directive (0.752037ms)
2026-10-04T05:05:48.8916323Z ✔ capture owns a fresh process for each sample and closes it on unsupported clocks or missing markers (22.287898ms)
2026-10-04T05:05:48.9284927Z ✔ real local HTTP overlay preserves product bytes/CSP and tracks downstream cancellation separately (48.656395ms)
2026-10-04T05:05:49.4040802Z ✔ PE metadata exposes actual generic List members, names, parameter signatures, properties and namespaces (15.840722ms)
2026-10-04T05:05:49.4048453Z ✔ metadata source carries the exact PE identity, source version and matching overload selection (7.243364ms)
2026-10-04T05:05:49.4050751Z ✔ metadata versions never collapse same-name assemblies or infer an ambiguous owner (2.032736ms)
2026-10-04T05:05:49.4052507Z ✔ framework member caret resolves Console.WriteLine rather than treating it as a type name (23.741568ms)
2026-10-04T05:05:49.4054118Z ✔ core intrinsic metadata uses accepted arities, canonical owners, instance parameters and property shape (10.854842ms)
2026-10-04T05:05:49.4055345Z ✔ bound assembly simple identity selects actual PE metadata and rejects multiple matching versions (9.824148ms)
2026-10-04T05:05:49.4056545Z ✔ reference sources use authorized HintPath bytes, transitive project visibility and no source text getters (16.241137ms)
2026-10-04T05:05:49.4194051Z ✔ unavailable, ambiguous and invalid PE references return explicit Object Browser diagnostic rows (11.17165ms)
2026-10-04T05:05:49.4195907Z ✔ metadata inspection rejects byte and declaration limits before returning a partial model (1.76571ms)
2026-10-04T05:05:49.4210689Z ✔ catalog cancellation terminates its dedicated metadata worker and does not cache late replies (6.152268ms)
2026-10-04T05:05:49.4212405Z ✔ Code Definition reads only a bounded caret fragment and prioritizes structured bound owners (4.527369ms)
2026-10-04T05:05:49.4213910Z ✔ Code Definition source definitions bypass metadata and retain exact selection (0.190393ms)
2026-10-04T05:05:51.0855749Z ✔ Studio multi-session C# fixture preserves WinUI, argv, environment and stop isolation in source VM (987.802364ms)
2026-10-04T05:05:51.9179614Z ✔ Studio multi-session C# fixture preserves WinUI, argv, environment and stop isolation in direct CIL (840.337606ms)
2026-10-04T05:05:52.1498908Z ✔ actual MSBuildTools onJob notifications retain exact cancellation ownership when another job is selected (5.158412ms)
2026-10-04T05:05:52.1506330Z ✔ owners with the same remote job id remain independent and known terminal callbacks cannot resurrect a task (0.580979ms)
2026-10-04T05:05:52.1510243Z ✔ phase text stays indeterminate, only host-reported fractions become progress, and stale cursors/phases are ignored (0.40905ms)
2026-10-04T05:05:52.1512302Z ✔ a native success that wins a cancellation race remains an observed success (1.982893ms)
2026-10-04T05:05:52.1514332Z ✔ native cancellation failures and replies for another job are explicit and cannot alter that other task (0.802741ms)
2026-10-04T05:05:52.1516359Z ✔ transport failure settles only its matching observed job and malformed snapshots do not mutate task state (0.552366ms)
2026-10-04T05:05:52.1518248Z ✔ synchronous cancellation from first notification reaches the captured client exactly once (0.409751ms)
2026-10-04T05:05:52.1520264Z ✔ disposal aborts owned requests once, ignores late callbacks and bounds retained terminal identity history (0.508454ms)
2026-10-04T05:05:52.4127730Z ✔ A19 actual native utf-8 reload updates SHA-256 and native baseline before a physical save (27.952229ms)
2026-10-04T05:05:52.4200090Z ✔ A19 actual native utf-16le reload updates SHA-256 and native baseline before a physical save (7.338601ms)
2026-10-04T05:05:52.4259058Z ✔ A19 actual native utf-16be reload updates SHA-256 and native baseline before a physical save (5.719433ms)
2026-10-04T05:05:52.4292400Z ✔ A19 reconnecting the native host invalidates a prior observation without changing the document (3.299789ms)
2026-10-04T05:05:52.4326623Z ✔ A19 native bytes changed after the observation are not marked as the reloaded baseline (3.357667ms)
2026-10-04T05:05:52.4363204Z ✔ A19 rejecting immutable native metadata restores the document and retains both previous native baseline fields (3.465635ms)
2026-10-04T05:05:52.4396963Z ✔ A19 native read cancellation and disposal reach the actual client request signal (2.437948ms)
2026-10-04T05:05:52.4400498Z ✔ A19 MSBuild text and binary read APIs forward the supplied cancellation signal without changing endpoints (0.99054ms)
2026-10-04T05:05:52.8710785Z ✔ actual client, MSBuildTools and lazy native callbacks publish live tasks and preserve completed inspection (230.818546ms)
2026-10-04T05:05:53.0764146Z ✔ poll transport failure retains the captured client and fails only that job after another job becomes selected (202.94614ms)
2026-10-04T05:05:53.0766319Z ✔ the TaskCenter cancellation callback targets its captured client/job and does not replace another native selection (1.707251ms)
2026-10-04T05:05:53.0767902Z ✔ validation/start failures and ordinary native UI errors cannot settle a previously observed unrelated task (1.465081ms)
2026-10-04T05:05:53.2801234Z ✔ a poll response for a different ID closes only the requested task and never publishes the foreign job (202.416477ms)
2026-10-04T05:05:53.2803540Z ✔ native Cancel transport errors report only the captured current owner, regardless of a later client value (0.973739ms)
2026-10-04T05:05:53.4819157Z ✔ a confirmed native success wins a cancellation race and a stale pending poll cannot regress it (201.823191ms)
2026-10-04T05:05:53.6854290Z ✔ disposal coalesces TaskCenter cancellation before disconnect and abandons a pending poll without late UI writes (202.577494ms)
2026-10-04T05:05:53.6857475Z ✔ disposal during job start waits for the actual returned ID, cancels it, and never publishes a post-disposal task (1.08799ms)
2026-10-04T05:05:53.7437507Z ✔ Outline host passes exact URI/project/version and applies one provider edit before navigation (3.04711ms)
2026-10-04T05:05:53.7439721Z ✔ Outline rejects stale version after provider completion (0.703907ms)
2026-10-04T05:05:53.7451557Z ✔ Outline rejects stale project after provider completion (0.277746ms)
2026-10-04T05:05:53.7455416Z ✔ Outline rejects stale workspace after provider completion (0.244644ms)
2026-10-04T05:05:53.7458405Z ✔ Outline rejects stale document after provider completion (0.526889ms)
2026-10-04T05:05:53.7461325Z ✔ Outline cancellation and disposal stop a waiting provider without applying its late result (0.648114ms)
2026-10-04T05:05:53.7466078Z ✔ Outline rejects read-only and mismatched provider edits (0.365609ms)
2026-10-04T05:05:53.7467175Z ✔ Outline leaf drops retain before/after position and refuse cross-tree payloads (0.933043ms)
2026-10-04T05:05:54.5559247Z ✔ Outline moves a complete CRLF member with XML docs and trailing comments, without changing the workspace (12.224356ms)
2026-10-04T05:05:54.5561509Z ✔ Outline moves a callable across fields without changing field initialization order or either runtime result (114.646507ms)
2026-10-04T05:05:54.5563125Z ✔ Outline accepts storage-free declaration: int Value => 1; (1.578742ms)
2026-10-04T05:05:54.5565142Z ✔ Outline accepts storage-free declaration: int Value { get { return 1; } set { } } (1.311295ms)
2026-10-04T05:05:54.5568144Z ✔ Outline accepts storage-free declaration: C() { } (1.11965ms)
2026-10-04T05:05:54.5575103Z ✔ Outline accepts storage-free declaration: int this[int i] { get { return i; } } (1.654173ms)
2026-10-04T05:05:54.5576867Z ✔ Outline rejects order-sensitive or hidden-storage declaration: int value = 1; (1.409057ms)
2026-10-04T05:05:54.5578817Z ✔ Outline rejects order-sensitive or hidden-storage declaration: int Value { get; set; } (0.662721ms)
2026-10-04T05:05:54.5582167Z ✔ Outline rejects order-sensitive or hidden-storage declaration: int Value { get; } = 1; (0.699218ms)
2026-10-04T05:05:54.5586003Z ✔ Outline rejects order-sensitive or hidden-storage declaration: [ModuleInitializer] static void Init() {} (1.175493ms)
2026-10-04T05:05:54.5589543Z ✔ Outline rejects order-sensitive or hidden-storage declaration: [Alias] static void Init() {} (0.66212ms)
2026-10-04T05:05:54.5593318Z ✔ Outline rejects different containers, stale/read-only versions and invalid offsets without partial mutation (0.850169ms)
2026-10-04T05:05:54.5596458Z ✔ Outline rejects crossing region/directive trivia and malformed source members (2.306014ms)
2026-10-04T05:05:54.5601270Z ✔ Outline returns a stable no-op for the same member and preserves same-line separators for real moves (1.042076ms)
2026-10-04T05:05:54.8150693Z ✔ prepared document ingress adopts the exact model and source without reading text or rebuilding it (22.728046ms)
2026-10-04T05:05:54.8152614Z ✔ model and immutable roots are hidden even when an incoming caller made them enumerable (1.227951ms)
2026-10-04T05:05:54.8155446Z ✔ retaining prepared records preserves model/map/view identity and replaces old subscriptions without materializing text (8.503625ms)
2026-10-04T05:05:54.8157673Z ✔ duplicate, mismatched and stale prepared records reject atomically and remain caller-owned (5.638233ms)
2026-10-04T05:05:54.8161983Z ✔ a failed factory disposes only models it created while prepared callers and the current workspace remain intact (1.556982ms)
2026-10-04T05:05:54.8164578Z ✔ subscription failure and cancellation release staged subscriptions without disposing prepared input models (1.579374ms)
2026-10-04T05:05:54.8167648Z ✔ saved-state preparation rolls back dirty caller models if another model cannot commit its saved marker (1.021598ms)
2026-10-04T05:05:54.8172335Z ✔ add and legacy appended-record lookup adopt prepared models without a factory, and dispose releases owned roots (1.619258ms)
2026-10-04T05:05:54.8177264Z ✔ view errors after the atomic ownership commit are explicit and do not hand live models back to callers (1.266012ms)
2026-10-04T05:05:54.8398504Z ✔ real chunked File ingress adopts the reader model and decoder metadata without invoking whole-source getters (21.167366ms)
2026-10-04T05:05:54.8401632Z ✔ append imports retain dirty model baselines and read-only state without implicitly saving existing documents (2.806362ms)
2026-10-04T05:05:54.8403972Z ✔ append imports retain a late-save snapshot baseline and its stale-save dirty marker (1.757344ms)
2026-10-04T05:05:54.8411471Z ✔ preserveDirty never permits replacing or removing a dirty model without explicit discard (2.627209ms)
2026-10-04T05:05:54.8413622Z ✔ disposed prepared models reject and failing view cleanup still releases all owned models and roots (1.692815ms)
2026-10-04T05:05:55.6276818Z ✔ pending Studio analysis and another editor whole-project request publish committed rename source only (15.240407ms)
2026-10-04T05:05:55.6279313Z ✔ real rename completion publishes its new version after lease release and remains one undo operation (3.968611ms)
2026-10-04T05:05:55.6281874Z ✔ DocumentService late save acknowledgement survives preview cancellation and subsequent undo (2.742483ms)
2026-10-04T05:05:55.6285670Z ✔ save, operation state, export, diagnostics and bounded ranges share one published source revision (2.446284ms)
2026-10-04T05:05:55.6290541Z ✔ reload and prepared model adoption reject active previews without changing source, baseline or metadata (2.435042ms)
2026-10-04T05:05:55.6295481Z ✔ an atomic change still notifies the second document if the first notification opens its preview (2.15888ms)
2026-10-04T05:05:55.6300567Z ✔ workspace replacement disposes the original preview model and delayed cleanup cannot restore over its replacement (1.58803ms)
2026-10-04T05:05:55.6304326Z ✔ EditorConfig reads committed source even if its model is displaying a temporary preview (0.715078ms)
2026-10-04T05:05:55.6337104Z ✔ workspace commit forwards cancellation into the real asynchronous Studio resource transaction (24.19543ms)
2026-10-04T05:05:55.6341336Z ✔ closing all views releases the owned preview before any same-model view state is cached (2.082367ms)
2026-10-04T05:05:56.1084585Z ✔ startup target switching preserves each project selected profile and starts that target (12.493334ms)
2026-10-04T05:05:56.1090909Z ✔ current-selection startup and new-instance commands honor the current project selected profile (2.985646ms)
2026-10-04T05:05:56.1096291Z ✔ changing a startup profile preserves its start-without-debugging action (1.405019ms)
2026-10-04T05:05:56.1858407Z ✔ independent areas, browsers and performance all finish after earlier failures without downgrading them (5.457447ms)
2026-10-04T05:05:56.1863281Z ✔ stage selection runs only the selected scopes and preserves browser deadlines and capture-only results (3.648016ms)
2026-10-04T05:05:56.1865595Z ✔ a scope settles and is checkpointed before the next independent scope starts (0.485582ms)
2026-10-04T05:05:56.1867993Z ✔ setup errors remain fatal before any scope starts (0.740515ms)
2026-10-04T05:05:56.1878962Z ✔ a thrown error carrying exit zero remains a failed outcome and a nonzero aggregate (0.420661ms)
2026-10-04T05:05:56.1881297Z ✔ an unsupported lazy-evaluation engine remains an independent failure after all earlier scopes finish (0.652291ms)
2026-10-04T05:05:56.2529056Z ✔ malformed editor JSON fails before any capture starts (9.546381ms)
2026-10-04T05:05:56.2575036Z ✔ both baseline schemas are checked before any capture starts (4.758919ms)
2026-10-04T05:05:56.2631917Z ✔ known editor browser, OS, architecture, Node and CPU mismatches fail before capture (5.657017ms)
2026-10-04T05:05:56.2660384Z ✔ model-only or another browser backend cannot be used as the editor baseline (2.705374ms)
2026-10-04T05:05:56.2721353Z ✔ known workbench runner mismatches fail before editor captures (5.955642ms)
2026-10-04T05:05:56.2754653Z ✔ Python OS and architecture aliases match corresponding known Node runner facts (3.439458ms)
2026-10-04T05:05:56.2770959Z ✔ missing and outside-checkout baseline files fail before capture (1.505857ms)
2026-10-04T05:05:56.2791230Z ✔ empty inputs retain capture mode and the 22-minute outer browser deadline (1.800807ms)
2026-10-04T05:05:56.2825338Z ✔ compatible baselines are read once before capture and reused for comparison (3.378125ms)
2026-10-04T05:05:56.3417934Z ✔ each explicit platform, engine and stage resolves without running a capture (3.260886ms)
2026-10-04T05:05:56.3420413Z ✔ create events always discard baseline and dispatch-style overrides (0.217935ms)
2026-10-04T05:05:56.3422646Z ✔ manual dispatch preserves defaults and exact supplied baseline paths (0.335644ms)
2026-10-04T05:05:56.3425538Z ✔ unrelated creates, tag creates and unsupported event types cannot qualify (0.672399ms)
2026-10-04T05:05:56.3428565Z ✔ the complete branch grammar rejects malformed selection and unsafe or oversized nonces (0.50088ms)
2026-10-04T05:05:56.3432809Z ✔ event and full ref identity must agree for created and manually selected refs (0.455837ms)
2026-10-04T05:05:56.3436080Z ✔ a mutable name, missing SHA or different checked-out commit cannot pass immutable source validation (0.451228ms)
2026-10-04T05:05:56.3438896Z ✔ allocated runner and manual choice values are validated before output (0.393761ms)
2026-10-04T05:05:56.3443753Z ✔ baseline data cannot inject Actions environment records (1.530914ms)
2026-10-04T05:05:56.3499287Z ✔ oversized or malformed event files fail before writing any Actions environment output (11.749904ms)
2026-10-04T05:05:56.8086109Z ✔ deleting a project in the same workspace clears only its profiles and persists a consistent startup snapshot (12.583913ms)
2026-10-04T05:05:56.8092173Z ✔ removing a virtual-default profile selection clears it without requiring a materialized profile map (0.294276ms)
2026-10-04T05:05:57.7352274Z ✔ source Main(string[]) receives flat program argv and defaults to an empty array (102.104455ms)
2026-10-04T05:05:57.7355709Z ✔ source a parameterless entry accepts process argv without injecting method parameters (4.894701ms)
2026-10-04T05:05:57.7360299Z ✔ source top-level args are forwarded through the generated startup wrapper (5.763335ms)
2026-10-04T05:05:57.7372172Z ✔ source module initializers run once before argv forwarding into Main (43.929313ms)
2026-10-04T05:05:57.7375783Z ✔ source async Main retains argv and its integer exit code across an await (17.448288ms)
2026-10-04T05:05:57.7378915Z ✔ source argument arrays survive collection and caller mutation after construction (10.37496ms)
2026-10-04T05:05:57.7380444Z ✔ cil Main(string[]) receives flat program argv and defaults to an empty array (28.195098ms)
2026-10-04T05:05:57.7381864Z ✔ cil a parameterless entry accepts process argv without injecting method parameters (4.923255ms)
2026-10-04T05:05:57.7384615Z ✔ cil top-level args are forwarded through the generated startup wrapper (5.945773ms)
2026-10-04T05:05:57.7391710Z ✔ cil module initializers run once before argv forwarding into Main (15.765202ms)
2026-10-04T05:05:57.7393917Z ✔ cil async Main retains argv and its integer exit code across an await (15.48459ms)
2026-10-04T05:05:57.7730656Z ✔ cil argument arrays survive collection and caller mutation after construction (45.957008ms)
2026-10-04T05:05:57.7740268Z ✔ raw CIL methodToken invocations retain their numeric parameter contract (5.737006ms)
2026-10-04T05:05:57.7746579Z ✔ independently authored CIL string-array entry receives argv without a compiler-specific payload (4.761624ms)
2026-10-04T05:05:58.6288073Z ✔ source reads only its explicit environment, preserving empty values and case-sensitive names (94.947492ms)
2026-10-04T05:05:58.6295447Z ✔ source separate runtimes copy environment values and never observe another application (8.198337ms)
2026-10-04T05:05:58.6298830Z ✔ source a null environment variable name raises a managed ArgumentNullException (4.741226ms)
2026-10-04T05:05:58.6302559Z ✔ cil reads only its explicit environment, preserving empty values and case-sensitive names (24.235194ms)
2026-10-04T05:05:58.6305764Z ✔ cil separate runtimes copy environment values and never observe another application (12.126483ms)
2026-10-04T05:05:58.6310313Z ✔ cil a null environment variable name raises a managed ArgumentNullException (5.81451ms)
2026-10-04T05:05:58.6313550Z ✔ environment mutation and OS target overloads report unsupported source members (16.484919ms)
2026-10-04T05:05:58.6317108Z ✔ independent managed CIL resolves the registered process environment signature and refuses mutation (4.173923ms)
2026-10-04T05:05:59.0559234Z ✔ program argument normalization copies and freezes strings including empty and Unicode values (1.94357ms)
2026-10-04T05:05:59.0563185Z ✔ argument count, individual size, total size, primitive type and null bytes have explicit limits (0.653895ms)
2026-10-04T05:05:59.0570114Z ✔ environment normalization has private storage and never inherits host or prototype entries (0.36642ms)
2026-10-04T05:05:59.0576158Z ✔ environment names, types, prototypes, per-entry and total sizes reject before launch (1.696381ms)
2026-10-04T05:05:59.0582184Z ✔ process argv cannot replace raw parameters of an explicitly selected method (0.492445ms)
2026-10-04T05:05:59.0586737Z ✔ launch profiles use the same bounds and advertise only the implemented environment capability (0.55457ms)
2026-10-04T05:05:59.5461233Z ✔ injected RuntimeTools keeps existing profile grants and target launches do not inherit the active app settings (12.101337ms)
2026-10-04T05:05:59.5463891Z ✔ profile settings apply to the next project launch only without rebuilding or mutating existing apps (4.55469ms)
2026-10-04T05:05:59.5468348Z ✔ session settings remain scoped through active-app switches and only take effect on that app restart (3.473792ms)
2026-10-04T05:05:59.5472109Z ✔ profile and session revocation stop only the explicitly associated applications (4.818639ms)
2026-10-04T05:05:59.5474145Z ✔ settings requests capture the chosen app and do not fall back to a foreign active session (2.699404ms)
2026-10-04T05:05:59.5520188Z ✔ late metrics cannot repaint a newly selected settings target (6.746691ms)
2026-10-04T05:05:59.5525647Z ✔ target selector values are stable and invalid settings do not change any target (1.574314ms)
2026-10-04T05:05:59.5528813Z ✔ only an actual loose-source language change schedules its project compilation (1.220928ms)
2026-10-04T05:05:59.5532748Z ✔ legacy hosts retain the RuntimeTools API with explicitly isolated default settings (0.454625ms)
2026-10-04T05:06:00.7556917Z ✔ real source worker consumes a complete launch profile (533.037963ms)
2026-10-04T05:06:01.2675604Z ✔ real source workers isolate argv, environment and stop commands despite equal local serials (516.203431ms)
2026-10-04T05:06:01.6896450Z ✔ real source worker rejects malformed replacement settings without retiring its paused session (422.33488ms)
2026-10-04T05:06:02.0980335Z ✔ real direct CIL worker consumes a complete launch profile (406.234875ms)
2026-10-04T05:06:02.5984547Z ✔ real direct CIL workers isolate argv, environment and stop commands despite equal local serials (503.134143ms)
2026-10-04T05:06:03.0048064Z ✔ real direct CIL worker rejects malformed replacement settings without retiring its paused session (410.619859ms)
2026-10-04T05:06:03.5003624Z ✔ session recovery exports only deterministic startup and non-executable profile metadata (16.118966ms)
2026-10-04T05:06:03.5009068Z ✔ ZIP and extracted-folder manifests retain metadata while dropping hostile executable fields (5.730092ms)
2026-10-04T05:06:03.5014086Z ✔ invalid recovery projects, libraries, selections and profile references fail before either live owner changes (2.773641ms)
2026-10-04T05:06:03.5018431Z ✔ recovery staging is immutable, single-use and notifies observers only after both owners commit (1.77697ms)
2026-10-04T05:06:03.5031826Z ✔ prospective recovery validates before workspace replacement and commits only to that loaded project set (2.193624ms)
2026-10-04T05:06:03.5033245Z ✔ legacy records without session metadata are no-ops, while malformed versions, paths and bounds are rejected (1.065017ms)
2026-10-04T05:06:03.5609283Z ✔ session state lint detects direct, computed, compound, destructuring and prefix writes (3.225921ms)
2026-10-04T05:06:03.5615434Z ✔ session state lint excludes reads, equality, strings, comments and unrelated state properties (0.884192ms)
2026-10-04T05:06:03.5620812Z ✔ session state lint accepts only explicitly inventoried owners and includes stable diagnostics (0.435388ms)
2026-10-04T05:06:04.0307751Z ✔ Processes row controls affect only that row across active-application changes (15.572931ms)
2026-10-04T05:06:04.0317628Z ✔ Debug Location process/thread/frame selection owns its locals and does not navigate a background app (4.020397ms)
2026-10-04T05:06:04.0319748Z ✔ status and title announce a meaning change once and ignore repeated output/state events (2.019421ms)
2026-10-04T05:06:04.2552042Z ✔ status updates read model positions and EOL metadata without flattening a 100 MB document (1.923342ms)
2026-10-04T05:06:04.2555190Z ✔ status visual columns distinguish tabs, CJK, zero-width clusters and UTF-16 characters (2.230131ms)
2026-10-04T05:06:04.2802498Z ✔ status uses cancellable exact model columns and ignores stale carets without flattening source (5.57288ms)
2026-10-04T05:06:04.2804319Z ✔ reading one setting preserves workspace null overrides without cloning unrelated layouts (1.817755ms)
2026-10-04T05:06:04.2807103Z ✔ Solution Explorer filtering never reads document content synchronously (1.614369ms)
2026-10-04T05:06:04.2810474Z ✔ definition range reads stay bounded at a caret near the end of a large indexed document (1.513771ms)
2026-10-04T05:06:04.2812263Z ✔ Explorer content searches retain actual worker URI matches and reject stale or cancelled results (1.207823ms)
2026-10-04T05:06:04.2816737Z ✔ automatic recovery and bookmark construction never materialize a 100 MB model-backed file (1.037596ms)
2026-10-04T05:06:04.2819824Z ✔ existing recovery is retained until the user restores or discards it (0.480272ms)
2026-10-04T05:06:04.2823134Z ✔ bookmark edit transformation handles several pre-edit coordinates and wraps across files (8.234052ms)
2026-10-04T05:06:04.2827596Z ✔ Output filters project and session identity from shared channel entries (0.833579ms)
2026-10-04T05:06:04.2831664Z ✔ Find Results changes retained project or session scope without requesting another search (0.281923ms)
2026-10-04T05:06:04.2833502Z ✔ locked result windows remain bounded without silently discarding retained results (1.659081ms)
2026-10-04T05:06:04.2835931Z ✔ regex replacement retains lookbehind, named captures and original string substitutions (1.899066ms)
2026-10-04T05:06:04.2838791Z ✔ keyboard removal applies to default ids before conflict calculation (1.15248ms)
2026-10-04T05:06:04.2843235Z ✔ provider failures terminate queued test state instead of leaving a run in progress (0.79183ms)
2026-10-04T05:06:04.3648055Z ✔ menu palette and command window share contextual enablement and the same handler (3.775832ms)
2026-10-04T05:06:04.3652466Z ✔ when parser handles precedence and rejects malformed executable input and nesting (1.27092ms)
2026-10-04T05:06:04.3655602Z ✔ command contributions rollback conflicts and restore replaced handlers (0.600445ms)
2026-10-04T05:06:04.3660021Z ✔ command parser preserves quoted arguments without evaluating expressions (0.77022ms)
2026-10-04T05:06:04.3664404Z ✔ 10000 hidden output invalidations produce no render or scheduled frame (1.070148ms)
2026-10-04T05:06:04.3669626Z ✔ performance records exact per-session percentiles and enforces relative budgets (1.154804ms)
2026-10-04T05:06:04.3674066Z ✔ lazy activation cancellation never resolves a mount and successful module loads cache once (0.759971ms)
2026-10-04T05:06:04.3679215Z ✔ two concurrent tasks cancel independently and keep truthful cancelling state (1.5726ms)
2026-10-04T05:06:04.8544851Z ✔ workbench inventory matches every registered shell window and command (23.34682ms)
2026-10-04T05:06:04.8549762Z ✔ performance budget comparison fails absolute and twenty-percent p95 regressions (1.738458ms)
2026-10-04T05:06:04.8553663Z ✔ performance comparison rejects absent, duplicate and unreported metric obligations (0.785348ms)
2026-10-04T05:06:04.8561087Z ✔ performance comparison rejects invalid or fabricated statistics and mismatched captures (1.304643ms)
2026-10-04T05:06:04.8562274Z ✔ capture-only performance assessment never invents a relative regression verdict (0.562384ms)
2026-10-04T05:06:04.9330126Z ✔ recent workspace remembering retains metadata and never enumerates source or disk records (2.053293ms)
2026-10-04T05:06:04.9333594Z ✔ opening the current workspace activates it without reading recovery or requiring permission (0.432393ms)
2026-10-04T05:06:04.9337294Z ✔ recovery preparation preserves file bytes, encoding, BOM and unsaved source metadata (2.042654ms)
2026-10-04T05:06:04.9341032Z ✔ recent opening uses the matching previous recovery and confirms actual workspace identity (0.633156ms)
2026-10-04T05:06:04.9345124Z ✔ samples require a provider-confirmed open instead of treating an unchanged workspace as success (0.726699ms)
2026-10-04T05:06:04.9349092Z ✔ missing recent files request permission explicitly and cancellation preserves the pinned MRU (0.593843ms)
2026-10-04T05:06:04.9353876Z ✔ recovery bounds, corrupt data and cancelled providers fail before recent success is published (0.996471ms)
2026-10-04T05:06:05.2091410Z ✔ search supports captures literal metacharacters exact versions whole words and bounded empty regex matches (4.289316ms)
2026-10-04T05:06:05.2097808Z ✔ replacement preview skips changed documents and preserves unchecked matches as one batch per document (1.585314ms)
2026-10-04T05:06:05.2101981Z ✔ worker cancellation terminates a pathological query without affecting a second results instance (0.957318ms)
2026-10-04T05:06:05.2107062Z ✔ workspace symbol results reject superseded requests and changed document versions (0.494208ms)
2026-10-04T05:06:05.2110729Z ✔ Error List combines source scope severity search and sort over 5000 real diagnostic records (4.45823ms)
2026-10-04T05:06:05.2115608Z ✔ Output model bounds 100000 line inputs and compiler message links preserve location (70.362444ms)
2026-10-04T05:06:05.2121433Z ✔ bookmarks move with source insertions and locked reference results remain unchanged (1.477134ms)
2026-10-04T05:06:05.4304672Z ✔ old settings migrate once and corrupt settings notify then recover defaults (2.761869ms)
2026-10-04T05:06:05.4308842Z ✔ settings transaction rejects invalid data and persistence failure before publishing (1.891613ms)
2026-10-04T05:06:05.4310687Z ✔ line-ending normalization stays opt-in across theme changes and rejects invalid settings (0.836884ms)
2026-10-04T05:06:05.4312444Z ✔ workspace preferences override user scope and exported profiles omit secrets recursively (1.248248ms)
2026-10-04T05:06:05.4315460Z ✔ keyboard conflicts include default bindings and distinguish scopes (1.239652ms)
2026-10-04T05:06:05.4321533Z ✔ keyboard Options shares native chord-prefix conflicts and shifted punctuation notation (0.532348ms)
2026-10-04T05:06:05.4326508Z ✔ configuration manager applies release selection only to enabled project mappings (1.471142ms)
2026-10-04T05:06:05.4327924Z ✔ recent files retain pinning and prune missing sources (0.774168ms)
2026-10-04T05:06:05.4331630Z ✔ notifications survive toast expiry and unread/dismissal are independent (2.063152ms)
2026-10-04T05:06:05.4334479Z ✔ external change prompts once per disk version and recovery contains only document data (1.393388ms)
2026-10-04T05:06:05.4337140Z ✔ dropped file import bounds count and total bytes (0.500058ms)
2026-10-04T05:06:05.5033136Z ✔ theme gate detects hex and numeric functional colors inside declarations, fallbacks, gradients and nested rules (3.927284ms)
2026-10-04T05:06:05.5069510Z ✔ theme gate ignores selectors, comments, strings, URL fragments and identifiers that are not color tokens (0.319613ms)
2026-10-04T05:06:05.5084749Z ✔ only explicit token files may define literal palette values; token files cannot hide painted rules (0.318342ms)
2026-10-04T05:06:05.5085868Z ✔ theme gate fails closed on malformed CSS and validates empty and non-string input boundaries (0.58159ms)
2026-10-04T05:06:05.5785741Z ✔ all Studio styles pass the color gate and extracted paint and token styles have explicit cascade order (78.004957ms)
2026-10-04T05:06:05.6041983Z ✔ the migration preserves every legacy dark/light paint value, geometry declaration and ordered override (25.515527ms)
2026-10-04T05:06:05.6243047Z ✔ Light keeps its authored palette, Blue keeps syntax distinctions, and contrast modes resolve every legacy token (19.828795ms)
2026-10-04T05:06:05.6245961Z ✔ system theme follows OS changes immediately and disposal removes its media listener (0.494428ms)
2026-10-04T05:06:05.9264059Z ✔ Task List scans real C# comment trivia and ignores literal task words (7.688608ms)
2026-10-04T05:06:05.9268097Z ✔ class hierarchy attaches members to their actual project and namespace (0.499047ms)
2026-10-04T05:06:05.9382309Z ✔ Object Browser uses actual registered List metadata and method signatures (62.157978ms)
2026-10-04T05:06:05.9384167Z ✔ test provider subset runs emit incremental states and produce hierarchical results (1.77155ms)
2026-10-04T05:06:05.9386529Z ✔ test cancellation signals only its current provider operation and preserves terminal results (0.437582ms)
2026-10-04T05:06:05.9388349Z ✔ call hierarchy expands lazily and rejects changed source versions (1.239151ms)
2026-10-04T05:06:05.9390776Z ✔ diagnostic session timelines remain separate and heap diffs use actual census data (1.013452ms)
2026-10-04T05:06:05.9392622Z ✔ toolbox providers select the actual active document kind (0.455196ms)
2026-10-04T05:06:06.0218109Z ✔ packager binds classic format to lazily allocated closed worker URLs, including nested workers (22.936567ms)
2026-10-04T05:06:06.4875677Z ✔ both main menu surfaces expose startup configuration, a new instance, and Stop All (4.798401ms)
2026-10-04T05:06:06.4877574Z ✔ configuration aliases and auxiliary session commands reuse their registered host actions (1.548105ms)
2026-10-04T05:06:06.4881552Z ✔ explicit project invocation overrides ambient selection without changing startup or launch profiles (1.243349ms)
2026-10-04T05:06:06.4883678Z ✔ a host without an execution override still launches the explicit project using its selected profile (0.805897ms)
2026-10-04T05:06:06.4887293Z ✔ library, missing and empty targets cannot silently fall back to the startup project (1.791017ms)
2026-10-04T05:06:06.4890651Z ✔ new-instance availability refreshes native, Hot Reload and pending-launch explanations (0.847113ms)
2026-10-04T05:06:06.4895861Z ✔ Stop All is enabled for live sessions or pending launches and uses the host cancellation path (0.766043ms)
2026-10-04T05:06:06.4898770Z ✔ startup configuration is disabled when no projects remain (0.675424ms)
2026-10-04T05:06:06.4902622Z ✔ Explorer solution and project menus route the exact selected node through the public aliases (2.536892ms)
2026-10-04T05:06:06.4905483Z ✔ Explorer uses current registry reasons and preserves native build, restore and evaluate availability (0.939796ms)
2026-10-04T05:06:06.4907270Z ✔ aborted invocations do not start and disposal restores a previously registered command (0.805015ms)
2026-10-04T05:06:06.9848340Z ✔ startup modes validate libraries/unknown projects and serialize in deterministic order (3.056356ms)
2026-10-04T05:06:06.9855019Z ✔ profiles isolate project settings, return copies and exclude grants/environment from exported preferences (1.282352ms)
2026-10-04T05:06:06.9857359Z ✔ startup builds dependencies once, preserves configured order and starts independent roots after one failure (9.095182ms)
2026-10-04T05:06:06.9859970Z ✔ two successful startup roots keep independent session resources and restart commands use explicit context (5.140938ms)
2026-10-04T05:06:06.9862088Z ✔ workbench disposal terminates every owned worker without closing another workbench (2.811041ms)
2026-10-04T05:06:06.9863949Z ✔ default build snapshots use current shared document revisions without changing source descriptors (1.660244ms)
2026-10-04T05:06:06.9869366Z ✔ source and managed IL profiles forward program argv separately from method parameters (3.494931ms)
2026-10-04T05:06:06.9870883Z ✔ an explicitly restricted external launch target refuses unsupported profile capabilities (3.950407ms)
2026-10-04T05:06:06.9874554Z ✔ concurrent starts queue one shared project build and keep independent application instances (1.42683ms)
2026-10-04T05:06:06.9878415Z ✔ failed startup preference storage leaves the previous configuration intact (0.421433ms)
2026-10-04T05:06:07.4702031Z ✔ Set as Startup Project preserves both selected profiles and the toolbar agrees with the next F5 launch (21.722091ms)
2026-10-04T05:06:07.4709722Z ✔ Set as Startup Project uses the real default profile when no per-project choice exists (4.102328ms)
2026-10-04T05:06:07.4713861Z ✔ invalid or library startup targets leave the selected project and profile unchanged (3.204081ms)
2026-10-04T05:06:07.5301392Z ✔ session state lint detects direct, computed, compound, destructuring and prefix writes (3.247702ms)
2026-10-04T05:06:07.5306891Z ✔ session state lint excludes reads, equality, strings, comments and unrelated state properties (0.940788ms)
2026-10-04T05:06:07.5313050Z ✔ session state lint accepts only explicitly inventoried owners and includes stable diagnostics (0.449414ms)
2026-10-04T05:06:07.7422728Z ✔ all Studio modules keep direct debug-state writes inside session owners (214.662252ms)
2026-10-04T05:06:07.8255202Z ✔ static named/re-export graph initializes dependencies first and lazy graph stays cold until one microtask (18.433855ms)
2026-10-04T05:06:07.8311001Z ✔ lexical transforms leave literal/comment/regex text unchanged and handle nested template expressions (5.725183ms)
2026-10-04T05:06:07.8361418Z ✔ dynamic cycles are deferred and repeated evaluation failures keep their original error identity (5.112484ms)
2026-10-04T05:06:07.8394529Z ✔ the known Node worker adapter cannot trigger dynamic code loading from a browser bundle (3.251388ms)
2026-10-04T05:06:07.8550099Z ✔ computed/unresolved imports, mutable exports, static cycles and missing or ambiguous names fail at build time (15.512209ms)
2026-10-04T05:06:07.8576150Z ✔ graph containment checks real paths, including symlinks (2.576325ms)
2026-10-04T05:06:07.8735621Z ✔ standalone hashes exact code and lazily embeds actual worker dependencies, including nested workers (15.068865ms)
2026-10-04T05:06:07.8784483Z ✔ recursive worker graphs and worker URLs outside the asset root are rejected before packaging (5.585093ms)
2026-10-04T05:06:08.0813790Z ✔ actual TaskCenter Cancel aborts its whole two-project queue and leaves an independent queue running (12.407712ms)
2026-10-04T05:06:08.0870268Z ✔ a queued second operation for the same project survives cancellation of the first captured queue (3.631214ms)
2026-10-04T05:06:08.0912287Z ✔ a completed task callback cannot cancel the next project or a later build with the same project id (3.470685ms)
2026-10-04T05:06:08.0915100Z ✔ TaskCenter cancellation during its started notification sends no request and skips the rest of the queue (1.972614ms)
2026-10-04T05:06:08.0952645Z ✔ standalone build cancellation preserves the other worker and disposal settles only tracked operations (5.122924ms)
2026-10-04T05:06:08.0966000Z ✔ build task quota cancels only the untrackable queue and reports the refusal (1.732116ms)
2026-10-04T05:06:08.6559277Z ✔ startup toolbar selection changes the explicit compiler project while background work retains it (16.584661ms)
2026-10-04T05:06:08.6561710Z ✔ Studio routes language requests by document membership without selecting background projects (3.170488ms)
2026-10-04T05:06:08.6564668Z ✔ workspace replacement clears former project memberships, sessions and launch profiles (6.634541ms)
2026-10-04T05:06:08.6567828Z ✔ Studio language providers preserve originating versions and resolve the requested target document (7.021538ms)
2026-10-04T05:06:08.6570382Z ✔ workspace record metadata does not read source text and explicit reads retain the captured snapshot (3.913338ms)
2026-10-04T05:06:08.6573628Z ✔ partial disk saves acknowledge only written snapshots and keep edits made during I/O dirty (4.188839ms)
2026-10-04T05:06:08.6576031Z ✔ start new instance keeps existing applications and launches the selected profile (4.667037ms)
2026-10-04T05:06:08.6579276Z ✔ silent Studio builds leave large documents available without sending them to the compiler (51.594479ms)
2026-10-04T05:06:08.6582352Z ✔ Studio source policy admits 501 files and a 200 MiB buffer and rejects bounded overflow (0.93163ms)
2026-10-04T05:06:08.6584770Z ✔ launch fields preserve literal arguments and equals signs and reject invalid or duplicate environment entries (0.655067ms)
2026-10-04T05:06:08.6588342Z ✔ breakpoint remapping applies several ordered source changes against their captured versions (2.274404ms)
2026-10-04T05:06:09.1899707Z ✔ actual project loading publishes warnings into Error List without failing a build or leaking to project B (12.711999ms)
2026-10-04T05:06:09.1903082Z ✔ loader errors block only their project and appear once under their producer; reevaluation removes only obsolete entries (10.466417ms)
2026-10-04T05:06:09.1907818Z ✔ real designer source synchronization publishes protected-expression warnings and errors under the captured source owner (22.677396ms)
2026-10-04T05:06:09.1909979Z ✔ source edits, project removal and disposal invalidate designer reports without erasing other producers (3.184363ms)
2026-10-04T05:06:09.1911492Z ✔ an asynchronous designer failure cannot replace a new link or attribute the old failure to its new project (15.719033ms)
2026-10-04T05:06:09.4391571Z ✔ A19 utf-8 observation uses the granted handle and preserves encoding through reload and the next save (46.403118ms)
2026-10-04T05:06:09.4667640Z ✔ A19 utf-16le observation uses the granted handle and preserves encoding through reload and the next save (27.986606ms)
2026-10-04T05:06:09.4949170Z ✔ A19 utf-16be observation uses the granted handle and preserves encoding through reload and the next save (27.746469ms)
2026-10-04T05:06:09.5119750Z ✔ A19 a Save As target overrides the original workspace handle and receives the accepted baseline (16.765516ms)
2026-10-04T05:06:09.5193037Z ✔ A19 an empty no-BOM UTF-16 observation remains an editable zero-byte source after reload (7.584947ms)
2026-10-04T05:06:09.5251210Z ✔ A19 same-URI workspace replacement and later editor edits both invalidate an old observation (5.700607ms)
2026-10-04T05:06:09.5342792Z ✔ A19 confirmation cannot overwrite a replacement document, a later edit, or a changed target (9.122963ms)
2026-10-04T05:06:09.5407183Z ✔ A19 declined confirmation and read-only models leave both document and disk baselines intact (6.315359ms)
2026-10-04T05:06:09.5506785Z ✔ A19 disk changes occurring after a prompt are rechecked before changing the editor (9.905545ms)
2026-10-04T05:06:09.5657108Z ✔ A19 postcommit listener errors report committed state and preserve the matching save baseline (14.838267ms)
2026-10-04T05:06:09.5697561Z ✔ A19 disposed and cancelled observers do not publish a pending handle read or reload prompt (3.935939ms)
2026-10-04T05:06:09.5720614Z ✔ A19 a replaced target or record during decoding returns no stale observation (2.402913ms)
2026-10-04T05:06:09.5744752Z ✔ A19 cancellation during a decoded chunk prevents observation publication and leaves the document unchanged (2.301755ms)
2026-10-04T05:06:09.7705999Z ✔ A19 watch reads admit exactly 8,000,000 decoded characters and reject larger or invalid encodings (195.923261ms)
2026-10-04T05:06:09.8198356Z ✔ A19 automatic reads reject an oversized byte descriptor without slicing or reading lazy editor text (49.358296ms)
2026-10-04T05:06:09.8981609Z ✔ initial document sync activates the selected primary view and opens other tabs in the background (3.123982ms)
2026-10-04T05:06:09.8987593Z ✔ dirty document sync preserves its active secondary view and a different URI explicitly changes it (2.066468ms)
2026-10-04T05:06:09.8995663Z ✔ background document sync preserves selected application or tool without changing group selection (0.709006ms)
2026-10-04T05:06:09.9000388Z ✔ removing the active document returns to a surviving source and unregisters its secondary views (0.880365ms)
2026-10-04T05:06:09.9004546Z ✔ initial restore keeps the persisted secondary document selection (1.990346ms)
2026-10-04T05:06:10.1320554Z ✔ horizontal host split creates one bottom group beside the original, with no intermediate vertical or empty group (12.981388ms)
2026-10-04T05:06:10.1324408Z ✔ vertical host split and default New Window retain one right-hand shared view (2.563481ms)
2026-10-04T05:06:10.1329027Z ✔ new views anchor to the requested source group instead of the first document group (1.623074ms)
2026-10-04T05:06:10.1335099Z ✔ Vim split filename opens that workspace source and moves its exact panel beside the original once (1.441657ms)
2026-10-04T05:06:10.1337424Z ✔ a split path naming the current source clones its view and does not perform an unnecessary open (0.968568ms)
2026-10-04T05:06:10.1340073Z ✔ invalid or non-workspace split paths fail before any open, group change or new view (1.345379ms)
2026-10-04T05:06:10.1344651Z ✔ a cancelled or failing workspace opener creates no split (1.47ms)
2026-10-04T05:06:10.1349488Z ✔ invalid split axes and missing original groups cannot allocate secondary views (1.043147ms)
2026-10-04T05:06:10.1354082Z ✔ removing the original group during an asynchronous source open reports the stale target without an extra view (0.975712ms)
2026-10-04T05:06:10.6335586Z ✔ actual Explorer rows expose multiple startup, running, paused and building states with descriptive accessible names (22.764644ms)
2026-10-04T05:06:10.6338521Z ✔ background session changes preserve tree selection and unchanged statistics do not redraw rows or read source records (5.21755ms)
2026-10-04T05:06:10.6343524Z ✔ a normal Explorer tree rebuild retains current badges and disposing the adapter releases every subscription (3.232202ms)
2026-10-04T05:06:10.6347973Z ✔ current-selection startup decorations follow the actual active document membership without selecting another project (2.481288ms)
2026-10-04T05:06:10.6352527Z ✔ recycled ordinary tree rows remove a former project accessible label (2.009051ms)
2026-10-04T05:06:11.1438486Z ✔ an Explorer host commit retains unchanged models and their saved baselines, including unsaved siblings (34.250699ms)
2026-10-04T05:06:11.1606360Z ✔ dirty Explorer rename and undo preserve source roots, baseline history, active tabs and breakpoints (17.452913ms)
2026-10-04T05:06:11.1699489Z ✔ document reset subscribers observe the same project XML, membership and active source as the Explorer commit (9.205105ms)
2026-10-04T05:06:11.1814669Z ✔ Explorer opening guard preserves edits made during asynchronous workspace preflight (11.896143ms)
2026-10-04T05:06:11.1867281Z ✔ Explorer host rejects a superseding workspace revision before adopting its staged source models (6.379358ms)
2026-10-04T05:06:11.6818954Z ✔ a cancelled late JSON file read cannot acquire a newer ticket or replace the succeeding workspace (20.326299ms)
2026-10-04T05:06:11.6894543Z ✔ bundle import retains source overrides, encoding/BOM, folders and zero-length binary entries (5.97137ms)
2026-10-04T05:06:11.6897609Z ✔ sample reset observers see the matching source, workspace metadata and cleared old artifacts (3.669595ms)
2026-10-04T05:06:11.7032052Z ✔ stale assembly completion cannot replace a workspace opened during compiler import (4.705559ms)
2026-10-04T05:06:11.7035533Z ✔ successful assembly reset never pairs imported documents with previous build artifacts (2.628862ms)
2026-10-04T05:06:11.7040289Z ✔ metadata reads use the captured browser handle or native client and return actual bounded bytes (1.568683ms)
2026-10-04T05:06:11.7042826Z ✔ a browser metadata read rejects after its owning disk changes while getFile is pending (1.226097ms)
2026-10-04T05:06:11.7045629Z ✔ pending native metadata rejects a change to native client (1.314651ms)
2026-10-04T05:06:11.7048565Z ✔ pending native metadata rejects a change to backend mode (1.091327ms)
2026-10-04T05:06:11.7052474Z ✔ pending native metadata rejects a change to workspace epoch (1.111043ms)
2026-10-04T05:06:11.7056057Z ✔ metadata cancellation and advertised byte limits stop before consuming an oversized file (1.084024ms)
2026-10-04T05:06:11.9794426Z ✔ public shortcut utilities share native event normalization with the Options recorder (2.200146ms)
2026-10-04T05:06:11.9797393Z ✔ invalid keyboard assignments, removal syntax and profile IDs never replace active state (27.092535ms)
2026-10-04T05:06:11.9800262Z ✔ custom commands override defaults exactly once and remain visible to command menus (8.603417ms)
2026-10-04T05:06:11.9803999Z ✔ removing one native chord leaves other chords sharing its prefix available (7.779437ms)
2026-10-04T05:06:11.9812202Z ✔ a removed global exact key does not intercept an editor chord using its prefix (4.060782ms)
2026-10-04T05:06:11.9814352Z ✔ a removal follows command and scope across profile changes without suppressing a different command on the key (7.894692ms)
2026-10-04T05:06:11.9816413Z ✔ dynamic binding disposers remain valid after atomic table swaps and reject duplicate IDs (7.501391ms)
2026-10-04T05:06:11.9818314Z ✔ keyboard conflict data excludes removed defaults and includes cross-scope prefix overlap (3.993978ms)
2026-10-04T05:06:11.9819879Z ✔ popup installation handles global shortcuts once, releases listeners and leaves dialogs alone (2.493291ms)
2026-10-04T05:06:11.9822036Z ✔ attached command availability is explicit without an editor and closing a view detaches its filter (3.34385ms)
2026-10-04T05:06:12.9443857Z ✔ Studio direct ownership excludes dependency-only membership and retains genuine linked-file owners (15.74999ms)
2026-10-04T05:06:12.9447025Z ✔ composed project Fix All changes owned sources through real compiler validation without editing a dependency (130.020437ms)
2026-10-04T05:06:12.9452090Z ✔ composed solution Fix All deduplicates linked sources and preserves preview-only ownership (30.000074ms)
2026-10-04T05:06:12.9456767Z ✔ reference and test lenses compose while test resolve/run use the actual owning provider and TaskCenter (9.130146ms)
2026-10-04T05:06:12.9459185Z ✔ explicit linked-file context runs only its selected test owner, while ambiguous inferred ownership remains hidden (6.155762ms)
2026-10-04T05:06:12.9461818Z ✔ non-test lens commands forward the real host command and its argument without running a test (7.267517ms)
2026-10-04T05:06:12.9467331Z ✔ cancelling pending semantic lenses prevents the test provider from publishing combined results (5.46524ms)
2026-10-04T05:06:12.9469789Z ✔ removed test providers and changed direct ownership cannot execute retained CodeLens commands (5.229061ms)
2026-10-04T05:06:13.0704113Z ✔ cold Studio registers every facade without importing tools or activating native integration (5.252204ms)
2026-10-04T05:06:13.0716707Z ✔ first commands and panels instantiate each actual controller once and share native settings (3.187409ms)
2026-10-04T05:06:13.0732448Z ✔ visible restored panels activate only their feature and repeated layout events do not rerender (1.461233ms)
2026-10-04T05:06:13.0749223Z ✔ loading coalesces latest mount and disposal prevents late construction or DOM changes (1.638773ms)
2026-10-04T05:06:13.0773038Z ✔ module failure presents an actionable retry and a successful retry mounts the real controller (1.198956ms)
2026-10-04T05:06:13.0776384Z ✔ capability presence permits only native first activation; canonical client still validates the token (0.613109ms)
2026-10-04T05:06:13.0779053Z ✔ designer automation waits for first activation and preserves synchronous loaded document calls (0.580688ms)
2026-10-04T05:06:13.5971258Z ✔ actual view disposal and shell listeners preserve replacement model ownership at New.cs (33.257965ms)
2026-10-04T05:06:13.6090611Z ✔ actual view disposal and shell listeners preserve replacement model ownership at Old.cs (11.804372ms)
2026-10-04T05:06:13.6092519Z ✔ a genuine membership listener failure remains observable after the view ownership correction (2.920433ms)
2026-10-04T05:06:13.6864597Z ✔ actual focused view wins while dock activation is ahead of Studio editor installation (5.154052ms)
2026-10-04T05:06:13.6870604Z ✔ nested open callbacks add one departure and one actual jump, retaining view identity (1.47501ms)
2026-10-04T05:06:13.6875496Z ✔ ordinary caret movement does not create a jump and a failed open does not add a destination (1.318098ms)
2026-10-04T05:06:13.6879713Z ✔ direct window navigation and toolbar navigation replay the same history without recording activation (1.713573ms)
2026-10-04T05:06:13.6884154Z ✔ dropdown entries replay the shared history and clear invalidates in-progress tokens (1.476302ms)
2026-10-04T05:06:13.7575532Z ✔ five actual Studio preview opens reuse one tab and retain ordered jump history (8.63164ms)
2026-10-04T05:06:13.7582260Z ✔ failed preview destinations do not enter history or block the next valid navigation (1.823407ms)
2026-10-04T05:06:14.2237479Z ✔ background build failure never reveals a tool or changes user intent (9.076046ms)
2026-10-04T05:06:14.2270357Z ✔ an explicit build reveals its errors only while the initiating navigation remains current (7.042499ms)
2026-10-04T05:06:14.2296403Z ✔ an explicit build cannot reveal results for a project that is no longer selected (2.203672ms)
2026-10-04T05:06:14.2352552Z ✔ late launch completion and stop-on-entry navigation respect a newer tool selection (5.728349ms)
2026-10-04T05:06:14.2555452Z ✔ a pending new-instance launch cannot replace an explicitly selected existing application (3.298947ms)
2026-10-04T05:06:14.2557587Z ✔ a current launch may reveal its source and application without invalidating its own ticket (2.172625ms)
2026-10-04T05:06:14.2560086Z ✔ faults, exits and verified-symbol source cannot override later user navigation (2.111161ms)
2026-10-04T05:06:14.2562967Z ✔ current active-session faults may reveal output while foreign owners and worker serials are rejected (2.669608ms)
2026-10-04T05:06:14.2565548Z ✔ continuing after navigation captures a new action without reviving earlier paused events (2.371444ms)
2026-10-04T05:06:14.2569770Z ✔ restart follows the new epoch while the previous worker identity remains unable to reveal (2.602804ms)
2026-10-04T05:06:14.2574039Z ✔ registered debug commands refresh follow intent; cancelled or unavailable commands do not authorize reveals (2.460099ms)
2026-10-04T05:06:14.2577861Z ✔ main and detached document navigation invalidate pending reveals and listeners are disposed (1.034621ms)
2026-10-04T05:06:14.2581867Z ✔ an explicit target starts even when the selected build project is a library (1.585314ms)
2026-10-04T05:06:14.2639262Z ✔ stopping a pending launch revokes its later reveal without leaving an activation callback in worker options (8.939672ms)
2026-10-04T05:06:14.7574633Z ✔ Studio bulk save follows the successful Save As handle and leaves the original file untouched (29.573222ms)
2026-10-04T05:06:14.7690856Z ✔ bulk I/O cannot reconcile a replacement document with the same URI and version (8.064838ms)
2026-10-04T05:06:14.7695433Z ✔ disposing StudioSave cancels an outstanding picker without retaining targets or refreshing documents (2.303638ms)
2026-10-04T05:06:14.7701396Z ✔ native workspaces reject browser Save As before asking for a destination (1.98167ms)
2026-10-04T05:06:14.7717097Z ✔ document save acquires its picker synchronously and commits the exact asynchronously normalized capture (4.305766ms)
2026-10-04T05:06:15.2587967Z ✔ file picker opens synchronously exactly once and passes its original ticket into real workspace adoption (20.962079ms)
2026-10-04T05:06:15.2643190Z ✔ a superseded picker late change cannot invoke import or acquire a newer ticket (6.540306ms)
2026-10-04T05:06:15.2706228Z ✔ an uncancellable late reader keeps the original ticket and cannot replace a newer workspace (6.389696ms)
2026-10-04T05:06:15.2764564Z ✔ cancel removes the abort listener, releases an owned ticket, and permits a new picker (4.53389ms)
2026-10-04T05:06:15.2768323Z ✔ cancelling a borrowed ticket leaves ownership with the caller and creates no duplicate picker ticket (1.567471ms)
2026-10-04T05:06:15.2823953Z ✔ disposal rejects an open picker and removes all input and ticket listeners before late events (5.900839ms)
2026-10-04T05:06:15.2856457Z ✔ a direct nonempty input change begins once without opening a second native picker (3.800047ms)
2026-10-04T05:06:15.2904001Z ✔ an empty unsolicited change cannot supersede an independent pending workspace operation (1.241174ms)
2026-10-04T05:06:15.2908318Z ✔ read-only ownership rejects before opening the browser picker (2.499332ms)
2026-10-04T05:06:15.2910544Z ✔ consumer failure reports the actual error and releases its ticket without changing documents (1.255883ms)
2026-10-04T05:06:15.8231833Z ✔ workspace replacement publishes one valid layout before real retained content is resolved (44.144563ms)
2026-10-04T05:06:15.8369954Z ✔ same-URI replacement refreshes primary and split view content even when the layout is unchanged (14.695291ms)
2026-10-04T05:06:15.8533421Z ✔ incremental replacement removes split, floating, popout and closed source views without replacing surviving owners (16.780764ms)
2026-10-04T05:06:15.8626357Z ✔ an empty source workspace retains its selected tool and does not resolve a removed document (6.995873ms)
2026-10-04T05:06:15.8630035Z ✔ metadata-only sync refreshes a retained tab dirty affordance without a document-service event (2.162095ms)
2026-10-04T05:06:15.8698940Z ✔ a real replacement content failure stays visible and the committed layout can render after its cause is corrected (3.937252ms)
2026-10-04T05:06:15.8702250Z ✔ normal popout return keeps its default reopen, render, DOM identity and owner-focus behavior (2.552951ms)
2026-10-04T05:06:15.8705565Z ✔ explicit popout render deferral leaves a closed panel closed until the caller completes its update (2.044858ms)
2026-10-04T05:06:16.3801102Z ✔ production Watch storage initializes before a real File import without an error toast (28.084607ms)
2026-10-04T05:06:16.3809036Z ✔ the registered v1 key restores Watch expressions through the actual installation boundary (2.698802ms)
2026-10-04T05:06:16.3815109Z ✔ registering Watch storage preserves the exact allowlist and exposes corrupt persisted payloads (0.707864ms)
2026-10-04T05:06:16.3818139Z ✔ real storage quota failures retain previous Watch state and remain explicit (0.449775ms)
2026-10-04T05:06:16.8664872Z ✔ Watch 2 is an executable user command with independent expressions/results and explicit application scope (15.546903ms)
2026-10-04T05:06:16.8707594Z ✔ Watch controls add, scope and remove expressions while asynchronous values retain the input node (7.261035ms)
2026-10-04T05:06:16.9907959Z ✔ pending application/frame results are aborted and never replace a newer window scope (4.517319ms)
2026-10-04T05:06:16.9909438Z ✔ hidden Watch windows do no evaluation or DOM writes for background output (110.304803ms)
2026-10-04T05:06:16.9913800Z ✔ factory registration before restore recreates exact Watch identity, layout and saved expressions (4.267876ms)
2026-10-04T05:06:16.9917450Z ✔ closing retains the controller and explicit unregister/dispose releases it before reopening (2.249729ms)
2026-10-04T05:06:16.9921138Z ✔ corrupt, oversized, duplicate and failed persisted writes are explicit and atomic (0.542347ms)
2026-10-04T05:06:17.0707194Z ✔ saved tool layout applies across document sets without closing or reopening documents (4.32351ms)
2026-10-04T05:06:17.0711975Z ✔ saved layouts support legacy payloads, stable slots, rename, delete and rejected persistence (1.532676ms)
2026-10-04T05:06:17.0720946Z ✔ reset requires an explicit positive choice (0.354869ms)
2026-10-04T05:06:17.0725706Z ✔ navigation retains group, view and popout identities and rejects malformed locations (0.580327ms)
2026-10-04T05:06:17.0728816Z ✔ navigation returns moved tab to its original existing document group (2.321201ms)
2026-10-04T05:06:17.0732057Z ✔ tool factories create independent instances and restore exact identities (1.010728ms)
2026-10-04T05:06:17.0736226Z ✔ Window command descriptors include layout slots and keyboard-only management (0.494759ms)
2026-10-04T05:06:17.2721228Z ✔ closed embedded assets declare classic format; borrowed strings and normal URLs remain ESM (2.246122ms)
2026-10-04T05:06:17.2725429Z ✔ compiler and runtime clients pass declared format and URL identity through injected factories and restart (2.226666ms)
2026-10-04T05:06:17.2731270Z ✔ worker errors retain native cause, source coordinates, generation, and original opaque details (1.662578ms)
2026-10-04T05:06:17.2735448Z ✔ synchronous Worker construction errors retain their cause and borrowed module attribution (0.607919ms)
2026-10-04T05:06:17.2737534Z ✔ worker metadata excludes URL capability queries, fragments, and credentials (0.509507ms)
2026-10-04T05:06:17.4710806Z ✔ worker requests preserve the protocol and reject errors without leaking pending requests (2.868897ms)
2026-10-04T05:06:17.4715970Z ✔ worker errors reject all requests and only explicit restart admits new work (1.023421ms)
2026-10-04T05:06:17.4719825Z ✔ restart generations suppress late replies and events from the terminated worker (0.485351ms)
2026-10-04T05:06:17.4796715Z ✔ timeout, abort, quota and disposal all clean up their pending requests (10.157695ms)
2026-10-04T05:06:17.4800456Z ✔ constructor request middleware is explicit and preserves input objects (0.576601ms)
2026-10-04T05:06:17.4803735Z ✔ event delivery is ordered under reentrancy and unsubscribe during dispatch (0.430249ms)
2026-10-04T05:06:17.5753735Z ✔ a slow earlier read cannot replace a later workspace, even after the later ticket finishes (4.64157ms)
2026-10-04T05:06:17.5755817Z ✔ an old finally cannot release or cancel the current request (0.515337ms)
2026-10-04T05:06:17.5759931Z ✔ nested readers share the original ticket instead of beginning after their await (0.745956ms)
2026-10-04T05:06:17.5764805Z ✔ external cancellation rejects adoption and retains the original cancellation cause (0.827426ms)
2026-10-04T05:06:17.5768322Z ✔ an already-cancelled request cannot begin reading or leave ownership behind (0.809773ms)
2026-10-04T05:06:17.5774557Z ✔ ownership check cancels after document edit without undoing the current workspace (0.79681ms)
2026-10-04T05:06:17.5778058Z ✔ ownership check cancels after document replacement without undoing the current workspace (0.564448ms)
2026-10-04T05:06:17.5780253Z ✔ ownership check cancels after workspace epoch without undoing the current workspace (0.422044ms)
2026-10-04T05:06:17.5783265Z ✔ ownership check cancels after native backend without undoing the current workspace (0.439957ms)
2026-10-04T05:06:17.5786355Z ✔ ownership check cancels after read-only transition without undoing the current workspace (0.455886ms)
2026-10-04T05:06:17.5789257Z ✔ ownership check cancels after document disposal without undoing the current workspace (0.349118ms)
2026-10-04T05:06:17.5794026Z ✔ begin rejects a locked workspace and a disposed document service (0.380687ms)
2026-10-04T05:06:17.5798396Z ✔ disposal cancels pending I/O, prevents adoption, and is idempotent (0.429377ms)
2026-10-04T05:06:17.5801773Z ✔ finish detaches external cancellation and a finished ticket cannot be reused (0.88793ms)
2026-10-04T05:06:17.5804393Z ✔ independent Studio instances do not cancel each other (0.3391ms)
2026-10-04T05:06:17.5807498Z ✔ a reentrant abort listener cannot restore an older owner over a newer request (0.400815ms)
2026-10-04T05:06:17.5812165Z ✔ invalid arguments do not supersede a valid pending request (0.338038ms)
2026-10-04T05:06:17.7770718Z ✔ initial model places all panels closed with persistent empty document group (2.429903ms)
2026-10-04T05:06:17.7777514Z ✔ open activate close reopen retains unique placement (1.598289ms)
2026-10-04T05:06:17.7778421Z ✔ edge dock left (0.674863ms)
2026-10-04T05:06:17.7779333Z ✔ edge dock right (0.375828ms)
2026-10-04T05:06:17.7782961Z ✔ edge dock top (0.285541ms)
2026-10-04T05:06:17.7786847Z ✔ edge dock bottom (0.334712ms)
2026-10-04T05:06:17.7791802Z ✔ tab reorder is deterministic (0.302853ms)
2026-10-04T05:06:17.7792741Z ✔ float redock cleans empty floating nodes (0.472858ms)
2026-10-04T05:06:17.7797089Z ✔ auto hide pin close and reopen move one panel (0.801328ms)
2026-10-04T05:06:17.7800584Z ✔ documents cannot auto hide (0.680203ms)
2026-10-04T05:06:17.7805482Z ✔ nonclosable panels cannot close (0.211603ms)
2026-10-04T05:06:17.7808049Z ✔ layout JSON restore roundtrips split auto hide and floats (0.723063ms)
2026-10-04T05:06:17.7809745Z ✔ invalid restore is atomic s=>s.root.active='missing' (0.214428ms)
2026-10-04T05:06:17.7811696Z ✔ invalid restore is atomic s=>s.closed.push('output') (0.227343ms)
2026-10-04T05:06:17.7814356Z ✔ invalid restore is atomic s=>s.root.id='' (0.171669ms)
2026-10-04T05:06:17.7816717Z ✔ invalid restore is atomic s=>s.version=999 (0.176197ms)
2026-10-04T05:06:17.7820803Z ✔ invalid restore is atomic s=>s.closed.pop() (0.176006ms)
2026-10-04T05:06:17.7822870Z ✔ invalid restore is atomic s=>s.autoHide.left.push('unknown') (0.181116ms)
2026-10-04T05:06:17.7827631Z ✔ invalid restore is atomic s=>s.floating.push({id:'f',x:0,y:0,width:-1,height:100,root:createGroup('g',[])}) (0.209559ms)
2026-10-04T05:06:17.7829190Z ✔ invalid operation rolls back model (0.298374ms)
2026-10-04T05:06:17.7832235Z ✔ undo redo restore correct placements (0.374355ms)
2026-10-04T05:06:17.7834217Z ✔ split resize validates finite ratio and clamps keyboard movement (0.347235ms)
2026-10-04T05:06:17.7835843Z ✔ closing final document keeps a docking target (0.185534ms)
2026-10-04T05:06:17.7840271Z ✔ history bound and subscriptions can unsubscribe (0.612898ms)
2026-10-04T05:06:17.7844301Z ✔ register and unregister document panels preserve invariants (0.311008ms)
2026-10-04T05:06:17.7852261Z ✔ duplicate tree identifiers are rejected (0.184232ms)
2026-10-04T05:06:17.7853728Z ✔ randomized moves maintain uniqueness and valid round trips (122.331468ms)
2026-10-04T05:06:18.0526649Z ✔ 08 preview mutation batches preflight before replacing workspace buffers (3.412979ms)
2026-10-04T05:06:18.0529940Z ✔ 08 preview rename/copy/delete undo restores data and editor metadata (1.299304ms)
2026-10-04T05:06:18.0535533Z ✔ 08 preview undo refuses subsequent user edits (0.618148ms)
2026-10-04T05:06:18.0539650Z ✔ 08 pending file command cannot cross a workspace switch (0.240386ms)
2026-10-04T05:06:18.0549890Z ✔ 08 planning a project change detects concurrent project source changes (0.363515ms)
2026-10-04T05:06:18.0551878Z ✔ 08 native planning reads unsaved project buffers, not an old disk snapshot (0.240957ms)
2026-10-04T05:06:18.0553412Z ✔ 08 cross-project source copy explicitly includes files with defaults disabled (4.753758ms)
2026-10-04T05:06:18.0554884Z ✔ 08 readonly explorer rejects file mutations before prompting (1.015145ms)
2026-10-04T05:06:18.0556164Z ✔ 08 overlapping explorer dialogs cannot start a second mutation (0.539792ms)
2026-10-04T05:06:18.0559324Z ✔ 08 solution project removal preserves comment and neighboring configuration (0.599514ms)
2026-10-04T05:06:18.0562638Z ✔ 08 solution removal also removes literal dependency on the removed member (0.362754ms)
2026-10-04T05:06:18.0567635Z ✔ 08 package reference authoring escapes metadata and does not invent relative package IDs (0.484119ms)
2026-10-04T05:06:18.0570659Z ✔ 08 path rewrites leave commented-out references and CDATA byte-identical (0.51678ms)
2026-10-04T05:06:18.0574159Z ✔ 08 adding compile membership removes default match before explicit include (0.59767ms)
2026-10-04T05:06:18.0576568Z ✔ 08 Visual Studio modifier-only keys do not eat an active keyboard chord (14.176057ms)
2026-10-04T05:06:18.0579579Z ✔ 08 editor declares Visual Studio default and six distinct profiles without a DOM (0.757226ms)
2026-10-04T05:06:18.0818312Z ✔ 08 native XML write undo restores original encoding and byte hash (33.021285ms)
2026-10-04T05:06:18.0830297Z ✔ 08 native XML syntax validation precedes every batch mutation (1.373831ms)
2026-10-04T05:06:18.0845267Z ✔ 08 native overlapping parent/child operations fail preflight instead of breaking undo (1.271551ms)
2026-10-04T05:06:18.0927714Z ✔ 08 native XML write followed by undo rejects later disk edits (8.212652ms)
2026-10-04T05:06:18.1445272Z ✔ 08 actual loopback explorer APIs enforce auth/origin and preserve binary bytes (51.528295ms)
2026-10-04T05:06:18.1828831Z ℹ tests 748
2026-10-04T05:06:18.1829277Z ℹ suites 0
2026-10-04T05:06:18.1829513Z ℹ pass 748
2026-10-04T05:06:18.1829725Z ℹ fail 0
2026-10-04T05:06:18.1829935Z ℹ cancelled 0
2026-10-04T05:06:18.1830173Z ℹ skipped 0
2026-10-04T05:06:18.1830378Z ℹ todo 0
2026-10-04T05:06:18.1830626Z ℹ duration_ms 44364.531153
2026-10-04T05:06:18.3639279Z Discovered 59 Node test files and 4 Python suites in 1 area manifests. Node reports executed test counts below.
2026-10-04T05:06:18.6588404Z ▶ VS Code shortcuts apply independently specified text, caret, view and host results
2026-10-04T05:06:18.6590160Z   ✔ ArrowLeft (19.432739ms)
2026-10-04T05:06:18.6591293Z   ✔ Shift+ArrowLeft (2.450781ms)
2026-10-04T05:06:18.6592424Z   ✔ ArrowRight (1.823466ms)
2026-10-04T05:06:18.6593980Z   ✔ Shift+ArrowRight (2.816882ms)
2026-10-04T05:06:18.6595045Z   ✔ ArrowUp (1.562441ms)
2026-10-04T05:06:18.6595662Z   ✔ Shift+ArrowUp (1.177186ms)
2026-10-04T05:06:18.6596723Z   ✔ ArrowDown (1.092369ms)
2026-10-04T05:06:18.6600015Z   ✔ Shift+ArrowDown (1.368391ms)
2026-10-04T05:06:18.6602930Z   ✔ Home (1.64801ms)
2026-10-04T05:06:18.6605819Z   ✔ Shift+Home (1.727608ms)
2026-10-04T05:06:18.6608945Z   ✔ End (1.7073ms)
2026-10-04T05:06:18.6619757Z   ✔ Shift+End (0.928564ms)
2026-10-04T05:06:18.6621800Z   ✔ Mod+Home (0.836604ms)
2026-10-04T05:06:18.6622490Z   ✔ Mod+Shift+Home (1.022148ms)
2026-10-04T05:06:18.6623270Z   ✔ Mod+End (1.134456ms)
2026-10-04T05:06:18.6624040Z   ✔ Mod+Shift+End (1.294715ms)
2026-10-04T05:06:18.6630041Z   ✔ Mod+ArrowLeft (1.453099ms)
2026-10-04T05:06:18.6630545Z   ✔ Mod+Shift+ArrowLeft (1.375494ms)
2026-10-04T05:06:18.6637015Z   ✔ Mod+ArrowRight (1.006389ms)
2026-10-04T05:06:18.6639764Z   ✔ Mod+Shift+ArrowRight (0.852143ms)
2026-10-04T05:06:18.6641952Z   ✔ PageUp (0.851411ms)
2026-10-04T05:06:18.6644877Z   ✔ Shift+PageUp (0.760403ms)
2026-10-04T05:06:18.6649162Z   ✔ PageDown (0.830974ms)
2026-10-04T05:06:18.6653197Z   ✔ Shift+PageDown (1.309302ms)
2026-10-04T05:06:18.6655637Z   ✔ Backspace (4.04393ms)
2026-10-04T05:06:18.6659071Z   ✔ Delete (1.296147ms)
2026-10-04T05:06:18.6662323Z   ✔ Mod+Backspace (1.777431ms)
2026-10-04T05:06:18.6665087Z   ✔ Mod+Delete (1.234883ms)
2026-10-04T05:06:18.6667966Z   ✔ Enter (1.267445ms)
2026-10-04T05:06:18.6670402Z   ✔ Tab (1.940463ms)
2026-10-04T05:06:18.6674124Z   ✔ Shift+Tab (2.324187ms)
2026-10-04T05:06:18.6676353Z   ✔ Mod+A (1.435856ms)
2026-10-04T05:06:18.6678561Z   ✔ Mod+X (1.468367ms)
2026-10-04T05:06:18.6685463Z   ✔ Mod+V (1.628785ms)
2026-10-04T05:06:18.6693305Z   ✔ Mod+C (0.862633ms)
2026-10-04T05:06:18.6694431Z   ✔ Mod+Z (0.988897ms)
2026-10-04T05:06:18.6696544Z   ✔ Mod+Y (1.692223ms)
2026-10-04T05:06:18.6705705Z   ✔ Mod+Shift+Z (0.961966ms)
2026-10-04T05:06:18.6706668Z   ✔ Mod+D (2.006766ms)
2026-10-04T05:06:18.6707503Z   ✔ Mod+Shift+L (1.611663ms)
2026-10-04T05:06:18.6708341Z   ✔ Mod+Shift+K (1.343224ms)
2026-10-04T05:06:18.6710433Z   ✔ Mod+L (1.085816ms)
2026-10-04T05:06:18.6713155Z   ✔ Mod+Enter (1.869762ms)
2026-10-04T05:06:18.6717595Z   ✔ Mod+Shift+Enter (1.039009ms)
2026-10-04T05:06:18.6718973Z   ✔ Alt+Shift+ArrowUp (1.243529ms)
2026-10-04T05:06:18.6721778Z   ✔ Alt+Shift+ArrowDown (1.072652ms)
2026-10-04T05:06:18.6730585Z   ✔ Alt+ArrowUp (1.524501ms)
2026-10-04T05:06:18.6731525Z   ✔ Alt+ArrowDown (1.084354ms)
2026-10-04T05:06:18.6733819Z   ✔ Mod+Alt+ArrowUp (2.229851ms)
2026-10-04T05:06:18.6771248Z   ✔ Mod+Alt+ArrowDown (1.350709ms)
2026-10-04T05:06:18.6772148Z   ✔ Mod+Shift+\ (0.862711ms)
2026-10-04T05:06:18.6772841Z   ✔ Mod+] (0.919639ms)
2026-10-04T05:06:18.6773390Z   ✔ Mod+[ (0.925709ms)
2026-10-04T05:06:18.6793925Z   ✔ Mod+ArrowUp (0.82375ms)
2026-10-04T05:06:18.6794666Z   ✔ Mod+ArrowDown (1.955792ms)
2026-10-04T05:06:18.6795242Z   ✔ Mod+Shift+[ (1.120781ms)
2026-10-04T05:06:18.6795804Z   ✔ Mod+Shift+] (0.843397ms)
2026-10-04T05:06:18.6796326Z   ✔ Mod+K Mod+0 (0.910551ms)
2026-10-04T05:06:18.6796794Z   ✔ Mod+K Mod+J (0.882809ms)
2026-10-04T05:06:18.6797423Z   ✔ Mod+K Mod+C (1.459481ms)
2026-10-04T05:06:18.6797699Z   ✔ Mod+K Mod+U (1.096416ms)
2026-10-04T05:06:18.6797950Z   ✔ Mod+/ (1.350798ms)
2026-10-04T05:06:18.6798185Z   ✔ Alt+Z (1.093852ms)
2026-10-04T05:06:18.6798585Z   ✔ Escape (1.25462ms)
2026-10-04T05:06:18.6799104Z   ✔ Insert (1.092179ms)
2026-10-04T05:06:18.6799346Z   ✔ Mod+= (1.101686ms)
2026-10-04T05:06:18.6802670Z   ✔ Mod+- (1.144766ms)
2026-10-04T05:06:18.6809826Z   ✔ Mod+0 (1.16836ms)
2026-10-04T05:06:18.6810601Z   ✔ Mod+P (1.882797ms)
2026-10-04T05:06:18.6811958Z   ✔ Mod+Shift+P (0.823709ms)
2026-10-04T05:06:18.6812942Z   ✔ F1 (0.690462ms)
2026-10-04T05:06:18.6813768Z   ✔ Mod+, (0.718875ms)
2026-10-04T05:06:18.6814632Z   ✔ Mod+K Mod+S (0.745585ms)
2026-10-04T05:06:18.6815508Z   ✔ Mod+S (0.710389ms)
2026-10-04T05:06:18.6816298Z   ✔ Mod+Shift+S (0.88875ms)
2026-10-04T05:06:18.6817272Z   ✔ Mod+F4 (1.618706ms)
2026-10-04T05:06:18.6823118Z   ✔ Ctrl+F6 (1.206891ms)
2026-10-04T05:06:18.6824008Z   ✔ Ctrl+Shift+F6 (0.992213ms)
2026-10-04T05:06:18.6830586Z   ✔ Mod+Alt+N (1.07162ms)
2026-10-04T05:06:18.6835455Z   ✔ Mod+Alt+O (0.979449ms)
2026-10-04T05:06:18.6836739Z   ✔ Mod+\ (1.154353ms)
2026-10-04T05:06:18.6839266Z   ✔ Alt+ArrowLeft (1.115472ms)
2026-10-04T05:06:18.6841891Z   ✔ Alt+ArrowRight (1.897233ms)
2026-10-04T05:06:18.6843924Z   ✔ F12 (0.845661ms)
2026-10-04T05:06:18.6870247Z   ✔ Shift+F12 (0.828839ms)
2026-10-04T05:06:18.6872909Z   ✔ Mod+Shift+F (0.819212ms)
2026-10-04T05:06:18.6873821Z   ✔ Mod+Shift+H (0.82404ms)
2026-10-04T05:06:18.6874687Z   ✔ Mod+F (0.967056ms)
2026-10-04T05:06:18.6875539Z   ✔ Mod+H (0.874023ms)
2026-10-04T05:06:18.6876357Z   ✔ F3 (0.835461ms)
2026-10-04T05:06:18.6877138Z   ✔ Shift+F3 (0.923354ms)
2026-10-04T05:06:18.6877992Z   ✔ Mod+Space (0.775871ms)
2026-10-04T05:06:18.6879137Z   ✔ Mod+Shift+Space (0.659044ms)
2026-10-04T05:06:18.6880061Z   ✔ Mod+K Mod+I (0.752337ms)
2026-10-04T05:06:18.6880924Z   ✔ Mod+. (0.853606ms)
2026-10-04T05:06:18.6881706Z   ✔ F2 (0.717473ms)
2026-10-04T05:06:18.6882525Z   ✔ Alt+Shift+F (1.639645ms)
2026-10-04T05:06:18.6883494Z   ✔ Alt+Shift+ArrowRight (0.681336ms)
2026-10-04T05:06:18.6884511Z   ✔ Alt+Shift+ArrowLeft (0.726409ms)
2026-10-04T05:06:18.6894833Z ✔ VS Code shortcuts apply independently specified text, caret, view and host results (150.309978ms)
2026-10-04T05:06:18.6904615Z ✔ normalizes platform modifiers and real shifted punctuation without intercepting AltGraph or IME (0.572103ms)
2026-10-04T05:06:18.6906511Z ✔ macOS profile editing uses Meta while physical Ctrl bindings remain distinct (1.051012ms)
2026-10-04T05:06:18.6908344Z ✔ context expressions are bounded boolean predicates without evaluation side effects (1.090225ms)
2026-10-04T05:06:18.6910565Z ✔ resolver honors scope, priority, predicates, disposal, and atomic replacement of invalid bindings (0.840371ms)
2026-10-04T05:06:18.6911833Z ✔ chord cancellation, failure and timeout leave no stale pending input (0.514575ms)
2026-10-04T05:06:18.6913413Z ✔ a higher-priority chord prefix suppresses a lower-priority destructive command even after timeout (0.291612ms)
2026-10-04T05:06:18.6914688Z ✔ all shipped profile bindings have executable command registrations (1.286599ms)
2026-10-04T05:06:18.7056611Z ✔ Visual Studio bindings and unbound known commands match the pinned inventory (47.819839ms)
2026-10-04T05:06:18.7058385Z ✔ readonly commands and editing aliases preserve text/history while navigation remains available (1.794613ms)
2026-10-04T05:06:18.7060256Z ✔ completion filter aliases call the implemented insight API with directions (1.307719ms)
2026-10-04T05:06:18.8794478Z ✔ profile switches preserve the authoritative model, undo, primary selection, view and native state (27.00926ms)
2026-10-04T05:06:18.8798445Z ✔ resuming Vim insert after a profile switch opens a new complete undo group (5.883556ms)
2026-10-04T05:06:18.8803404Z ✔ Emacs mark extends motion, exchanges ends and kills the marked region with one undo (4.028411ms)
2026-10-04T05:06:18.8806209Z ✔ Emacs successive kills append, yank cycles distinct entries, and unrelated commands end a yank chain (5.169962ms)
2026-10-04T05:06:18.8808531Z ✔ Emacs ring bounds and marks stay independent between views and track document edits (2.911717ms)
2026-10-04T05:06:18.8811351Z ✔ Sublime occurrences and split-line carets edit the actual model atomically (4.505738ms)
2026-10-04T05:06:18.8813859Z ✔ native text edits preserve CRLF and deduplicate two carets on one copied line (2.13718ms)
2026-10-04T05:06:18.8817321Z ✔ clipboard distributes multiline fragments, remembers line copy and undoes all caret pastes together (3.130664ms)
2026-10-04T05:06:18.8824926Z ▶ denied and stale clipboard requests never mutate text, history or selections
2026-10-04T05:06:18.8832691Z   ✔ Edit.Cut (1.691591ms)
2026-10-04T05:06:18.8833260Z   ✔ Edit.Paste (1.599019ms)
2026-10-04T05:06:18.8833801Z   ✔ selection (1.407323ms)
2026-10-04T05:06:18.8834715Z   ✔ document (1.793932ms)
2026-10-04T05:06:18.8838156Z   ✔ dispose (0.833527ms)
2026-10-04T05:06:18.8841478Z   ✔ profile (1.175494ms)
2026-10-04T05:06:18.8845084Z   ✔ readonly (0.890954ms)
2026-10-04T05:06:18.8847165Z ✔ denied and stale clipboard requests never mutate text, history or selections (10.62356ms)
2026-10-04T05:06:18.8858363Z ✔ CodeMirror protocol is a live model projection with operation undo and savepoint cleanliness (1.809851ms)
2026-10-04T05:06:18.8860668Z ✔ document marks follow edits, are cleared on model replacement, and dispose releases subscriptions (2.132841ms)
2026-10-04T05:06:19.6761991Z ✔ instance receiver signature help includes its accessible instance overloads, not same-name unrelated methods (119.918716ms)
2026-10-04T05:06:19.6765592Z ✔ this receiver uses its containing type, preserving private overloads accessible within that type (8.638323ms)
2026-10-04T05:06:19.6767526Z ✔ type receivers use static overloads and scoped receiver variables use their bound types (18.774627ms)
2026-10-04T05:06:19.6770438Z ✔ generic and inherited instance members display substituted parameter types (11.922162ms)
2026-10-04T05:06:19.6774996Z ✔ incomplete invocation recovery retains the bound this receiver before arguments or closing delimiters exist (5.391573ms)
2026-10-04T05:06:19.6777003Z ✔ nested delimiters and named argument mapping use actual syntax and the selected overload (9.599468ms)
2026-10-04T05:06:19.6783399Z ✔ unresolved receivers and stale worker snapshots never return unrelated method tips (4.730034ms)
2026-10-04T05:06:19.6785209Z ✔ worker uses syntax argument separators when a lexical hint counts a nested generic comma (6.276887ms)
2026-10-04T05:06:19.9047828Z ✔ A20 pre-cancelled and queued-cancelled disk saves do not start a read or write (18.359146ms)
2026-10-04T05:06:19.9087526Z ✔ A20 cancelling an acquired prepared baseline releases its private model and preserves the live source (4.239203ms)
2026-10-04T05:06:19.9252133Z ✔ A20 cancellation during permission and stream acquisition prevents any committed write (12.005866ms)
2026-10-04T05:06:19.9360737Z ✔ A20 a mid-stream cancellation aborts before close and retains the previous baseline/version (14.040144ms)
2026-10-04T05:06:19.9489795Z ✔ A20 close is the per-file commit boundary; cancellation prevents later files and preserves exact partial written results (14.184132ms)
2026-10-04T05:06:19.9567417Z ✔ A20 a cancellation after the final close starts does not falsely report an uncommitted file (8.120441ms)
2026-10-04T05:06:20.2055988Z ✔ model benchmark measures all five actual operations and preserves source correctness (31.460497ms)
2026-10-04T05:06:20.2072121Z ✔ model benchmark cancellation is explicit and produces no pretend successful report (0.981663ms)
2026-10-04T05:06:20.2073482Z ✔ memory runner refuses unavailable GC and preserves signed deltas (0.721069ms)
2026-10-04T05:06:20.2504209Z ✔ browser harness serves the real editor entry under a strict CSP and rejects malformed resource URLs (45.36369ms)
2026-10-04T05:06:20.3377450Z ✔ 200 MiB qualification is explicitly accepted without growing defaults or allocating a large fixture (2.702169ms)
2026-10-04T05:06:20.3402360Z ✔ browser readiness only uses evaluate and stops once the real API appears (4.262987ms)
2026-10-04T05:06:20.3518137Z ✔ browser readiness has a deadline even when evaluate hangs, and propagates page errors or cancellation (10.66163ms)
2026-10-04T05:06:20.5261903Z ✔ chunk boundaries preserve the shared matcher nonoverlap, case-fold and word-boundary semantics (22.409267ms)
2026-10-04T05:06:20.5266352Z ✔ cooperative search is cancellable between slices and reports progress without publishing partial success (1.769606ms)
2026-10-04T05:06:20.5269260Z ✔ persistent snapshots are read in bounded slices without materializing document text (13.625875ms)
2026-10-04T05:06:20.5273261Z ✔ global match limits remain exact when each chunk contains rejected whole-word matches (61.919311ms)
2026-10-04T05:06:20.5519280Z ✔ regex worker receives bounded chunks and cancellation terminates its isolated computation (28.912946ms)
2026-10-04T05:06:20.6371140Z ✔ real paste source triggers bounded range formatting and its own undo transaction (6.555435ms)
2026-10-04T05:06:20.6378333Z ✔ disabled paste/type/completion triggers and formatting recursion schedule no work (0.688579ms)
2026-10-04T05:06:20.6390671Z ✔ on-type formatting uses the registered provider and read-only editors cannot commit it (0.571011ms)
2026-10-04T05:06:20.8702554Z ✔ A20 shared-model locks update each pane, reject prepared edits, and preserve rollback and history (6.382703ms)
2026-10-04T05:06:20.8704701Z ✔ A20 read-only construction and subscription disposal do not change document revisions (0.816457ms)
2026-10-04T05:06:20.8707900Z ✔ A20 same-line offscreen edits reconcile wrap counts and zone mapping without visiting the line (11.03853ms)
2026-10-04T05:06:20.8711116Z ✔ A20 wrap measurement stays chunked after a large same-line-count replacement (1.148463ms)
2026-10-04T05:06:20.8714954Z ✔ A20 deleting a brace or region marker on one line refreshes the actual folding provider (7.794245ms)
2026-10-04T05:06:20.8721069Z ✔ A20 real workspace configuration applies ancestor sections, per-language overlays and ordinary EOL preservation (3.95238ms)
2026-10-04T05:06:20.8735956Z ✔ A20 EditorConfig input is bounded, model-aware, ordered, atomic and unaffected by unrelated root flags (1.067643ms)
2026-10-04T05:06:20.8737832Z ✔ A20 multi-caret deletion retains blocked carets and merges overlapping word deletions in one undo step (11.317529ms)
2026-10-04T05:06:20.8739542Z ✔ A20 invalid load chunk sizes reject before reading or replacing the document (1.579444ms)
2026-10-04T05:06:20.8740851Z ✔ A20 overlapping whole-line expansions transform every selected line once (1.427531ms)
2026-10-04T05:06:20.8742254Z ✔ A20 project/disk path-only records apply configuration without flattening source snapshots (0.430118ms)
2026-10-04T05:06:21.7467972Z ✔ compiler contribution reuses real language endpoints with explicit client aliases (102.397426ms)
2026-10-04T05:06:21.7473636Z ✔ diagnostic and semantic results are versioned, source faithful and reject stale snapshots (8.423684ms)
2026-10-04T05:06:21.7479551Z ✔ signature request uses provider symbols for nested invocations and preserves active argument (15.188237ms)
2026-10-04T05:06:21.7484344Z ✔ inlay hints share one bound implementation with the existing LSP contract (6.017154ms)
2026-10-04T05:06:21.7487405Z ✔ rename and refactoring requests return versioned edits without committing source (37.092827ms)
2026-10-04T05:06:21.7491776Z ✔ format selection/on-type adapt existing indentation edits and preserve unrelated lines (2.255258ms)
2026-10-04T05:06:21.7495879Z ✔ generated peek targets retain their own URI/version and are explicitly read-only (0.423697ms)
2026-10-04T05:06:22.0081327Z ✔ A20 shared-model locks update each pane, reject prepared edits, and preserve rollback and history (6.334885ms)
2026-10-04T05:06:22.0083950Z ✔ A20 read-only construction and subscription disposal do not change document revisions (0.896816ms)
2026-10-04T05:06:22.0087467Z ✔ A20 same-line offscreen edits reconcile wrap counts and zone mapping without visiting the line (10.734145ms)
2026-10-04T05:06:22.0089892Z ✔ A20 wrap measurement stays chunked after a large same-line-count replacement (1.314832ms)
2026-10-04T05:06:22.0093420Z ✔ A20 deleting a brace or region marker on one line refreshes the actual folding provider (8.031246ms)
2026-10-04T05:06:22.0097717Z ✔ A20 multi-caret deletion retains blocked carets and merges overlapping word deletions in one undo step (11.596276ms)
2026-10-04T05:06:22.0100469Z ✔ A20 invalid load chunk sizes reject before reading or replacing the document (1.411351ms)
2026-10-04T05:06:22.0129939Z ✔ A20 overlapping whole-line expansions transform every selected line once (1.807689ms)
2026-10-04T05:06:22.1469333Z ✔ nearest-rank percentiles preserve raw outliers and reject malformed samples (1.816654ms)
2026-10-04T05:06:22.1472000Z ✔ 100MB fixture uses exact byte/code-unit size with one deterministic middle search target (70.473218ms)
2026-10-04T05:06:22.1477395Z ✔ performance gate fails strictly above20percent p95 and passes exact20percent boundary (1.173128ms)
2026-10-04T05:06:22.1480091Z ✔ retained memory budgets bound each real component and preserve signed measurement noise (0.53861ms)
2026-10-04T05:06:22.1483441Z ✔ one regressed size/operation cannot be hidden by another faster row (0.36629ms)
2026-10-04T05:06:22.1487757Z ✔ gate rejects missing browser evidence, changed runners, tampered percentiles and failed correctness (0.59737ms)
2026-10-04T05:06:22.1492872Z ✔ zero baseline and missing/duplicate benchmark rows cannot silently pass (0.342747ms)
2026-10-04T05:06:22.3119969Z ✔ regex replacement with numbered and named groups spans open documents atomically (8.973235ms)
2026-10-04T05:06:22.3122445Z ✔ find selection scope retains the captured range, whole-word filters and preserve-case replacements (2.472091ms)
2026-10-04T05:06:22.3125623Z ✔ selection search counts only its captured scope and restores original regex capture coordinates (7.036708ms)
2026-10-04T05:06:22.3128970Z ✔ single-editor and selection snapshots stay lazy and reject replaced model identities (32.849086ms)
2026-10-04T05:06:22.3136681Z ✔ a newer search supersedes pending matches and an invalid pattern cannot reuse an older result (13.69838ms)
2026-10-04T05:06:22.3138943Z ✔ invalid regex and stale replace preview leave source unchanged and history stays bounded (1.904878ms)
2026-10-04T05:06:22.3141103Z ✔ side-by-side and inline rows share hunks and preserve line alignment around insertion and deletion (2.759515ms)
2026-10-04T05:06:22.3152276Z ✔ merge preserves unresolved conflict bytes until a chosen side, both or manual result is accepted (13.115588ms)
2026-10-04T05:06:22.3153763Z ✔ independent merge changes are accepted automatically and adjacent conflict offsets track replacement length (0.577784ms)
2026-10-04T05:06:22.4117872Z ✔ every declared service can be supplied by a standalone fake provider (3.130193ms)
2026-10-04T05:06:22.4122605Z ✔ RPC adapter advertises only pure registered methods and passes cancellation through (0.327378ms)
2026-10-04T05:06:22.4126809Z ✔ request generations reject older versions, edits at identical caret offsets and out-of-order results (1.274868ms)
2026-10-04T05:06:22.4129416Z ✔ guard propagates errors, isolates feature channels and cancels on dispose (0.447371ms)
2026-10-04T05:06:22.4132966Z ✔ guard retains persistent snapshot identities and compares target document versions independently (1.566259ms)
2026-10-04T05:06:22.4141662Z ✔ three-document edits commit before any subscriber and undo in one step per document (4.875394ms)
2026-10-04T05:06:22.4143134Z ✔ stale, overlapping, missing, readonly and invalid LSP edits fail before any mutation (4.530665ms)
2026-10-04T05:06:22.4144757Z ✔ LSP document changes and captured versions require an explicit host for resource operations (0.852132ms)
2026-10-04T05:06:22.4146029Z ✔ version change after preview blocks commit and an internal participant failure rolls back history (1.747305ms)
2026-10-04T05:06:22.4147734Z ✔ rename preview updates source without publishing then cancel restores exact bytes and undo state (1.266332ms)
2026-10-04T05:06:22.4154653Z ✔ diagnostic severities and semantic overlays are version checked and preserve lexical coverage (0.806738ms)
2026-10-04T05:06:22.5810855Z ✔ snippet placeholders, forward mirrors, variables, choices and final stop use UTF-16 offsets (2.588327ms)
2026-10-04T05:06:22.5813228Z ✔ nested snippet placeholders and escaped punctuation are retained (0.359007ms)
2026-10-04T05:06:22.5819329Z ✔ invalid, recursive, excessive and transform snippets fail explicitly (0.735376ms)
2026-10-04T05:06:22.5825517Z ✔ all builtin snippets expand and all required C# and surrounding templates are present (0.814152ms)
2026-10-04T05:06:22.5828209Z ✔ snippet primary edits and synchronous linked mirrors undo together through editor edit hooks (6.351936ms)
2026-10-04T05:06:22.5832720Z ✔ completion fuzzy matches prefer prefix, preserve match positions, support filters and use bounded MRU (0.618188ms)
2026-10-04T05:06:22.5840216Z ✔ signature nesting counts only commas in the active call and ignores literals (2.887933ms)
2026-10-04T05:06:22.5841955Z ✔ smart newline uses source EOL, indentation settings and a caret between empty braces (0.432763ms)
2026-10-04T05:06:22.7938844Z ✔ ordinary model switches retain selections, folding and scroll without transferring model ownership (6.377585ms)
2026-10-04T05:06:22.7946342Z ✔ a removed model cannot reinsert itself or overwrite folding state when its old view is disposed (0.763588ms)
2026-10-04T05:06:22.7950111Z ✔ an externally replaced model keeps its registry entry and cache when the previous view saves state (0.94801ms)
2026-10-04T05:06:22.7955915Z ✔ standalone explicit same-URI replacement discards state belonging to the previous model (0.87278ms)
2026-10-04T05:06:23.6990809Z ✔ document/project/solution Fix All batch exactly one selected action equivalence family (132.736671ms)
2026-10-04T05:06:23.6994914Z ✔ Fix All validates every source version and rejects forged, absent or ambiguous ownership (0.657922ms)
2026-10-04T05:06:23.6999194Z ✔ implicit type batches preserve nonexact numeric conversions, const locals and comments (10.18282ms)
2026-10-04T05:06:23.7003377Z ✔ solution Fix All uses real isolated compiler contexts, deduplicates shared source and does not commit (23.515261ms)
2026-10-04T05:06:23.7008177Z ✔ project Fix All does not broaden to an unrelated project (7.345121ms)
2026-10-04T05:06:23.7011813Z ✔ type rename reaches each dependent compiler context and returns one resource move (22.571609ms)
2026-10-04T05:06:23.7013536Z ✔ workspace action rejects a source mutation or ownership change while providers are answering (11.619439ms)
2026-10-04T05:06:23.7017874Z ✔ pre-cancelled solution action never returns a partial plan (1.444633ms)
2026-10-04T05:06:23.7019705Z ✔ solution Fix All and rename reject new project membership during the final semantic validation (20.184365ms)
2026-10-04T05:06:23.7021532Z ✔ conflicting shared edits or resources are refused before a preview can be committed (0.38226ms)
2026-10-04T05:06:23.8433592Z ✔ incremental forward search begins at a large origin and repeats beyond 10000 matches before wrapping (34.829153ms)
2026-10-04T05:06:23.8435565Z ✔ incremental reverse search selects the nearest preceding match and wraps from the actual caret (1.842171ms)
2026-10-04T05:06:23.8437288Z ✔ extending and shortening an incremental query always returns to the opening origin (1.747545ms)
2026-10-04T05:06:23.8440955Z ✔ cancel restores the opening range, while accepting preserves the selected match without edits (2.187031ms)
2026-10-04T05:06:23.8445948Z ✔ an explicit navigation budget failure leaves the original selection and displays the limit (0.946568ms)
2026-10-04T05:06:23.8556624Z ✔ an exhausted scope and an empty query display their result without moving the caret (3.154799ms)
2026-10-04T05:06:23.8559806Z ✔ a delayed incremental result is discarded after edit (2.553873ms)
2026-10-04T05:06:23.8563639Z ✔ a delayed incremental result is discarded after replace model (4.115904ms)
2026-10-04T05:06:23.8567471Z ✔ a newer incremental query supersedes a delayed search without stale navigation or status (0.728283ms)
2026-10-04T05:06:23.8571695Z ✔ close cancels a pending search and prevents subsequent late results (0.539632ms)
2026-10-04T05:06:23.8575961Z ✔ dispose cancels a pending search and prevents subsequent late results (0.352304ms)
2026-10-04T05:06:23.8583381Z ✔ host navigation failures are handled inside the incremental request and reported to the user (0.408428ms)
2026-10-04T05:06:23.8586824Z ✔ closing during asynchronous host navigation passes cancellation and suppresses a stale status (0.410863ms)
2026-10-04T05:06:24.0491118Z ✔ same-document insight navigation uses the host preview and awaits focus restoration (3.735437ms)
2026-10-04T05:06:24.0496404Z ✔ cross-document insight navigation preserves host group options and restores focus after failure (0.944905ms)
2026-10-04T05:06:24.7799754Z ✔ compilation semantic fallback retains diagnostics and bound trees without editor invocation records (107.506064ms)
2026-10-04T05:06:24.7803965Z ✔ a first post-build signature query captures privately once without mutating compilation queries or diagnostics (12.110491ms)
2026-10-04T05:06:24.7809943Z ✔ a source model created before compilation captures within its original bind and reuses it for signature help (5.35221ms)
2026-10-04T05:06:24.7815439Z ✔ invalid post-build signature requests do not capture or mutate the reused analysis (6.239017ms)
2026-10-04T05:06:24.8838253Z ✔ A20 disk defaults still reject source files or save text exceeding 2000000 bytes (11.153814ms)
2026-10-04T05:06:25.0600077Z ✔ A20 explicit readDirectory limits permit >2MB source save and survive the read/write boundary (191.066198ms)
2026-10-04T05:06:25.0675648Z ✔ A20 FileList limits propagate to DiskWorkspace and total encoded bytes preflight every write (7.963089ms)
2026-10-04T05:06:25.0697479Z ✔ A20 UTF-16 limits count encoded bytes including BOM and retain encoding on save (2.493871ms)
2026-10-04T05:06:25.0740738Z ✔ A20 serialized saves reject a queued stale version and permission-time conflicts before writing (4.385103ms)
2026-10-04T05:06:25.8605767Z ✔ actual C# worker supplies invocation commit characters for source and intrinsic methods only (114.980124ms)
2026-10-04T05:06:25.8611281Z ✔ typing a method invocation opener commits the selected real provider item and the opener in one undo step (9.829254ms)
2026-10-04T05:06:25.8619301Z ✔ suggestion mode keeps an invocation opener available to typing and Escape preserves the prefix (5.069144ms)
2026-10-04T05:06:25.8622232Z ✔ read-only completion does not consume a commit character or mutate the source (4.636751ms)
2026-10-04T05:06:26.0736285Z ✔ preview has a visual root but publishes original source without undo entries or change events (5.221537ms)
2026-10-04T05:06:26.0738185Z ✔ non-owner edits, history, checkpoint restores and competing previews reject without mutation (2.519739ms)
2026-10-04T05:06:26.0740570Z ✔ preview ownership epochs reject old prepared commits and editor rebinding after exact-root restoration (0.704429ms)
2026-10-04T05:06:26.0745398Z ✔ async preparation cannot cross a preview ownership cycle even when root and version are restored (0.986182ms)
2026-10-04T05:06:26.0747142Z ✔ saved markers survive preview cancellation and no-op save captures the committed root (0.976354ms)
2026-10-04T05:06:26.0749637Z ✔ ordinary atomic silent commits publish every root before the first model notification (1.577019ms)
2026-10-04T05:06:26.0754792Z ✔ disposal restores the published source and invalidates delayed preview capabilities (0.64085ms)
2026-10-04T05:06:26.0757248Z ✔ a low-level buffer mutation invalidates publication ownership without restoring over external text (0.50127ms)
2026-10-04T05:06:26.0759411Z ✔ a borrowed buffer remains externally owned and stale preview disposal preserves its advanced root (0.618088ms)
2026-10-04T05:06:26.0762502Z ✔ the preview owner cannot prepare a write over an independently advanced buffer (0.418096ms)
2026-10-04T05:06:26.0790429Z ✔ committed notification ownership survives preview acquisition but cannot be forged or replayed (0.433786ms)
2026-10-04T05:06:26.0792295Z ✔ preview restoration repaints every live view of its model and leaves different documents untouched (0.66773ms)
2026-10-04T05:06:26.2878123Z ✔ A20 prefixWorkspace rebases persistent source identity and leaves the input model caller-owned (9.459698ms)
2026-10-04T05:06:26.2945131Z ✔ A20 manifest extraction rebases source identities after validating all destination paths (6.744966ms)
2026-10-04T05:06:26.2992115Z ✔ A20 unchanged source paths preserve descriptors and model ownership without a rebase provider (2.742242ms)
2026-10-04T05:06:26.3011151Z ✔ A20 failed rebasing disposes only newly created models and preserves every original (2.83787ms)
2026-10-04T05:06:26.3028419Z ✔ A20 invalid manifest settings reject before any prepared source is rebased (1.694336ms)
2026-10-04T05:06:26.3170054Z ✔ A20 nested manifest rebasing keeps granted disk handles, source baselines and save versions aligned (14.796368ms)
2026-10-04T05:06:26.3303302Z ✔ A20 rebased disk sessions serialize with pending original saves and reject their stale baseline (12.579663ms)
2026-10-04T05:06:26.5369371Z ✔ A20 FileList→DiskWorkspace→ProjectSystem retains prepared descriptors and never reads lazy source text during discovery (12.907211ms)
2026-10-04T05:06:26.5448999Z ✔ A20 failed and cancelled FileList reads dispose their own completed models and publish no partial batch (6.726291ms)
2026-10-04T05:06:26.5517352Z ✔ A20 failed directory iteration disposes prepared models after traversal loses access (2.236924ms)
2026-10-04T05:06:26.5830745Z ✔ A20 prepared utf-8 source saves captured snapshots in chunks, preserving BOM, pairs and disk versions (35.54256ms)
2026-10-04T05:06:26.6042753Z ✔ A20 prepared utf-16le source saves captured snapshots in chunks, preserving BOM, pairs and disk versions (22.606373ms)
2026-10-04T05:06:26.6228817Z ✔ A20 prepared utf-16be source saves captured snapshots in chunks, preserving BOM, pairs and disk versions (19.564243ms)
2026-10-04T05:06:26.6254160Z ✔ A20 snapshot saves enforce encoded byte limits before write permission or stream creation (2.655091ms)
2026-10-04T05:06:26.6327123Z ✔ A20 prepared baseline checks detect permission-time external changes before any stream opens (7.353617ms)
2026-10-04T05:06:26.6414577Z ✔ A20 prepared save I/O failure aborts its stream and retains the prior baseline and disk version (8.482242ms)
2026-10-04T05:06:26.6500543Z ✔ A20 invalid source reader records are rejected and cleaned up without a lazy text read (2.160953ms)
2026-10-04T05:06:26.6504756Z ✔ A20 default binary-source handling remains intact while explicit reader limits reject before slicing (6.577426ms)
2026-10-04T05:06:26.6540118Z ✔ A20 public source encoding shares exact BOM/byte bounds and leaves stream commit ownership with the caller (4.050282ms)
2026-10-04T05:06:26.8529221Z ✔ ordinary diagnostics keep their immediate severity, range and empty-result behavior (3.847556ms)
2026-10-04T05:06:26.8533255Z ✔ latest pending analysis is normalized against committed source and flushed by actual preview restoration (2.301334ms)
2026-10-04T05:06:26.8536214Z ✔ an empty pending result clears earlier errors when the preview releases (0.980852ms)
2026-10-04T05:06:26.8539813Z ✔ preview release repaints a secondary shared view and flushes its own pending diagnostics (0.697786ms)
2026-10-04T05:06:26.8543986Z ✔ a replacement model with the same URI and version never receives a previous model pending result (1.293743ms)
2026-10-04T05:06:26.8549248Z ✔ a source committed before deferred delivery invalidates the captured pending result (1.88425ms)
2026-10-04T05:06:26.8551045Z ✔ a disposed presentation cannot flush or retain pending source diagnostics (0.715709ms)
2026-10-04T05:06:27.6394774Z ✔ text and resource rename produce one immutable complete host plan without editing live models first (3.399614ms)
2026-10-04T05:06:27.6398236Z ✔ workspace resource support is evaluated again when the host mode changes after preview (0.906234ms)
2026-10-04T05:06:27.6404199Z ✔ stale targets, resource collisions, readonly source and host failure leave source unchanged (3.144691ms)
2026-10-04T05:06:27.6406625Z ✔ unversioned and unsupported resource operations fail before the host receives any plan (0.495581ms)
2026-10-04T05:06:27.6411461Z ✔ real bound type rename preview restores original source, selection and undo after changing options (107.941864ms)
2026-10-04T05:06:27.6414879Z ✔ provider invalidation is scoped, explicitly disposable and does not fabricate source changes (0.988316ms)
2026-10-04T05:06:27.6420088Z ✔ rename preview refuses a newer low-level buffer revision even when external edits reproduce its displayed bytes (0.806808ms)
2026-10-04T05:06:27.6424100Z ✔ changing the active model restores only the captured rename preview and refuses another preview (0.494759ms)
2026-10-04T05:06:28.5034457Z ✔ live rename option changes never publish preview source into the monotonic bound workspace (122.96172ms)
2026-10-04T05:06:28.5037981Z ✔ committing an expanded preview publishes one atomic undo entry before background requests resume (14.567806ms)
2026-10-04T05:06:28.5040741Z ✔ request suspension aborts pending providers and independent leases release idempotently (3.456459ms)
2026-10-04T05:06:28.5044218Z ✔ disposing a visible rename restores exact source and releases provider ownership (7.664074ms)
2026-10-04T05:06:28.5052553Z ✔ same-model secondary views remain suspended through restored-source rename request windows (6.598686ms)
2026-10-04T05:06:28.5053901Z ✔ CodeLens commands and legacy references cannot dispatch from an active rename preview (6.268923ms)
2026-10-04T05:06:28.5057000Z ✔ model switch before a delayed update closes the captured rename without querying the new document (4.543558ms)
2026-10-04T05:06:28.5061584Z ✔ actual insights changed lifecycle cancels rename on same-URI model replacement (4.541575ms)
2026-10-04T05:06:28.5066313Z ✔ removing workspace ownership closes rename even while its old editor still references the model (4.365357ms)
2026-10-04T05:06:28.5070182Z ✔ a failed final commit closes the released capability and resumes normal requests (5.161426ms)
2026-10-04T05:06:28.5074408Z ✔ async resource Apply forwards real cancellation and its old finally cannot close a newer rename (4.690291ms)
2026-10-04T05:06:28.7834074Z ✔ ReSharper-like is a native profile with stable identity and preserves the Visual Studio default (16.812295ms)
2026-10-04T05:06:28.7836377Z ✔ duplicate edits every selected range in one model transaction and undo restores primary direction (9.218631ms)
2026-10-04T05:06:28.7838069Z ✔ line duplication and joining use native CRLF-aware commands (3.261758ms)
2026-10-04T05:06:28.7843209Z ✔ line and shifted-punctuation block comment shortcuts change the real model and remain reversible (3.92568ms)
2026-10-04T05:06:28.7845222Z ✔ ReSharper move-line gestures preserve the original line terminators and undo history (2.963293ms)
2026-10-04T05:06:28.7847504Z ✔ language and selection gestures invoke the supported provider contract exactly once (2.50378ms)
2026-10-04T05:06:28.7849640Z ✔ navigation and browser-alternative chords preserve query arguments, URI and caret at the host seam (2.705514ms)
2026-10-04T05:06:28.7851770Z ✔ a language provider can complete formatting and rename through the same model and shared undo stack (2.263865ms)
2026-10-04T05:06:28.7855651Z ✔ absent snippet providers report explicit unavailability and never edit the document (1.833004ms)
2026-10-04T05:06:28.7859603Z ✔ read-only, composing, AltGraph and disposed views cannot perform ReSharper edits (1.758946ms)
2026-10-04T05:06:28.7864269Z ✔ the portable Mac mapping uses Meta and retains browser chord alternatives (1.48044ms)
2026-10-04T05:06:28.7866382Z ✔ profile switches preserve model identity, undo, selections, folds, bookmarks and modal state (7.812048ms)
2026-10-04T05:06:29.0238445Z ✔ A20 Save As without a utf-8 BOM retains the encoding on both later baseline checks (28.832118ms)
2026-10-04T05:06:29.0475659Z ✔ A20 utf-8 output refuses unpaired surrogates before closing or downloading (26.651929ms)
2026-10-04T05:06:29.0500478Z ✔ A20 utf-8 disk preflight rejects lossy captured and legacy input before opening a stream (3.27945ms)
2026-10-04T05:06:29.0690042Z ✔ A20 Save As without a utf-16le BOM retains the encoding on both later baseline checks (15.325975ms)
2026-10-04T05:06:29.0917425Z ✔ A20 utf-16le output refuses unpaired surrogates before closing or downloading (25.910643ms)
2026-10-04T05:06:29.0937808Z ✔ A20 utf-16le disk preflight rejects lossy captured and legacy input before opening a stream (2.238798ms)
2026-10-04T05:06:29.1133718Z ✔ A20 Save As without a utf-16be BOM retains the encoding on both later baseline checks (17.71413ms)
2026-10-04T05:06:29.1328258Z ✔ A20 utf-16be output refuses unpaired surrogates before closing or downloading (20.680689ms)
2026-10-04T05:06:29.1362112Z ✔ A20 utf-16be disk preflight rejects lossy captured and legacy input before opening a stream (2.623722ms)
2026-10-04T05:06:29.1365513Z ✔ A20 direct source output reports a boundary high surrogate and leaves abort/close ownership to its caller (0.939956ms)
2026-10-04T05:06:29.1436545Z ✔ A20 the default disk reader retains an explicitly known no-BOM UTF-16 baseline (6.44486ms)
2026-10-04T05:06:29.1456384Z ✔ A20 source output rejects NUL and an ambiguous leading BOM character without committing or downloading (2.726073ms)
2026-10-04T05:06:29.1479826Z ✔ A20 rebasing retains the old encoded-byte baseline when the prepared source has changed (2.410548ms)
2026-10-04T05:06:29.1496481Z ✔ A20 unchanged rebasing keeps a provably current byte baseline without reading text (1.791407ms)
2026-10-04T05:06:30.6915171Z ✔ A20 a no-option save of an actual 200 MiB line is synchronous; enabled tail trim commits once without a whole-text view (1341.465754ms)
2026-10-04T05:06:31.1385806Z ✔ A20 trailing-whitespace scans use bounded backward windows and yield before finishing a long logical line (457.440897ms)
2026-10-04T05:06:31.2751556Z ✔ A20 save normalization matches terminator/trim semantics while preserving significant whitespace and one undo transaction (131.357602ms)
2026-10-04T05:06:31.2754253Z ✔ A20 aborted normalization leaves source, selections, dirty marker and undo history untouched (2.779312ms)
2026-10-04T05:06:31.2756736Z ✔ A20 changed source, replaced model and changed text options reject private normalization before commit (1.975559ms)
2026-10-04T05:06:31.2760572Z ✔ A20 private preparation rejects invalid limits and excessive edits without applying a partial line batch (0.808552ms)
2026-10-04T05:06:31.2882690Z ✔ A20 prepared commits use the latest view selections and the shared contribution transaction (12.361187ms)
2026-10-04T05:06:31.2884630Z ✔ A20 trimming before a requested final newline retains a content-end caret before that new terminator (0.602068ms)
2026-10-04T05:06:31.2993821Z ✔ A20 a shared read-only transition during preparation never changes the buffer (11.191756ms)
2026-10-04T05:06:31.5099428Z ✔ A20 Save As starts the picker before asynchronous preparation and writes only its exact replacement capture (9.20742ms)
2026-10-04T05:06:31.5101405Z ✔ A20 dismissing a picker never runs a normalization callback (0.722101ms)
2026-10-04T05:06:31.5104859Z ✔ A20 cancellation or a preparation rejection cannot open a write stream or download (1.030974ms)
2026-10-04T05:06:31.5108025Z ✔ A20 a replacement capture must retain URI and a current, consistent version before write acquisition (1.119459ms)
2026-10-04T05:06:31.5139033Z ✔ A20 download fallback prepares exactly once and still cannot report a confirmed native save (5.425327ms)
2026-10-04T05:06:31.5994647Z ✔ single-match navigation reaches forward and backward origins beyond 10000 earlier matches (3.826987ms)
2026-10-04T05:06:31.5997489Z ✔ navigation finds nearest overlapping matches and wrapped spans crossing the original origin (0.859837ms)
2026-10-04T05:06:31.6519099Z ✔ scalar matches survive chunk seams and origins inside UTF-16 pairs in either direction (28.33226ms)
2026-10-04T05:06:31.6521440Z ✔ navigation retains literal case folding, Unicode word boundaries and merged selection exclusions (1.86252ms)
2026-10-04T05:06:31.6523366Z ✔ a near-end origin in a virtual 200 MiB ASCII source requests only bounded nearby slices (0.742169ms)
2026-10-04T05:06:31.6531049Z ✔ cooperative navigation holds an immutable source snapshot while the original buffer changes (2.630907ms)
2026-10-04T05:06:31.6533244Z ✔ step and elapsed limits fail explicitly before an incomplete scan could report wrapping or no match (0.923405ms)
2026-10-04T05:06:31.6534992Z ✔ navigation honors cancellation before scanning and between cooperative chunks (0.806537ms)
2026-10-04T05:06:31.6536773Z ✔ navigation rejects invalid bounds and oversized exclusions without reading unbounded source text (1.252376ms)
2026-10-04T05:06:31.6540729Z ✔ Add Next Occurrence advances after the primary range beyond 10000 matches and wraps around selected ranges (2.445833ms)
2026-10-04T05:06:31.6544412Z ✔ Add Next Occurrence skips existing ranges and preserves the explicit 10000-selection capacity (15.354637ms)
2026-10-04T05:06:31.6546477Z ✔ Add Next Occurrence excludes a candidate containing an existing empty caret (0.909138ms)
2026-10-04T05:06:32.6071618Z ✔ source query model is cached per complete source/options revision (79.904962ms)
2026-10-04T05:06:32.6075249Z ✔ namespace-qualified class bases, interfaces and members build distinct Class View branches (10.117551ms)
2026-10-04T05:06:32.6080418Z ✔ bound reads, writes, declarations, compound updates and ref/out/in retain filterable metadata (35.783698ms)
2026-10-04T05:06:32.6083406Z ✔ a written property does not classify its receiver as written (15.209808ms)
2026-10-04T05:06:32.6086944Z ✔ tuple deconstruction writes are distinct from tuple reads (7.06459ms)
2026-10-04T05:06:32.6092479Z ✔ partial generic type rename covers aliases, constructors, arrays, qualified names and typeof (36.991623ms)
2026-10-04T05:06:32.6095459Z ✔ comment/string options use lexical spans and whole identifiers, including interpolation (19.558135ms)
2026-10-04T05:06:32.6097763Z ✔ rename refuses collisions, captures, generated targets and existing resource destinations (10.52625ms)
2026-10-04T05:06:32.6100934Z ✔ renaming Unicode source identifiers preserves UTF-16 offsets after an astral prefix (8.629227ms)
2026-10-04T05:06:32.6104150Z ✔ parameter hints follow the selected overload and omit explicitly named arguments (7.325005ms)
2026-10-04T05:06:32.6106221Z ✔ constructor and extension hints use parameter mapping without labeling the extension receiver (7.002164ms)
2026-10-04T05:06:32.6108265Z ✔ worker and LSP preparation accept source types and return read/write highlights (4.072533ms)
2026-10-04T05:06:32.6113181Z ✔ pure Outline worker routes the safe semantic reorder leaf and rejects stale versions (1.252977ms)
2026-10-04T05:06:32.6116671Z ✔ framework hover carries a structured callable target for metadata navigation (2.672925ms)
2026-10-04T05:06:32.6119529Z ✔ nameof and selected method-group conversions retain actual bound source references (13.47157ms)
2026-10-04T05:06:33.3627630Z ✔ first and repeated signature queries retain their document owner in a shared source model (102.908777ms)
2026-10-04T05:06:33.3632795Z ✔ exact opening lookup and caret lookup preserve nested-call boundaries through closing delimiters (6.954265ms)
2026-10-04T05:06:33.3636638Z ✔ unresolved inner invocations hide an outer tip only while the caret belongs to the inner call (9.840396ms)
2026-10-04T05:06:33.3650368Z ✔ a replacement source model has independent cached signatures while the captured revision remains readable (6.771757ms)
2026-10-04T05:06:33.7340847Z ✔ A20 prepared utf-8 ingress retains BOM and streaming decoder state at byte boundaries (160.294966ms)
2026-10-04T05:06:33.9599797Z ✔ A20 prepared utf-16le ingress retains BOM and streaming decoder state at byte boundaries (225.902445ms)
2026-10-04T05:06:34.1816767Z ✔ A20 prepared utf-16be ingress retains BOM and streaming decoder state at byte boundaries (219.631338ms)
2026-10-04T05:06:34.1970684Z ✔ A20 prepared empty and BOM-only files remain empty and editable without load history (11.462178ms)
2026-10-04T05:06:34.2209967Z ✔ A20 Studio reads >2 MB File inputs in bounded slices and retains a stable original snapshot (28.728486ms)
2026-10-04T05:06:34.2253739Z ✔ A20 source loading cancels before I/O and between chunks without returning a partial model (4.586338ms)
2026-10-04T05:06:34.2257254Z ✔ A20 invalid chunk bounds and resource limits fail before a File read (0.749422ms)
2026-10-04T05:06:34.2379017Z ✔ A20 malformed encodings, binary NUL, inconsistent chunks and I/O failures reject the staged load (12.230815ms)
2026-10-04T05:06:34.2791099Z ✔ A20 CodeEditor large-file policy adopts only a complete decoded model and detects disposed loads (41.257545ms)
2026-10-04T05:06:34.3802791Z ✔ Save As invokes the picker during the calling gesture before any source read (10.717976ms)
2026-10-04T05:06:34.3866591Z ✔ Save As preserves utf-8, BOM, split surrogate pairs, and CRLF (9.70781ms)
2026-10-04T05:06:34.3931006Z ✔ Save As preserves utf-16le, BOM, split surrogate pairs, and CRLF (7.984188ms)
2026-10-04T05:06:34.3963345Z ✔ Save As preserves utf-16be, BOM, split surrogate pairs, and CRLF (5.328406ms)
2026-10-04T05:06:35.8634727Z ✔ Save As writes the BOM for empty sources and supports captured legacy text data properties (3.578897ms)
2026-10-04T05:06:41.9840932Z ✔ Save As streams an actual 200 MiB ASCII source without retaining or reading whole text (7579.14515ms)
2026-10-04T05:06:41.9841985Z ✔ a cancelled native picker leaves the source unread and does not initiate an export (1.623524ms)
2026-10-04T05:06:41.9853568Z ✔ pre-cancellation skips the picker and cancellation while acquiring a stream aborts it unread (0.881737ms)
2026-10-04T05:06:41.9856577Z ✔ cancellation aborts a pending native write and never commits or writes a second chunk (1.574133ms)
2026-10-04T05:06:41.9880134Z ✔ a native save is not confirmed until close completes; late cancellation does not undo a committed save (2.850009ms)
2026-10-04T05:06:41.9881916Z ✔ a picker failure rejects, never exports, and aborts an acquired native stream (0.789727ms)
2026-10-04T05:06:41.9884092Z ✔ a createWritable failure rejects, never exports, and aborts an acquired native stream (0.264131ms)
2026-10-04T05:06:41.9891633Z ✔ a write failure rejects, never exports, and aborts an acquired native stream (0.308693ms)
2026-10-04T05:06:41.9919607Z ✔ a close failure rejects, never exports, and aborts an acquired native stream (1.393968ms)
2026-10-04T05:06:41.9921475Z ✔ encoded output caps, progress errors, and failed cleanup remain explicit failures (1.324049ms)
2026-10-04T05:06:41.9935147Z ✔ a byte cap after a completed chunk aborts staged output and does not close the destination (1.774305ms)
2026-10-04T05:06:41.9936744Z ✔ invalid native handles and streams report explicit errors, with cleanup when available (0.526808ms)
2026-10-04T05:06:41.9981604Z ✔ download fallback with no picker preserves binary encoding but cannot confirm a save (3.087563ms)
2026-10-04T05:06:42.0010891Z ✔ download fallback with read-only handle preserves binary encoding but cannot confirm a save (3.499097ms)
2026-10-04T05:06:42.0020552Z ✔ download fallback with unsupported writable preserves binary encoding but cannot confirm a save (0.973317ms)
2026-10-04T05:06:42.0060371Z ✔ download cancellation and unavailable hosts reject or cancel before falsely claiming an export (4.819338ms)
2026-10-04T05:06:42.0073860Z ✔ the browser fallback uses a binary Blob URL and removes its temporary download link (0.901094ms)
2026-10-04T05:06:42.0075394Z ✔ invalid source metadata and mutable or lazy-only sources fail before a picker opens (0.441039ms)
2026-10-04T05:06:42.0117504Z ✔ suggested names use URI basenames, including Windows paths and empty trailing components (4.17983ms)
2026-10-04T05:06:42.8676646Z ✔ a complete 501-file loose-source import stages without mutating existing sources (652.669294ms)
2026-10-04T05:06:42.8710010Z ✔ failed later source reads leave every existing input untouched and enforce encoding/path policy (3.10183ms)
2026-10-04T05:06:42.8715022Z ✔ legacy JSON project conversion retains settings and rejects invalid metadata before loading (1.243208ms)
2026-10-04T05:06:45.5049844Z ✔ 200 MiB File reaches the actual Studio workspace model through chunked ingress with automatic work bounded (2166.78883ms)
2026-10-04T05:06:45.5117044Z ✔ rejected settings and cancelled selection release new prepared models without changing the current workspace (8.925006ms)
2026-10-04T05:06:45.5223507Z ✔ adding prepared files retains current projects, dirty models and private launch settings (11.445006ms)
2026-10-04T05:06:45.5299986Z ✔ committed document callback errors still install matching project metadata and retain adopted models (3.640342ms)
2026-10-04T05:06:45.5303066Z ✔ bulk Studio save passes captured roots and preserves newer edits after partial disk completion (2.930613ms)
2026-10-04T05:06:45.5306126Z ✔ Save As download outcome retains dirty state and a replaced workspace cannot receive a late saved marker (2.150694ms)
2026-10-04T05:06:46.0407554Z ✔ whole workspace limits count actual UTF-16 encoded bytes across imported files (10.300742ms)
2026-10-04T05:06:46.0433528Z ✔ workspace budgets include binary file count and aggregate bytes (2.628532ms)
2026-10-04T05:06:46.0565440Z ✔ edited source roots are counted again instead of trusting original encoded metadata (3.992796ms)
2026-10-04T05:06:46.0567582Z ✔ empty binary recovery succeeds and recovery preflight errors are reported without escaping (7.334813ms)
2026-10-04T05:06:46.0695213Z ✔ a saved project-file selection cannot become a source document active URI (15.020107ms)
2026-10-04T05:06:46.2835090Z ✔ SF-A20-T25: region wrapping preserves LF body endings and does not indent later lines (7.45703ms)
2026-10-04T05:06:46.2836795Z ✔ SF-A20-T25: block wrapping uses configured two-space indentation with LF (1.78211ms)
2026-10-04T05:06:46.2838428Z ✔ SF-A20-T25: region wrapping preserves CRLF body endings and does not indent later lines (0.800046ms)
2026-10-04T05:06:46.2842424Z ✔ SF-A20-T25: block wrapping uses configured two-space indentation with CRLF (0.674873ms)
2026-10-04T05:06:46.2845920Z ✔ SF-A20-T25: region wrapping preserves CR body endings and does not indent later lines (0.76438ms)
2026-10-04T05:06:46.2853309Z ✔ SF-A20-T25: block wrapping uses configured two-space indentation with CR (0.537228ms)
2026-10-04T05:06:46.2855818Z ✔ SF-A20-T25: mixed body terminators are unchanged while new wrapper lines use configured EOL (0.616164ms)
2026-10-04T05:06:46.2864833Z ✔ SF-A20-T25: region preserves existing body indentation with indentation excluded from the selection (0.712263ms)
2026-10-04T05:06:46.2866020Z ✔ SF-A20-T25: block templates use tabs and preserve relative body tabs (0.943362ms)
2026-10-04T05:06:46.2867054Z ✔ SF-A20-T25: each selected-text placeholder follows its own indentation context (0.709758ms)
2026-10-04T05:06:46.2868015Z ✔ SF-A20-T25: selected snippet-looking text and empty lines remain literal (0.499908ms)
2026-10-04T05:06:46.2872190Z ✔ SF-A20-T25: read-only surrounding does not modify text or history (0.216061ms)
2026-10-04T05:06:46.2875752Z ✔ SF-A20-T25: template EOL adaptation includes CR and preserves the existing public literal-indent contract (0.278096ms)
2026-10-04T05:06:46.2880091Z ✔ SF-A20-T25: contextual variable formatting preserves placeholder ranges and rejects invalid formatter output (0.563206ms)
2026-10-04T05:06:46.4134689Z ✔ B01: Visual Studio Ctrl+K Ctrl+S reaches Surround With once and applies a production snippet in one undo (23.666436ms)
2026-10-04T05:06:46.4142217Z ✔ B01: a missing Surround With provider reports its absence without opening code actions (2.287679ms)
2026-10-04T05:06:46.6124653Z ✔ SF-A20-T41: untabify resets visual columns at every LF line (2.815209ms)
2026-10-04T05:06:46.6128441Z ✔ SF-A20-T41: tabify converts every LF indentation without changing terminators (0.411544ms)
2026-10-04T05:06:46.6132502Z ✔ SF-A20-T41: untabify resets visual columns at every CRLF line (0.239375ms)
2026-10-04T05:06:46.6137031Z ✔ SF-A20-T41: tabify converts every CRLF indentation without changing terminators (0.18792ms)
2026-10-04T05:06:46.6140616Z ✔ SF-A20-T41: untabify resets visual columns at every CR line (0.249694ms)
2026-10-04T05:06:46.6145385Z ✔ SF-A20-T41: tabify converts every CR indentation without changing terminators (0.15079ms)
2026-10-04T05:06:46.6149727Z ✔ SF-A20-T41: tab conversion preserves mixed EOL, blank lines and tab columns in mixed indentation (0.240286ms)
2026-10-04T05:06:46.6154015Z ✔ SF-A20-T41: disjoint multiline selections convert in one undo transaction and restore selection state (5.934582ms)
2026-10-04T05:06:46.6160142Z ✔ SF-A20-T41: read-only tab conversion leaves the model and history unchanged (0.493668ms)
2026-10-04T05:06:46.8451154Z ✔ source-indexed lenses are unresolved and lazy, ordered, project-owned and never materialize document text (3.513365ms)
2026-10-04T05:06:46.8453401Z ✔ actual editor service command runs only the selected registry test through TaskCenter and refreshes real status (3.088436ms)
2026-10-04T05:06:46.8456028Z ✔ real failed and skipped outcomes resolve with their observed state and do not fabricate timing (0.87218ms)
2026-10-04T05:06:46.8459813Z ✔ forged or stale source, span, test and project identities cannot resolve or execute (1.488304ms)
2026-10-04T05:06:46.8467136Z ✔ linked documents require exact stable project ownership; a display label never selects a project (0.643776ms)
2026-10-04T05:06:46.8469300Z ✔ discovery invalidates moved locations and captures omitted versions only on actual rediscovery (0.504808ms)
2026-10-04T05:06:46.8482976Z ✔ cancelling a lens run preserves an independent Test Explorer run and reports actual cancellation (0.970392ms)
2026-10-04T05:06:46.8490966Z ✔ unregistering a real provider aborts its run, invalidates lenses and cannot leave a clickable old action (0.833829ms)
2026-10-04T05:06:46.8492871Z ✔ disposing CodeLens cancels only its runs, removes refresh listeners and rejects later requests (0.901514ms)
2026-10-04T05:06:46.8494751Z ✔ an optional operation wrapper cannot bypass provider execution or reuse its delayed run after completion (0.465825ms)
2026-10-04T05:06:46.8496437Z ✔ deferred execution revalidates source and discovery ownership before starting the test (0.351633ms)
2026-10-04T05:06:46.8497458Z ✔ provider errors still emit final invalidation and resolve to the actual failed registry state (0.438394ms)
2026-10-04T05:06:46.8498311Z ✔ pre-aborted requests and malformed commands fail before starting provider work (0.474321ms)
2026-10-04T05:06:46.8499729Z ✔ document bounds and the editor lens cap reject unusable or excessive discoveries explicitly (9.508039ms)
2026-10-04T05:06:47.0641259Z ✔ A20 multi-caret editing commits one undo group and grapheme delete preserves boundaries (6.423009ms)
2026-10-04T05:06:47.0644698Z ✔ A20 deletion boundaries and smart newline at EOF are valid no-ops or atomic edits (1.411241ms)
2026-10-04T05:06:47.0654211Z ✔ A20 overtype never replaces a newline and virtual space is materialized only by typing (0.827257ms)
2026-10-04T05:06:47.0656123Z ✔ A20 advanced transforms preserve multi-caret atomicity and Unicode case expansion (1.649274ms)
2026-10-04T05:06:47.0657931Z ✔ A20 editorconfig precedence changes indentation per path and save applies EOL trim/final newline (2.059094ms)
2026-10-04T05:06:47.0660054Z ✔ A20 clipboard ring bounds entries and drag move preserves one undo transaction (0.67826ms)
2026-10-04T05:06:47.0661163Z ✔ A20 bookmarks and unsaved/saved/reverted change marks follow undo (1.19541ms)
2026-10-04T05:06:47.0789774Z ✔ A20 chunk loading commits once and cancellation or malformed UTF-8 keeps original model (14.014189ms)
2026-10-04T05:06:47.0794181Z ✔ A20 advanced caret transforms and disjoint line moves preserve EOLs and undo selections (4.600953ms)
2026-10-04T05:06:47.0795988Z ✔ A20 advanced sorting preserves CRLF and read-only rejects transforms (0.94222ms)
2026-10-04T05:06:47.8462219Z ✔ A20 incremental syntax reconverges within 200 lines in a 100000-line document (567.071845ms)
2026-10-04T05:06:47.8467303Z ✔ A20 incremental syntax matches full lexing after multiline literal and comment edits (5.128415ms)
2026-10-04T05:06:47.8471561Z ✔ A20 folding validates nesting and expands edits in hidden ranges (0.894011ms)
2026-10-04T05:06:47.8478029Z ✔ A20 folding state persists per document and fallback handles regions comments usings (2.776346ms)
2026-10-04T05:06:47.8480084Z ✔ A20 folding ignores stale and disposed language responses (0.811096ms)
2026-10-04T05:06:47.8482325Z ✔ A20 typed folding provider cancels older requests and restores saved collapsed state after discovery (0.580889ms)
2026-10-04T05:06:48.0741939Z ✔ A20 native clipboard retains per-caret fragments, line-copy metadata and malformed payload fallback (6.629352ms)
2026-10-04T05:06:48.0755205Z ✔ A20 view model adapter follows document switches and keeps view selections independent (0.462769ms)
2026-10-04T05:06:48.0757227Z ✔ A20 synthetic composition commits once, cancels safely and cannot cross document identity (0.955605ms)
2026-10-04T05:06:48.0759283Z ✔ A20 rename preview refreshes token/layout caches without publishing or recording edits (2.44996ms)
2026-10-04T05:06:48.3200644Z ✔ A20 line layout round trips grapheme offsets, tabs, CJK and emoji (3.4996ms)
2026-10-04T05:06:48.3204556Z ✔ A20 visual line map handles 500000 lines with wraps, hidden intervals and inverse lookup (8.050282ms)
2026-10-04T05:06:48.3209368Z ✔ A20 wrap covers source without splitting extended graphemes (0.775731ms)
2026-10-04T05:06:48.3213949Z ✔ A20 viewport bounds materialized rows and folds preserve logical line numbering (31.817475ms)
2026-10-04T05:06:48.3218236Z ✔ A20 whitespace changes only decoration data and overview endpoints are exact (0.574307ms)
2026-10-04T05:06:48.3222768Z ✔ A20 leading and inline zones retain row mapping through repeated layout resets (1.357552ms)
2026-10-04T05:06:48.3227297Z ✔ A20 long-line fragments clamp stale horizontal scroll and use bounded text reads (2.037675ms)
2026-10-04T05:06:48.4946469Z ✔ Vim block deletion uses display columns across partial tabs, wide graphemes, combining text and short lines (27.036214ms)
2026-10-04T05:06:48.4952223Z ✔ Vim block change types on every selected row and retains virtual space in one history group (5.068354ms)
2026-10-04T05:06:48.4954186Z ▶ Vim block insert, append and end-of-line append honor their distinct short-line behavior
2026-10-04T05:06:48.4955454Z   ✔ I ! Escape (2.391471ms)
2026-10-04T05:06:48.4961399Z   ✔ A ! Escape (3.215342ms)
2026-10-04T05:06:48.4962162Z   ✔ $ A ! Escape (2.43363ms)
2026-10-04T05:06:48.4964280Z   ✔ D (1.574745ms)
2026-10-04T05:06:48.4970503Z   ✔ C ! Escape (1.871757ms)
2026-10-04T05:06:48.4973515Z ✔ Vim block insert, append and end-of-line append honor their distinct short-line behavior (12.474749ms)
2026-10-04T05:06:48.4975848Z ✔ Vim block registers preserve rows on counted normal puts, visual puts and puts beyond the final line (4.009517ms)
2026-10-04T05:06:48.4980327Z ✔ Vim asynchronous clipboard keeps block metadata only while clipboard text still matches (2.370072ms)
2026-10-04T05:06:48.4990455Z ✔ Vim visual replacement splits tabs and fills virtual cells without splitting surrogate pairs (4.359858ms)
2026-10-04T05:06:48.4996898Z ▶ Vim block shifts use the left boundary, count, shift width and tab policy
2026-10-04T05:06:48.5001795Z   ✔ 2 > spaces=true (1.66361ms)
2026-10-04T05:06:48.5002920Z   ✔ < spaces=true (1.436958ms)
2026-10-04T05:06:48.5005336Z   ✔ 2 > spaces=false (1.280919ms)
2026-10-04T05:06:48.5007583Z ✔ Vim block shifts use the left boundary, count, shift width and tab policy (4.868983ms)
2026-10-04T05:06:48.5009315Z ✔ Vim normal vertical moves preserve display column and block corner switches preserve the selected rectangle (2.125558ms)
2026-10-04T05:06:48.5012492Z ▶ Vim visual aliases operate on the selected text rather than normal-mode single-character ranges
2026-10-04T05:06:48.5013375Z   ✔ x (1.457818ms)
2026-10-04T05:06:48.5016340Z   ✔ U (1.134627ms)
2026-10-04T05:06:48.5020695Z   ✔ u (1.662037ms)
2026-10-04T05:06:48.5027872Z   ✔ ~ (0.880004ms)
2026-10-04T05:06:48.5030610Z   ✔ r# (0.927332ms)
2026-10-04T05:06:48.5032884Z ✔ Vim visual aliases operate on the selected text rather than normal-mode single-character ranges (6.693822ms)
2026-10-04T05:06:48.5036425Z ✔ Vim block edits reject malformed metadata, excessive virtual replacement and locked models before mutation (1.349928ms)
2026-10-04T05:06:48.7039817Z ✔ selection normalization deterministically merges overlap and preserves primary direction and head alias (2.150814ms)
2026-10-04T05:06:48.7043732Z ✔ model stores operation undo independent of a 500 KB document and restores save points (57.064595ms)
2026-10-04T05:06:48.7047522Z ✔ five-caret typing is one undo step with exact selection restore; time/command coalescing has explicit boundaries (1.986359ms)
2026-10-04T05:06:48.7048452Z ✔ random operations undo and redo against retained string oracles (44.513134ms)
2026-10-04T05:06:48.7052423Z ✔ model prepares atomic workspace participants and rollback preserves document/history/selection/scroll (0.885264ms)
2026-10-04T05:06:48.7054502Z ✔ multi-caret commands add occurrences, remove newest and insert line-end carets (12.507239ms)
2026-10-04T05:06:48.7056936Z ✔ box typing splits partial tabs, uses wide visual columns and inserts virtual spaces (3.068779ms)
2026-10-04T05:06:48.7060835Z ✔ multicaret clipboard round-trips N fragments and rectangular pastes grow missing lines atomically (2.415607ms)
2026-10-04T05:06:48.7072050Z ✔ box deletion avoids manufacturing virtual spaces and insertion budgets reject before any model edit (0.801639ms)
2026-10-04T05:06:48.7073861Z ✔ explicit nested groups override per-command stops and selection jumps while preserving saved state identity (0.75952ms)
2026-10-04T05:06:48.9386480Z ▶ Vim counts multiply operators, motions and line ranges and each edit undoes as one operation
2026-10-04T05:06:48.9387720Z   ✔ 2d2w (23.224123ms)
2026-10-04T05:06:48.9388511Z   ✔ 2dd (2.890268ms)
2026-10-04T05:06:48.9392289Z   ✔ Gdd (2.214803ms)
2026-10-04T05:06:48.9395693Z   ✔ de (1.775567ms)
2026-10-04T05:06:48.9399325Z   ✔ dw (2.608305ms)
2026-10-04T05:06:48.9403615Z   ✔ D (1.279977ms)
2026-10-04T05:06:48.9406859Z   ✔ J (1.26536ms)
2026-10-04T05:06:48.9410234Z   ✔ gJ (1.672597ms)
2026-10-04T05:06:48.9415079Z ✔ Vim counts multiply operators, motions and line ranges and each edit undoes as one operation (38.780597ms)
2026-10-04T05:06:48.9417078Z ✔ Vim normal movements, finds and character deletes stay at grapheme and CRLF line boundaries (6.327963ms)
2026-10-04T05:06:48.9421905Z ▶ Vim word-end, backward-end, find/till, paragraph, line and document motions have expected offsets
2026-10-04T05:06:48.9422962Z   ✔ 2w at 0 (1.048297ms)
2026-10-04T05:06:48.9425992Z   ✔ ge at 8 (0.880285ms)
2026-10-04T05:06:48.9430373Z   ✔ 2ge at 8 (1.341963ms)
2026-10-04T05:06:48.9434514Z   ✔ 2e at 0 (0.819813ms)
2026-10-04T05:06:48.9440350Z   ✔ W at 0 (0.666268ms)
2026-10-04T05:06:48.9445612Z   ✔ fc at 0 (0.763157ms)
2026-10-04T05:06:48.9450439Z   ✔ tc at 0 (0.756645ms)
2026-10-04T05:06:48.9454546Z   ✔ Fa at 6 (0.840251ms)
2026-10-04T05:06:48.9456961Z   ✔ tB at 0 (0.814733ms)
2026-10-04T05:06:48.9465046Z   ✔ } at 0 (0.768668ms)
2026-10-04T05:06:48.9467141Z   ✔ ^ at 5 (0.800797ms)
2026-10-04T05:06:48.9469612Z   ✔ 0 at 6 (0.795177ms)
2026-10-04T05:06:48.9473504Z   ✔ G at 0 (1.236837ms)
2026-10-04T05:06:48.9477145Z   ✔ gg at 12 (0.602309ms)
2026-10-04T05:06:48.9481242Z   ✔ 2G at 0 (0.597179ms)
2026-10-04T05:06:48.9484802Z ✔ Vim word-end, backward-end, find/till, paragraph, line and document motions have expected offsets (14.269032ms)
2026-10-04T05:06:48.9489827Z ▶ Vim change, insert, replace and open-line sessions share one explicit history group
2026-10-04T05:06:48.9490791Z   ✔ c w N E W Escape (2.120879ms)
2026-10-04T05:06:48.9496571Z   ✔ i a b c Escape (0.973148ms)
2026-10-04T05:06:48.9499760Z   ✔ R X Y Escape (0.984027ms)
2026-10-04T05:06:48.9526101Z   ✔ r 😀 (0.79666ms)
2026-10-04T05:06:48.9526594Z   ✔ o X Escape (1.02804ms)
2026-10-04T05:06:48.9527060Z   ✔ O X Escape (1.503443ms)
2026-10-04T05:06:48.9527541Z   ✔ c c X Escape (1.005958ms)
2026-10-04T05:06:48.9529154Z ✔ Vim change, insert, replace and open-line sessions share one explicit history group (9.095813ms)
2026-10-04T05:06:48.9530641Z ▶ Vim text objects use half-open word, quote, nested bracket, sentence and paragraph ranges
2026-10-04T05:06:48.9531441Z   ✔ diw (0.980451ms)
2026-10-04T05:06:48.9531851Z   ✔ daw (0.901785ms)
2026-10-04T05:06:48.9532246Z   ✔ di" (0.852724ms)
2026-10-04T05:06:48.9539451Z   ✔ di( (0.830342ms)
2026-10-04T05:06:48.9539972Z   ✔ 2da( (0.761675ms)
2026-10-04T05:06:48.9540389Z   ✔ dis (0.757427ms)
2026-10-04T05:06:48.9540835Z   ✔ dip (0.711682ms)
2026-10-04T05:06:48.9541890Z ✔ Vim text objects use half-open word, quote, nested bracket, sentence and paragraph ranges (6.53616ms)
2026-10-04T05:06:48.9542997Z ✔ Vim visual character, line and block operators edit the real multi-selection model (5.840808ms)
2026-10-04T05:06:48.9569864Z ✔ Vim visual put replaces the selected range instead of inserting beside it (1.447008ms)
2026-10-04T05:06:48.9571478Z ✔ Vim indent, case operators, matching pairs and repeated find use their native command ranges (2.698562ms)
2026-10-04T05:06:48.9573172Z ✔ Vim named, appended, yank, numbered and black-hole registers preserve their contracts (1.468968ms)
2026-10-04T05:06:48.9574904Z ✔ Vim marks track buffer edits, retain profile state and route cross-document jumps through the host (2.698452ms)
2026-10-04T05:06:48.9576258Z ✔ Vim macros, repeated changes and insertion replay use one undo group per replay (3.291883ms)
2026-10-04T05:06:48.9577823Z ✔ Vim search uses bounded regex with wraparound, counts and reverse direction (29.475775ms)
2026-10-04T05:06:48.9579653Z ✔ Ex substitution captures, line scopes, flags and bounded failures are atomic (3.673844ms)
2026-10-04T05:06:48.9581185Z ✔ Ex settings and workspace requests use the common host and honor failed saves (1.694647ms)
2026-10-04T05:06:48.9582651Z ✔ Vim denied system-register delete and paste leave the model unchanged (1.129938ms)
2026-10-04T05:06:48.9584196Z ✔ Vim delayed clipboard and prompt responses reject stale or disposed editor state (1.370015ms)
2026-10-04T05:06:48.9585702Z ✔ Vim read-only mode and browser composition preserve the text and undo state (1.433482ms)
2026-10-04T05:06:48.9587562Z ﹣ Unsupported target: shell commands and external filters (0.073256ms) # The browser editor has no shell or process-execution authority.
2026-10-04T05:06:48.9589664Z ﹣ Unsupported target: Vimscript and plugin loading (0.102541ms) # The native modal adapter is not a Vimscript interpreter or plugin runtime.
2026-10-04T05:06:48.9590835Z ﹣ Unsupported target: terminal buffers (0.056355ms) # Terminal emulation is outside the editor document and keymap scope.
2026-10-04T05:06:48.9591987Z ﹣ Unsupported target: native Vim regex extensions (0.047208ms) # Search uses the documented bounded regex engine rather than Vim magic expressions.
2026-10-04T05:06:48.9593209Z ﹣ Unsupported target: operating-system primary selection (0.097781ms) # The injected asynchronous clipboard API exposes ordinary clipboard text.
2026-10-04T05:06:48.9594397Z ﹣ Unsupported target: unlimited recursive macros (0.057968ms) # Native macros have explicit recursion, key-count and register-memory budgets.
2026-10-04T05:06:48.9595608Z ﹣ Unsupported target: desktop Vim executable parity (0.046457ms) # Node fixtures qualify this native model; no installed desktop Vim is used as an oracle.
2026-10-04T05:06:48.9597000Z ﹣ Unsupported target: browser key interception and assistive technology (0.041387ms) # Operating-system/browser key delivery and screen readers need browser/manual qualification.
2026-10-04T05:06:49.9253410Z ✔ 0.5 refactor: introduce whole initializer preserves side effects once (109.221445ms)
2026-10-04T05:06:49.9255179Z ✔ 0.5 refactor: introduce return expression stays inside block (13.634573ms)
2026-10-04T05:06:49.9258789Z ✔ 0.5 refactor: introduce local avoids existing names (9.318396ms)
2026-10-04T05:06:49.9263054Z ✔ 0.5 refactor: no extraction from conditional branch or call argument (7.405053ms)
2026-10-04T05:06:49.9266559Z ✔ 0.5 refactor: no extraction from a for initializer (6.280856ms)
2026-10-04T05:06:49.9276081Z ✔ 0.5 refactor: inline immutable literal preserves type and all references (6.941523ms)
2026-10-04T05:06:49.9277451Z ✔ 0.5 refactor: mutable local is not offered for inline (2.332361ms)
2026-10-04T05:06:49.9281946Z ✔ 0.5 refactor: overload-affecting literal widening is not inlined (3.105378ms)
2026-10-04T05:06:49.9285234Z ✔ 0.5 refactor: invert if keeps one condition evaluation (10.327962ms)
2026-10-04T05:06:49.9288712Z ✔ 0.5 refactor: expand initialized auto-property preserves get/set execution (29.505551ms)
2026-10-04T05:06:49.9292245Z ✔ 0.5 refactor: expansion preserves static initializer and private setter (13.426487ms)
2026-10-04T05:06:49.9296503Z ✔ 0.5 refactor: getter-only constructor property is not expanded unsafely (4.592761ms)
2026-10-04T05:06:49.9299839Z ✔ 0.5 refactor: stale structural edit fails atomically (2.376484ms)
2026-10-04T05:06:49.9303494Z ✔ 0.5 editor: bracket pairs ignore comments and escaped string punctuation (0.799304ms)
2026-10-04T05:06:49.9306362Z ✔ 0.5 editor: unmatched delimiters are not paired across mismatch (0.226991ms)
2026-10-04T05:06:49.9310013Z ✔ 0.5 editor: lexical insertion contexts include EOF comments and incomplete strings (0.724586ms)
2026-10-04T05:06:49.9313599Z ✔ 0.5 editor: literal replacement honors UTF-16, word and case constraints (1.775167ms)
2026-10-04T05:06:49.9316724Z ✔ 0.5 editor: search text is literal rather than regex (0.346504ms)
2026-10-04T05:06:49.9321634Z ✔ 0.5 editor: replacement preflights result and match limits (18.827437ms)
2026-10-04T05:06:49.9324426Z ✔ 0.5 editor: duplicate selected whole lines excludes trailing newline (0.382721ms)
2026-10-04T05:06:49.9329159Z ✔ 0.5 editor: duplicate last line upward and validate ranges (0.220259ms)
2026-10-04T05:06:51.5830077Z ✔ 0.6 highlight: indexed source preserves all UTF-16 and trivia characters (4.94825ms)
2026-10-04T05:06:51.5832030Z ✔ 0.6 highlight: scrolling large files renders a bounded line window (517.02284ms)
2026-10-04T05:06:51.5840601Z ✔ 0.6 highlight: lexical fallback still renders only the viewport (0.481825ms)
2026-10-04T05:06:51.5842441Z ✔ 0.6 highlight: huge-line token budget preserves text without thousands of nodes (38.819398ms)
2026-10-04T05:06:51.5844423Z ✔ 0.6 highlight: multiline comment clipping remains classified as comment (0.517051ms)
2026-10-04T05:06:51.5845867Z ✔ 0.6 highlight: invalid viewport arguments fail without loops (1.016027ms)
2026-10-04T05:06:51.5847316Z ✔ 0.6 selection: nesting strictly grows and retains UTF-16 positions (8.583882ms)
2026-10-04T05:06:51.5850954Z ✔ 0.6 refactoring: make int const (123.366967ms)
2026-10-04T05:06:51.5854374Z ✔ 0.6 refactoring: make var const (17.129745ms)
2026-10-04T05:06:51.5859506Z ✔ 0.6 refactoring: make string const (15.350541ms)
2026-10-04T05:06:51.5862590Z ✔ 0.6 refactoring: conditional return evaluation (33.639218ms)
2026-10-04T05:06:51.5865551Z ✔ 0.6 refactoring: conditional return CRLF (15.345972ms)
2026-10-04T05:06:51.5869293Z ✔ 0.6 refactoring: expression body method (28.926395ms)
2026-10-04T05:06:51.5873970Z ✔ 0.6 refactoring: expression body void (13.862537ms)
2026-10-04T05:06:51.5876413Z ✔ 0.6 refactoring: scoped using (35.125918ms)
2026-10-04T05:06:51.5878981Z ✔ 0.6 refactoring: scoped using names remain bounded (19.476803ms)
2026-10-04T05:06:51.5882781Z ✔ 0.6 refactoring: mutable/nonexact/already const no make-const int x=1;x++;Console.WriteLine(x); (3.907036ms)
2026-10-04T05:06:51.5884649Z ✔ 0.6 refactoring: mutable/nonexact/already const no make-const int x=1;x+=2;Console.WriteLine(x); (2.462143ms)
2026-10-04T05:06:51.5887581Z ✔ 0.6 refactoring: mutable/nonexact/already const no make-const int x=1;x=2;Console.WriteLine(x); (2.823033ms)
2026-10-04T05:06:51.5890372Z ✔ 0.6 refactoring: mutable/nonexact/already const no make-const double x=1;Console.WriteLine(x); (1.896802ms)
2026-10-04T05:06:51.5893111Z ✔ 0.6 refactoring: mutable/nonexact/already const no make-const const int x=1;Console.WriteLine(x); (1.628755ms)
2026-10-04T05:06:51.5897242Z ✔ 0.6 refactoring: does not delete comments Use expression-bodied (2.023568ms)
2026-10-04T05:06:51.5899285Z ✔ 0.6 refactoring: does not delete comments Use conditional return (2.463254ms)
2026-10-04T05:06:51.5908075Z ✔ 0.6 refactoring: does not delete comments Use scoped using (3.310899ms)
2026-10-04T05:06:51.5927699Z ✔ 0.6 refactoring: make-const stale edit is rejected atomically (1.487693ms)
2026-10-04T05:06:51.5929328Z ✔ 0.6 navigation: bidirectional document locations preserve selections (0.314585ms)
2026-10-04T05:06:51.5930717Z ✔ 0.6 navigation: origin cursor refresh does not create phantom jumps (0.164676ms)
2026-10-04T05:06:51.5932048Z ✔ 0.6 navigation: new jump truncates forward history and deduplicates (0.782243ms)
2026-10-04T05:06:51.5933418Z ✔ 0.6 navigation: retained history is bounded and immutable (0.168433ms)
2026-10-04T05:06:51.5934541Z ✔ 0.6 navigation: invalid locations and limits rejected (0.313482ms)
2026-10-04T05:06:52.9044421Z ✔ piece table: 100000 deterministic mixed-EOL/UTF-16 edits match a string oracle (414.159525ms)
2026-10-04T05:06:52.9047656Z ✔ piece table: reading a 100 MB buffer boundary materializes only the requested slice (692.61616ms)
2026-10-04T05:06:52.9052600Z ✔ line index: CRLF seams, CR/LF splits and all coordinate boundaries remain exact (0.965934ms)
2026-10-04T05:06:52.9057916Z ✔ text buffer: multi-edits are one immutable version with inverse coordinates and exact ranges (1.280419ms)
2026-10-04T05:06:52.9060018Z ✔ text buffer: prepare/commit is atomic; overlap, stale versions and disposed changes fail explicitly (0.675744ms)
2026-10-04T05:06:52.9063309Z ✔ text buffer: indexed EOL metadata and UTF encodings preserve BOM, mixed endings and final newline (1.105113ms)
2026-10-04T05:06:52.9071094Z ✔ text buffer: start/middle/end edits in one million lines remain indexed and below a 2 ms p95 budget (100.366182ms)
2026-10-04T05:06:52.9074434Z ℹ [{"region":"start","median":0.012322999999923923,"p95":0.0183750000001055},{"region":"middle","median":0.011019999999916763,"p95":0.034304000000020096},{"region":"end","median":0.007252999999991516,"p95":0.010159000000157903}]
2026-10-04T05:06:53.1724178Z ✔ cooperative preparation matches synchronous UTF-16 ranges and publishes only at its explicit commit (17.888012ms)
2026-10-04T05:06:53.2780467Z ✔ cooperative large inverse construction yields while retaining one model undo operation (163.851628ms)
2026-10-04T05:06:53.2782599Z ✔ cooperative preparation honors cancellation, disposal and snapshot identity without publishing partial changes (2.934751ms)
2026-10-04T05:06:53.2787449Z ✔ cooperative ordered edit input validates bounds, ordering, edit count and chunk controls (0.879122ms)
2026-10-04T05:06:53.3180933Z ✔ cooperative insertion normalizes CRLF across single-unit windows and keeps the one-version contract (37.755831ms)
2026-10-04T05:06:53.3182879Z ✔ adjacent deletions and a replacement retain an unambiguous inverse transaction (1.527407ms)
2026-10-04T05:06:53.3184429Z ✔ prepared model binding enforces ownership, current revisions and read-only state (0.776963ms)
2026-10-04T05:06:53.4528550Z ✔ Myers diff: randomized scripts round-trip and match the dynamic-programming minimum (50.350963ms)
2026-10-04T05:06:53.4532991Z ✔ line diff retains CRLF offsets and bounded character/word refinement (1.328357ms)
2026-10-04T05:06:53.4540506Z ✔ diff limits return an exact replacement fallback and cancellation remains explicit (1.017149ms)
2026-10-04T05:06:53.4543808Z ✔ merge3 automatically combines independent edits and identical changes (8.103239ms)
2026-10-04T05:06:53.4551462Z ✔ merge3 conflicts carry exact stable branch/base/result ranges and preserve dominant EOL (1.291529ms)
2026-10-04T05:06:53.6160654Z ✔ bounded regex matches the native safe-fixture oracle: a+/ (4.376198ms)
2026-10-04T05:06:53.6162666Z ✔ bounded regex matches the native safe-fixture oracle: a+?/ (0.45254ms)
2026-10-04T05:06:53.6165276Z ✔ bounded regex matches the native safe-fixture oracle: a{2,4}/ (0.438645ms)
2026-10-04T05:06:53.6169016Z ✔ bounded regex matches the native safe-fixture oracle: (?:ab|a)+/ (0.661058ms)
2026-10-04T05:06:53.6173248Z ✔ bounded regex matches the native safe-fixture oracle: (a|b)\1/ (0.589986ms)
2026-10-04T05:06:53.6176153Z ✔ bounded regex matches the native safe-fixture oracle: (?<word>\w+):(?<number>\d+)/ (0.633266ms)
2026-10-04T05:06:53.6179839Z ✔ bounded regex matches the native safe-fixture oracle: foo(?=bar)/ (0.30674ms)
2026-10-04T05:06:53.6187147Z ✔ bounded regex matches the native safe-fixture oracle: foo(?!bar)/ (0.392399ms)
2026-10-04T05:06:53.6194824Z ✔ bounded regex matches the native safe-fixture oracle: (?<=foo)bar/ (0.680193ms)
2026-10-04T05:06:53.6196447Z ✔ bounded regex matches the native safe-fixture oracle: (?<!foo)bar/ (0.461356ms)
2026-10-04T05:06:53.6198040Z ✔ bounded regex matches the native safe-fixture oracle: ^(\w+)\r?$/m (0.540654ms)
2026-10-04T05:06:53.6199918Z ✔ bounded regex matches the native safe-fixture oracle: a.*b/s (0.260214ms)
2026-10-04T05:06:53.6201430Z ✔ bounded regex matches the native safe-fixture oracle: [a-z]+/i (0.574727ms)
2026-10-04T05:06:53.6202988Z ✔ bounded regex matches the native safe-fixture oracle: [^0-9]+/ (0.316568ms)
2026-10-04T05:06:53.6205898Z ✔ bounded regex matches the native safe-fixture oracle: a*/ (0.189332ms)
2026-10-04T05:06:53.6209551Z ✔ bounded regex matches the native safe-fixture oracle: (?=(aa))/ (0.292303ms)
2026-10-04T05:06:53.6213461Z ✔ bounded regex matches the native safe-fixture oracle: (a?)*/ (0.205712ms)
2026-10-04T05:06:53.6215970Z ✔ bounded regex matches the native safe-fixture oracle: \p{L}+/ (1.467235ms)
2026-10-04T05:06:53.6229417Z ✔ bounded regex matches the native safe-fixture oracle: \u{1F600}/ (0.284258ms)
2026-10-04T05:06:53.6230635Z ✔ bounded regex matches the native safe-fixture oracle: \bfoo\b/ (0.238393ms)
2026-10-04T05:06:53.6234783Z ✔ bounded regex matches the native safe-fixture oracle: (a(b)?)+/ (0.200082ms)
2026-10-04T05:06:53.6236687Z ✔ literal search preserves Unicode folding, UTF-16 spans and whole-word semantics (1.987392ms)
2026-10-04T05:06:53.6240094Z ✔ regex replacement expands captures, names, escapes and multiline patterns atomically (1.158772ms)
2026-10-04T05:06:53.6243925Z ✔ invalid/unsupported patterns report stable positions instead of native engine errors (0.615904ms)
2026-10-04T05:06:53.6245915Z ✔ pathological regex is interrupted inside the interpreter and a process watchdog remains a second boundary (69.36349ms)
2026-10-04T05:06:53.6256188Z ✔ search cancellation, result limits and empty-match advancement are bounded (0.70028ms)
2026-10-04T05:06:53.7149825Z ✔ grapheme movement keeps clusters intact: "áb" (2.470849ms)
2026-10-04T05:06:53.7159147Z ✔ grapheme movement keeps clusters intact: "👩‍👩‍👧‍👦!" (0.492956ms)
2026-10-04T05:06:53.7160289Z ✔ grapheme movement keeps clusters intact: "🇵🇱🇯🇵x" (0.351453ms)
2026-10-04T05:06:53.7162793Z ✔ grapheme movement keeps clusters intact: "👍🏽👍" (0.175385ms)
2026-10-04T05:06:53.7168186Z ✔ grapheme movement keeps clusters intact: "\r\nX" (0.289979ms)
2026-10-04T05:06:53.7175839Z ✔ grapheme movement keeps clusters intact: "각각" (0.2422ms)
2026-10-04T05:06:53.7179549Z ✔ grapheme movement keeps clusters intact: "क्‍ष" (0.162943ms)
2026-10-04T05:06:53.7182698Z ✔ word/subword navigation handles acronym humps, digits, underscores and CJK (13.046891ms)
2026-10-04T05:06:53.7189165Z ✔ visual columns distinguish UTF-16 characters, graphemes, tabs, wide characters and virtual space (2.197701ms)
2026-10-04T05:06:54.9627208Z ✔ pinned segmentation passes every Unicode 16.0 extended-grapheme conformance row (17.168967ms)
2026-10-04T05:06:54.9630773Z ﹣ default and explicit native segmentation retain Unicode 16.0 host compatibility (0.304966ms) # The native comparison is pinned to a Unicode 16.0 Intl runtime
2026-10-04T05:06:54.9632699Z ✔ existing editor grapheme fixtures agree with the actual host Intl segmenter (10.722093ms)
2026-10-04T05:06:54.9637588Z ✔ chunked columns agree at every UTF-16 position, including split graphemes, pairs, tabs and CRLF (38.867826ms)
2026-10-04T05:06:55.6890109Z ✔ a 200 MiB single line yields, stays chunk bounded, and supports exact subsequent cached lookups (1815.488708ms)
2026-10-04T05:06:56.2086274Z ✔ an unfinished multi-megabyte combining cluster retains only numeric state across chunks (89.501504ms)
2026-10-04T05:06:56.2089074Z ✔ edits reuse the indexed prefix and invalidate changed answers, including surrogate and combining seams (444.248216ms)
2026-10-04T05:06:56.2091502Z ✔ unaffected line checkpoints relocate across earlier edits and joined or split lines never reuse wrong columns (1.661235ms)
2026-10-04T05:06:56.2093687Z ✔ model columns survive undo/redo, invalidate silent rollback, and retain shared read-only behavior (3.278058ms)
2026-10-04T05:06:56.2164068Z ✔ cancel, stale text and disposal reject promptly and release pending work (2.760026ms)
2026-10-04T05:06:56.2167056Z ✔ checkpoint, result, line and pending budgets are enforced without a document-length cutoff (5.630387ms)
2026-10-04T05:06:56.2323948Z ℹ tests 712
2026-10-04T05:06:56.2324230Z ℹ suites 0
2026-10-04T05:06:56.2324471Z ℹ pass 703
2026-10-04T05:06:56.2324695Z ℹ fail 0
2026-10-04T05:06:56.2324957Z ℹ cancelled 0
2026-10-04T05:06:56.2325209Z ℹ skipped 9
2026-10-04T05:06:56.2325432Z ℹ todo 0
2026-10-04T05:06:56.2325707Z ℹ duration_ms 37837.181419
2026-10-04T05:06:58.2557145Z A19 docking browser: nine pointer targets, retained focus/state, floating groups, flyout pin, popout F5 and reattach passed
2026-10-04T05:07:03.9034659Z [
2026-10-04T05:07:03.9035048Z   {
2026-10-04T05:07:03.9035571Z     "scenario": "menu-mnemonics-arrows-focus-restore",
2026-10-04T05:07:03.9036121Z     "passed": true
2026-10-04T05:07:03.9036440Z   },
2026-10-04T05:07:03.9036623Z   {
2026-10-04T05:07:03.9036872Z     "scenario": "searchable-options-cancel",
2026-10-04T05:07:03.9037175Z     "passed": true
2026-10-04T05:07:03.9037407Z   },
2026-10-04T05:07:03.9037572Z   {
2026-10-04T05:07:03.9037804Z     "scenario": "theme-text-contrast",
2026-10-04T05:07:03.9038078Z     "theme": "dark",
2026-10-04T05:07:03.9038284Z     "ratios": [
2026-10-04T05:07:03.9038472Z       {
2026-10-04T05:07:03.9039584Z         "foreground": "--wb-fg",
2026-10-04T05:07:03.9039910Z         "background": "--wb-panel",
2026-10-04T05:07:03.9040196Z         "ratio": 13.128242551287334
2026-10-04T05:07:03.9040428Z       },
2026-10-04T05:07:03.9040616Z       {
2026-10-04T05:07:03.9040838Z         "foreground": "--wb-fg",
2026-10-04T05:07:03.9041121Z         "background": "--wb-raised",
2026-10-04T05:07:03.9041444Z         "ratio": 11.05341484495638
2026-10-04T05:07:03.9041674Z       },
2026-10-04T05:07:03.9041844Z       {
2026-10-04T05:07:03.9042047Z         "foreground": "--wb-fg",
2026-10-04T05:07:03.9042323Z         "background": "--wb-selected",
2026-10-04T05:07:03.9042595Z         "ratio": 7.625848352516812
2026-10-04T05:07:03.9042825Z       },
2026-10-04T05:07:03.9042992Z       {
2026-10-04T05:07:03.9043197Z         "foreground": "--wb-muted",
2026-10-04T05:07:03.9043470Z         "background": "--wb-panel",
2026-10-04T05:07:03.9043736Z         "ratio": 7.60217856912121
2026-10-04T05:07:03.9043958Z       }
2026-10-04T05:07:03.9044125Z     ],
2026-10-04T05:07:03.9044317Z     "passed": true
2026-10-04T05:07:03.9044517Z   },
2026-10-04T05:07:03.9044715Z   {
2026-10-04T05:07:03.9044939Z     "scenario": "theme-text-contrast",
2026-10-04T05:07:03.9045224Z     "theme": "light",
2026-10-04T05:07:03.9045434Z     "ratios": [
2026-10-04T05:07:03.9045621Z       {
2026-10-04T05:07:03.9045834Z         "foreground": "--wb-fg",
2026-10-04T05:07:03.9046101Z         "background": "--wb-panel",
2026-10-04T05:07:03.9046375Z         "ratio": 17.64189221851225
2026-10-04T05:07:03.9046601Z       },
2026-10-04T05:07:03.9046771Z       {
2026-10-04T05:07:03.9046973Z         "foreground": "--wb-fg",
2026-10-04T05:07:03.9047234Z         "background": "--wb-raised",
2026-10-04T05:07:03.9047806Z         "ratio": 15.129008503189796
2026-10-04T05:07:03.9048037Z       },
2026-10-04T05:07:03.9048205Z       {
2026-10-04T05:07:03.9048404Z         "foreground": "--wb-fg",
2026-10-04T05:07:03.9048931Z         "background": "--wb-selected",
2026-10-04T05:07:03.9049386Z         "ratio": 14.367676325434495
2026-10-04T05:07:03.9049633Z       },
2026-10-04T05:07:03.9049809Z       {
2026-10-04T05:07:03.9050014Z         "foreground": "--wb-muted",
2026-10-04T05:07:03.9050287Z         "background": "--wb-panel",
2026-10-04T05:07:03.9050566Z         "ratio": 7.847154678273723
2026-10-04T05:07:03.9050795Z       }
2026-10-04T05:07:03.9050961Z     ],
2026-10-04T05:07:03.9051142Z     "passed": true
2026-10-04T05:07:03.9051347Z   },
2026-10-04T05:07:03.9051515Z   {
2026-10-04T05:07:03.9051731Z     "scenario": "theme-text-contrast",
2026-10-04T05:07:03.9051996Z     "theme": "blue",
2026-10-04T05:07:03.9052197Z     "ratios": [
2026-10-04T05:07:03.9052383Z       {
2026-10-04T05:07:03.9052599Z         "foreground": "--wb-fg",
2026-10-04T05:07:03.9052905Z         "background": "--wb-panel",
2026-10-04T05:07:03.9053169Z         "ratio": 11.892856924816419
2026-10-04T05:07:03.9053393Z       },
2026-10-04T05:07:03.9053561Z       {
2026-10-04T05:07:03.9053762Z         "foreground": "--wb-fg",
2026-10-04T05:07:03.9054032Z         "background": "--wb-raised",
2026-10-04T05:07:03.9054301Z         "ratio": 8.875891841560621
2026-10-04T05:07:03.9054524Z       },
2026-10-04T05:07:03.9054692Z       {
2026-10-04T05:07:03.9054894Z         "foreground": "--wb-fg",
2026-10-04T05:07:03.9055160Z         "background": "--wb-selected",
2026-10-04T05:07:03.9055443Z         "ratio": 6.225007303392024
2026-10-04T05:07:03.9055666Z       },
2026-10-04T05:07:03.9055831Z       {
2026-10-04T05:07:03.9056035Z         "foreground": "--wb-muted",
2026-10-04T05:07:03.9056304Z         "background": "--wb-panel",
2026-10-04T05:07:03.9056568Z         "ratio": 8.39700165630076
2026-10-04T05:07:03.9056795Z       }
2026-10-04T05:07:03.9056966Z     ],
2026-10-04T05:07:03.9057145Z     "passed": true
2026-10-04T05:07:03.9057337Z   },
2026-10-04T05:07:03.9057503Z   {
2026-10-04T05:07:03.9057718Z     "scenario": "theme-text-contrast",
2026-10-04T05:07:03.9057991Z     "theme": "high-contrast",
2026-10-04T05:07:03.9058223Z     "ratios": [
2026-10-04T05:07:03.9058417Z       {
2026-10-04T05:07:03.9058850Z         "foreground": "--wb-fg",
2026-10-04T05:07:03.9059205Z         "background": "--wb-panel",
2026-10-04T05:07:03.9059449Z         "ratio": 21
2026-10-04T05:07:03.9059639Z       },
2026-10-04T05:07:03.9059810Z       {
2026-10-04T05:07:03.9060007Z         "foreground": "--wb-fg",
2026-10-04T05:07:03.9060277Z         "background": "--wb-raised",
2026-10-04T05:07:03.9060537Z         "ratio": 21
2026-10-04T05:07:03.9060754Z       },
2026-10-04T05:07:03.9060923Z       {
2026-10-04T05:07:03.9061124Z         "foreground": "--wb-fg",
2026-10-04T05:07:03.9061386Z         "background": "--wb-selected",
2026-10-04T05:07:03.9061653Z         "ratio": 12.853635274157462
2026-10-04T05:07:03.9061885Z       },
2026-10-04T05:07:03.9062049Z       {
2026-10-04T05:07:03.9062247Z         "foreground": "--wb-muted",
2026-10-04T05:07:03.9062518Z         "background": "--wb-panel",
2026-10-04T05:07:03.9062750Z         "ratio": 21
2026-10-04T05:07:03.9062934Z       }
2026-10-04T05:07:03.9063103Z     ],
2026-10-04T05:07:03.9063279Z     "passed": true
2026-10-04T05:07:03.9063470Z   },
2026-10-04T05:07:03.9063638Z   {
2026-10-04T05:07:03.9063851Z     "scenario": "tool-window-mounts",
2026-10-04T05:07:03.9064136Z     "passed": true
2026-10-04T05:07:03.9064333Z   },
2026-10-04T05:07:03.9064501Z   {
2026-10-04T05:07:03.9064772Z     "scenario": "narrow-dialog-focus-forced-colors",
2026-10-04T05:07:03.9065084Z     "passed": true
2026-10-04T05:07:03.9065276Z   },
2026-10-04T05:07:03.9065443Z   {
2026-10-04T05:07:03.9065687Z     "scenario": "named-controls-and-bounded-grid",
2026-10-04T05:07:03.9065986Z     "passed": true
2026-10-04T05:07:03.9066178Z   }
2026-10-04T05:07:03.9066535Z ]
2026-10-04T05:08:09.2951148Z Traceback (most recent call last):
2026-10-04T05:08:09.2951526Z {
2026-10-04T05:08:09.2952525Z   File "/home/runner/work/SharpForge/SharpForge/tests/browser_multi_session_test.py", line 291, in <module>
2026-10-04T05:08:09.2953153Z   "target": "production-studio-real-workers",
2026-10-04T05:08:09.2954006Z     run()
2026-10-04T05:08:09.2954251Z   "status": "failed",
2026-10-04T05:08:09.2955133Z   File "/home/runner/work/SharpForge/SharpForge/tests/browser_multi_session_test.py", line 273, in run
2026-10-04T05:08:09.2955643Z   "engine": "chromium",
2026-10-04T05:08:09.2956179Z     alpha, beta = launch_both(page, checks)
2026-10-04T05:08:09.2956516Z   "checks": [
2026-10-04T05:08:09.2956959Z                   ^^^^^^^^^^^^^^^^^^^^^^^^^
2026-10-04T05:08:09.2957281Z     {
2026-10-04T05:08:09.2958086Z   File "/home/runner/work/SharpForge/SharpForge/tests/browser_multi_session_test.py", line 134, in launch_both
2026-10-04T05:08:09.2958999Z       "name": "solution import uses Studio project and compiler services",
2026-10-04T05:08:09.2959678Z     wait_condition(page, r"""() => {
2026-10-04T05:08:09.2960031Z       "passed": true
2026-10-04T05:08:09.2960849Z   File "/home/runner/work/SharpForge/SharpForge/tests/browser_harness.py", line 97, in wait_condition
2026-10-04T05:08:09.2961339Z     },
2026-10-04T05:08:09.2961929Z     return page.wait_for_function(predicate, timeout=timeout)
2026-10-04T05:08:09.2962275Z     {
2026-10-04T05:08:09.2962772Z            ^^^^^^^^^^^^^^^^^^^^^^^^^^^^^^^^^^^^^^^^^^^^^^^^^^
2026-10-04T05:08:09.2963290Z       "name": "toolbar retains the selected launch profile separately for each project",
2026-10-04T05:08:09.2964299Z   File "/home/runner/work/SharpForge/SharpForge/tests/conformance/browser/launch.py", line 168, in checked
2026-10-04T05:08:09.2964816Z       "passed": true
2026-10-04T05:08:09.2965313Z     result = value(*args, **kwargs)
2026-10-04T05:08:09.2965605Z     }
2026-10-04T05:08:09.2966010Z              ^^^^^^^^^^^^^^^^^^^^^^
2026-10-04T05:08:09.2966326Z   ],
2026-10-04T05:08:09.2967119Z   File "/home/runner/work/SharpForge/SharpForge/tests/browser_harness.py", line 32, in _wait_for_function
2026-10-04T05:08:09.2967619Z   "failure": {
2026-10-04T05:08:09.2968331Z     raise TimeoutError('Browser predicate remained false: ' + expression)
2026-10-04T05:08:09.2969004Z     "type": "TimeoutError",
2026-10-04T05:08:09.2969693Z TimeoutError: Browser predicate remained false: () => {
2026-10-04T05:08:09.2971461Z     "message": "Browser predicate remained false: () => {\n        const services = sharpforge.workbenchServices;\n        const sessions = services.sessions.list();\n        return services.launches.operations.size === 0 && sessions.length === 2 &&\n            sessions.every(session => session.live && session.debug?.uiActive && !session.launchBusy &&\n                session.programOutput.endsWith(' environment\\n'));\n    }"
2026-10-04T05:08:09.2973354Z         const services = sharpforge.workbenchServices;
2026-10-04T05:08:09.2973695Z   },
2026-10-04T05:08:09.2974215Z         const sessions = services.sessions.list();
2026-10-04T05:08:09.2974539Z   "pageErrors": [
2026-10-04T05:08:09.2975200Z         return services.launches.operations.size === 0 && sessions.length === 2 &&
2026-10-04T05:08:09.2975675Z     "Workbench event listeners failed",
2026-10-04T05:08:09.2976503Z             sessions.every(session => session.live && session.debug?.uiActive && !session.launchBusy &&
2026-10-04T05:08:09.2977030Z     "Workbench event listeners failed"
2026-10-04T05:08:09.2977678Z                 session.programOutput.endsWith(' environment\n'));
2026-10-04T05:08:09.2978020Z   ],
2026-10-04T05:08:09.2978391Z     }
2026-10-04T05:08:09.2978979Z   "milliseconds": 65201.35
2026-10-04T05:08:09.2979462Z }
2026-10-04T05:08:14.1050115Z A19 lazy tools: cold graph excludes all five controllers; first activation succeeds using local built assets
2026-10-04T05:08:49.4010254Z Traceback (most recent call last):
2026-10-04T05:08:49.4010798Z {
2026-10-04T05:08:49.4011074Z   "suite": "browser_vs_workflows_test",
2026-10-04T05:08:49.4011675Z   "mode": "http",
2026-10-04T05:08:49.4011908Z   "engine": "chromium",
2026-10-04T05:08:49.4012149Z   "passed": false,
2026-10-04T05:08:49.4012469Z   "sourceSha": "c13aa0fd9d27df28b3708bb83d914a04c20a5c7c",
2026-10-04T05:08:49.4013049Z   "sourceTree": "29023ed8b962b6d91671bdb0c0359d905ef2659e",
2026-10-04T05:08:49.4013381Z   "checks": [
2026-10-04T05:08:49.4013573Z     {
2026-10-04T05:08:49.4013821Z       "scenario": "create-console-project",
2026-10-04T05:08:49.4014123Z       "passed": true,
2026-10-04T05:08:49.4014384Z       "emptyNameRejected": true
2026-10-04T05:08:49.4014626Z     },
2026-10-04T05:08:49.4014809Z     {
2026-10-04T05:08:49.4015073Z       "scenario": "edit-and-build-shared-document",
2026-10-04T05:08:49.4015386Z       "passed": true
2026-10-04T05:08:49.4015595Z     }
2026-10-04T05:08:49.4015768Z   ],
2026-10-04T05:08:49.4015953Z   "navigation": {
2026-10-04T05:08:49.4016161Z     "mode": "http",
2026-10-04T05:08:49.4016434Z     "url": "http://127.0.0.1:37837/",
2026-10-04T05:08:49.4016730Z     "offline": false
2026-10-04T05:08:49.4016943Z   },
2026-10-04T05:08:49.4017142Z   "httpAttempts": [],
2026-10-04T05:08:49.4017370Z   "pageErrors": [
2026-10-04T05:08:49.4017626Z     "Workbench event listeners failed"
2026-10-04T05:08:49.4017890Z   ],
2026-10-04T05:08:49.4018084Z   "browser": "153.0.8010.12",
2026-10-04T05:08:49.4018330Z   "failure": {
2026-10-04T05:08:49.4018542Z     "type": "TimeoutError",
2026-10-04T05:08:49.4020427Z     "message": "Browser predicate remained false: sharpforge.getState().debug?.state === \"paused\""
2026-10-04T05:08:49.4021226Z   }
2026-10-04T05:08:49.4021550Z }
2026-10-04T05:08:49.4022314Z   File "/home/runner/work/SharpForge/SharpForge/tests/browser_vs_workflows_test.py", line 144, in <module>
2026-10-04T05:08:49.4023191Z     run()
2026-10-04T05:08:49.4024020Z   File "/home/runner/work/SharpForge/SharpForge/tests/browser_vs_workflows_test.py", line 131, in run
2026-10-04T05:08:49.4024864Z     exercise(page, report)
2026-10-04T05:08:49.4025810Z   File "/home/runner/work/SharpForge/SharpForge/tests/browser_vs_workflows_test.py", line 105, in exercise
2026-10-04T05:08:49.4026587Z     debug_source(page, uri, report['checks'])
2026-10-04T05:08:49.4027193Z   File "/home/runner/work/SharpForge/SharpForge/tests/browser_vs_workflows_test.py", line 48, in debug_source
2026-10-04T05:08:49.4027847Z     wait_condition(page, 'sharpforge.getState().debug?.state === "paused"')
2026-10-04T05:08:49.4028499Z   File "/home/runner/work/SharpForge/SharpForge/tests/browser_harness.py", line 97, in wait_condition
2026-10-04T05:08:49.4029377Z     return page.wait_for_function(predicate, timeout=timeout)
2026-10-04T05:08:49.4029771Z            ^^^^^^^^^^^^^^^^^^^^^^^^^^^^^^^^^^^^^^^^^^^^^^^^^^
2026-10-04T05:08:49.4030351Z   File "/home/runner/work/SharpForge/SharpForge/tests/conformance/browser/launch.py", line 168, in checked
2026-10-04T05:08:49.4030891Z     result = value(*args, **kwargs)
2026-10-04T05:08:49.4031168Z              ^^^^^^^^^^^^^^^^^^^^^^
2026-10-04T05:08:49.4031708Z   File "/home/runner/work/SharpForge/SharpForge/tests/browser_harness.py", line 32, in _wait_for_function
2026-10-04T05:08:49.4032400Z     raise TimeoutError('Browser predicate remained false: ' + expression)
2026-10-04T05:08:49.4033076Z TimeoutError: Browser predicate remained false: sharpforge.getState().debug?.state === "paused"
2026-10-04T05:09:23.7562926Z Traceback (most recent call last):
2026-10-04T05:09:23.7563546Z {
2026-10-04T05:09:23.7564247Z   "suite": "browser_vs_workflows_standalone_test",
2026-10-04T05:09:23.7565649Z   File "/home/runner/work/SharpForge/SharpForge/tests/browser_vs_workflows_standalone_test.py", line 6, in <module>
2026-10-04T05:09:23.7566882Z     run(mode='file', suite=__file__)
2026-10-04T05:09:23.7568033Z   File "/home/runner/work/SharpForge/SharpForge/tests/browser_vs_workflows_test.py", line 131, in run
2026-10-04T05:09:23.7569353Z     exercise(page, report)
2026-10-04T05:09:23.7570469Z   File "/home/runner/work/SharpForge/SharpForge/tests/browser_vs_workflows_test.py", line 105, in exercise
2026-10-04T05:09:23.7571947Z     debug_source(page, uri, report['checks'])
2026-10-04T05:09:23.7573039Z   File "/home/runner/work/SharpForge/SharpForge/tests/browser_vs_workflows_test.py", line 48, in debug_source
2026-10-04T05:09:23.7574401Z     wait_condition(page, 'sharpforge.getState().debug?.state === "paused"')
2026-10-04T05:09:23.7575573Z   File "/home/runner/work/SharpForge/SharpForge/tests/browser_harness.py", line 97, in wait_condition
2026-10-04T05:09:23.7576592Z     return page.wait_for_function(predicate, timeout=timeout)
2026-10-04T05:09:23.7577281Z            ^^^^^^^^^^^^^^^^^^^^^^^^^^^^^^^^^^^^^^^^^^^^^^^^^^
2026-10-04T05:09:23.7578269Z   File "/home/runner/work/SharpForge/SharpForge/tests/conformance/browser/launch.py", line 168, in checked
2026-10-04T05:09:23.7579452Z     result = value(*args, **kwargs)
2026-10-04T05:09:23.7579979Z              ^^^^^^^^^^^^^^^^^^^^^^
2026-10-04T05:09:23.7580924Z   File "/home/runner/work/SharpForge/SharpForge/tests/browser_harness.py", line 32, in _wait_for_function
2026-10-04T05:09:23.7582093Z     raise TimeoutError('Browser predicate remained false: ' + expression)
2026-10-04T05:09:23.7583199Z TimeoutError: Browser predicate remained false: sharpforge.getState().debug?.state === "paused"
2026-10-04T05:09:23.7584312Z   "mode": "file",
2026-10-04T05:09:23.7584888Z   "engine": "chromium",
2026-10-04T05:09:23.7585200Z   "passed": false,
2026-10-04T05:09:23.7585640Z   "sourceSha": "c13aa0fd9d27df28b3708bb83d914a04c20a5c7c",
2026-10-04T05:09:23.7586437Z   "sourceTree": "29023ed8b962b6d91671bdb0c0359d905ef2659e",
2026-10-04T05:09:23.7587037Z   "checks": [
2026-10-04T05:09:23.7587401Z     {
2026-10-04T05:09:23.7587841Z       "scenario": "create-console-project",
2026-10-04T05:09:23.7588374Z       "passed": true,
2026-10-04T05:09:23.7589060Z       "emptyNameRejected": true
2026-10-04T05:09:23.7589498Z     },
2026-10-04T05:09:23.7589813Z     {
2026-10-04T05:09:23.7590277Z       "scenario": "edit-and-build-shared-document",
2026-10-04T05:09:23.7590844Z       "passed": true
2026-10-04T05:09:23.7591206Z     }
2026-10-04T05:09:23.7591516Z   ],
2026-10-04T05:09:23.7591853Z   "navigation": {
2026-10-04T05:09:23.7592102Z     "mode": "file",
2026-10-04T05:09:23.7592667Z     "url": "file:///home/runner/work/SharpForge/SharpForge/artifacts/SharpForge-standalone.html",
2026-10-04T05:09:23.7593187Z     "offline": true,
2026-10-04T05:09:23.7593692Z     "artifact": "/home/runner/work/SharpForge/SharpForge/artifacts/SharpForge-standalone.html",
2026-10-04T05:09:23.7594444Z     "artifactSha256": "b3b1de7419ab7a3ffe6b12d444e39b9d214c9a87309bc01cc5836948d06310d4",
2026-10-04T05:09:23.7594924Z     "bytes": 16106722,
2026-10-04T05:09:23.7595159Z     "policy": {
2026-10-04T05:09:23.7596503Z       "value": "default-src 'self'; script-src 'self' 'wasm-unsafe-eval' 'sha256-uYuGyYDHYQMNUudaj8ZPkm+8vYOahrcMuOsrLg81EvI='; worker-src 'self' blob:; style-src 'self' 'unsafe-inline'; img-src 'self' data: blob:; connect-src 'self'; object-src 'none'; base-uri 'self'; form-action 'self'",
2026-10-04T05:09:23.7597760Z       "transport": "meta"
2026-10-04T05:09:23.7597999Z     }
2026-10-04T05:09:23.7598191Z   },
2026-10-04T05:09:23.7598399Z   "httpAttempts": [],
2026-10-04T05:09:23.7598964Z   "pageErrors": [
2026-10-04T05:09:23.7599268Z     "Workbench event listeners failed"
2026-10-04T05:09:23.7599559Z   ],
2026-10-04T05:09:23.7599764Z   "browser": "153.0.8010.12",
2026-10-04T05:09:23.7600018Z   "lazyTools": [
2026-10-04T05:09:23.7600228Z     {
2026-10-04T05:09:23.7600432Z       "tool": "assembly",
2026-10-04T05:09:23.7600679Z       "passed": true,
2026-10-04T05:09:23.7600925Z       "mountedHosts": 1,
2026-10-04T05:09:23.7601173Z       "reopened": true
2026-10-04T05:09:23.7601395Z     },
2026-10-04T05:09:23.7601584Z     {
2026-10-04T05:09:23.7601787Z       "tool": "disassembly",
2026-10-04T05:09:23.7602048Z       "passed": true,
2026-10-04T05:09:23.7602279Z       "mountedHosts": 1,
2026-10-04T05:09:23.7602494Z       "reopened": true
2026-10-04T05:09:23.7602920Z     },
2026-10-04T05:09:23.7603086Z     {
2026-10-04T05:09:23.7603264Z       "tool": "msbuild",
2026-10-04T05:09:23.7603478Z       "passed": true,
2026-10-04T05:09:23.7603684Z       "mountedHosts": 1,
2026-10-04T05:09:23.7603905Z       "reopened": true
2026-10-04T05:09:23.7604098Z     }
2026-10-04T05:09:23.7604426Z   ],
2026-10-04T05:09:23.7604619Z   "failure": {
2026-10-04T05:09:23.7604828Z     "type": "TimeoutError",
2026-10-04T05:09:23.7605322Z     "message": "Browser predicate remained false: sharpforge.getState().debug?.state === \"paused\""
2026-10-04T05:09:23.7605789Z   }
2026-10-04T05:09:23.7605966Z }
2026-10-04T05:09:26.3896108Z {
2026-10-04T05:09:26.3896572Z   "status": "passed",
2026-10-04T05:09:26.3897021Z   "engine": "chromium",
2026-10-04T05:09:26.3897425Z   "passed": 12,
2026-10-04T05:09:26.3897696Z   "checks": [
2026-10-04T05:09:26.3898117Z     "completion renders kind/filter/docs and applies selected text",
2026-10-04T05:09:26.3898912Z     "completion Escape preserves typed text",
2026-10-04T05:09:26.3899579Z     "snippet fields mirror while typing and Tab advances without losing source",
2026-10-04T05:09:26.3900278Z     "inline rename previews/cancels exactly and commits across three real models",
2026-10-04T05:09:26.3900907Z     "code action preview is exact and does not mutate until Apply",
2026-10-04T05:09:26.3901547Z     "Quick Info combines signature, safe documentation and diagnostic quick fix",
2026-10-04T05:09:26.3902181Z     "parameter info highlights active argument and cycles overloads",
2026-10-04T05:09:26.3902796Z     "Peek Definition edits the target model and navigates multiple results",
2026-10-04T05:09:26.3903527Z     "native Find history combobox preserves source until regex capture replacement is applied",
2026-10-04T05:09:26.3904206Z     "incremental search restores its original caret on Escape",
2026-10-04T05:09:26.3904831Z     "inlay hints retain source offsets and CodeLens resolves once with actionable UI",
2026-10-04T05:09:26.3905500Z     "disposal removes every popup and produces no uncaught browser errors"
2026-10-04T05:09:26.3905947Z   ],
2026-10-04T05:09:26.3906169Z   "failure": null
2026-10-04T05:09:26.3906400Z }
2026-10-04T05:09:29.9357547Z {
2026-10-04T05:09:29.9357982Z   "status": "passed",
2026-10-04T05:09:29.9358350Z   "engine": "chromium",
2026-10-04T05:09:29.9358958Z   "passed": 3,
2026-10-04T05:09:29.9359283Z   "checks": [
2026-10-04T05:09:29.9359939Z     "selected Fix All family previews the complete batch and applies exact source edits",
2026-10-04T05:09:29.9360975Z     "bound type/comment/string live preview cancels to exact UTF-16/CRLF source and undo state",
2026-10-04T05:09:29.9362018Z     "parameter hints and provider invalidation preserve real source offsets and caret"
2026-10-04T05:09:29.9362648Z   ],
2026-10-04T05:09:29.9362923Z   "failure": null
2026-10-04T05:09:29.9363212Z }
2026-10-04T05:09:32.8939057Z {
2026-10-04T05:09:32.8939627Z   "status": "passed",
2026-10-04T05:09:32.8939962Z   "engine": "chromium",
2026-10-04T05:09:32.8940267Z   "passed": 9,
2026-10-04T05:09:32.8940539Z   "checks": [
2026-10-04T05:09:32.8941058Z     "native keydown/beforeinput edits the authoritative model and preserves graphemes",
2026-10-04T05:09:32.8941866Z     "500000 lines render bounded source-faithful rows with a bounded native input",
2026-10-04T05:09:32.8942613Z     "wrap, whitespace and zoom retain source while sharing layout metrics",
2026-10-04T05:09:32.8943241Z     "outlining hides logical ranges, navigation reveals them and margins track edits",
2026-10-04T05:09:32.8943938Z     "split views share undo/text, preserve independent carets and publish each edit once",
2026-10-04T05:09:32.8944542Z     "synthetic DOM composition stays transient and commits once",
2026-10-04T05:09:32.8945093Z     "native DOM bidi geometry supplies visual selections and caret movement",
2026-10-04T05:09:32.8945716Z     "ARIA diagnostics, forced colors, reduced motion and read-only state are wired",
2026-10-04T05:09:32.8946374Z     "complete disposal removes view/input/widgets with no uncaught browser errors"
2026-10-04T05:09:32.8947110Z   ],
2026-10-04T05:09:32.8947314Z   "failure": null,
2026-10-04T05:09:32.8947579Z   "nativeImeCertified": false,
2026-10-04T05:09:32.8947885Z   "screenReaderCertified": false
2026-10-04T05:09:32.8948154Z }
2026-10-04T05:09:33.1577282Z Node model 1024 bytes
2026-10-04T05:09:33.2035393Z Node model 1048576 bytes
2026-10-04T05:09:33.7674326Z Node model 10485760 bytes
2026-10-04T05:09:39.1180068Z Node model 104857600 bytes
2026-10-04T05:10:32.5003109Z Node retained memory 1024 bytes
2026-10-04T05:10:32.6084254Z Node retained memory 1048576 bytes
2026-10-04T05:10:32.9285047Z Node retained memory 10485760 bytes
2026-10-04T05:10:33.1033526Z Node retained memory 104857600 bytes
2026-10-04T05:10:34.9452516Z chromium DOM 1024 bytes
2026-10-04T05:10:43.8228924Z chromium DOM 1048576 bytes
2026-10-04T05:10:55.0183842Z chromium DOM 10485760 bytes
2026-10-04T05:11:10.6446453Z chromium DOM 104857600 bytes
2026-10-04T05:12:23.7095713Z chromium DOM 209715200 bytes
2026-10-04T05:15:05.1116016Z {
2026-10-04T05:15:05.1116306Z   "summary": [
2026-10-04T05:15:05.1116680Z     {
2026-10-04T05:15:05.1117064Z       "name": "cold-app-startup",
2026-10-04T05:15:05.1117574Z       "sessionId": "workbench",
2026-10-04T05:15:05.1117987Z       "count": 3,
2026-10-04T05:15:05.1118430Z       "p50": 2590.5999999999767,
2026-10-04T05:15:05.1119194Z       "p95": 2633.4000000000233,
2026-10-04T05:15:05.1119677Z       "p99": 2633.4000000000233
2026-10-04T05:15:05.1120100Z     },
2026-10-04T05:15:05.1120420Z     {
2026-10-04T05:15:05.1120817Z       "name": "workspace-startup",
2026-10-04T05:15:05.1121304Z       "sessionId": "workbench",
2026-10-04T05:15:05.1121702Z       "count": 3,
2026-10-04T05:15:05.1122080Z       "p50": 2647.4000000000233,
2026-10-04T05:15:05.1122510Z       "p95": 2651.5999999999767,
2026-10-04T05:15:05.1122952Z       "p99": 2651.5999999999767
2026-10-04T05:15:05.1123325Z     },
2026-10-04T05:15:05.1123612Z     {
2026-10-04T05:15:05.1123974Z       "name": "document-switch",
2026-10-04T05:15:05.1124364Z       "sessionId": "workbench",
2026-10-04T05:15:05.1124609Z       "count": 60,
2026-10-04T05:15:05.1124814Z       "p50": 122.5,
2026-10-04T05:15:05.1125048Z       "p95": 147.30000000004657,
2026-10-04T05:15:05.1125306Z       "p99": 171.09999999997672
2026-10-04T05:15:05.1125532Z     },
2026-10-04T05:15:05.1125716Z     {
2026-10-04T05:15:05.1125931Z       "name": "tool-activation",
2026-10-04T05:15:05.1126200Z       "sessionId": "workbench",
2026-10-04T05:15:05.1126442Z       "count": 60,
2026-10-04T05:15:05.1126665Z       "p50": 33.300000000046566,
2026-10-04T05:15:05.1126942Z       "p95": 56.89999999990687,
2026-10-04T05:15:05.1127197Z       "p99": 99.80000000004657
2026-10-04T05:15:05.1127422Z     }
2026-10-04T05:15:05.1127604Z   ],
2026-10-04T05:15:05.1127794Z   "mode": "capture",
2026-10-04T05:15:05.1128029Z   "absolutePassed": true,
2026-10-04T05:15:05.1128281Z   "regressionVerdict": null,
2026-10-04T05:15:05.1128523Z   "failures": []
2026-10-04T05:15:05.1129063Z }
2026-10-04T05:15:25.2521978Z Traceback (most recent call last):
2026-10-04T05:15:25.2523189Z   File "/home/runner/work/SharpForge/SharpForge/tests/browser_editor_budgets_test.py", line 241, in <module>
2026-10-04T05:15:25.2524207Z {
2026-10-04T05:15:25.2524608Z   "captureStatus": "completed",
2026-10-04T05:15:25.2525073Z   "assessment": {
2026-10-04T05:15:25.2525341Z     "absolutePassed": false,
2026-10-04T05:15:25.2525798Z     "error": "Missing actual workspace or definition boundary checks",
2026-10-04T05:15:25.2526249Z     "regressionVerdict": null
2026-10-04T05:15:25.2526524Z   },
2026-10-04T05:15:25.2526736Z   "failure": {
2026-10-04T05:15:25.2526984Z     "type": "AssertionError",
2026-10-04T05:15:25.2527962Z     "message": "Editor browser budget qualification failed: {'absolutePassed': False, 'error': 'Missing actual workspace or definition boundary checks', 'regressionVerdict': None}"
2026-10-04T05:15:25.2529055Z   },
2026-10-04T05:15:25.2529635Z   "trace": "/home/runner/work/SharpForge/SharpForge/artifacts/results/project16/editor-ui-budgets.json"
2026-10-04T05:15:25.2530500Z }
2026-10-04T05:15:25.2530720Z     run()
2026-10-04T05:15:25.2531280Z   File "/home/runner/work/SharpForge/SharpForge/tests/browser_editor_budgets_test.py", line 230, in run
2026-10-04T05:15:25.2532321Z     raise AssertionError('Editor browser budget qualification failed: ' + repr(trace['assessment']))
2026-10-04T05:15:25.2533527Z AssertionError: Editor browser budget qualification failed: {'absolutePassed': False, 'error': 'Missing actual workspace or definition boundary checks', 'regressionVerdict': None}
2026-10-04T05:15:37.0522615Z Traceback (most recent call last):
2026-10-04T05:15:37.0523227Z {
2026-10-04T05:15:37.0523579Z   "status": "failed",
2026-10-04T05:15:37.0523971Z   "issue": 1513,
2026-10-04T05:15:37.0524359Z   "engine": "chromium",
2026-10-04T05:15:37.0524955Z   "host": "Linux-6.17.0-1022-azure-x86_64-with-glibc2.39",
2026-10-04T05:15:37.0525710Z   "sourceSha": "c13aa0fd9d27df28b3708bb83d914a04c20a5c7c",
2026-10-04T05:15:37.0526482Z   "sourceTree": "29023ed8b962b6d91671bdb0c0359d905ef2659e",
2026-10-04T05:15:37.0527594Z   "input": "synthetic File/Blob assigned through DataTransfer to the real Studio file-input change handler",
2026-10-04T05:15:37.0530195Z   File "/home/runner/work/SharpForge/SharpForge/tests/browser_a20_studio_large_file_test.py", line 253, in <module>
2026-10-04T05:15:37.0531181Z     run()
2026-10-04T05:15:37.0532146Z   File "/home/runner/work/SharpForge/SharpForge/tests/browser_a20_studio_large_file_test.py", line 238, in run
2026-10-04T05:15:37.0533115Z     qualify(page, report)
2026-10-04T05:15:37.0534161Z   File "/home/runner/work/SharpForge/SharpForge/tests/browser_a20_studio_large_file_test.py", line 195, in qualify
2026-10-04T05:15:37.0535224Z     opened = report["opened"] = await_import(page)
2026-10-04T05:15:37.0535830Z                                 ^^^^^^^^^^^^^^^^^^
2026-10-04T05:15:37.0536947Z   File "/home/runner/work/SharpForge/SharpForge/tests/browser_a20_studio_large_file_test.py", line 62, in await_import
2026-10-04T05:15:37.0537986Z     wait_condition(page, """() => {
2026-10-04T05:15:37.0539198Z   File "/home/runner/work/SharpForge/SharpForge/tests/browser_harness.py", line 97, in wait_condition
2026-10-04T05:15:37.0540267Z     return page.wait_for_function(predicate, timeout=timeout)
2026-10-04T05:15:37.0540876Z   "limits": [
2026-10-04T05:15:37.0541376Z     "No OS file chooser or native file permission claim",
2026-10-04T05:15:37.0542000Z     "No physical disk throughput claim",
2026-10-04T05:15:37.0542570Z     "No cross-application clipboard claim",
2026-10-04T05:15:37.0543364Z     "Functional case; latency budgets belong to the existing editor benchmark"
2026-10-04T05:15:37.0544033Z   ],
2026-10-04T05:15:37.0544351Z   "pageErrors": [],
2026-10-04T05:15:37.0544723Z   "consoleErrors": [],
2026-10-04T05:15:37.0545159Z   "browserVersion": "153.0.8010.12",
2026-10-04T05:15:37.0545596Z   "fixture": {
2026-10-04T05:15:37.0545945Z     "sizeBytes": 209715200,
2026-10-04T05:15:37.0546365Z     "originalSourceCount": 2,
2026-10-04T05:15:37.0546818Z     "expectedSourceCount": 3,
2026-10-04T05:15:37.0547242Z     "expectedLines": 204803,
2026-10-04T05:15:37.0547693Z     "reusedChunkBytes": 262144,
2026-10-04T05:15:37.0548123Z     "blobPartCount": 802
2026-10-04T05:15:37.0548499Z   },
2026-10-04T05:15:37.0556734Z   "failure": {
2026-10-04T05:15:37.0557129Z     "type": "Error",
2026-10-04T05:15:37.0559241Z     "message": "Page.evaluate: Error: Studio import: Document exceeds the source size limit\n    at eval (eval at evaluate (:311:30), <anonymous>:4:24)\n    at UtilityScript.evaluate (<anonymous>:318:18)\n    at UtilityScript.<anonymous> (<anonymous>:1:44)"
2026-10-04T05:15:37.0560992Z   }
2026-10-04T05:15:37.0561298Z }
2026-10-04T05:15:37.0561749Z            ^^^^^^^^^^^^^^^^^^^^^^^^^^^^^^^^^^^^^^^^^^^^^^^^^^
2026-10-04T05:15:37.0562821Z   File "/home/runner/work/SharpForge/SharpForge/tests/conformance/browser/launch.py", line 168, in checked
2026-10-04T05:15:37.0563752Z     result = value(*args, **kwargs)
2026-10-04T05:15:37.0564542Z              ^^^^^^^^^^^^^^^^^^^^^^
2026-10-04T05:15:37.0565424Z   File "/home/runner/work/SharpForge/SharpForge/tests/browser_harness.py", line 28, in _wait_for_function
2026-10-04T05:15:37.0566294Z     value = page.evaluate(expression, arg)
2026-10-04T05:15:37.0566967Z             ^^^^^^^^^^^^^^^^^^^^^^^^^^^^^^
2026-10-04T05:15:37.0568090Z   File "/opt/hostedtoolcache/Python/3.12.14/x64/lib/python3.12/site-packages/playwright/sync_api/_generated.py", line 9413, in evaluate
2026-10-04T05:15:37.0569270Z     self._sync(
2026-10-04T05:15:37.0570177Z   File "/opt/hostedtoolcache/Python/3.12.14/x64/lib/python3.12/site-packages/playwright/_impl/_sync_base.py", line 115, in _sync
2026-10-04T05:15:37.0571058Z     return task.result()
2026-10-04T05:15:37.0571409Z            ^^^^^^^^^^^^^
2026-10-04T05:15:37.0572361Z   File "/opt/hostedtoolcache/Python/3.12.14/x64/lib/python3.12/site-packages/playwright/_impl/_page.py", line 474, in evaluate
2026-10-04T05:15:37.0573366Z     return await self._main_frame.evaluate(expression, arg)
2026-10-04T05:15:37.0573944Z            ^^^^^^^^^^^^^^^^^^^^^^^^^^^^^^^^^^^^^^^^^^^^^^^^
2026-10-04T05:15:37.0574957Z   File "/opt/hostedtoolcache/Python/3.12.14/x64/lib/python3.12/site-packages/playwright/_impl/_frame.py", line 346, in evaluate
2026-10-04T05:15:37.0575830Z     await self._channel.send(
2026-10-04T05:15:37.0576756Z   File "/opt/hostedtoolcache/Python/3.12.14/x64/lib/python3.12/site-packages/playwright/_impl/_connection.py", line 76, in send
2026-10-04T05:15:37.0577694Z     return await self._connection.wrap_api_call(
2026-10-04T05:15:37.0578180Z            ^^^^^^^^^^^^^^^^^^^^^^^^^^^^^^^^^^^^^
2026-10-04T05:15:37.0579446Z   File "/opt/hostedtoolcache/Python/3.12.14/x64/lib/python3.12/site-packages/playwright/_impl/_connection.py", line 632, in wrap_api_call
2026-10-04T05:15:37.0580632Z     raise rewrite_error(error, f"{parsed_st['apiName']}: {error}") from None
2026-10-04T05:15:37.0581747Z playwright._impl._errors.Error: Page.evaluate: Error: Studio import: Document exceeds the source size limit
2026-10-04T05:15:37.0582637Z     at eval (eval at evaluate (:311:30), <anonymous>:4:24)
2026-10-04T05:15:37.0583215Z     at UtilityScript.evaluate (<anonymous>:318:18)
2026-10-04T05:15:37.0583761Z     at UtilityScript.<anonymous> (<anonymous>:1:44)
2026-10-04T05:17:16.4358538Z {
2026-10-04T05:17:16.4359230Z   "captureStatus": "completed",
2026-10-04T05:17:16.4359664Z   "assessment": {
2026-10-04T05:17:16.4360482Z     "passed": true,
2026-10-04T05:17:16.4360976Z     "budgetPercent": 1,
2026-10-04T05:17:16.4361535Z     "overheadPercent": -0.23874095989473437,
2026-10-04T05:17:16.4362087Z     "enabledMs": 24277.89999999758,
2026-10-04T05:17:16.4362733Z     "disabledMs": 24335.999999997555,
2026-10-04T05:17:16.4363319Z     "deltaMs": -58.09999999997672,
2026-10-04T05:17:16.4363766Z     "pairs": [
2026-10-04T05:17:16.4364014Z       {
2026-10-04T05:17:16.4364254Z         "pair": 0,
2026-10-04T05:17:16.4364555Z         "enabledMs": 2051.799999999348,
2026-10-04T05:17:16.4364928Z         "disabledMs": 2098.70000000007,
2026-10-04T05:17:16.4365304Z         "deltaMs": -46.900000000721775,
2026-10-04T05:17:16.4365691Z         "overheadPercent": -2.234716729438234
2026-10-04T05:17:16.4366036Z       },
2026-10-04T05:17:16.4366264Z       {
2026-10-04T05:17:16.4366490Z         "pair": 1,
2026-10-04T05:17:16.4366792Z         "enabledMs": 2034.2999999999302,
2026-10-04T05:17:16.4367126Z         "disabledMs": 2000.4999999996508,
2026-10-04T05:17:16.4367439Z         "deltaMs": 33.8000000002794,
2026-10-04T05:17:16.4367762Z         "overheadPercent": 1.6895776056128617
2026-10-04T05:17:16.4368050Z       },
2026-10-04T05:17:16.4368240Z       {
2026-10-04T05:17:16.4368436Z         "pair": 2,
2026-10-04T05:17:16.4368983Z         "enabledMs": 2039.5000000004657,
2026-10-04T05:17:16.4369365Z         "disabledMs": 2018.2999999991152,
2026-10-04T05:17:16.4369683Z         "deltaMs": 21.200000001350418,
2026-10-04T05:17:16.4370008Z         "overheadPercent": 1.0503889412554976
2026-10-04T05:17:16.4370592Z       },
2026-10-04T05:17:16.4370786Z       {
2026-10-04T05:17:16.4370987Z         "pair": 3,
2026-10-04T05:17:16.4371251Z         "enabledMs": 2036.9999999998836,
2026-10-04T05:17:16.4371572Z         "disabledMs": 2049.5999999998603,
2026-10-04T05:17:16.4371896Z         "deltaMs": -12.599999999976717,
2026-10-04T05:17:16.4372458Z         "overheadPercent": -0.6147540983595616
2026-10-04T05:17:16.4372763Z       },
2026-10-04T05:17:16.4372979Z       {
2026-10-04T05:17:16.4373178Z         "pair": 4,
2026-10-04T05:17:16.4373432Z         "enabledMs": 2015.1000000000931,
2026-10-04T05:17:16.4373749Z         "disabledMs": 2052.9999999993015,
2026-10-04T05:17:16.4374062Z         "deltaMs": -37.899999999208376,
2026-10-04T05:17:16.4374386Z         "overheadPercent": -1.8460789088758534
2026-10-04T05:17:16.4374671Z       },
2026-10-04T05:17:16.4374858Z       {
2026-10-04T05:17:16.4375049Z         "pair": 5,
2026-10-04T05:17:16.4375306Z         "enabledMs": 2041.6999999999534,
2026-10-04T05:17:16.4375616Z         "disabledMs": 2055.1000000002095,
2026-10-04T05:17:16.4375932Z         "deltaMs": -13.400000000256114,
2026-10-04T05:17:16.4376261Z         "overheadPercent": -0.6520363972680039
2026-10-04T05:17:16.4376546Z       },
2026-10-04T05:17:16.4376733Z       {
2026-10-04T05:17:16.4376915Z         "pair": 6,
2026-10-04T05:17:16.4377136Z         "enabledMs": 2045.9999999996508,
2026-10-04T05:17:16.4377413Z         "disabledMs": 2024.2000000005355,
2026-10-04T05:17:16.4377685Z         "deltaMs": 21.799999999115244,
2026-10-04T05:17:16.4377970Z         "overheadPercent": 1.0769686789402961
2026-10-04T05:17:16.4378230Z       },
2026-10-04T05:17:16.4378406Z       {
2026-10-04T05:17:16.4378850Z         "pair": 7,
2026-10-04T05:17:16.4379170Z         "enabledMs": 2033.1999999993714,
2026-10-04T05:17:16.4379450Z         "disabledMs": 2064.8000000002794,
2026-10-04T05:17:16.4379819Z         "deltaMs": -31.60000000090804,
2026-10-04T05:17:16.4380273Z         "overheadPercent": -1.5304145680406704
2026-10-04T05:17:16.4380539Z       },
2026-10-04T05:17:16.4380713Z       {
2026-10-04T05:17:16.4380886Z         "pair": 8,
2026-10-04T05:17:16.4381110Z         "enabledMs": 1994.6999999999534,
2026-10-04T05:17:16.4381390Z         "disabledMs": 2000.2999999999302,
2026-10-04T05:17:16.4381699Z         "deltaMs": -5.599999999976717,
2026-10-04T05:17:16.4382017Z         "overheadPercent": -0.27995800629790096
2026-10-04T05:17:16.4382286Z       },
2026-10-04T05:17:16.4382451Z       {
2026-10-04T05:17:16.4382643Z         "pair": 9,
2026-10-04T05:17:16.4382865Z         "enabledMs": 1978.900000000489,
2026-10-04T05:17:16.4383136Z         "disabledMs": 1982.3999999995576,
2026-10-04T05:17:16.4383438Z         "deltaMs": -3.4999999990686774,
2026-10-04T05:17:16.4383766Z         "overheadPercent": -0.17655367226944405
2026-10-04T05:17:16.4384025Z       },
2026-10-04T05:17:16.4384212Z       {
2026-10-04T05:17:16.4384384Z         "pair": 10,
2026-10-04T05:17:16.4384634Z         "enabledMs": 1985.1999999987893,
2026-10-04T05:17:16.4384937Z         "disabledMs": 1994.3999999997905,
2026-10-04T05:17:16.4385217Z         "deltaMs": -9.200000001001172,
2026-10-04T05:17:16.4385526Z         "overheadPercent": -0.46129161657652124
2026-10-04T05:17:16.4385804Z       },
2026-10-04T05:17:16.4385971Z       {
2026-10-04T05:17:16.4386143Z         "pair": 11,
2026-10-04T05:17:16.4386402Z         "enabledMs": 2020.4999999996508,
2026-10-04T05:17:16.4386722Z         "disabledMs": 1994.699999999255,
2026-10-04T05:17:16.4387028Z         "deltaMs": 25.800000000395812,
2026-10-04T05:17:16.4387354Z         "overheadPercent": 1.2934275831155286
2026-10-04T05:17:16.4387608Z       }
2026-10-04T05:17:16.4387796Z     ],
2026-10-04T05:17:16.4388005Z     "diagnostics": [
2026-10-04T05:17:16.4388221Z       {
2026-10-04T05:17:16.4388434Z         "operation": "startup",
2026-10-04T05:17:16.4388967Z         "enabled": {
2026-10-04T05:17:16.4389209Z           "p50Ms": 1307,
2026-10-04T05:17:16.4389446Z           "p95Ms": 1345,
2026-10-04T05:17:16.4389663Z           "p99Ms": 1345,
2026-10-04T05:17:16.4390093Z           "minMs": 1283.5,
2026-10-04T05:17:16.4390334Z           "maxMs": 1345,
2026-10-04T05:17:16.4390546Z           "count": 12
2026-10-04T05:17:16.4390765Z         },
2026-10-04T05:17:16.4390966Z         "disabled": {
2026-10-04T05:17:16.4391209Z           "p50Ms": 1307.6999999999534,
2026-10-04T05:17:16.4391635Z           "p95Ms": 1372.1999999999534,
2026-10-04T05:17:16.4391929Z           "p99Ms": 1372.1999999999534,
2026-10-04T05:17:16.4392198Z           "minMs": 1276.0999999999767,
2026-10-04T05:17:16.4392461Z           "maxMs": 1372.1999999999534,
2026-10-04T05:17:16.4392717Z           "count": 12
2026-10-04T05:17:16.4392935Z         },
2026-10-04T05:17:16.4393177Z         "enabledTotalMs": 15731.89999999979,
2026-10-04T05:17:16.4393502Z         "disabledTotalMs": 15773.19999999972,
2026-10-04T05:17:16.4393814Z         "overheadPercent": -0.2618365328527558,
2026-10-04T05:17:16.4394136Z         "zeroDenominator": false
2026-10-04T05:17:16.4394370Z       },
2026-10-04T05:17:16.4394540Z       {
2026-10-04T05:17:16.4394762Z         "operation": "document-switch",
2026-10-04T05:17:16.4395020Z         "enabled": {
2026-10-04T05:17:16.4395223Z           "p50Ms": 18,
2026-10-04T05:17:16.4395477Z           "p95Ms": 25.599999999976717,
2026-10-04T05:17:16.4395738Z           "p99Ms": 29.400000000023283,
2026-10-04T05:17:16.4396006Z           "minMs": 14.900000000023283,
2026-10-04T05:17:16.4396267Z           "maxMs": 34.79999999993015,
2026-10-04T05:17:16.4396517Z           "count": 384
2026-10-04T05:17:16.4396710Z         },
2026-10-04T05:17:16.4396890Z         "disabled": {
2026-10-04T05:17:16.4397093Z           "p50Ms": 18,
2026-10-04T05:17:16.4397361Z           "p95Ms": 25.400000000023283,
2026-10-04T05:17:16.4397602Z           "p99Ms": 27,
2026-10-04T05:17:16.4397849Z           "minMs": 14.899999999906868,
2026-10-04T05:17:16.4398130Z           "maxMs": 27.599999999976717,
2026-10-04T05:17:16.4398368Z           "count": 384
2026-10-04T05:17:16.4398566Z         },
2026-10-04T05:17:16.4398928Z         "enabledTotalMs": 7090.699999998207,
2026-10-04T05:17:16.4399234Z         "disabledTotalMs": 7087.899999999208,
2026-10-04T05:17:16.4399539Z         "overheadPercent": 0.03950394332593774,
2026-10-04T05:17:16.4399863Z         "zeroDenominator": false
2026-10-04T05:17:16.4400091Z       },
2026-10-04T05:17:16.4400269Z       {
2026-10-04T05:17:16.4400486Z         "operation": "tool-activation",
2026-10-04T05:17:16.4400743Z         "enabled": {
2026-10-04T05:17:16.4400970Z           "p50Ms": 12.199999999953434,
2026-10-04T05:17:16.4401234Z           "p95Ms": 13.400000000023283,
2026-10-04T05:17:16.4401497Z           "p99Ms": 13.900000000023283,
2026-10-04T05:17:16.4401765Z           "minMs": 9.599999999976717,
2026-10-04T05:17:16.4402024Z           "maxMs": 13.900000000023283,
2026-10-04T05:17:16.4402259Z           "count": 36
2026-10-04T05:17:16.4402476Z         },
2026-10-04T05:17:16.4402655Z         "disabled": {
2026-10-04T05:17:16.4402881Z           "p50Ms": 12.300000000046566,
2026-10-04T05:17:16.4403148Z           "p95Ms": 14.399999999906868,
2026-10-04T05:17:16.4403428Z           "p99Ms": 14.599999999976717,
2026-10-04T05:17:16.4403669Z           "minMs": 9.5,
2026-10-04T05:17:16.4403928Z           "maxMs": 14.599999999976717,
2026-10-04T05:17:16.4404185Z           "count": 36
2026-10-04T05:17:16.4404378Z         },
2026-10-04T05:17:16.4404623Z         "enabledTotalMs": 423.80000000004657,
2026-10-04T05:17:16.4404946Z         "disabledTotalMs": 434.19999999937136,
2026-10-04T05:17:16.4405281Z         "overheadPercent": -2.3952095806862848,
2026-10-04T05:17:16.4405616Z         "zeroDenominator": false
2026-10-04T05:17:16.4405865Z       },
2026-10-04T05:17:16.4406049Z       {
2026-10-04T05:17:16.4406265Z         "operation": "command",
2026-10-04T05:17:16.4406537Z         "enabled": {
2026-10-04T05:17:16.4406742Z           "p50Ms": 0,
2026-10-04T05:17:16.4406990Z           "p95Ms": 0.19999999995343387,
2026-10-04T05:17:16.4407274Z           "p99Ms": 0.5,
2026-10-04T05:17:16.4407485Z           "minMs": 0,
2026-10-04T05:17:16.4407893Z           "maxMs": 0.7000000000698492,
2026-10-04T05:17:16.4408149Z           "count": 768
2026-10-04T05:17:16.4408356Z         },
2026-10-04T05:17:16.4408538Z         "disabled": {
2026-10-04T05:17:16.4408895Z           "p50Ms": 0,
2026-10-04T05:17:16.4409264Z           "p95Ms": 0.10000000009313226,
2026-10-04T05:17:16.4409551Z           "p99Ms": 0.5,
2026-10-04T05:17:16.4409782Z           "minMs": 0,
2026-10-04T05:17:16.4410036Z           "maxMs": 0.5999999999767169,
2026-10-04T05:17:16.4410306Z           "count": 768
2026-10-04T05:17:16.4410524Z         },
2026-10-04T05:17:16.4410767Z         "enabledTotalMs": 42.300000000046566,
2026-10-04T05:17:16.4411104Z         "disabledTotalMs": 42.699999999953434,
2026-10-04T05:17:16.4411441Z         "overheadPercent": -0.9367681496658172,
2026-10-04T05:17:16.4411767Z         "zeroDenominator": false
2026-10-04T05:17:16.4412019Z       },
2026-10-04T05:17:16.4412188Z       {
2026-10-04T05:17:16.4412428Z         "operation": "trusted-key-input",
2026-10-04T05:17:16.4412731Z         "enabled": {
2026-10-04T05:17:16.4412969Z           "p50Ms": 1.900000000023283,
2026-10-04T05:17:16.4413263Z           "p95Ms": 3.199999999953434,
2026-10-04T05:17:16.4413547Z           "p99Ms": 21.399999999906868,
2026-10-04T05:17:16.4413808Z           "minMs": 1.5,
2026-10-04T05:17:16.4414071Z           "maxMs": 21.900000000023283,
2026-10-04T05:17:16.4414330Z           "count": 384
2026-10-04T05:17:16.4414545Z         },
2026-10-04T05:17:16.4414728Z         "disabled": {
2026-10-04T05:17:16.4414974Z           "p50Ms": 1.900000000023283,
2026-10-04T05:17:16.4415253Z           "p95Ms": 3.400000000023283,
2026-10-04T05:17:16.4415515Z           "p99Ms": 22,
2026-10-04T05:17:16.4415759Z           "minMs": 1.3999999999068677,
2026-10-04T05:17:16.4416041Z           "maxMs": 22.199999999953434,
2026-10-04T05:17:16.4416298Z           "count": 384
2026-10-04T05:17:16.4416491Z         },
2026-10-04T05:17:16.4416729Z         "enabledTotalMs": 989.1999999994878,
2026-10-04T05:17:16.4417068Z         "disabledTotalMs": 997.9999999993015,
2026-10-04T05:17:16.4417422Z         "overheadPercent": -0.8817635270360616,
2026-10-04T05:17:16.4417741Z         "zeroDenominator": false
2026-10-04T05:17:16.4417976Z       }
2026-10-04T05:17:16.4418164Z     ],
2026-10-04T05:17:16.4418801Z     "gate": "ratio of paired sums of the identical measured workload; strictly less than 1%",
2026-10-04T05:17:16.4419610Z     "interpretation": "One bounded shared-host observation; not statistical proof. All raw samples retained."
2026-10-04T05:17:16.4420131Z   }
2026-10-04T05:17:16.4420297Z }
2026-10-04T05:18:27.8978707Z {
2026-10-04T05:18:27.8979262Z   "captureStatus": "completed",
2026-10-04T05:18:27.8979571Z   "assessment": {
2026-10-04T05:18:27.8979803Z     "passed": true,
2026-10-04T05:18:27.8980293Z     "gate": "paired aggregate eager ScriptDuration is strictly greater than lazy ScriptDuration",
2026-10-04T05:18:27.8980761Z     "eagerMs": 1529.039,
2026-10-04T05:18:27.8980995Z     "lazyMs": 1492.013,
2026-10-04T05:18:27.8981268Z     "savedMs": 37.02600000000007,
2026-10-04T05:18:27.8981556Z     "reductionPercent": 2.4215209683991104,
2026-10-04T05:18:27.8981827Z     "pairs": [
2026-10-04T05:18:27.8982014Z       {
2026-10-04T05:18:27.8982204Z         "pair": 0,
2026-10-04T05:18:27.8982416Z         "lazyMs": 122.83,
2026-10-04T05:18:27.8982654Z         "eagerMs": 128.623,
2026-10-04T05:18:27.8982910Z         "savedMs": 5.792999999999992,
2026-10-04T05:18:27.8983213Z         "reductionPercent": 4.503860118330309
2026-10-04T05:18:27.8983481Z       },
2026-10-04T05:18:27.8983651Z       {
2026-10-04T05:18:27.8983836Z         "pair": 1,
2026-10-04T05:18:27.8984078Z         "lazyMs": 126.67,
2026-10-04T05:18:27.8984305Z         "eagerMs": 141.103,
2026-10-04T05:18:27.8984580Z         "savedMs": 14.433000000000007,
2026-10-04T05:18:27.8985043Z         "reductionPercent": 10.228698185013789
2026-10-04T05:18:27.8985521Z       },
2026-10-04T05:18:27.8985852Z       {
2026-10-04T05:18:27.8986099Z         "pair": 2,
2026-10-04T05:18:27.8986597Z         "lazyMs": 126.76899999999999,
2026-10-04T05:18:27.8986871Z         "eagerMs": 132.76399999999998,
2026-10-04T05:18:27.8987145Z         "savedMs": 5.99499999999999,
2026-10-04T05:18:27.8987433Z         "reductionPercent": 4.515531318730974
2026-10-04T05:18:27.8987695Z       },
2026-10-04T05:18:27.8988024Z       {
2026-10-04T05:18:27.8988262Z         "pair": 3,
2026-10-04T05:18:27.8988923Z         "lazyMs": 121.78999999999999,
2026-10-04T05:18:27.8989253Z         "eagerMs": 123.822,
2026-10-04T05:18:27.8989504Z         "savedMs": 2.0320000000000107,
2026-10-04T05:18:27.8989798Z         "reductionPercent": 1.6410654003327443
2026-10-04T05:18:27.8990052Z       },
2026-10-04T05:18:27.8990216Z       {
2026-10-04T05:18:27.8990390Z         "pair": 4,
2026-10-04T05:18:27.8990588Z         "lazyMs": 119.083,
2026-10-04T05:18:27.8990809Z         "eagerMs": 123.182,
2026-10-04T05:18:27.8991062Z         "savedMs": 4.099000000000004,
2026-10-04T05:18:27.8991367Z         "reductionPercent": 3.3275965644331182
2026-10-04T05:18:27.8991629Z       },
2026-10-04T05:18:27.8991794Z       {
2026-10-04T05:18:27.8991970Z         "pair": 5,
2026-10-04T05:18:27.8992166Z         "lazyMs": 123.649,
2026-10-04T05:18:27.8992382Z         "eagerMs": 130.806,
2026-10-04T05:18:27.8992629Z         "savedMs": 7.157000000000011,
2026-10-04T05:18:27.8992907Z         "reductionPercent": 5.4714615537513644
2026-10-04T05:18:27.8993155Z       },
2026-10-04T05:18:27.8993344Z       {
2026-10-04T05:18:27.8993551Z         "pair": 6,
2026-10-04T05:18:27.8993745Z         "lazyMs": 129.844,
2026-10-04T05:18:27.8993984Z         "eagerMs": 122.35600000000001,
2026-10-04T05:18:27.8994285Z         "savedMs": -7.487999999999985,
2026-10-04T05:18:27.8994585Z         "reductionPercent": -6.119847003824892
2026-10-04T05:18:27.8994865Z       },
2026-10-04T05:18:27.8995032Z       {
2026-10-04T05:18:27.8995201Z         "pair": 7,
2026-10-04T05:18:27.8995396Z         "lazyMs": 121.321,
2026-10-04T05:18:27.8995633Z         "eagerMs": 131.03300000000002,
2026-10-04T05:18:27.8995901Z         "savedMs": 9.712000000000018,
2026-10-04T05:18:27.8996210Z         "reductionPercent": 7.4118733448826
2026-10-04T05:18:27.8996461Z       },
2026-10-04T05:18:27.8996625Z       {
2026-10-04T05:18:27.8996817Z         "pair": 8,
2026-10-04T05:18:27.8997054Z         "lazyMs": 122.06400000000001,
2026-10-04T05:18:27.8997319Z         "eagerMs": 119.81899999999999,
2026-10-04T05:18:27.8997612Z         "savedMs": -2.2450000000000188,
2026-10-04T05:18:27.8997928Z         "reductionPercent": -1.8736594363164598
2026-10-04T05:18:27.8998223Z       },
2026-10-04T05:18:27.8998408Z       {
2026-10-04T05:18:27.8998842Z         "pair": 9,
2026-10-04T05:18:27.8999174Z         "lazyMs": 128.906,
2026-10-04T05:18:27.8999463Z         "eagerMs": 128.94400000000002,
2026-10-04T05:18:27.8999764Z         "savedMs": 0.038000000000010914,
2026-10-04T05:18:27.9000097Z         "reductionPercent": 0.029470157587798508
2026-10-04T05:18:27.9000400Z       },
2026-10-04T05:18:27.9000583Z       {
2026-10-04T05:18:27.9000785Z         "pair": 10,
2026-10-04T05:18:27.9001035Z         "lazyMs": 126.29799999999999,
2026-10-04T05:18:27.9001301Z         "eagerMs": 123.484,
2026-10-04T05:18:27.9001568Z         "savedMs": -2.813999999999993,
2026-10-04T05:18:27.9001880Z         "reductionPercent": -2.2788377441611813
2026-10-04T05:18:27.9002165Z       },
2026-10-04T05:18:27.9002336Z       {
2026-10-04T05:18:27.9002536Z         "pair": 11,
2026-10-04T05:18:27.9002761Z         "lazyMs": 122.789,
2026-10-04T05:18:27.9003025Z         "eagerMs": 123.10300000000001,
2026-10-04T05:18:27.9003309Z         "savedMs": 0.31400000000000716,
2026-10-04T05:18:27.9003619Z         "reductionPercent": 0.2550709568410251
2026-10-04T05:18:27.9003886Z       }
2026-10-04T05:18:27.9004075Z     ],
2026-10-04T05:18:27.9004255Z     "dispersion": {
2026-10-04T05:18:27.9004493Z       "positivePairs": 9,
2026-10-04T05:18:27.9004740Z       "zeroPairs": 0,
2026-10-04T05:18:27.9004973Z       "negativePairs": 3,
2026-10-04T05:18:27.9005226Z       "minMs": -7.487999999999985,
2026-10-04T05:18:27.9005700Z       "maxMs": 14.433000000000007,
2026-10-04T05:18:27.9005974Z       "meanMs": 3.0855000000000055,
2026-10-04T05:18:27.9006259Z       "medianMs": 3.065500000000007,
2026-10-04T05:18:27.9006613Z       "populationStandardDeviationMs": 5.767523031307866
2026-10-04T05:18:27.9007049Z     },
2026-10-04T05:18:27.9008146Z     "uncertainty": "Untrimmed single shared-host observation; positive aggregate is not statistical proof. CDP/OS clock quantization is unknown; no zero/noise observations are discarded. No historical, worker CPU, paint, or wall-startup speedup claim."
2026-10-04T05:18:27.9009418Z   }
2026-10-04T05:18:27.9009610Z }
2026-10-04T05:18:27.9729555Z ##[error]Process completed with exit code 1.
2026-10-04T05:18:27.9781526Z ##[group]Run import json
2026-10-04T05:18:27.9781843Z [36;1mimport json[0m
2026-10-04T05:18:27.9782062Z [36;1mimport os[0m
2026-10-04T05:18:27.9782283Z [36;1mfrom pathlib import Path[0m
2026-10-04T05:18:27.9782621Z [36;1moutput = Path(os.environ['SHARPFORGE_RESULTS_DIR'])[0m
2026-10-04T05:18:27.9783015Z [36;1moutput.mkdir(parents=True, exist_ok=True)[0m
2026-10-04T05:18:27.9783363Z [36;1m(output / 'source.json').write_text(json.dumps({[0m
2026-10-04T05:18:27.9783746Z [36;1m    'sourceSha': os.environ['QUALIFICATION_SOURCE_SHA'],[0m
2026-10-04T05:18:27.9784152Z [36;1m    'sourceTree': os.environ['QUALIFICATION_SOURCE_TREE'],[0m
2026-10-04T05:18:27.9784577Z [36;1m    'trigger': os.environ['QUALIFICATION_TRIGGER_EVENT'],[0m
2026-10-04T05:18:27.9784979Z [36;1m    'triggerRef': os.environ['QUALIFICATION_TRIGGER_REF'],[0m
2026-10-04T05:18:27.9785416Z [36;1m    'triggerNonce': os.environ['QUALIFICATION_TRIGGER_NONCE'] or None,[0m
2026-10-04T05:18:27.9785924Z [36;1m    'captureOnly': os.environ['QUALIFICATION_CAPTURE_ONLY'] == 'true',[0m
2026-10-04T05:18:27.9786345Z [36;1m    'workflowRunId': os.environ['GITHUB_RUN_ID'],[0m
2026-10-04T05:18:27.9786696Z [36;1m    'stage': os.environ['QUALIFICATION_STAGE'],[0m
2026-10-04T05:18:27.9787053Z [36;1m    'engine': os.environ['SHARPFORGE_BROWSER_ENGINE'],[0m
2026-10-04T05:18:27.9787399Z [36;1m    'runner': os.environ['RUNNER_OS'],[0m
2026-10-04T05:18:27.9787730Z [36;1m    'runnerLabel': os.environ['QUALIFICATION_RUNNER'],[0m
2026-10-04T05:18:27.9788162Z [36;1m    'editorBaseline': os.environ['SHARPFORGE_EDITOR_BASELINE'] or None,[0m
2026-10-04T05:18:27.9788920Z [36;1m    'workbenchBaseline': os.environ['SHARPFORGE_WORKBENCH_BASELINE'] or None,[0m
2026-10-04T05:18:27.9789355Z [36;1m}, indent=2) + '\n', encoding='utf8')[0m
2026-10-04T05:18:27.9791137Z shell: /opt/hostedtoolcache/Python/3.12.14/x64/bin/python {0}
2026-10-04T05:18:27.9791466Z env:
2026-10-04T05:18:27.9791708Z   SHARPFORGE_RESULTS_DIR: artifacts/results/project16
2026-10-04T05:18:27.9792034Z   QUALIFICATION_TRIGGER_EVENT: create
2026-10-04T05:18:27.9792488Z   QUALIFICATION_TRIGGER_REF: refs/heads/codex/project16/qualify-ubuntu-chromium-all-20261004-a5
2026-10-04T05:18:27.9792975Z   QUALIFICATION_TRIGGER_NONCE: 20261004-a5
2026-10-04T05:18:27.9793363Z   QUALIFICATION_SOURCE_SHA: c13aa0fd9d27df28b3708bb83d914a04c20a5c7c
2026-10-04T05:18:27.9793803Z   QUALIFICATION_SOURCE_TREE: 29023ed8b962b6d91671bdb0c0359d905ef2659e
2026-10-04T05:18:27.9794165Z   QUALIFICATION_RUNNER: ubuntu-latest
2026-10-04T05:18:27.9794420Z   QUALIFICATION_STAGE: all
2026-10-04T05:18:27.9794657Z   QUALIFICATION_CAPTURE_ONLY: true
2026-10-04T05:18:27.9794921Z   SHARPFORGE_BROWSER_ENGINE: chromium
2026-10-04T05:18:27.9795184Z   SHARPFORGE_EDITOR_BASELINE: 
2026-10-04T05:18:27.9795430Z   SHARPFORGE_WORKBENCH_BASELINE: 
2026-10-04T05:18:27.9795737Z   pythonLocation: /opt/hostedtoolcache/Python/3.12.14/x64
2026-10-04T05:18:27.9796164Z   PKG_CONFIG_PATH: /opt/hostedtoolcache/Python/3.12.14/x64/lib/pkgconfig
2026-10-04T05:18:27.9796591Z   Python_ROOT_DIR: /opt/hostedtoolcache/Python/3.12.14/x64
2026-10-04T05:18:27.9796964Z   Python2_ROOT_DIR: /opt/hostedtoolcache/Python/3.12.14/x64
2026-10-04T05:18:27.9797343Z   Python3_ROOT_DIR: /opt/hostedtoolcache/Python/3.12.14/x64
2026-10-04T05:18:27.9797888Z   LD_LIBRARY_PATH: /opt/hostedtoolcache/Python/3.12.14/x64/lib
2026-10-04T05:18:27.9798505Z   SHARPFORGE_PLAYWRIGHT_MODULE: /opt/hostedtoolcache/Python/3.12.14/x64/lib/python3.12/site-packages/playwright/driver/package
2026-10-04T05:18:27.9799370Z ##[endgroup]
2026-10-04T05:18:28.0139405Z ##[group]Run actions/upload-artifact@ea165f8d65b6e75b540449e92b4886f43607fa02
2026-10-04T05:18:28.0139834Z with:
2026-10-04T05:18:28.0140070Z   name: project16-ubuntu-latest-chromium-all
2026-10-04T05:18:28.0140378Z   path: artifacts/results/project16/
2026-10-04T05:18:28.0140640Z   if-no-files-found: error
2026-10-04T05:18:28.0140872Z   compression-level: 6
2026-10-04T05:18:28.0141080Z   overwrite: false
2026-10-04T05:18:28.0141286Z   include-hidden-files: false
2026-10-04T05:18:28.0141505Z env:
2026-10-04T05:18:28.0141728Z   SHARPFORGE_RESULTS_DIR: artifacts/results/project16
2026-10-04T05:18:28.0142041Z   QUALIFICATION_TRIGGER_EVENT: create
2026-10-04T05:18:28.0142506Z   QUALIFICATION_TRIGGER_REF: refs/heads/codex/project16/qualify-ubuntu-chromium-all-20261004-a5
2026-10-04T05:18:28.0142981Z   QUALIFICATION_TRIGGER_NONCE: 20261004-a5
2026-10-04T05:18:28.0143335Z   QUALIFICATION_SOURCE_SHA: c13aa0fd9d27df28b3708bb83d914a04c20a5c7c
2026-10-04T05:18:28.0143809Z   QUALIFICATION_SOURCE_TREE: 29023ed8b962b6d91671bdb0c0359d905ef2659e
2026-10-04T05:18:28.0144181Z   QUALIFICATION_RUNNER: ubuntu-latest
2026-10-04T05:18:28.0144441Z   QUALIFICATION_STAGE: all
2026-10-04T05:18:28.0144678Z   QUALIFICATION_CAPTURE_ONLY: true
2026-10-04T05:18:28.0144938Z   SHARPFORGE_BROWSER_ENGINE: chromium
2026-10-04T05:18:28.0145195Z   SHARPFORGE_EDITOR_BASELINE: 
2026-10-04T05:18:28.0145440Z   SHARPFORGE_WORKBENCH_BASELINE: 
2026-10-04T05:18:28.0145772Z   pythonLocation: /opt/hostedtoolcache/Python/3.12.14/x64
2026-10-04T05:18:28.0146198Z   PKG_CONFIG_PATH: /opt/hostedtoolcache/Python/3.12.14/x64/lib/pkgconfig
2026-10-04T05:18:28.0146614Z   Python_ROOT_DIR: /opt/hostedtoolcache/Python/3.12.14/x64
2026-10-04T05:18:28.0146999Z   Python2_ROOT_DIR: /opt/hostedtoolcache/Python/3.12.14/x64
2026-10-04T05:18:28.0147381Z   Python3_ROOT_DIR: /opt/hostedtoolcache/Python/3.12.14/x64
2026-10-04T05:18:28.0147761Z   LD_LIBRARY_PATH: /opt/hostedtoolcache/Python/3.12.14/x64/lib
2026-10-04T05:18:28.0148386Z   SHARPFORGE_PLAYWRIGHT_MODULE: /opt/hostedtoolcache/Python/3.12.14/x64/lib/python3.12/site-packages/playwright/driver/package
2026-10-04T05:18:28.0149171Z ##[endgroup]
2026-10-04T05:18:28.1801128Z (node:9034) [DEP0040] DeprecationWarning: The `punycode` module is deprecated. Please use a userland alternative instead.
2026-10-04T05:18:28.1802923Z (Use `node --trace-deprecation ...` to show where the warning was created)
2026-10-04T05:18:28.2010409Z With the provided path, there will be 64 files uploaded
2026-10-04T05:18:28.2011567Z Artifact name is valid!
2026-10-04T05:18:28.2012529Z Root directory input is valid!
2026-10-04T05:18:28.4146131Z Beginning upload of artifact content to blob storage
2026-10-04T05:18:28.7274762Z (node:9034) [DEP0169] DeprecationWarning: `url.parse()` behavior is not standardized and prone to errors that have security implications. Use the WHATWG URL API instead. CVEs are not issued for `url.parse()` vulnerabilities.
2026-10-04T05:18:28.9319161Z Uploaded bytes 8388608
2026-10-04T05:18:29.1037932Z Uploaded bytes 13381803
2026-10-04T05:18:29.1257360Z Finished uploading artifact content to blob storage!
2026-10-04T05:18:29.1259044Z SHA256 digest of uploaded artifact zip is 32adec6a970df1e08e44620bb4b7bb5b1067ce91b941dd004275bfdecdf2d9c9
2026-10-04T05:18:29.1261875Z Finalizing artifact upload
2026-10-04T05:18:29.3344676Z Artifact project16-ubuntu-latest-chromium-all.zip successfully finalized. Artifact ID 11294751991
2026-10-04T05:18:29.3345966Z Artifact project16-ubuntu-latest-chromium-all has been successfully uploaded! Final size is 13381803 bytes. Artifact ID is 11294751991
2026-10-04T05:18:29.3351899Z Artifact download URL: https://github.com/wieslawsoltes/SharpForge/actions/runs/37178840757/artifacts/11294751991
2026-10-04T05:18:29.3575315Z Post job cleanup.
2026-10-04T05:18:29.4385488Z [command]/usr/bin/git version
2026-10-04T05:18:29.4430284Z git version 2.55.0
2026-10-04T05:18:29.4466029Z Temporarily overriding HOME='/home/runner/work/_temp/5e4996c6-938c-4b4b-b203-89df89f01d01' before making global git config changes
2026-10-04T05:18:29.4467590Z Adding repository directory to the temporary git global config as a safe directory
2026-10-04T05:18:29.4472719Z [command]/usr/bin/git config --global --add safe.directory /home/runner/work/SharpForge/SharpForge
2026-10-04T05:18:29.4502305Z Removing SSH command configuration
2026-10-04T05:18:29.4508553Z [command]/usr/bin/git config --local --name-only --get-regexp core\.sshCommand
2026-10-04T05:18:29.4542193Z [command]/usr/bin/git submodule foreach --recursive sh -c "git config --local --name-only --get-regexp 'core\.sshCommand' && git config --local --unset-all 'core.sshCommand' || :"
2026-10-04T05:18:29.4781862Z Removing HTTP extra header
2026-10-04T05:18:29.4786460Z [command]/usr/bin/git config --local --name-only --get-regexp http\.https\:\/\/github\.com\/\.extraheader
2026-10-04T05:18:29.4819506Z [command]/usr/bin/git submodule foreach --recursive sh -c "git config --local --name-only --get-regexp 'http\.https\:\/\/github\.com\/\.extraheader' && git config --local --unset-all 'http.https://github.com/.extraheader' || :"
2026-10-04T05:18:29.5053456Z Removing includeIf entries pointing to credentials config files
2026-10-04T05:18:29.5060347Z [command]/usr/bin/git config --local --name-only --get-regexp ^includeIf\.gitdir:
2026-10-04T05:18:29.5090270Z includeif.gitdir:/home/runner/work/SharpForge/SharpForge/.git.path
2026-10-04T05:18:29.5091170Z includeif.gitdir:/home/runner/work/SharpForge/SharpForge/.git/worktrees/*.path
2026-10-04T05:18:29.5091713Z includeif.gitdir:/github/workspace/.git.path
2026-10-04T05:18:29.5092147Z includeif.gitdir:/github/workspace/.git/worktrees/*.path
2026-10-04T05:18:29.5099485Z [command]/usr/bin/git config --local --get-all includeif.gitdir:/home/runner/work/SharpForge/SharpForge/.git.path
2026-10-04T05:18:29.5121058Z /home/runner/work/_temp/git-credentials-5047a0bf-6444-4714-a30a-5854c67d7790.config
2026-10-04T05:18:29.5130946Z [command]/usr/bin/git config --local --unset includeif.gitdir:/home/runner/work/SharpForge/SharpForge/.git.path \/home\/runner\/work\/_temp\/git\-credentials\-5047a0bf\-6444\-4714\-a30a\-5854c67d7790\.config
2026-10-04T05:18:29.5164269Z [command]/usr/bin/git config --local --get-all includeif.gitdir:/home/runner/work/SharpForge/SharpForge/.git/worktrees/*.path
2026-10-04T05:18:29.5216316Z /home/runner/work/_temp/git-credentials-5047a0bf-6444-4714-a30a-5854c67d7790.config
2026-10-04T05:18:29.5225266Z [command]/usr/bin/git config --local --unset includeif.gitdir:/home/runner/work/SharpForge/SharpForge/.git/worktrees/*.path \/home\/runner\/work\/_temp\/git\-credentials\-5047a0bf\-6444\-4714\-a30a\-5854c67d7790\.config
2026-10-04T05:18:29.5258421Z [command]/usr/bin/git config --local --get-all includeif.gitdir:/github/workspace/.git.path
2026-10-04T05:18:29.5279858Z /github/runner_temp/git-credentials-5047a0bf-6444-4714-a30a-5854c67d7790.config
2026-10-04T05:18:29.5287507Z [command]/usr/bin/git config --local --unset includeif.gitdir:/github/workspace/.git.path \/github\/runner_temp\/git\-credentials\-5047a0bf\-6444\-4714\-a30a\-5854c67d7790\.config
2026-10-04T05:18:29.5317945Z [command]/usr/bin/git config --local --get-all includeif.gitdir:/github/workspace/.git/worktrees/*.path
2026-10-04T05:18:29.5338890Z /github/runner_temp/git-credentials-5047a0bf-6444-4714-a30a-5854c67d7790.config
2026-10-04T05:18:29.5346998Z [command]/usr/bin/git config --local --unset includeif.gitdir:/github/workspace/.git/worktrees/*.path \/github\/runner_temp\/git\-credentials\-5047a0bf\-6444\-4714\-a30a\-5854c67d7790\.config
2026-10-04T05:18:29.5379009Z [command]/usr/bin/git submodule foreach --recursive git config --local --show-origin --name-only --get-regexp remote.origin.url
2026-10-04T05:18:29.5607651Z Removing credentials config '/home/runner/work/_temp/git-credentials-5047a0bf-6444-4714-a30a-5854c67d7790.config'
2026-10-04T05:18:29.5752019Z Cleaning up orphan processes
2026-10-04T05:18:29.5977572Z ##[warning]Node.js 20 is deprecated. The following actions target Node.js 20 but are being forced to run on Node.js 24: actions/setup-node@49933ea5288caeca8642d1e84afbd3f7d6820020, actions/upload-artifact@ea165f8d65b6e75b540449e92b4886f43607fa02. For more information see: https://github.blog/changelog/2025-09-19-deprecation-of-node-20-on-github-actions-runners/
