2026-10-04T03:52:09.3096434Z Current runner version: '2.337.0'
2026-10-04T03:52:09.3122415Z ##[group]Runner Image Provisioner
2026-10-04T03:52:09.3123334Z Hosted Compute Agent
2026-10-04T03:52:09.3124374Z Version: 20260901.588
2026-10-04T03:52:09.3125078Z Commit: f88ec8081b781fac6c440065ac7ff9e710ce3d0b
2026-10-04T03:52:09.3125891Z Build Date: 2026-09-01T19:56:44Z
2026-10-04T03:52:09.3126655Z Worker ID: {d3ade4a5-5b6c-4e49-833e-67781a6a63fd}
2026-10-04T03:52:09.3127369Z Azure Region: westus
2026-10-04T03:52:09.3127906Z ##[endgroup]
2026-10-04T03:52:09.3129630Z ##[group]Operating System
2026-10-04T03:52:09.3130310Z Ubuntu
2026-10-04T03:52:09.3130886Z 24.04.5
2026-10-04T03:52:09.3131451Z LTS
2026-10-04T03:52:09.3131942Z ##[endgroup]
2026-10-04T03:52:09.3132559Z ##[group]Runner Image
2026-10-04T03:52:09.3133182Z Image: ubuntu-24.04
2026-10-04T03:52:09.3134024Z Version: 20260927.320.1
2026-10-04T03:52:09.3135339Z Included Software: https://github.com/actions/runner-images/blob/ubuntu24/20260927.320/images/ubuntu/Ubuntu2404-Readme.md
2026-10-04T03:52:09.3137386Z Image Release: https://github.com/actions/runner-images/releases/tag/ubuntu24%2F20260927.320
2026-10-04T03:52:09.3138429Z ##[endgroup]
2026-10-04T03:52:09.3139565Z ##[group]GITHUB_TOKEN Permissions
2026-10-04T03:52:09.3141520Z Contents: read
2026-10-04T03:52:09.3142201Z Metadata: read
2026-10-04T03:52:09.3142855Z ##[endgroup]
2026-10-04T03:52:09.3145453Z Secret source: Actions
2026-10-04T03:52:09.3146548Z Cache mode: write
2026-10-04T03:52:09.3147219Z Prepare workflow directory
2026-10-04T03:52:09.3565114Z Prepare all required actions
2026-10-04T03:52:09.3614062Z Getting action download info
2026-10-04T03:52:09.7136288Z Download action repository 'actions/checkout@3d3c42e5aac5ba805825da76410c181273ba90b1' (SHA:3d3c42e5aac5ba805825da76410c181273ba90b1)
2026-10-04T03:52:09.8676507Z Download action repository 'actions/setup-node@49933ea5288caeca8642d1e84afbd3f7d6820020' (SHA:49933ea5288caeca8642d1e84afbd3f7d6820020)
2026-10-04T03:52:09.9695613Z Download action repository 'actions/setup-python@5fda3b95a4ea91299a34e894583c3862153e4b97' (SHA:5fda3b95a4ea91299a34e894583c3862153e4b97)
2026-10-04T03:52:10.0842047Z Download action repository 'actions/upload-artifact@ea165f8d65b6e75b540449e92b4886f43607fa02' (SHA:ea165f8d65b6e75b540449e92b4886f43607fa02)
2026-10-04T03:52:10.3117659Z Complete job name: qualify
2026-10-04T03:52:10.3974416Z ##[group]Run actions/checkout@3d3c42e5aac5ba805825da76410c181273ba90b1
2026-10-04T03:52:10.3975849Z with:
2026-10-04T03:52:10.3976547Z   ref: 8d1be9cffa04b0fd7390e5cb6fe5f6c03b997557
2026-10-04T03:52:10.3977329Z   repository: wieslawsoltes/SharpForge
2026-10-04T03:52:10.3981656Z   token: ***
2026-10-04T03:52:10.3982140Z   ssh-strict: true
2026-10-04T03:52:10.3982621Z   ssh-user: git
2026-10-04T03:52:10.3983111Z   persist-credentials: true
2026-10-04T03:52:10.3983637Z   clean: true
2026-10-04T03:52:10.3984330Z   sparse-checkout-cone-mode: true
2026-10-04T03:52:10.3984903Z   fetch-depth: 1
2026-10-04T03:52:10.3985375Z   fetch-tags: false
2026-10-04T03:52:10.3985854Z   show-progress: true
2026-10-04T03:52:10.3986382Z   lfs: false
2026-10-04T03:52:10.3986839Z   submodules: false
2026-10-04T03:52:10.3987328Z   set-safe-directory: true
2026-10-04T03:52:10.3987880Z   allow-unsafe-pr-checkout: false
2026-10-04T03:52:10.3988733Z env:
2026-10-04T03:52:10.3989357Z   SHARPFORGE_RESULTS_DIR: artifacts/results/project16
2026-10-04T03:52:10.3990034Z ##[endgroup]
2026-10-04T03:52:10.4980636Z Syncing repository: wieslawsoltes/SharpForge
2026-10-04T03:52:10.4983674Z ##[group]Getting Git version info
2026-10-04T03:52:10.4985431Z Working directory is '/home/runner/work/SharpForge/SharpForge'
2026-10-04T03:52:10.4987438Z [command]/usr/bin/git version
2026-10-04T03:52:10.5056004Z git version 2.55.0
2026-10-04T03:52:10.5078122Z ##[endgroup]
2026-10-04T03:52:10.5090322Z Temporarily overriding HOME='/home/runner/work/_temp/463a730f-9fe6-41f7-81b3-1989a9236a41' before making global git config changes
2026-10-04T03:52:10.5092002Z Adding repository directory to the temporary git global config as a safe directory
2026-10-04T03:52:10.5097294Z [command]/usr/bin/git config --global --add safe.directory /home/runner/work/SharpForge/SharpForge
2026-10-04T03:52:10.5147645Z Deleting the contents of '/home/runner/work/SharpForge/SharpForge'
2026-10-04T03:52:10.5151565Z ##[group]Determining repository object format
2026-10-04T03:52:10.5153304Z ##[endgroup]
2026-10-04T03:52:10.5154547Z ##[group]Initializing the repository
2026-10-04T03:52:10.5158120Z [command]/usr/bin/git init /home/runner/work/SharpForge/SharpForge
2026-10-04T03:52:10.5268078Z hint: Using 'master' as the name for the initial branch. This default branch name
2026-10-04T03:52:10.5269626Z hint: will change to "main" in Git 3.0. To configure the initial branch name
2026-10-04T03:52:10.5271531Z hint: to use in all of your new repositories, which will suppress this warning,
2026-10-04T03:52:10.5272989Z hint: call:
2026-10-04T03:52:10.5274135Z hint:
2026-10-04T03:52:10.5275293Z hint: 	git config --global init.defaultBranch <name>
2026-10-04T03:52:10.5276736Z hint:
2026-10-04T03:52:10.5278134Z hint: Names commonly chosen instead of 'master' are 'main', 'trunk' and
2026-10-04T03:52:10.5280125Z hint: 'development'. The just-created branch can be renamed via this command:
2026-10-04T03:52:10.5281615Z hint:
2026-10-04T03:52:10.5282451Z hint: 	git branch -m <name>
2026-10-04T03:52:10.5283569Z hint:
2026-10-04T03:52:10.5285381Z hint: Disable this message with "git config set advice.defaultBranchName false"
2026-10-04T03:52:10.5287590Z Initialized empty Git repository in /home/runner/work/SharpForge/SharpForge/.git/
2026-10-04T03:52:10.5290875Z [command]/usr/bin/git remote add origin https://github.com/wieslawsoltes/SharpForge
2026-10-04T03:52:10.5339674Z ##[endgroup]
2026-10-04T03:52:10.5341188Z ##[group]Disabling automatic garbage collection
2026-10-04T03:52:10.5343437Z [command]/usr/bin/git config --local gc.auto 0
2026-10-04T03:52:10.5376678Z ##[endgroup]
2026-10-04T03:52:10.5378558Z ##[group]Setting up auth
2026-10-04T03:52:10.5379626Z Removing SSH command configuration
2026-10-04T03:52:10.5384381Z [command]/usr/bin/git config --local --name-only --get-regexp core\.sshCommand
2026-10-04T03:52:10.5418531Z [command]/usr/bin/git submodule foreach --recursive sh -c "git config --local --name-only --get-regexp 'core\.sshCommand' && git config --local --unset-all 'core.sshCommand' || :"
2026-10-04T03:52:10.5766824Z Removing HTTP extra header
2026-10-04T03:52:10.5771618Z [command]/usr/bin/git config --local --name-only --get-regexp http\.https\:\/\/github\.com\/\.extraheader
2026-10-04T03:52:10.5802900Z [command]/usr/bin/git submodule foreach --recursive sh -c "git config --local --name-only --get-regexp 'http\.https\:\/\/github\.com\/\.extraheader' && git config --local --unset-all 'http.https://github.com/.extraheader' || :"
2026-10-04T03:52:10.6025628Z Removing includeIf entries pointing to credentials config files
2026-10-04T03:52:10.6030931Z [command]/usr/bin/git config --local --name-only --get-regexp ^includeIf\.gitdir:
2026-10-04T03:52:10.6066441Z [command]/usr/bin/git submodule foreach --recursive git config --local --show-origin --name-only --get-regexp remote.origin.url
2026-10-04T03:52:10.6310135Z [command]/usr/bin/git config --file /home/runner/work/_temp/git-credentials-5a822603-6ceb-4dee-8ee4-91421b578acd.config http.https://github.com/.extraheader AUTHORIZATION: basic ***
2026-10-04T03:52:10.6349699Z [command]/usr/bin/git config --local includeIf.gitdir:/home/runner/work/SharpForge/SharpForge/.git.path /home/runner/work/_temp/git-credentials-5a822603-6ceb-4dee-8ee4-91421b578acd.config
2026-10-04T03:52:10.6381483Z [command]/usr/bin/git config --local includeIf.gitdir:/home/runner/work/SharpForge/SharpForge/.git/worktrees/*.path /home/runner/work/_temp/git-credentials-5a822603-6ceb-4dee-8ee4-91421b578acd.config
2026-10-04T03:52:10.6418033Z [command]/usr/bin/git config --local includeIf.gitdir:/github/workspace/.git.path /github/runner_temp/git-credentials-5a822603-6ceb-4dee-8ee4-91421b578acd.config
2026-10-04T03:52:10.6449873Z [command]/usr/bin/git config --local includeIf.gitdir:/github/workspace/.git/worktrees/*.path /github/runner_temp/git-credentials-5a822603-6ceb-4dee-8ee4-91421b578acd.config
2026-10-04T03:52:10.6477437Z ##[endgroup]
2026-10-04T03:52:10.6478301Z ##[group]Fetching the repository
2026-10-04T03:52:10.6484828Z [command]/usr/bin/git -c protocol.version=2 fetch --no-tags --prune --no-recurse-submodules --depth=1 origin 8d1be9cffa04b0fd7390e5cb6fe5f6c03b997557
2026-10-04T03:52:14.2497923Z From https://github.com/wieslawsoltes/SharpForge
2026-10-04T03:52:14.2498840Z  * branch            8d1be9cffa04b0fd7390e5cb6fe5f6c03b997557 -> FETCH_HEAD
2026-10-04T03:52:14.2509051Z [command]/usr/bin/git rev-parse --verify --quiet 8d1be9cffa04b0fd7390e5cb6fe5f6c03b997557^{object}
2026-10-04T03:52:14.2551170Z 8d1be9cffa04b0fd7390e5cb6fe5f6c03b997557
2026-10-04T03:52:14.2556634Z ##[endgroup]
2026-10-04T03:52:14.2557335Z ##[group]Determining the checkout info
2026-10-04T03:52:14.2558258Z ##[endgroup]
2026-10-04T03:52:14.2563285Z [command]/usr/bin/git sparse-checkout disable
2026-10-04T03:52:14.2619223Z [command]/usr/bin/git config --local --unset-all extensions.worktreeConfig
2026-10-04T03:52:14.2656270Z ##[group]Checking out the ref
2026-10-04T03:52:14.2656828Z [command]/usr/bin/git checkout --progress --force 8d1be9cffa04b0fd7390e5cb6fe5f6c03b997557
2026-10-04T03:52:15.0872516Z Note: switching to '8d1be9cffa04b0fd7390e5cb6fe5f6c03b997557'.
2026-10-04T03:52:15.0873541Z 
2026-10-04T03:52:15.0873980Z You are in 'detached HEAD' state. You can look around, make experimental
2026-10-04T03:52:15.0874984Z changes and commit them, and you can discard any commits you make in this
2026-10-04T03:52:15.0875872Z state without impacting any branches by switching back to a branch.
2026-10-04T03:52:15.0876306Z 
2026-10-04T03:52:15.0876587Z If you want to create a new branch to retain commits you create, you may
2026-10-04T03:52:15.0877249Z do so (now or later) by using -c with the switch command. Example:
2026-10-04T03:52:15.0877630Z 
2026-10-04T03:52:15.0877788Z   git switch -c <new-branch-name>
2026-10-04T03:52:15.0878092Z 
2026-10-04T03:52:15.0878250Z Or undo this operation with:
2026-10-04T03:52:15.0878491Z 
2026-10-04T03:52:15.0878612Z   git switch -
2026-10-04T03:52:15.0878790Z 
2026-10-04T03:52:15.0879097Z Turn off this advice by setting config variable advice.detachedHead to false
2026-10-04T03:52:15.0879884Z 
2026-10-04T03:52:15.0880361Z HEAD is now at 8d1be9c Merge pull request #4105 from wieslawsoltes/codex/project16/08-browser-acceptance
2026-10-04T03:52:15.0899435Z ##[endgroup]
2026-10-04T03:52:15.0944437Z [command]/usr/bin/git log -1 --format=%H
2026-10-04T03:52:15.0969524Z 8d1be9cffa04b0fd7390e5cb6fe5f6c03b997557
2026-10-04T03:52:15.1239738Z ##[group]Run actions/setup-node@49933ea5288caeca8642d1e84afbd3f7d6820020
2026-10-04T03:52:15.1240207Z with:
2026-10-04T03:52:15.1240416Z   node-version: 24
2026-10-04T03:52:15.1240635Z   always-auth: false
2026-10-04T03:52:15.1240860Z   check-latest: false
2026-10-04T03:52:15.1244223Z   token: ***
2026-10-04T03:52:15.1244438Z env:
2026-10-04T03:52:15.1244723Z   SHARPFORGE_RESULTS_DIR: artifacts/results/project16
2026-10-04T03:52:15.1245057Z ##[endgroup]
2026-10-04T03:52:15.2650191Z Found in cache @ /opt/hostedtoolcache/node/24.21.0/x64
2026-10-04T03:52:15.2654487Z (node:2331) [DEP0040] DeprecationWarning: The `punycode` module is deprecated. Please use a userland alternative instead.
2026-10-04T03:52:15.2655631Z (Use `node --trace-deprecation ...` to show where the warning was created)
2026-10-04T03:52:15.2657883Z ##[group]Environment details
2026-10-04T03:52:15.6929174Z node: v24.21.0
2026-10-04T03:52:15.6929778Z npm: 11.19.0
2026-10-04T03:52:15.6930221Z yarn: 1.22.22
2026-10-04T03:52:15.6931741Z ##[endgroup]
2026-10-04T03:52:15.7074991Z ##[group]Run node scripts/project16-trigger.js
2026-10-04T03:52:15.7075448Z [36;1mnode scripts/project16-trigger.js[0m
2026-10-04T03:52:15.7359021Z shell: /usr/bin/bash -e {0}
2026-10-04T03:52:15.7359425Z env:
2026-10-04T03:52:15.7359819Z   SHARPFORGE_RESULTS_DIR: artifacts/results/project16
2026-10-04T03:52:15.7360535Z ##[endgroup]
2026-10-04T03:52:15.7896807Z Resolved create: ubuntu-latest/chromium/all at 8d1be9cffa04b0fd7390e5cb6fe5f6c03b997557
2026-10-04T03:52:15.8055235Z ##[group]Run actions/setup-python@5fda3b95a4ea91299a34e894583c3862153e4b97
2026-10-04T03:52:15.8055652Z with:
2026-10-04T03:52:15.8055852Z   python-version: 3.12
2026-10-04T03:52:15.8056079Z   check-latest: false
2026-10-04T03:52:15.8058936Z   token: ***
2026-10-04T03:52:15.8059157Z   update-environment: true
2026-10-04T03:52:15.8059402Z   allow-prereleases: false
2026-10-04T03:52:15.8059632Z   freethreaded: false
2026-10-04T03:52:15.8059841Z env:
2026-10-04T03:52:15.8060077Z   SHARPFORGE_RESULTS_DIR: artifacts/results/project16
2026-10-04T03:52:15.8060418Z   QUALIFICATION_TRIGGER_EVENT: create
2026-10-04T03:52:15.8060884Z   QUALIFICATION_TRIGGER_REF: refs/heads/codex/project16/qualify-ubuntu-chromium-all-20261004-a4
2026-10-04T03:52:15.8061375Z   QUALIFICATION_TRIGGER_NONCE: 20261004-a4
2026-10-04T03:52:15.8061749Z   QUALIFICATION_SOURCE_SHA: 8d1be9cffa04b0fd7390e5cb6fe5f6c03b997557
2026-10-04T03:52:15.8062261Z   QUALIFICATION_SOURCE_TREE: dc9d4e337b91c6e878e7c6c7d65f013667b5ec6b
2026-10-04T03:52:15.8062646Z   QUALIFICATION_RUNNER: ubuntu-latest
2026-10-04T03:52:15.8062917Z   QUALIFICATION_STAGE: all
2026-10-04T03:52:15.8063167Z   QUALIFICATION_CAPTURE_ONLY: true
2026-10-04T03:52:15.8063436Z   SHARPFORGE_BROWSER_ENGINE: chromium
2026-10-04T03:52:15.8063977Z   SHARPFORGE_EDITOR_BASELINE: 
2026-10-04T03:52:15.8064278Z   SHARPFORGE_WORKBENCH_BASELINE: 
2026-10-04T03:52:15.8064522Z ##[endgroup]
2026-10-04T03:52:15.9243324Z ##[group]Installed versions
2026-10-04T03:52:15.9314066Z Successfully set up CPython (3.12.14)
2026-10-04T03:52:15.9314866Z ##[endgroup]
2026-10-04T03:52:15.9415586Z ##[group]Run npm ci --ignore-scripts --no-audit --no-fund
2026-10-04T03:52:15.9416061Z [36;1mnpm ci --ignore-scripts --no-audit --no-fund[0m
2026-10-04T03:52:15.9491319Z shell: /usr/bin/bash -e {0}
2026-10-04T03:52:15.9491619Z env:
2026-10-04T03:52:15.9491913Z   SHARPFORGE_RESULTS_DIR: artifacts/results/project16
2026-10-04T03:52:15.9492341Z   QUALIFICATION_TRIGGER_EVENT: create
2026-10-04T03:52:15.9492926Z   QUALIFICATION_TRIGGER_REF: refs/heads/codex/project16/qualify-ubuntu-chromium-all-20261004-a4
2026-10-04T03:52:15.9493536Z   QUALIFICATION_TRIGGER_NONCE: 20261004-a4
2026-10-04T03:52:15.9494249Z   QUALIFICATION_SOURCE_SHA: 8d1be9cffa04b0fd7390e5cb6fe5f6c03b997557
2026-10-04T03:52:15.9494822Z   QUALIFICATION_SOURCE_TREE: dc9d4e337b91c6e878e7c6c7d65f013667b5ec6b
2026-10-04T03:52:15.9495287Z   QUALIFICATION_RUNNER: ubuntu-latest
2026-10-04T03:52:15.9495603Z   QUALIFICATION_STAGE: all
2026-10-04T03:52:15.9495900Z   QUALIFICATION_CAPTURE_ONLY: true
2026-10-04T03:52:15.9496247Z   SHARPFORGE_BROWSER_ENGINE: chromium
2026-10-04T03:52:15.9496571Z   SHARPFORGE_EDITOR_BASELINE: 
2026-10-04T03:52:15.9496871Z   SHARPFORGE_WORKBENCH_BASELINE: 
2026-10-04T03:52:15.9497246Z   pythonLocation: /opt/hostedtoolcache/Python/3.12.14/x64
2026-10-04T03:52:15.9497770Z   PKG_CONFIG_PATH: /opt/hostedtoolcache/Python/3.12.14/x64/lib/pkgconfig
2026-10-04T03:52:15.9498299Z   Python_ROOT_DIR: /opt/hostedtoolcache/Python/3.12.14/x64
2026-10-04T03:52:15.9498763Z   Python2_ROOT_DIR: /opt/hostedtoolcache/Python/3.12.14/x64
2026-10-04T03:52:15.9499229Z   Python3_ROOT_DIR: /opt/hostedtoolcache/Python/3.12.14/x64
2026-10-04T03:52:15.9499699Z   LD_LIBRARY_PATH: /opt/hostedtoolcache/Python/3.12.14/x64/lib
2026-10-04T03:52:15.9500102Z ##[endgroup]
2026-10-04T03:52:16.7284675Z 
2026-10-04T03:52:16.7285502Z added 28 packages in 713ms
2026-10-04T03:52:16.7700861Z ##[group]Run npm run check
2026-10-04T03:52:16.7701172Z [36;1mnpm run check[0m
2026-10-04T03:52:16.7701405Z [36;1mnpm run build[0m
2026-10-04T03:52:16.7701650Z [36;1mnode scripts/standalone.js[0m
2026-10-04T03:52:16.7767919Z shell: /usr/bin/bash --noprofile --norc -e -o pipefail {0}
2026-10-04T03:52:16.7768330Z env:
2026-10-04T03:52:16.7768624Z   SHARPFORGE_RESULTS_DIR: artifacts/results/project16
2026-10-04T03:52:16.7769021Z   QUALIFICATION_TRIGGER_EVENT: create
2026-10-04T03:52:16.7769835Z   QUALIFICATION_TRIGGER_REF: refs/heads/codex/project16/qualify-ubuntu-chromium-all-20261004-a4
2026-10-04T03:52:16.7770456Z   QUALIFICATION_TRIGGER_NONCE: 20261004-a4
2026-10-04T03:52:16.7770920Z   QUALIFICATION_SOURCE_SHA: 8d1be9cffa04b0fd7390e5cb6fe5f6c03b997557
2026-10-04T03:52:16.7771485Z   QUALIFICATION_SOURCE_TREE: dc9d4e337b91c6e878e7c6c7d65f013667b5ec6b
2026-10-04T03:52:16.7771941Z   QUALIFICATION_RUNNER: ubuntu-latest
2026-10-04T03:52:16.7772260Z   QUALIFICATION_STAGE: all
2026-10-04T03:52:16.7772596Z   QUALIFICATION_CAPTURE_ONLY: true
2026-10-04T03:52:16.7772933Z   SHARPFORGE_BROWSER_ENGINE: chromium
2026-10-04T03:52:16.7773259Z   SHARPFORGE_EDITOR_BASELINE: 
2026-10-04T03:52:16.7773563Z   SHARPFORGE_WORKBENCH_BASELINE: 
2026-10-04T03:52:16.7774249Z   pythonLocation: /opt/hostedtoolcache/Python/3.12.14/x64
2026-10-04T03:52:16.7774770Z   PKG_CONFIG_PATH: /opt/hostedtoolcache/Python/3.12.14/x64/lib/pkgconfig
2026-10-04T03:52:16.7775286Z   Python_ROOT_DIR: /opt/hostedtoolcache/Python/3.12.14/x64
2026-10-04T03:52:16.7775760Z   Python2_ROOT_DIR: /opt/hostedtoolcache/Python/3.12.14/x64
2026-10-04T03:52:16.7776227Z   Python3_ROOT_DIR: /opt/hostedtoolcache/Python/3.12.14/x64
2026-10-04T03:52:16.7776699Z   LD_LIBRARY_PATH: /opt/hostedtoolcache/Python/3.12.14/x64/lib
2026-10-04T03:52:16.7777090Z ##[endgroup]
2026-10-04T03:52:16.8884418Z 
2026-10-04T03:52:16.8885006Z > sharpforge@0.14.0 check
2026-10-04T03:52:16.8885491Z > node scripts/run.js check
2026-10-04T03:52:16.8885739Z 
2026-10-04T03:52:17.2018536Z {
2026-10-04T03:52:17.2019040Z   "areas": 30,
2026-10-04T03:52:17.2019488Z   "nodeFiles": 814,
2026-10-04T03:52:17.2019934Z   "browserScripts": 36,
2026-10-04T03:52:17.2020420Z   "unassigned": 0,
2026-10-04T03:52:17.2020848Z   "duplicate": 0
2026-10-04T03:52:17.2021217Z }
2026-10-04T03:52:18.7160436Z Checked 3171 JavaScript modules; 0 syntax errors.
2026-10-04T03:52:21.5590199Z {
2026-10-04T03:52:21.5590699Z   "passed": true,
2026-10-04T03:52:21.5591160Z   "inspected": 3167,
2026-10-04T03:52:21.5591826Z   "modules": 3167,
2026-10-04T03:52:21.5592254Z   "errors": []
2026-10-04T03:52:21.5592698Z }
2026-10-04T03:52:21.6784700Z 
2026-10-04T03:52:21.6785363Z > sharpforge@0.14.0 build
2026-10-04T03:52:21.6785997Z > node scripts/run.js build
2026-10-04T03:52:21.6786319Z 
2026-10-04T03:52:28.6243971Z Built dependency-free browser application in dist/
2026-10-04T03:52:30.3969932Z Built /home/runner/work/SharpForge/SharpForge/artifacts/SharpForge-standalone.html (15,579,080 bytes; 5 embedded worker graphs)
2026-10-04T03:52:30.4210170Z ##[group]Run python -m pip install --require-hashes --only-binary=:all: -r tests/requirements.txt
2026-10-04T03:52:30.4210953Z [36;1mpython -m pip install --require-hashes --only-binary=:all: -r tests/requirements.txt[0m
2026-10-04T03:52:30.4273638Z shell: /usr/bin/bash -e {0}
2026-10-04T03:52:30.4274182Z env:
2026-10-04T03:52:30.4274456Z   SHARPFORGE_RESULTS_DIR: artifacts/results/project16
2026-10-04T03:52:30.4274812Z   QUALIFICATION_TRIGGER_EVENT: create
2026-10-04T03:52:30.4275339Z   QUALIFICATION_TRIGGER_REF: refs/heads/codex/project16/qualify-ubuntu-chromium-all-20261004-a4
2026-10-04T03:52:30.4275869Z   QUALIFICATION_TRIGGER_NONCE: 20261004-a4
2026-10-04T03:52:30.4276268Z   QUALIFICATION_SOURCE_SHA: 8d1be9cffa04b0fd7390e5cb6fe5f6c03b997557
2026-10-04T03:52:30.4276772Z   QUALIFICATION_SOURCE_TREE: dc9d4e337b91c6e878e7c6c7d65f013667b5ec6b
2026-10-04T03:52:30.4277172Z   QUALIFICATION_RUNNER: ubuntu-latest
2026-10-04T03:52:30.4277455Z   QUALIFICATION_STAGE: all
2026-10-04T03:52:30.4277763Z   QUALIFICATION_CAPTURE_ONLY: true
2026-10-04T03:52:30.4278049Z   SHARPFORGE_BROWSER_ENGINE: chromium
2026-10-04T03:52:30.4278333Z   SHARPFORGE_EDITOR_BASELINE: 
2026-10-04T03:52:30.4278605Z   SHARPFORGE_WORKBENCH_BASELINE: 
2026-10-04T03:52:30.4278950Z   pythonLocation: /opt/hostedtoolcache/Python/3.12.14/x64
2026-10-04T03:52:30.4279413Z   PKG_CONFIG_PATH: /opt/hostedtoolcache/Python/3.12.14/x64/lib/pkgconfig
2026-10-04T03:52:30.4279864Z   Python_ROOT_DIR: /opt/hostedtoolcache/Python/3.12.14/x64
2026-10-04T03:52:30.4280495Z   Python2_ROOT_DIR: /opt/hostedtoolcache/Python/3.12.14/x64
2026-10-04T03:52:30.4280917Z   Python3_ROOT_DIR: /opt/hostedtoolcache/Python/3.12.14/x64
2026-10-04T03:52:30.4281333Z   LD_LIBRARY_PATH: /opt/hostedtoolcache/Python/3.12.14/x64/lib
2026-10-04T03:52:30.4281681Z ##[endgroup]
2026-10-04T03:52:31.7895471Z Collecting attrs==26.1.0 (from -r tests/requirements.txt (line 3))
2026-10-04T03:52:31.8609300Z   Downloading attrs-26.1.0-py3-none-any.whl (67 kB)
2026-10-04T03:52:32.0933320Z Collecting greenlet==3.5.6 (from -r tests/requirements.txt (line 5))
2026-10-04T03:52:32.1046793Z   Downloading greenlet-3.5.6-cp312-cp312-manylinux_2_24_x86_64.manylinux_2_28_x86_64.whl (621 kB)
2026-10-04T03:52:32.1688598Z      ━━━━━━━━━━━━━━━━━━━━━━━━━━━━━━━━━━━━━━━━ 621.4/621.4 kB 10.5 MB/s  0:00:00
2026-10-04T03:52:32.2015359Z Collecting jsonschema==4.26.0 (from -r tests/requirements.txt (line 84))
2026-10-04T03:52:32.2121545Z   Downloading jsonschema-4.26.0-py3-none-any.whl (90 kB)
2026-10-04T03:52:32.2466107Z Collecting jsonschema-specifications==2025.9.1 (from -r tests/requirements.txt (line 86))
2026-10-04T03:52:32.2569394Z   Downloading jsonschema_specifications-2025.9.1-py3-none-any.whl (18 kB)
2026-10-04T03:52:32.3069286Z Collecting playwright==1.63.0 (from -r tests/requirements.txt (line 88))
2026-10-04T03:52:32.3178293Z   Downloading playwright-1.63.0-py3-none-manylinux1_x86_64.whl (48.2 MB)
2026-10-04T03:52:32.9023230Z      ━━━━━━━━━━━━━━━━━━━━━━━━━━━━━━━━━━━━━━━━ 48.2/48.2 MB 85.1 MB/s  0:00:00
2026-10-04T03:52:32.9640502Z Collecting pyee==13.0.1 (from -r tests/requirements.txt (line 97))
2026-10-04T03:52:32.9744221Z   Downloading pyee-13.0.1-py3-none-any.whl (15 kB)
2026-10-04T03:52:33.0255199Z Collecting PyYAML==6.0.3 (from -r tests/requirements.txt (line 99))
2026-10-04T03:52:33.0359808Z   Downloading pyyaml-6.0.3-cp312-cp312-manylinux2014_x86_64.manylinux_2_17_x86_64.manylinux_2_28_x86_64.whl (807 kB)
2026-10-04T03:52:33.0421563Z      ━━━━━━━━━━━━━━━━━━━━━━━━━━━━━━━━━━━━━━━━ 807.9/807.9 kB 146.7 MB/s  0:00:00
2026-10-04T03:52:33.0734477Z Collecting referencing==0.37.0 (from -r tests/requirements.txt (line 172))
2026-10-04T03:52:33.0835904Z   Downloading referencing-0.37.0-py3-none-any.whl (26 kB)
2026-10-04T03:52:33.3601448Z Collecting rpds-py==2026.6.3 (from -r tests/requirements.txt (line 174))
2026-10-04T03:52:33.3709510Z   Downloading rpds_py-2026.6.3-cp312-cp312-manylinux_2_17_x86_64.manylinux2014_x86_64.whl (366 kB)
2026-10-04T03:52:33.4025019Z Collecting typing_extensions==4.16.0 (from -r tests/requirements.txt (line 290))
2026-10-04T03:52:33.4130614Z   Downloading typing_extensions-4.16.0-py3-none-any.whl (45 kB)
2026-10-04T03:52:33.4709443Z Installing collected packages: typing_extensions, rpds-py, PyYAML, greenlet, attrs, referencing, pyee, playwright, jsonschema-specifications, jsonschema
2026-10-04T03:52:34.5712216Z 
2026-10-04T03:52:34.5729027Z Successfully installed PyYAML-6.0.3 attrs-26.1.0 greenlet-3.5.6 jsonschema-4.26.0 jsonschema-specifications-2025.9.1 playwright-1.63.0 pyee-13.0.1 referencing-0.37.0 rpds-py-2026.6.3 typing_extensions-4.16.0
2026-10-04T03:52:34.6341690Z ##[group]Run python -m playwright install --with-deps "$SHARPFORGE_BROWSER_ENGINE"
2026-10-04T03:52:34.6342875Z [36;1mpython -m playwright install --with-deps "$SHARPFORGE_BROWSER_ENGINE"[0m
2026-10-04T03:52:34.6431161Z shell: /usr/bin/bash --noprofile --norc -e -o pipefail {0}
2026-10-04T03:52:34.6431529Z env:
2026-10-04T03:52:34.6431788Z   SHARPFORGE_RESULTS_DIR: artifacts/results/project16
2026-10-04T03:52:34.6432135Z   QUALIFICATION_TRIGGER_EVENT: create
2026-10-04T03:52:34.6432614Z   QUALIFICATION_TRIGGER_REF: refs/heads/codex/project16/qualify-ubuntu-chromium-all-20261004-a4
2026-10-04T03:52:34.6433106Z   QUALIFICATION_TRIGGER_NONCE: 20261004-a4
2026-10-04T03:52:34.6433481Z   QUALIFICATION_SOURCE_SHA: 8d1be9cffa04b0fd7390e5cb6fe5f6c03b997557
2026-10-04T03:52:34.6434176Z   QUALIFICATION_SOURCE_TREE: dc9d4e337b91c6e878e7c6c7d65f013667b5ec6b
2026-10-04T03:52:34.6434764Z   QUALIFICATION_RUNNER: ubuntu-latest
2026-10-04T03:52:34.6435033Z   QUALIFICATION_STAGE: all
2026-10-04T03:52:34.6435325Z   QUALIFICATION_CAPTURE_ONLY: true
2026-10-04T03:52:34.6435594Z   SHARPFORGE_BROWSER_ENGINE: chromium
2026-10-04T03:52:34.6435860Z   SHARPFORGE_EDITOR_BASELINE: 
2026-10-04T03:52:34.6436114Z   SHARPFORGE_WORKBENCH_BASELINE: 
2026-10-04T03:52:34.6436435Z   pythonLocation: /opt/hostedtoolcache/Python/3.12.14/x64
2026-10-04T03:52:34.6436870Z   PKG_CONFIG_PATH: /opt/hostedtoolcache/Python/3.12.14/x64/lib/pkgconfig
2026-10-04T03:52:34.6437295Z   Python_ROOT_DIR: /opt/hostedtoolcache/Python/3.12.14/x64
2026-10-04T03:52:34.6437686Z   Python2_ROOT_DIR: /opt/hostedtoolcache/Python/3.12.14/x64
2026-10-04T03:52:34.6438073Z   Python3_ROOT_DIR: /opt/hostedtoolcache/Python/3.12.14/x64
2026-10-04T03:52:34.6438462Z   LD_LIBRARY_PATH: /opt/hostedtoolcache/Python/3.12.14/x64/lib
2026-10-04T03:52:34.6438793Z ##[endgroup]
2026-10-04T03:52:35.0013188Z Installing dependencies...
2026-10-04T03:52:35.0081210Z Switching to root user to install dependencies...
2026-10-04T03:52:35.1375899Z Get:1 file:/etc/apt/apt-mirrors.txt Mirrorlist [144 B]
2026-10-04T03:52:35.1546330Z Get:6 https://packages.microsoft.com/ubuntu/24.04/prod noble InRelease [3600 B]
2026-10-04T03:52:35.1915508Z Hit:2 http://azure.archive.ubuntu.com/ubuntu noble InRelease
2026-10-04T03:52:35.1929635Z Get:3 http://azure.archive.ubuntu.com/ubuntu noble-updates InRelease [126 kB]
2026-10-04T03:52:35.1969244Z Get:4 http://azure.archive.ubuntu.com/ubuntu noble-backports InRelease [126 kB]
2026-10-04T03:52:35.2036852Z Get:5 http://azure.archive.ubuntu.com/ubuntu noble-security InRelease [126 kB]
2026-10-04T03:52:35.2950869Z Get:7 https://packages.microsoft.com/ubuntu/24.04/prod noble/main amd64 Packages [511 kB]
2026-10-04T03:52:35.3127800Z Get:8 https://packages.microsoft.com/ubuntu/24.04/prod noble/main arm64 Packages [458 kB]
2026-10-04T03:52:35.3179051Z Get:9 https://packages.microsoft.com/ubuntu/24.04/prod noble/main armhf Packages [12.6 kB]
2026-10-04T03:52:35.4184044Z Get:10 http://azure.archive.ubuntu.com/ubuntu noble-updates/main amd64 Packages [1364 kB]
2026-10-04T03:52:35.4257535Z Get:11 http://azure.archive.ubuntu.com/ubuntu noble-updates/main Translation-en [304 kB]
2026-10-04T03:52:35.4279016Z Get:12 http://azure.archive.ubuntu.com/ubuntu noble-updates/main amd64 Components [181 kB]
2026-10-04T03:52:35.4294261Z Get:13 http://azure.archive.ubuntu.com/ubuntu noble-updates/universe amd64 Packages [1699 kB]
2026-10-04T03:52:35.4389889Z Get:14 http://azure.archive.ubuntu.com/ubuntu noble-updates/universe Translation-en [341 kB]
2026-10-04T03:52:35.4415099Z Get:15 http://azure.archive.ubuntu.com/ubuntu noble-updates/universe amd64 Components [388 kB]
2026-10-04T03:52:35.4447785Z Get:16 http://azure.archive.ubuntu.com/ubuntu noble-updates/restricted amd64 Packages [1720 kB]
2026-10-04T03:52:35.4533293Z Get:17 http://azure.archive.ubuntu.com/ubuntu noble-updates/restricted Translation-en [394 kB]
2026-10-04T03:52:35.4559595Z Get:18 http://azure.archive.ubuntu.com/ubuntu noble-updates/multiverse amd64 Components [940 B]
2026-10-04T03:52:35.4743078Z Get:19 http://azure.archive.ubuntu.com/ubuntu noble-backports/main amd64 Components [5736 B]
2026-10-04T03:52:35.5189506Z Get:20 http://azure.archive.ubuntu.com/ubuntu noble-backports/universe amd64 Components [12.6 kB]
2026-10-04T03:52:35.5283288Z Get:21 http://azure.archive.ubuntu.com/ubuntu noble-security/main amd64 Packages [1069 kB]
2026-10-04T03:52:35.5336143Z Get:22 http://azure.archive.ubuntu.com/ubuntu noble-security/main Translation-en [221 kB]
2026-10-04T03:52:35.5349730Z Get:23 http://azure.archive.ubuntu.com/ubuntu noble-security/main amd64 Components [46.5 kB]
2026-10-04T03:52:35.5356944Z Get:24 http://azure.archive.ubuntu.com/ubuntu noble-security/universe amd64 Packages [1216 kB]
2026-10-04T03:52:35.5411945Z Get:25 http://azure.archive.ubuntu.com/ubuntu noble-security/universe Translation-en [244 kB]
2026-10-04T03:52:35.5427217Z Get:26 http://azure.archive.ubuntu.com/ubuntu noble-security/universe amd64 Components [76.3 kB]
2026-10-04T03:52:35.5435653Z Get:27 http://azure.archive.ubuntu.com/ubuntu noble-security/restricted amd64 Packages [1566 kB]
2026-10-04T03:52:35.5503145Z Get:28 http://azure.archive.ubuntu.com/ubuntu noble-security/restricted Translation-en [361 kB]
2026-10-04T03:52:42.5821593Z Fetched 12.6 MB in 1s (8749 kB/s)
2026-10-04T03:52:43.4280197Z Reading package lists...
2026-10-04T03:52:43.4526249Z Reading package lists...
2026-10-04T03:52:43.6746399Z Building dependency tree...
2026-10-04T03:52:43.6753816Z Reading state information...
2026-10-04T03:52:43.8239511Z libasound2t64 is already the newest version (1.2.11-1ubuntu0.3).
2026-10-04T03:52:43.8240419Z libasound2t64 set to manually installed.
2026-10-04T03:52:43.8241380Z libatk-bridge2.0-0t64 is already the newest version (2.52.0-1build1).
2026-10-04T03:52:43.8242224Z libatk-bridge2.0-0t64 set to manually installed.
2026-10-04T03:52:43.8243019Z libatk1.0-0t64 is already the newest version (2.52.0-1build1).
2026-10-04T03:52:43.8244063Z libatk1.0-0t64 set to manually installed.
2026-10-04T03:52:43.8244929Z libatspi2.0-0t64 is already the newest version (2.52.0-1build1).
2026-10-04T03:52:43.8245777Z libatspi2.0-0t64 set to manually installed.
2026-10-04T03:52:43.8246496Z libcairo2 is already the newest version (1.18.0-3build1).
2026-10-04T03:52:43.8247191Z libcairo2 set to manually installed.
2026-10-04T03:52:43.8247931Z libcups2t64 is already the newest version (2.4.7-1.2ubuntu7.14).
2026-10-04T03:52:43.8248747Z libcups2t64 set to manually installed.
2026-10-04T03:52:43.8249600Z libdbus-1-3 is already the newest version (1.14.10-4ubuntu4.1).
2026-10-04T03:52:43.8250354Z libdbus-1-3 set to manually installed.
2026-10-04T03:52:43.8251158Z libdrm2 is already the newest version (2.4.125-1ubuntu0.1~24.04.2).
2026-10-04T03:52:43.8251877Z libdrm2 set to manually installed.
2026-10-04T03:52:43.8252617Z libglib2.0-0t64 is already the newest version (2.80.0-6ubuntu3.9).
2026-10-04T03:52:43.8253353Z libglib2.0-0t64 set to manually installed.
2026-10-04T03:52:43.8254265Z libnspr4 is already the newest version (2:4.35-1.1build1).
2026-10-04T03:52:43.8254669Z libnspr4 set to manually installed.
2026-10-04T03:52:43.8255059Z libnss3 is already the newest version (2:3.98-1ubuntu0.2).
2026-10-04T03:52:43.8255433Z libnss3 set to manually installed.
2026-10-04T03:52:43.8255838Z libpango-1.0-0 is already the newest version (1.52.1+ds-1build1).
2026-10-04T03:52:43.8256253Z libpango-1.0-0 set to manually installed.
2026-10-04T03:52:43.8256659Z libx11-6 is already the newest version (2:1.8.7-1build1).
2026-10-04T03:52:43.8257025Z libx11-6 set to manually installed.
2026-10-04T03:52:43.8257540Z libxcb1 is already the newest version (1.15-1ubuntu2).
2026-10-04T03:52:43.8258062Z libxcb1 set to manually installed.
2026-10-04T03:52:43.8258476Z libxcomposite1 is already the newest version (1:0.4.5-1build3).
2026-10-04T03:52:43.8258909Z libxcomposite1 set to manually installed.
2026-10-04T03:52:43.8259347Z libxdamage1 is already the newest version (1:1.1.6-1build1).
2026-10-04T03:52:43.8259972Z libxdamage1 set to manually installed.
2026-10-04T03:52:43.8260710Z libxext6 is already the newest version (2:1.3.4-1build2).
2026-10-04T03:52:43.8261095Z libxext6 set to manually installed.
2026-10-04T03:52:43.8261487Z libxfixes3 is already the newest version (1:6.0.0-2build1).
2026-10-04T03:52:43.8261880Z libxfixes3 set to manually installed.
2026-10-04T03:52:43.8262285Z libxkbcommon0 is already the newest version (1.6.0-1build1).
2026-10-04T03:52:43.8262684Z libxkbcommon0 set to manually installed.
2026-10-04T03:52:43.8263090Z libxrandr2 is already the newest version (2:1.5.2-2build1).
2026-10-04T03:52:43.8263479Z libxrandr2 set to manually installed.
2026-10-04T03:52:43.8264143Z xvfb is already the newest version (2:21.1.12-1ubuntu1.8).
2026-10-04T03:52:43.8264704Z fonts-noto-color-emoji is already the newest version (2.047-0ubuntu0.24.04.1).
2026-10-04T03:52:43.8265269Z libfontconfig1 is already the newest version (2.15.0-1.1ubuntu2).
2026-10-04T03:52:43.8265692Z libfontconfig1 set to manually installed.
2026-10-04T03:52:43.8266332Z libfreetype6 is already the newest version (2.13.2+dfsg-1ubuntu0.1).
2026-10-04T03:52:43.8266761Z libfreetype6 set to manually installed.
2026-10-04T03:52:43.8267182Z fonts-liberation is already the newest version (1:2.1.5-3).
2026-10-04T03:52:43.8267605Z fonts-liberation set to manually installed.
2026-10-04T03:52:43.8268006Z The following additional packages will be installed:
2026-10-04T03:52:43.8268524Z   libgl1-mesa-dri libglx-mesa0 mesa-libgallium xfonts-encodings xfonts-utils
2026-10-04T03:52:43.8268956Z Recommended packages:
2026-10-04T03:52:43.8269234Z   fonts-ipafont-mincho fonts-tlwg-loma
2026-10-04T03:52:43.8624726Z The following NEW packages will be installed:
2026-10-04T03:52:43.8625848Z   fonts-freefont-ttf fonts-ipafont-gothic fonts-tlwg-loma-otf fonts-unifont
2026-10-04T03:52:43.8633239Z   fonts-wqy-zenhei xfonts-cyrillic xfonts-encodings xfonts-scalable
2026-10-04T03:52:43.8634472Z   xfonts-utils
2026-10-04T03:52:43.8639203Z The following packages will be upgraded:
2026-10-04T03:52:43.8644199Z   libgbm1 libgl1-mesa-dri libglx-mesa0 mesa-libgallium
2026-10-04T03:52:43.8828141Z 4 upgraded, 9 newly installed, 0 to remove and 21 not upgraded.
2026-10-04T03:52:43.8829031Z Need to get 32.1 MB of archives.
2026-10-04T03:52:43.8829858Z After this operation, 79.5 MB of additional disk space will be used.
2026-10-04T03:52:43.8830863Z Get:1 file:/etc/apt/apt-mirrors.txt Mirrorlist [144 B]
2026-10-04T03:52:43.9682755Z Get:2 http://azure.archive.ubuntu.com/ubuntu noble/universe amd64 fonts-ipafont-gothic all 00303-21ubuntu1 [3513 kB]
2026-10-04T03:52:44.1083602Z Get:3 http://azure.archive.ubuntu.com/ubuntu noble/main amd64 fonts-freefont-ttf all 20211204+svn4273-2 [5641 kB]
2026-10-04T03:52:44.3012999Z Get:4 http://azure.archive.ubuntu.com/ubuntu noble/universe amd64 fonts-tlwg-loma-otf all 1:0.7.3-1 [107 kB]
2026-10-04T03:52:44.3714603Z Get:5 http://azure.archive.ubuntu.com/ubuntu noble/universe amd64 fonts-unifont all 1:15.1.01-1build1 [2993 kB]
2026-10-04T03:52:44.5045813Z Get:6 http://azure.archive.ubuntu.com/ubuntu noble/universe amd64 fonts-wqy-zenhei all 0.9.45-8 [7472 kB]
2026-10-04T03:52:44.7361985Z Get:7 http://azure.archive.ubuntu.com/ubuntu noble-updates/main amd64 libgl1-mesa-dri amd64 25.2.8-0ubuntu0.24.04.4 [38.0 kB]
2026-10-04T03:52:44.8052504Z Get:8 http://azure.archive.ubuntu.com/ubuntu noble-updates/main amd64 libglx-mesa0 amd64 25.2.8-0ubuntu0.24.04.4 [110 kB]
2026-10-04T03:52:44.8752584Z Get:9 http://azure.archive.ubuntu.com/ubuntu noble-updates/main amd64 libgbm1 amd64 25.2.8-0ubuntu0.24.04.4 [34.2 kB]
2026-10-04T03:52:44.9445633Z Get:10 http://azure.archive.ubuntu.com/ubuntu noble-updates/main amd64 mesa-libgallium amd64 25.2.8-0ubuntu0.24.04.4 [10.8 MB]
2026-10-04T03:52:45.2499834Z Get:11 http://azure.archive.ubuntu.com/ubuntu noble/main amd64 xfonts-encodings all 1:1.0.5-0ubuntu2 [578 kB]
2026-10-04T03:52:45.3295542Z Get:12 http://azure.archive.ubuntu.com/ubuntu noble/main amd64 xfonts-utils amd64 1:7.7+6build3 [94.4 kB]
2026-10-04T03:52:45.3992910Z Get:13 http://azure.archive.ubuntu.com/ubuntu noble/universe amd64 xfonts-cyrillic all 1:1.0.5+nmu1 [384 kB]
2026-10-04T03:52:45.4745640Z Get:14 http://azure.archive.ubuntu.com/ubuntu noble/main amd64 xfonts-scalable all 1:1.0.3-1.3 [304 kB]
2026-10-04T03:52:45.7531550Z Fetched 32.1 MB in 2s (19.9 MB/s)
2026-10-04T03:52:45.7968862Z Selecting previously unselected package fonts-ipafont-gothic.
2026-10-04T03:52:45.8698032Z (Reading database ... 
2026-10-04T03:52:45.8698441Z (Reading database ... 5%
2026-10-04T03:52:45.8698804Z (Reading database ... 10%
2026-10-04T03:52:45.8699133Z (Reading database ... 15%
2026-10-04T03:52:45.8699449Z (Reading database ... 20%
2026-10-04T03:52:45.8699877Z (Reading database ... 25%
2026-10-04T03:52:45.8700194Z (Reading database ... 30%
2026-10-04T03:52:45.8700510Z (Reading database ... 35%
2026-10-04T03:52:45.8700832Z (Reading database ... 40%
2026-10-04T03:52:45.8701140Z (Reading database ... 45%
2026-10-04T03:52:45.8701776Z (Reading database ... 50%
2026-10-04T03:52:45.9117811Z (Reading database ... 55%
2026-10-04T03:52:46.4369717Z (Reading database ... 60%
2026-10-04T03:52:46.7425319Z (Reading database ... 65%
2026-10-04T03:52:47.0859157Z (Reading database ... 70%
2026-10-04T03:52:47.4375171Z (Reading database ... 75%
2026-10-04T03:52:47.8532152Z (Reading database ... 80%
2026-10-04T03:52:48.6513017Z (Reading database ... 85%
2026-10-04T03:52:49.3480058Z (Reading database ... 90%
2026-10-04T03:52:50.0345912Z (Reading database ... 95%
2026-10-04T03:52:50.0346810Z (Reading database ... 100%
2026-10-04T03:52:50.0348163Z (Reading database ... 202296 files and directories currently installed.)
2026-10-04T03:52:50.0395354Z Preparing to unpack .../00-fonts-ipafont-gothic_00303-21ubuntu1_all.deb ...
2026-10-04T03:52:50.0515042Z Unpacking fonts-ipafont-gothic (00303-21ubuntu1) ...
2026-10-04T03:52:50.2789910Z Selecting previously unselected package fonts-freefont-ttf.
2026-10-04T03:52:50.2920623Z Preparing to unpack .../01-fonts-freefont-ttf_20211204+svn4273-2_all.deb ...
2026-10-04T03:52:50.2928896Z Unpacking fonts-freefont-ttf (20211204+svn4273-2) ...
2026-10-04T03:52:50.3739529Z Selecting previously unselected package fonts-tlwg-loma-otf.
2026-10-04T03:52:50.3869366Z Preparing to unpack .../02-fonts-tlwg-loma-otf_1%3a0.7.3-1_all.deb ...
2026-10-04T03:52:50.3877003Z Unpacking fonts-tlwg-loma-otf (1:0.7.3-1) ...
2026-10-04T03:52:50.4155369Z Selecting previously unselected package fonts-unifont.
2026-10-04T03:52:50.4289616Z Preparing to unpack .../03-fonts-unifont_1%3a15.1.01-1build1_all.deb ...
2026-10-04T03:52:50.4297290Z Unpacking fonts-unifont (1:15.1.01-1build1) ...
2026-10-04T03:52:50.5426429Z Selecting previously unselected package fonts-wqy-zenhei.
2026-10-04T03:52:50.5561392Z Preparing to unpack .../04-fonts-wqy-zenhei_0.9.45-8_all.deb ...
2026-10-04T03:52:50.5669594Z Unpacking fonts-wqy-zenhei (0.9.45-8) ...
2026-10-04T03:52:51.0595660Z Preparing to unpack .../05-libgl1-mesa-dri_25.2.8-0ubuntu0.24.04.4_amd64.deb ...
2026-10-04T03:52:51.0740277Z Unpacking libgl1-mesa-dri:amd64 (25.2.8-0ubuntu0.24.04.4) over (25.2.8-0ubuntu0.24.04.2) ...
2026-10-04T03:52:51.1355075Z Preparing to unpack .../06-libglx-mesa0_25.2.8-0ubuntu0.24.04.4_amd64.deb ...
2026-10-04T03:52:51.1386736Z Unpacking libglx-mesa0:amd64 (25.2.8-0ubuntu0.24.04.4) over (25.2.8-0ubuntu0.24.04.2) ...
2026-10-04T03:52:51.1812952Z Preparing to unpack .../07-libgbm1_25.2.8-0ubuntu0.24.04.4_amd64.deb ...
2026-10-04T03:52:51.1883116Z Unpacking libgbm1:amd64 (25.2.8-0ubuntu0.24.04.4) over (25.2.8-0ubuntu0.24.04.2) ...
2026-10-04T03:52:51.2312876Z Preparing to unpack .../08-mesa-libgallium_25.2.8-0ubuntu0.24.04.4_amd64.deb ...
2026-10-04T03:52:51.2337942Z Unpacking mesa-libgallium:amd64 (25.2.8-0ubuntu0.24.04.4) over (25.2.8-0ubuntu0.24.04.2) ...
2026-10-04T03:52:51.4110441Z Selecting previously unselected package xfonts-encodings.
2026-10-04T03:52:51.4240625Z Preparing to unpack .../09-xfonts-encodings_1%3a1.0.5-0ubuntu2_all.deb ...
2026-10-04T03:52:51.4270911Z Unpacking xfonts-encodings (1:1.0.5-0ubuntu2) ...
2026-10-04T03:52:51.4589332Z Selecting previously unselected package xfonts-utils.
2026-10-04T03:52:51.4719331Z Preparing to unpack .../10-xfonts-utils_1%3a7.7+6build3_amd64.deb ...
2026-10-04T03:52:51.4726788Z Unpacking xfonts-utils (1:7.7+6build3) ...
2026-10-04T03:52:51.5399861Z Selecting previously unselected package xfonts-cyrillic.
2026-10-04T03:52:51.5528695Z Preparing to unpack .../11-xfonts-cyrillic_1%3a1.0.5+nmu1_all.deb ...
2026-10-04T03:52:51.5536477Z Unpacking xfonts-cyrillic (1:1.0.5+nmu1) ...
2026-10-04T03:52:51.5941795Z Selecting previously unselected package xfonts-scalable.
2026-10-04T03:52:51.6071609Z Preparing to unpack .../12-xfonts-scalable_1%3a1.0.3-1.3_all.deb ...
2026-10-04T03:52:51.6079142Z Unpacking xfonts-scalable (1:1.0.3-1.3) ...
2026-10-04T03:52:51.6526101Z Setting up mesa-libgallium:amd64 (25.2.8-0ubuntu0.24.04.4) ...
2026-10-04T03:52:51.6546740Z Setting up libgbm1:amd64 (25.2.8-0ubuntu0.24.04.4) ...
2026-10-04T03:52:51.6566181Z Setting up libgl1-mesa-dri:amd64 (25.2.8-0ubuntu0.24.04.4) ...
2026-10-04T03:52:51.6637631Z Setting up fonts-wqy-zenhei (0.9.45-8) ...
2026-10-04T03:52:51.6749309Z Setting up fonts-freefont-ttf (20211204+svn4273-2) ...
2026-10-04T03:52:51.6768556Z Setting up fonts-tlwg-loma-otf (1:0.7.3-1) ...
2026-10-04T03:52:51.6825029Z Setting up xfonts-encodings (1:1.0.5-0ubuntu2) ...
2026-10-04T03:52:51.6842401Z Setting up fonts-ipafont-gothic (00303-21ubuntu1) ...
2026-10-04T03:52:51.6909676Z update-alternatives: using /usr/share/fonts/opentype/ipafont-gothic/ipag.ttf to provide /usr/share/fonts/truetype/fonts-japanese-gothic.ttf (fonts-japanese-gothic.ttf) in auto mode
2026-10-04T03:52:51.6924695Z Setting up fonts-unifont (1:15.1.01-1build1) ...
2026-10-04T03:52:51.6949349Z Setting up libglx-mesa0:amd64 (25.2.8-0ubuntu0.24.04.4) ...
2026-10-04T03:52:51.6967357Z Setting up xfonts-utils (1:7.7+6build3) ...
2026-10-04T03:52:51.7006635Z Setting up xfonts-cyrillic (1:1.0.5+nmu1) ...
2026-10-04T03:52:51.7349589Z Setting up xfonts-scalable (1:1.0.3-1.3) ...
2026-10-04T03:52:51.7666054Z Processing triggers for libc-bin (2.39-0ubuntu8.9) ...
2026-10-04T03:52:51.8210058Z Processing triggers for man-db (2.12.0-4build2) ...
2026-10-04T03:52:51.8232681Z Not building database; man-db/auto-update is not 'true'.
2026-10-04T03:52:51.8247664Z Processing triggers for fontconfig (2.15.0-1.1ubuntu2) ...
2026-10-04T03:52:53.1846740Z 
2026-10-04T03:52:53.1847595Z Running kernel seems to be up-to-date.
2026-10-04T03:52:53.1848045Z 
2026-10-04T03:52:53.1848327Z No services need to be restarted.
2026-10-04T03:52:53.1848642Z 
2026-10-04T03:52:53.1848905Z No containers need to be restarted.
2026-10-04T03:52:53.1849228Z 
2026-10-04T03:52:53.1849548Z No user sessions are running outdated binaries.
2026-10-04T03:52:53.1849917Z 
2026-10-04T03:52:53.1850411Z No VM guests are running outdated hypervisor (qemu) binaries on this host.
2026-10-04T03:52:54.1564291Z Downloading Chrome for Testing 153.0.8010.12 (playwright chromium v1243) from https://cdn.playwright.dev/builds/cft/153.0.8010.12/linux64/chrome-linux64.zip
2026-10-04T03:52:54.5759615Z |                                                                                |   0% of 186.8 MiB
2026-10-04T03:52:54.8225554Z |■■■■■■■■                                                                        |  10% of 186.8 MiB
2026-10-04T03:52:54.9477461Z |■■■■■■■■■■■■■■■■                                                                |  20% of 186.8 MiB
2026-10-04T03:52:55.0687267Z |■■■■■■■■■■■■■■■■■■■■■■■■                                                        |  30% of 186.8 MiB
2026-10-04T03:52:55.1771647Z |■■■■■■■■■■■■■■■■■■■■■■■■■■■■■■■■                                                |  40% of 186.8 MiB
2026-10-04T03:52:55.3058161Z |■■■■■■■■■■■■■■■■■■■■■■■■■■■■■■■■■■■■■■■■                                        |  50% of 186.8 MiB
2026-10-04T03:52:55.4240744Z |■■■■■■■■■■■■■■■■■■■■■■■■■■■■■■■■■■■■■■■■■■■■■■■■                                |  60% of 186.8 MiB
2026-10-04T03:52:55.5944136Z |■■■■■■■■■■■■■■■■■■■■■■■■■■■■■■■■■■■■■■■■■■■■■■■■■■■■■■■■                        |  70% of 186.8 MiB
2026-10-04T03:52:55.7114406Z |■■■■■■■■■■■■■■■■■■■■■■■■■■■■■■■■■■■■■■■■■■■■■■■■■■■■■■■■■■■■■■■■                |  80% of 186.8 MiB
2026-10-04T03:52:55.8447658Z |■■■■■■■■■■■■■■■■■■■■■■■■■■■■■■■■■■■■■■■■■■■■■■■■■■■■■■■■■■■■■■■■■■■■■■■■        |  90% of 186.8 MiB
2026-10-04T03:52:56.0097087Z |■■■■■■■■■■■■■■■■■■■■■■■■■■■■■■■■■■■■■■■■■■■■■■■■■■■■■■■■■■■■■■■■■■■■■■■■■■■■■■■■| 100% of 186.8 MiB
2026-10-04T03:52:59.1695230Z Chrome for Testing 153.0.8010.12 (playwright chromium v1243) downloaded to /home/runner/.cache/ms-playwright/chromium-1243
2026-10-04T03:52:59.1699561Z Downloading FFmpeg (playwright ffmpeg v1011) from https://cdn.playwright.dev/dbazure/download/playwright/builds/ffmpeg/1011/ffmpeg-linux.zip
2026-10-04T03:52:59.5147954Z |                                                                                |   0% of 2.3 MiB
2026-10-04T03:52:59.5188805Z |■■■■■■■■                                                                        |  10% of 2.3 MiB
2026-10-04T03:52:59.5214893Z |■■■■■■■■■■■■■■■■                                                                |  20% of 2.3 MiB
2026-10-04T03:52:59.5235160Z |■■■■■■■■■■■■■■■■■■■■■■■■                                                        |  30% of 2.3 MiB
2026-10-04T03:52:59.5310829Z |■■■■■■■■■■■■■■■■■■■■■■■■■■■■■■■■                                                |  40% of 2.3 MiB
2026-10-04T03:52:59.5453341Z |■■■■■■■■■■■■■■■■■■■■■■■■■■■■■■■■■■■■■■■■                                        |  50% of 2.3 MiB
2026-10-04T03:52:59.5521022Z |■■■■■■■■■■■■■■■■■■■■■■■■■■■■■■■■■■■■■■■■■■■■■■■■                                |  60% of 2.3 MiB
2026-10-04T03:52:59.5537250Z |■■■■■■■■■■■■■■■■■■■■■■■■■■■■■■■■■■■■■■■■■■■■■■■■■■■■■■■■                        |  70% of 2.3 MiB
2026-10-04T03:52:59.5555821Z |■■■■■■■■■■■■■■■■■■■■■■■■■■■■■■■■■■■■■■■■■■■■■■■■■■■■■■■■■■■■■■■■                |  80% of 2.3 MiB
2026-10-04T03:52:59.5576530Z |■■■■■■■■■■■■■■■■■■■■■■■■■■■■■■■■■■■■■■■■■■■■■■■■■■■■■■■■■■■■■■■■■■■■■■■■        |  90% of 2.3 MiB
2026-10-04T03:52:59.5589111Z |■■■■■■■■■■■■■■■■■■■■■■■■■■■■■■■■■■■■■■■■■■■■■■■■■■■■■■■■■■■■■■■■■■■■■■■■■■■■■■■■| 100% of 2.3 MiB
2026-10-04T03:52:59.6191995Z FFmpeg (playwright ffmpeg v1011) downloaded to /home/runner/.cache/ms-playwright/ffmpeg-1011
2026-10-04T03:52:59.6195915Z Downloading Chrome Headless Shell 153.0.8010.12 (playwright chromium-headless-shell v1243) from https://cdn.playwright.dev/builds/cft/153.0.8010.12/linux64/chrome-headless-shell-linux64.zip
2026-10-04T03:53:00.0282085Z |                                                                                |   0% of 114.3 MiB
2026-10-04T03:53:00.1608545Z |■■■■■■■■                                                                        |  10% of 114.3 MiB
2026-10-04T03:53:00.3505659Z |■■■■■■■■■■■■■■■■                                                                |  20% of 114.3 MiB
2026-10-04T03:53:00.4555492Z |■■■■■■■■■■■■■■■■■■■■■■■■                                                        |  30% of 114.3 MiB
2026-10-04T03:53:00.5906749Z |■■■■■■■■■■■■■■■■■■■■■■■■■■■■■■■■                                                |  40% of 114.3 MiB
2026-10-04T03:53:00.6815790Z |■■■■■■■■■■■■■■■■■■■■■■■■■■■■■■■■■■■■■■■■                                        |  50% of 114.3 MiB
2026-10-04T03:53:00.7390940Z |■■■■■■■■■■■■■■■■■■■■■■■■■■■■■■■■■■■■■■■■■■■■■■■■                                |  60% of 114.3 MiB
2026-10-04T03:53:00.7985867Z |■■■■■■■■■■■■■■■■■■■■■■■■■■■■■■■■■■■■■■■■■■■■■■■■■■■■■■■■                        |  70% of 114.3 MiB
2026-10-04T03:53:00.8645122Z |■■■■■■■■■■■■■■■■■■■■■■■■■■■■■■■■■■■■■■■■■■■■■■■■■■■■■■■■■■■■■■■■                |  80% of 114.3 MiB
2026-10-04T03:53:00.9458455Z |■■■■■■■■■■■■■■■■■■■■■■■■■■■■■■■■■■■■■■■■■■■■■■■■■■■■■■■■■■■■■■■■■■■■■■■■        |  90% of 114.3 MiB
2026-10-04T03:53:01.0571410Z |■■■■■■■■■■■■■■■■■■■■■■■■■■■■■■■■■■■■■■■■■■■■■■■■■■■■■■■■■■■■■■■■■■■■■■■■■■■■■■■■| 100% of 114.3 MiB
2026-10-04T03:53:03.4885787Z Chrome Headless Shell 153.0.8010.12 (playwright chromium-headless-shell v1243) downloaded to /home/runner/.cache/ms-playwright/chromium_headless_shell-1243
2026-10-04T03:53:03.5199407Z ##[group]Run import os
2026-10-04T03:53:03.5199859Z [36;1mimport os[0m
2026-10-04T03:53:03.5200246Z [36;1mfrom pathlib import Path[0m
2026-10-04T03:53:03.5200706Z [36;1mimport playwright[0m
2026-10-04T03:53:03.5201321Z [36;1mdriver = Path(playwright.__file__).parent / 'driver' / 'package'[0m
2026-10-04T03:53:03.5202071Z [36;1mif not (driver / 'package.json').is_file():[0m
2026-10-04T03:53:03.5202767Z [36;1m    raise RuntimeError('Pinned Playwright driver is missing')[0m
2026-10-04T03:53:03.5203606Z [36;1mwith open(os.environ['GITHUB_ENV'], 'a', encoding='utf8') as output:[0m
2026-10-04T03:53:03.5204712Z [36;1m    output.write('SHARPFORGE_PLAYWRIGHT_MODULE=' + str(driver) + '\n')[0m
2026-10-04T03:53:03.5207255Z shell: /opt/hostedtoolcache/Python/3.12.14/x64/bin/python {0}
2026-10-04T03:53:03.5207844Z env:
2026-10-04T03:53:03.5208249Z   SHARPFORGE_RESULTS_DIR: artifacts/results/project16
2026-10-04T03:53:03.5208820Z   QUALIFICATION_TRIGGER_EVENT: create
2026-10-04T03:53:03.5209703Z   QUALIFICATION_TRIGGER_REF: refs/heads/codex/project16/qualify-ubuntu-chromium-all-20261004-a4
2026-10-04T03:53:03.5210590Z   QUALIFICATION_TRIGGER_NONCE: 20261004-a4
2026-10-04T03:53:03.5211246Z   QUALIFICATION_SOURCE_SHA: 8d1be9cffa04b0fd7390e5cb6fe5f6c03b997557
2026-10-04T03:53:03.5212063Z   QUALIFICATION_SOURCE_TREE: dc9d4e337b91c6e878e7c6c7d65f013667b5ec6b
2026-10-04T03:53:03.5212729Z   QUALIFICATION_RUNNER: ubuntu-latest
2026-10-04T03:53:03.5213190Z   QUALIFICATION_STAGE: all
2026-10-04T03:53:03.5213615Z   QUALIFICATION_CAPTURE_ONLY: true
2026-10-04T03:53:03.5214307Z   SHARPFORGE_BROWSER_ENGINE: chromium
2026-10-04T03:53:03.5214775Z   SHARPFORGE_EDITOR_BASELINE: 
2026-10-04T03:53:03.5215212Z   SHARPFORGE_WORKBENCH_BASELINE: 
2026-10-04T03:53:03.5215761Z   pythonLocation: /opt/hostedtoolcache/Python/3.12.14/x64
2026-10-04T03:53:03.5216503Z   PKG_CONFIG_PATH: /opt/hostedtoolcache/Python/3.12.14/x64/lib/pkgconfig
2026-10-04T03:53:03.5217256Z   Python_ROOT_DIR: /opt/hostedtoolcache/Python/3.12.14/x64
2026-10-04T03:53:03.5217934Z   Python2_ROOT_DIR: /opt/hostedtoolcache/Python/3.12.14/x64
2026-10-04T03:53:03.5218608Z   Python3_ROOT_DIR: /opt/hostedtoolcache/Python/3.12.14/x64
2026-10-04T03:53:03.5219331Z   LD_LIBRARY_PATH: /opt/hostedtoolcache/Python/3.12.14/x64/lib
2026-10-04T03:53:03.5219902Z ##[endgroup]
2026-10-04T03:53:03.5639602Z ##[group]Run node scripts/project16-qualification.js "$QUALIFICATION_STAGE"
2026-10-04T03:53:03.5640567Z [36;1mnode scripts/project16-qualification.js "$QUALIFICATION_STAGE"[0m
2026-10-04T03:53:03.5720995Z shell: /usr/bin/bash --noprofile --norc -e -o pipefail {0}
2026-10-04T03:53:03.5721572Z env:
2026-10-04T03:53:03.5721994Z   SHARPFORGE_RESULTS_DIR: artifacts/results/project16
2026-10-04T03:53:03.5722564Z   QUALIFICATION_TRIGGER_EVENT: create
2026-10-04T03:53:03.5723388Z   QUALIFICATION_TRIGGER_REF: refs/heads/codex/project16/qualify-ubuntu-chromium-all-20261004-a4
2026-10-04T03:53:03.5724479Z   QUALIFICATION_TRIGGER_NONCE: 20261004-a4
2026-10-04T03:53:03.5725389Z   QUALIFICATION_SOURCE_SHA: 8d1be9cffa04b0fd7390e5cb6fe5f6c03b997557
2026-10-04T03:53:03.5726209Z   QUALIFICATION_SOURCE_TREE: dc9d4e337b91c6e878e7c6c7d65f013667b5ec6b
2026-10-04T03:53:03.5726874Z   QUALIFICATION_RUNNER: ubuntu-latest
2026-10-04T03:53:03.5727339Z   QUALIFICATION_STAGE: all
2026-10-04T03:53:03.5727880Z   QUALIFICATION_CAPTURE_ONLY: true
2026-10-04T03:53:03.5728351Z   SHARPFORGE_BROWSER_ENGINE: chromium
2026-10-04T03:53:03.5728824Z   SHARPFORGE_EDITOR_BASELINE: 
2026-10-04T03:53:03.5729264Z   SHARPFORGE_WORKBENCH_BASELINE: 
2026-10-04T03:53:03.5729811Z   pythonLocation: /opt/hostedtoolcache/Python/3.12.14/x64
2026-10-04T03:53:03.5730553Z   PKG_CONFIG_PATH: /opt/hostedtoolcache/Python/3.12.14/x64/lib/pkgconfig
2026-10-04T03:53:03.5731316Z   Python_ROOT_DIR: /opt/hostedtoolcache/Python/3.12.14/x64
2026-10-04T03:53:03.5731986Z   Python2_ROOT_DIR: /opt/hostedtoolcache/Python/3.12.14/x64
2026-10-04T03:53:03.5732660Z   Python3_ROOT_DIR: /opt/hostedtoolcache/Python/3.12.14/x64
2026-10-04T03:53:03.5733355Z   LD_LIBRARY_PATH: /opt/hostedtoolcache/Python/3.12.14/x64/lib
2026-10-04T03:53:03.5734658Z   SHARPFORGE_PLAYWRIGHT_MODULE: /opt/hostedtoolcache/Python/3.12.14/x64/lib/python3.12/site-packages/playwright/driver/package
2026-10-04T03:53:03.5735674Z ##[endgroup]
2026-10-04T03:53:03.7983522Z Discovered 86 Node test files and 9 Python suites in 1 area manifests. Node reports executed test counts below.
2026-10-04T03:53:03.9526703Z ✔ five concurrent preview navigations leave one preview; edit promotes and retains it (6.690382ms)
2026-10-04T03:53:03.9555058Z ✔ document edits redraw tab chrome only when dirty or preview metadata changes across shared views (1.142114ms)
2026-10-04T03:53:03.9557097Z ✔ pinned tabs survive close others and pin state roundtrips (1.625963ms)
2026-10-04T03:53:03.9558694Z ✔ Cancel in a batch aborts the complete close without saving or closing any earlier tab (1.073976ms)
2026-10-04T03:53:03.9560458Z ✔ save failure, edited-during-prompt and explicit discard obey atomic close contracts (2.728052ms)
2026-10-04T03:53:03.9562211Z ✔ closing a shared secondary view does not discard or prompt for the remaining buffer (1.402423ms)
2026-10-04T03:53:03.9564144Z ✔ reopen restores the original caret and scroll; thirty tabs remain in the overflow model (8.054042ms)
2026-10-04T03:53:03.9565887Z ✔ context command enablement follows pinning, groups, side and host capabilities (1.074949ms)
2026-10-04T03:53:03.9567477Z ✔ disposing during dirty confirmation cancels without discarding buffers (0.471645ms)
2026-10-04T03:53:04.0287873Z ✔ v1 migrates without changing panel identities and v2 roundtrips metadata (4.3775ms)
2026-10-04T03:53:04.0311297Z ✔ unknown and duplicate persisted panels are dropped and reported without substitution (0.609945ms)
2026-10-04T03:53:04.0313241Z ✔ corrupt layouts recover valid closed identities and reject future versions in strict restore (0.664668ms)
2026-10-04T03:53:04.0315338Z ✔ all four auto-hide edges pin back to the exact previous tab group and index (1.228496ms)
2026-10-04T03:53:04.0317158Z ✔ Auto Hide All restores a removed tool group against its original document anchor (0.847441ms)
2026-10-04T03:53:04.0318862Z ✔ a floating tab group docks as one undoable operation retaining both tabs (0.898206ms)
2026-10-04T03:53:04.0320835Z ✔ nested floating splits retain topology on edge re-dock and flatten only on center (0.520017ms)
2026-10-04T03:53:04.0322643Z ✔ nested transaction failures and cancelled pointer transactions leave no partial history (0.605076ms)
2026-10-04T03:53:04.0324967Z ✔ monitor shrink clamps geometry and corrupt floating coordinates never escape viewport (0.480803ms)
2026-10-04T03:53:04.0326727Z ✔ nine explicit guide targets hit their own centers and execute the specified topology (1.466513ms)
2026-10-04T03:53:04.0328392Z ✔ pin and preview partition is deterministic and pin metadata survives tab moves (0.461878ms)
2026-10-04T03:53:04.0332424Z ✔ background app registration preserves every visible group and global activation in one transaction (0.864013ms)
2026-10-04T03:53:04.0339000Z ✔ background reopening auto-hidden tools and existing floating tabs cannot steal activation (0.540705ms)
2026-10-04T03:53:04.1236201Z ✔ complete format fixture recomputes raw percentiles without claiming a relative or physical-frame pass (8.866207ms)
2026-10-04T03:53:04.1238356Z ✔ first-visit and warmup budget violations remain failures even when all measured percentiles pass (4.678254ms)
2026-10-04T03:53:04.1240315Z ✔ rejects empty partial capture instead of qualifying incomplete or incorrect evidence (0.930577ms)
2026-10-04T03:53:04.1242125Z ✔ rejects missing first observation instead of qualifying incomplete or incorrect evidence (2.259363ms)
2026-10-04T03:53:04.1244103Z ✔ rejects duplicate sample instead of qualifying incomplete or incorrect evidence (0.995169ms)
2026-10-04T03:53:04.1246034Z ✔ rejects tampered percentile instead of qualifying incomplete or incorrect evidence (0.934905ms)
2026-10-04T03:53:04.1247834Z ✔ rejects focus stolen and restored instead of qualifying incomplete or incorrect evidence (0.698602ms)
2026-10-04T03:53:04.1249618Z ✔ rejects stale source target instead of qualifying incomplete or incorrect evidence (0.499307ms)
2026-10-04T03:53:04.1251534Z ✔ rejects model-only clock instead of qualifying incomplete or incorrect evidence (1.200915ms)
2026-10-04T03:53:04.1254341Z ✔ rejects hidden tab instead of qualifying incomplete or incorrect evidence (0.722647ms)
2026-10-04T03:53:04.1265084Z ✔ rejects missing compiler artifact instead of qualifying incomplete or incorrect evidence (0.513164ms)
2026-10-04T03:53:04.1267059Z ✔ rejects CSP violation instead of qualifying incomplete or incorrect evidence (0.630484ms)
2026-10-04T03:53:04.1268648Z ✔ rejects changed annotation line instead of qualifying incomplete or incorrect evidence (0.746772ms)
2026-10-04T03:53:04.1270187Z ✔ rejects empty map pixels instead of qualifying incomplete or incorrect evidence (0.992183ms)
2026-10-04T03:53:04.1271707Z ✔ rejects wrong annotation color instead of qualifying incomplete or incorrect evidence (1.056914ms)
2026-10-04T03:53:04.1273331Z ✔ rejects wrong pointer destination instead of qualifying incomplete or incorrect evidence (3.134456ms)
2026-10-04T03:53:04.2079655Z ✔ two runtime workers may use serial 1 without sharing output, debug state or legacy identity (6.289719ms)
2026-10-04T03:53:04.2081539Z ✔ legacy runtime facade translates matching identities and rejects app-switch races (1.893565ms)
2026-10-04T03:53:04.2110944Z ✔ restart replaces only its worker and stale callbacks cannot replace the new generation (1.361346ms)
2026-10-04T03:53:04.2114333Z ✔ ending the active application selects the most recently active remaining app with ordered events (1.621825ms)
2026-10-04T03:53:04.2117501Z ✔ resource limit refuses a new app without touching live workers (1.153776ms)
2026-10-04T03:53:04.2119390Z ✔ background events update their app while shared debugger callbacks remain on the selected app (1.821581ms)
2026-10-04T03:53:04.2121295Z ✔ state compatibility accessors follow the selected session without aliasing their mutable maps (1.338293ms)
2026-10-04T03:53:04.2126356Z ✔ breakpoint edits bind only to sessions belonging to the owning project (1.371726ms)
2026-10-04T03:53:04.2128009Z ✔ session grant edits never leak to another app and revocation stops only its owner (1.684663ms)
2026-10-04T03:53:04.2130067Z ✔ combined debug status reflects multiple applications and exact paused count (1.647914ms)
2026-10-04T03:53:04.2136492Z ✔ a ended active session can be retired at a one-session limit and releases retained output (0.925678ms)
2026-10-04T03:53:04.2138336Z ✔ worker failure clears stale live UI flags and unlocks only the failed app (0.810152ms)
2026-10-04T03:53:04.6291288Z ✔ legacy renderer, metrics and settling automation borrows only the active application host (7.880467ms)
2026-10-04T03:53:04.6371446Z ✔ scene responses cannot cross selected sessions with equal runtime serials or matching node IDs (10.53988ms)
2026-10-04T03:53:04.6408688Z ✔ active worker restart invalidates pending visual inspection even when its runtime serial repeats (2.971219ms)
2026-10-04T03:53:04.6411812Z ✔ background UI never changes the selected host and active inspection never reapplies scene commands (1.574236ms)
2026-10-04T03:53:04.6435161Z ✔ stopping or removing the selected app clears visual state and reports a missing window explicitly (2.830494ms)
2026-10-04T03:53:04.6462855Z ✔ disposing inspection aborts pending queries and releases subscriptions without disposing application windows (1.604433ms)
2026-10-04T03:53:04.6464955Z ✔ standalone construction without a SessionManager retains one owned WinUI host (1.384199ms)
2026-10-04T03:53:04.7253145Z ✔ actual analysis events create separate tasks; cancelling one preserves same-project build and other project analysis (7.502307ms)
2026-10-04T03:53:04.7260927Z ✔ superseded analysis settles once, drops late worker replies and preserves the legacy successful analysis event (2.084854ms)
2026-10-04T03:53:04.7263314Z ✔ source invalidation cancels only that request and stale results cannot change diagnostics or task state (0.670619ms)
2026-10-04T03:53:04.7265856Z ✔ worker errors and malformed compiler results close failed analysis entries without losing future analyses (1.376123ms)
2026-10-04T03:53:04.7287901Z ✔ pre-aborted and malformed signals refuse before creating tasks; external cancellation is observable (1.266458ms)
2026-10-04T03:53:04.7290005Z ✔ a bridge attached after a request starts observes its real epoch and project removal disposes its task (0.610336ms)
2026-10-04T03:53:04.7291971Z ✔ TaskCenter quota refuses an untracked analysis while retaining the other running operation (0.773282ms)
2026-10-04T03:53:04.7295383Z ✔ synchronous cancellation from task notification and bridge disposal leave no orphan analysis (1.186258ms)
2026-10-04T03:53:04.7978702Z ✔ project builds run independently and only the edited project rejects its stale result (4.237768ms)
2026-10-04T03:53:04.7996967Z ✔ live analysis cannot replace the cached executable returned by a clean build (1.356617ms)
2026-10-04T03:53:04.8005636Z ✔ cancelling one project terminates only its worker and preserves other project diagnostics (1.138037ms)
2026-10-04T03:53:04.8007399Z ✔ dependency order is deterministic and rejects cycles before executing work (1.574617ms)
2026-10-04T03:53:04.8158088Z ✔ build queue cancellation skips remaining projects and reports exact counts (11.67405ms)
2026-10-04T03:53:04.8160298Z ✔ output panes isolate applications and use bounded viewport reads after ring eviction (1.009826ms)
2026-10-04T03:53:04.8161426Z ✔ diagnostics remain project/producer/version scoped and combine query filters (8.157977ms)
2026-10-04T03:53:04.8162829Z ✔ only current user intent may reveal panels; background work cannot steal focus (0.56978ms)
2026-10-04T03:53:04.9895996Z ✔ released runtime builtin identity and sparse registry copies remain stable (10.471021ms)
2026-10-04T03:53:04.9925967Z ✔ copying sparse extension registries preserves holes instead of allocating placeholder entries (3.097536ms)
2026-10-04T03:53:04.9928284Z ✔ environment registration uses the existing A07 reserved block without changing released slots (0.648698ms)
2026-10-04T03:53:05.7060079Z ✔ public builtin metadata retains actual owners, source receivers and operand categories (24.979983ms)
2026-10-04T03:53:05.7087691Z ✔ shared builtin metadata preserves binding and both emitted runtime artifacts (85.007422ms)
2026-10-04T03:53:06.6187829Z ✔ non-startup URI routes every lazy expansion and navigation through its actual compiler owner (115.014855ms)
2026-10-04T03:53:06.6190068Z ✔ preparation captures the version before waiting and never installs an outdated root (9.291216ms)
2026-10-04T03:53:06.6194573Z ✔ expansion and navigation reject a source edited after preparation (8.011993ms)
2026-10-04T03:53:06.6197833Z ✔ disposal cancels an outstanding compiler operation and prevents late tree publication (6.75345ms)
2026-10-04T03:53:06.6200308Z ✔ worker rejects a call item from a different project or document even at the same revision (6.815337ms)
2026-10-04T03:53:06.6208621Z ✔ project configuration changes invalidate prepared call items without requiring a source edit (5.511899ms)
2026-10-04T03:53:06.6248018Z ✔ public shell entry prepares the real model before opening and invalidating its shared tool (5.696506ms)
2026-10-04T03:53:06.8766180Z ✔ A19 accepting an external baseline updates byte budget and disk version so a later save succeeds (20.185612ms)
2026-10-04T03:53:06.8817762Z ✔ A19 an old observation cannot bypass changed bytes, changed handles, or saved versions (5.370494ms)
2026-10-04T03:53:06.8897232Z ✔ A19 baseline acceptance joins the save queue and refuses a revision committed ahead of it (8.069992ms)
2026-10-04T03:53:06.8987697Z ✔ A19 cancellation and failed host preparation publish no baseline, while postcommit errors retain the accepted version (9.058959ms)
2026-10-04T03:53:06.9025516Z ✔ A19 observed encoded sizes and whole-workspace budgets are validated before host commit (3.6748ms)
2026-10-04T03:53:06.9159583Z ✔ A19 a rebased DiskWorkspace accepts only its mapped path and keeps the original queue and baseline independent (13.485611ms)
2026-10-04T03:53:07.1660763Z ✔ captured DocumentService→DiskWorkspace utf-8 saves stream the written source while newer model edits remain dirty (49.699838ms)
2026-10-04T03:53:07.2011528Z ✔ captured DocumentService→DiskWorkspace utf-16le saves stream the written source while newer model edits remain dirty (38.663325ms)
2026-10-04T03:53:07.2351521Z ✔ captured DocumentService→DiskWorkspace utf-16be saves stream the written source while newer model edits remain dirty (35.195955ms)
2026-10-04T03:53:07.2438331Z ✔ a failed streamed disk write preserves DocumentService and DiskWorkspace baselines and owned model state (9.03258ms)
2026-10-04T03:53:07.6806142Z ✔ document model edits and event delivery retain lazy snapshots for a one-megabyte source (30.412523ms)
2026-10-04T03:53:07.6811315Z ✔ split views share the real model and undo without text-copy callbacks or shared view positions (1.538859ms)
2026-10-04T03:53:07.6826859Z ✔ legacy document text setters apply undoable edits while the version remains model-owned (1.578313ms)
2026-10-04T03:53:07.6828651Z ✔ save preparation runs before capture and a later edit never inherits that saved marker (1.731701ms)
2026-10-04T03:53:07.6830609Z ✔ model factories validate replacement before disposing the current workspace and retain the shared map identity (1.71504ms)
2026-10-04T03:53:07.6832521Z ✔ project locks cover unopened models and update linked-source membership without locking unrelated projects (4.190808ms)
2026-10-04T03:53:07.6834132Z ✔ model events invalidate only owning builds without materializing text until compilation requests a snapshot (3.62172ms)
2026-10-04T03:53:07.6835304Z ✔ ordered workbench events preserve lazy getters even during reentrant dispatch (0.702589ms)
2026-10-04T03:53:07.8960863Z ✔ document operation state captures immutable current and saved roots without live model ownership (5.866535ms)
2026-10-04T03:53:07.8970605Z ✔ validated moved-model state retains a rebased dirty baseline through subsequent edits and undo (1.944872ms)
2026-10-04T03:53:07.9004863Z ✔ operation state mismatches reject before ownership transfers or saved markers change (1.503473ms)
2026-10-04T03:53:07.9007066Z ✔ new plain-text operation state transfers to a factory model while an explicit clean restore updates its saved marker (1.0703ms)
2026-10-04T03:53:08.1538316Z ✔ reload commits the shared model, saved baseline and encoding before document, buffer or view notifications (9.928262ms)
2026-10-04T03:53:08.1540646Z ✔ reload is one undo step, retains an unaffected caret and restores clean state on redo (2.026825ms)
2026-10-04T03:53:08.1543037Z ✔ a metadata rejection restores source, undo, selections, baseline, metadata and stale-save state without notification (3.873142ms)
2026-10-04T03:53:08.1545685Z ✔ document notification failure reports a committed reload and still publishes saved state (1.761327ms)
2026-10-04T03:53:08.1552681Z ✔ model notification failure reports a committed reload and still publishes saved state (1.418434ms)
2026-10-04T03:53:08.1556495Z ✔ an explicitly committed metadata error retains the accepted disk and document roots (0.977756ms)
2026-10-04T03:53:08.1558505Z ✔ a newer edit from a document notification remains dirty and cannot receive a stale saved marker (1.130122ms)
2026-10-04T03:53:08.1562339Z ✔ a newer edit from a model notification remains dirty and cannot receive a stale saved marker (0.920729ms)
2026-10-04T03:53:08.1566334Z ✔ reload guards reject stale ownership, versions, read-only state and invalid encoding before metadata acceptance (1.105796ms)
2026-10-04T03:53:08.1568874Z ✔ asynchronous metadata contributions are rejected and rolled back before any event (0.961114ms)
2026-10-04T03:53:08.1571212Z ✔ same-text reload accepts changed encoding and clears an obsolete saved baseline without adding an undo edit (0.69757ms)
2026-10-04T03:53:08.1573532Z ✔ legacy reload updates all views after metadata and classifies a failed view refresh as committed (0.86255ms)
2026-10-04T03:53:08.1575938Z ✔ reload permits the exact shared character limit and rejects larger incoming or existing sources (19.296802ms)
2026-10-04T03:53:08.1578845Z ✔ a disposed owner cannot reload or accept disk metadata (0.608813ms)
2026-10-04T03:53:08.4705487Z ✔ an unchanged captured source save marks the exact model revision clean without materializing text (29.019538ms)
2026-10-04T03:53:08.4709600Z ✔ edits during pending source I/O retain the written snapshot baseline and never mark the new revision clean (15.383334ms)
2026-10-04T03:53:08.4716604Z ✔ captureSave supports bulk snapshot consumers and reads captured text only on a legacy provider request (17.826762ms)
2026-10-04T03:53:08.4723488Z ✔ failed or rejected writes retain the previous baseline and dirty state (22.528801ms)
2026-10-04T03:53:08.4725499Z ✔ a captured save cannot overwrite a replacement document baseline after asynchronous I/O (14.016949ms)
2026-10-04T03:53:08.4731128Z ✔ saved snapshot validation rejects foreign or mismatched sources before considering lazy text (13.427462ms)
2026-10-04T03:53:08.5594220Z ✔ documents open, change, save and close without requiring a docking host (4.141426ms)
2026-10-04T03:53:08.5598544Z ✔ saving a captured revision never marks a newer edit as clean (0.554892ms)
2026-10-04T03:53:08.5605369Z ✔ multiple document views share edits and retain independent selection/scroll state (0.934334ms)
2026-10-04T03:53:08.5609885Z ✔ workspace replacement validates completely before changing existing records (0.667633ms)
2026-10-04T03:53:08.5676819Z ✔ every legacy initial state key resolves through an explicit slice property descriptor (8.359305ms)
2026-10-04T03:53:08.5682237Z ✔ running project locks its shared source views while other project remains editable (3.800616ms)
2026-10-04T03:53:08.6449586Z ✔ equal worker serials stay partitioned by app and launch identity (3.297792ms)
2026-10-04T03:53:08.6453072Z ✔ strict capture validation rejects missing sequences, wrong identities and invalid measurements atomically (1.326882ms)
2026-10-04T03:53:08.6458973Z ✔ bounded history gaps are explicit and malformed replies block only their current launch (1.095597ms)
2026-10-04T03:53:08.6463555Z ✔ late replies after replacement cannot attach measurements to the replacement capture (0.490862ms)
2026-10-04T03:53:08.6466415Z ✔ pausing and disposal cancel outstanding waits without clearing retained launch history (0.758955ms)
2026-10-04T03:53:08.6470630Z ✔ disposed and removed sessions cannot create new capture work (0.323236ms)
2026-10-04T03:53:08.6477047Z ✔ timeline retains bounded descriptors and partitions heap snapshots by launch (2.022587ms)
2026-10-04T03:53:08.6478920Z ✔ heap snapshots reject late replacement and malformed census data (0.504958ms)
2026-10-04T03:53:08.6480974Z ✔ CPU graph uses actual time, bounded percent and weighted intervals with accessible event detail (14.47027ms)
2026-10-04T03:53:08.7087015Z ✔ execution occupancy measures actual intervals and separate synchronous categories (5.844323ms)
2026-10-04T03:53:08.7091006Z ✔ nested work counts once and a close inside the operation includes its complete final interval (0.380865ms)
2026-10-04T03:53:08.7095429Z ✔ measurement preserves synchronous exceptions and rejects asynchronous waiting (0.735661ms)
2026-10-04T03:53:08.7099731Z ✔ bounded sequence windows report lost history and replacement clears the previous launch (0.423395ms)
2026-10-04T03:53:08.7104117Z ✔ occupancy validates bounds, clock monotonicity and replacement outside measured work (0.730542ms)
2026-10-04T03:53:08.7109275Z ✔ runtime pumping closes the actual final interval and cancels idle sampling after termination (0.832022ms)
2026-10-04T03:53:08.7112857Z ✔ paused runtimes sample genuine idle intervals and freeze automatic animations (0.398598ms)
2026-10-04T03:53:08.7121396Z ✔ retired launch timer callbacks cannot clear or execute replacement timers (0.445566ms)
2026-10-04T03:53:08.7123425Z ✔ request measurements exclude inspection and count UI/debug actions without changing their results (0.4263ms)
2026-10-04T03:53:08.7127343Z ✔ runtime pump failures keep a paused capture and report the original error (0.597001ms)
2026-10-04T03:53:09.9165361Z ✔ real source worker exposes actual execution intervals and preserves program output (557.759694ms)
2026-10-04T03:53:10.7915693Z ✔ real source workers isolate captures, pause, stop and replacement despite equal raw serials (877.443281ms)
2026-10-04T03:53:11.3795809Z ✔ real direct CIL worker exposes actual execution intervals and preserves program output (587.577874ms)
2026-10-04T03:53:15.0279947Z ✔ real direct CIL workers isolate captures, pause, stop and replacement despite equal raw serials (3654.26478ms)
2026-10-04T03:53:15.3420768Z ✔ resource rename publishes source edits, file paths and literal project references in one undoable host commit (17.909206ms)
2026-10-04T03:53:15.3423284Z ✔ multiple independent resource renames share one operation and preserve unedited clean sources (2.986217ms)
2026-10-04T03:53:15.3429510Z ✔ invalid versions, before text, result text, overlapping edits and destination collisions leave all owners unchanged (4.93536ms)
2026-10-04T03:53:15.3438353Z ✔ a model change during render fails the immediate precommit guard without overwriting the newer edit (2.628165ms)
2026-10-04T03:53:15.3442986Z ✔ async host preflight rechecks identities, affected locks, unrelated edits, saves, membership and workspace lifetime (13.151475ms)
2026-10-04T03:53:15.3445511Z ✔ failed host preflight releases every staged model and preserves live source buffers (1.807885ms)
2026-10-04T03:53:15.3447528Z ✔ postcommit callback failure retains all adopted resource models and a complete file-operation undo (4.46271ms)
2026-10-04T03:53:15.3600927Z ✔ large resource source comparisons stay lazy and yield to cancellation before ownership changes (36.632195ms)
2026-10-04T03:53:15.3602372Z ✔ the adapter copies supported plan fields before awaits and rejects native, locked and oversized resource requests (2.675484ms)
2026-10-04T03:53:15.5983342Z ✔ Explorer rename and undo preserve dirty snapshot baselines and leave unrelated models unchanged (23.888847ms)
2026-10-04T03:53:15.6055668Z ✔ Explorer copies are independent unsaved models and sequential file undo retains earlier snapshot identity (9.080253ms)
2026-10-04T03:53:15.6103144Z ✔ Explorer source writes prepare a replacement without mutating current text and undo restores a lazy root (4.735382ms)
2026-10-04T03:53:15.6159383Z ✔ Explorer snapshot history refuses newer edits without reading either complete source (5.479509ms)
2026-10-04T03:53:15.6355263Z ✔ Explorer failed preflight and host commit keep existing owners intact and dispose staged replacement models (4.52117ms)
2026-10-04T03:53:15.8385912Z ✔ Explorer Add Existing Item accepts sources beyond 16 MiB using chunked File reads and records undo without flattening (217.839871ms)
2026-10-04T03:53:15.8427461Z ✔ Explorer Add Existing Item updates project membership while retaining the prepared source descriptor (4.878688ms)
2026-10-04T03:53:15.8564839Z ✔ Explorer rejected or cancelled multi-file import cleans up only its prepared models (11.506896ms)
2026-10-04T03:53:15.8709754Z ✔ Explorer disposed imports cancel between chunks and postcommit callback errors retain adopted ownership and history (6.194191ms)
2026-10-04T03:53:15.8711490Z ✔ Explorer native source payload limits remain explicit before native I/O (10.334325ms)
2026-10-04T03:53:16.0910564Z ✔ Explorer snapshot records preserve metadata and exact history roots while fresh URI models remain independent (5.343914ms)
2026-10-04T03:53:16.0916150Z ✔ Explorer path index preserves descendant and case-collision rules across large indexed batches and removals (8.556587ms)
2026-10-04T03:53:16.0921140Z ✔ native prepared creates encode the captured edited source and BOM instead of stale original bytes (1.42169ms)
2026-10-04T03:53:16.3231507Z ✔ A19 FileWatch forwards the captured record and observation and prompts once until the document or disk changes (26.685037ms)
2026-10-04T03:53:16.3327900Z ✔ A19 old Reload, Ignore, and Compare actions cannot act on a same-URI same-version replacement (10.036455ms)
2026-10-04T03:53:16.3416962Z ✔ A19 a later edit refreshes the notification instead of retaining an unusable version guard forever (8.850068ms)
2026-10-04T03:53:16.3449988Z ✔ A19 changing the Save As target invalidates every action even when the same document version remains open (3.20069ms)
2026-10-04T03:53:16.3540206Z ✔ A19 a BOM-only external change is observable and its accepted metadata survives a later save (8.992295ms)
2026-10-04T03:53:16.3569069Z ✔ A19 a legacy asynchronous reader cannot publish a notification for a replaced document (2.748761ms)
2026-10-04T03:53:16.3592814Z ✔ A19 cancellation after a legacy reader resolves cannot publish an external-change notification (2.580595ms)
2026-10-04T03:53:16.6845458Z ✔ first-run visual-studio applies theme, global navigation and actual editor shortcuts (47.604177ms)
2026-10-04T03:53:16.6941849Z ✔ first-run vscode applies theme, global navigation and actual editor shortcuts (9.293992ms)
2026-10-04T03:53:16.7045514Z ✔ first-run resharper applies theme, global navigation and actual editor shortcuts (8.637699ms)
2026-10-04T03:53:16.7312410Z ✔ global ReSharper navigation retains file/member/symbol/recent arguments without an active editor (11.856043ms)
2026-10-04T03:53:16.7321772Z ✔ projected query prefixes use the real workbench search filters and source navigation (1.318777ms)
2026-10-04T03:53:16.7324040Z ✔ cancelled first-run selection has no effect, completed setup is skipped, and reselect preserves documents (9.616337ms)
2026-10-04T03:53:16.7748593Z ✔ profile changes keep custom bindings and one effective copy of each common global shortcut (22.215614ms)
2026-10-04T03:53:16.7754115Z ✔ choosing a user scheme clears only supplied current-workspace overrides and persists across reload (7.330785ms)
2026-10-04T03:53:16.7756342Z ✔ invalid scheme and persistence failure reject the complete first-run transaction before changing shortcuts (5.241102ms)
2026-10-04T03:53:16.7760295Z ✔ Options selects ReSharper after setup and commits only edited keys over a workspace override (15.498592ms)
2026-10-04T03:53:16.7844991Z ✔ Import and Export Settings applies a previewed scheme to both scopes without changing editor data (10.004626ms)
2026-10-04T03:53:16.8007104Z ✔ settings profile rejects invalid imports, exports selected categories and can reopen first-run choices (8.312629ms)
2026-10-04T03:53:16.8061648Z ✔ resetting selected categories restores the default scheme while retaining unrelated settings and undo (12.585111ms)
2026-10-04T03:53:16.8064531Z ✔ reset validates categories and remains atomic on storage failure, including the empty boundary (1.065411ms)
2026-10-04T03:53:16.8095750Z ✔ changing schemes cancels an in-progress native and global chord before the next keystroke (8.062509ms)
2026-10-04T03:53:17.0964136Z ✔ completed build identity deterministically binds actual bytes and source revision/tree (205.901756ms)
2026-10-04T03:53:17.2560175Z ✔ changed or added local output cannot reuse a completed build identity (159.554395ms)
2026-10-04T03:53:17.3388945Z fatal: not a git repository (or any of the parent directories): .git
2026-10-04T03:53:17.3425614Z fatal: not a git repository (or any of the parent directories): .git
2026-10-04T03:53:17.3849942Z ✔ archive builds without Git metadata keep identical distribution bytes and explicit unknown provenance (128.063798ms)
2026-10-04T03:53:17.3851303Z ✔ exact-source claim rejects unknown, dirty, stale-commit and stale-tree identities (0.871106ms)
2026-10-04T03:53:17.5055143Z ✔ actual HTTP assets match the completed artifact with the explicit production HTML transformation (120.264153ms)
2026-10-04T03:53:17.6040385Z ✔ a server returning stale application bytes fails closed against the local completed build (98.747891ms)
2026-10-04T03:53:17.6837549Z ✔ changed local HTML is rejected before its production transformation can authorize different served bytes (79.431451ms)
2026-10-04T03:53:17.7643409Z ✔ extracted production path rewrite preserves root, nested, quote and non-JavaScript behavior (80.499525ms)
2026-10-04T03:53:17.8591045Z ✔ the final verification detects an application replaced after the initial verification (94.876094ms)
2026-10-04T03:53:18.0514287Z ✔ whole workload gates strictly below one percent, retaining positive and negative observations (36.489207ms)
2026-10-04T03:53:18.0518002Z ✔ individual operation regressions remain diagnostic while the identical aggregate determines acceptance (6.085677ms)
2026-10-04T03:53:18.0525317Z ✔ assessment rejects missing pairs, wrong order, altered counts, nonfinite data and incomplete effects (60.821852ms)
2026-10-04T03:53:18.0528242Z ✔ driver rejects non-HTTP or remote application origins without starting a server (0.788009ms)
2026-10-04T03:53:18.0532853Z ✔ assessment recomputes product p50/p95/p99 and rejects absent or active disabled instrumentation (12.183818ms)
2026-10-04T03:53:18.0536642Z ✔ clock-quantized zero operation spans are preserved but a zero aggregate denominator is rejected (8.992575ms)
2026-10-04T03:53:18.0541697Z ✔ pre-navigation storage states differ only by explicit tracing mode; workload and order are deterministic (0.45806ms)
2026-10-04T03:53:18.5545917Z ✔ tracing defaults on, persists per workspace, and rejects non-boolean preferences (3.828008ms)
2026-10-04T03:53:18.5549053Z ✔ real shells resolve saved settings before their first mark and keep live changes instance-local (11.638975ms)
2026-10-04T03:53:18.5553046Z ✔ explicit embedding booleans override saved and subsequent settings in both directions (3.917766ms)
2026-10-04T03:53:18.5556571Z ✔ Environment General exposes a working tracing checkbox with the stored preference (1.926417ms)
2026-10-04T03:53:18.5560083Z ✔ disabled instruments read no clock and retain no marks, including input observation (1.224479ms)
2026-10-04T03:53:18.5564513Z ✔ disabling rejects in-flight marks without clock reads, including after re-enabling (0.328617ms)
2026-10-04T03:53:18.5568527Z ✔ unchanged enabled values preserve current marks; marks are single-use and instance-owned (0.286939ms)
2026-10-04T03:53:18.5574948Z ✔ a real shell settings change invalidates an outstanding asynchronous operation mark (1.726973ms)
2026-10-04T03:53:18.8954023Z ✔ PE metadata exposes actual generic List members, names, parameter signatures, properties and namespaces (16.220297ms)
2026-10-04T03:53:18.8959519Z ✔ metadata source carries the exact PE identity, source version and matching overload selection (9.165831ms)
2026-10-04T03:53:18.8961570Z ✔ metadata versions never collapse same-name assemblies or infer an ambiguous owner (6.660797ms)
2026-10-04T03:53:18.8963400Z ✔ framework member caret resolves Console.WriteLine rather than treating it as a type name (16.720135ms)
2026-10-04T03:53:18.8965858Z ✔ core intrinsic metadata uses accepted arities, canonical owners, instance parameters and property shape (11.20499ms)
2026-10-04T03:53:18.8967808Z ✔ bound assembly simple identity selects actual PE metadata and rejects multiple matching versions (10.469048ms)
2026-10-04T03:53:18.8970241Z ✔ reference sources use authorized HintPath bytes, transitive project visibility and no source text getters (22.286528ms)
2026-10-04T03:53:18.9133202Z ✔ unavailable, ambiguous and invalid PE references return explicit Object Browser diagnostic rows (11.989994ms)
2026-10-04T03:53:18.9135263Z ✔ metadata inspection rejects byte and declaration limits before returning a partial model (1.382195ms)
2026-10-04T03:53:18.9140714Z ✔ catalog cancellation terminates its dedicated metadata worker and does not cache late replies (8.497223ms)
2026-10-04T03:53:18.9142735Z ✔ Code Definition reads only a bounded caret fragment and prioritizes structured bound owners (4.49455ms)
2026-10-04T03:53:18.9145865Z ✔ Code Definition source definitions bypass metadata and retain exact selection (0.233197ms)
2026-10-04T03:53:20.5556454Z ✔ Studio multi-session C# fixture preserves WinUI, argv, environment and stop isolation in source VM (974.827337ms)
2026-10-04T03:53:21.3711237Z ✔ Studio multi-session C# fixture preserves WinUI, argv, environment and stop isolation in direct CIL (823.475025ms)
2026-10-04T03:53:21.6056190Z ✔ actual MSBuildTools onJob notifications retain exact cancellation ownership when another job is selected (5.133732ms)
2026-10-04T03:53:21.6063018Z ✔ owners with the same remote job id remain independent and known terminal callbacks cannot resurrect a task (0.584809ms)
2026-10-04T03:53:21.6065557Z ✔ phase text stays indeterminate, only host-reported fractions become progress, and stale cursors/phases are ignored (0.414018ms)
2026-10-04T03:53:21.6067453Z ✔ a native success that wins a cancellation race remains an observed success (0.422303ms)
2026-10-04T03:53:21.6069343Z ✔ native cancellation failures and replies for another job are explicit and cannot alter that other task (0.742755ms)
2026-10-04T03:53:21.6071452Z ✔ transport failure settles only its matching observed job and malformed snapshots do not mutate task state (0.55937ms)
2026-10-04T03:53:21.6073401Z ✔ synchronous cancellation from first notification reaches the captured client exactly once (0.40986ms)
2026-10-04T03:53:21.6077649Z ✔ disposal aborts owned requests once, ignores late callbacks and bounds retained terminal identity history (0.608042ms)
2026-10-04T03:53:21.8654440Z ✔ A19 actual native utf-8 reload updates SHA-256 and native baseline before a physical save (28.185719ms)
2026-10-04T03:53:21.8726621Z ✔ A19 actual native utf-16le reload updates SHA-256 and native baseline before a physical save (7.405499ms)
2026-10-04T03:53:21.8785548Z ✔ A19 actual native utf-16be reload updates SHA-256 and native baseline before a physical save (5.746203ms)
2026-10-04T03:53:21.8821143Z ✔ A19 reconnecting the native host invalidates a prior observation without changing the document (3.455761ms)
2026-10-04T03:53:21.8857872Z ✔ A19 native bytes changed after the observation are not marked as the reloaded baseline (3.567281ms)
2026-10-04T03:53:21.8894152Z ✔ A19 rejecting immutable native metadata restores the document and retains both previous native baseline fields (3.661157ms)
2026-10-04T03:53:21.8928541Z ✔ A19 native read cancellation and disposal reach the actual client request signal (2.370522ms)
2026-10-04T03:53:21.8930696Z ✔ A19 MSBuild text and binary read APIs forward the supplied cancellation signal without changing endpoints (0.980001ms)
2026-10-04T03:53:22.3314495Z ✔ actual client, MSBuildTools and lazy native callbacks publish live tasks and preserve completed inspection (231.658184ms)
2026-10-04T03:53:22.5382188Z ✔ poll transport failure retains the captured client and fails only that job after another job becomes selected (203.97914ms)
2026-10-04T03:53:22.5385032Z ✔ the TaskCenter cancellation callback targets its captured client/job and does not replace another native selection (1.726663ms)
2026-10-04T03:53:22.5386939Z ✔ validation/start failures and ordinary native UI errors cannot settle a previously observed unrelated task (1.493625ms)
2026-10-04T03:53:22.7417829Z ✔ a poll response for a different ID closes only the requested task and never publishes the foreign job (202.720726ms)
2026-10-04T03:53:22.7419938Z ✔ native Cancel transport errors report only the captured current owner, regardless of a later client value (0.960895ms)
2026-10-04T03:53:22.9436104Z ✔ a confirmed native success wins a cancellation race and a stale pending poll cannot regress it (201.727563ms)
2026-10-04T03:53:23.1461152Z ✔ disposal coalesces TaskCenter cancellation before disconnect and abandons a pending poll without late UI writes (201.590457ms)
2026-10-04T03:53:23.1464686Z ✔ disposal during job start waits for the actual returned ID, cancels it, and never publishes a post-disposal task (1.106688ms)
2026-10-04T03:53:23.2075883Z ✔ Outline host passes exact URI/project/version and applies one provider edit before navigation (2.897322ms)
2026-10-04T03:53:23.2079666Z ✔ Outline rejects stale version after provider completion (0.720714ms)
2026-10-04T03:53:23.2091955Z ✔ Outline rejects stale project after provider completion (0.319491ms)
2026-10-04T03:53:23.2097852Z ✔ Outline rejects stale workspace after provider completion (0.230733ms)
2026-10-04T03:53:23.2101062Z ✔ Outline rejects stale document after provider completion (0.411964ms)
2026-10-04T03:53:23.2105464Z ✔ Outline cancellation and disposal stop a waiting provider without applying its late result (0.642236ms)
2026-10-04T03:53:23.2109811Z ✔ Outline rejects read-only and mismatched provider edits (0.376397ms)
2026-10-04T03:53:23.2114002Z ✔ Outline leaf drops retain before/after position and refuse cross-tree payloads (0.919076ms)
2026-10-04T03:53:24.0095405Z ✔ Outline moves a complete CRLF member with XML docs and trailing comments, without changing the workspace (12.273282ms)
2026-10-04T03:53:24.0097818Z ✔ Outline moves a callable across fields without changing field initialization order or either runtime result (119.817958ms)
2026-10-04T03:53:24.0100413Z ✔ Outline accepts storage-free declaration: int Value => 1; (1.871866ms)
2026-10-04T03:53:24.0104530Z ✔ Outline accepts storage-free declaration: int Value { get { return 1; } set { } } (1.404137ms)
2026-10-04T03:53:24.0108924Z ✔ Outline accepts storage-free declaration: C() { } (1.129662ms)
2026-10-04T03:53:24.0115190Z ✔ Outline accepts storage-free declaration: int this[int i] { get { return i; } } (1.786656ms)
2026-10-04T03:53:24.0117732Z ✔ Outline rejects order-sensitive or hidden-storage declaration: int value = 1; (1.494797ms)
2026-10-04T03:53:24.0120620Z ✔ Outline rejects order-sensitive or hidden-storage declaration: int Value { get; set; } (0.690667ms)
2026-10-04T03:53:24.0123969Z ✔ Outline rejects order-sensitive or hidden-storage declaration: int Value { get; } = 1; (0.871076ms)
2026-10-04T03:53:24.0127645Z ✔ Outline rejects order-sensitive or hidden-storage declaration: [ModuleInitializer] static void Init() {} (1.300983ms)
2026-10-04T03:53:24.0129896Z ✔ Outline rejects order-sensitive or hidden-storage declaration: [Alias] static void Init() {} (0.675348ms)
2026-10-04T03:53:24.0132408Z ✔ Outline rejects different containers, stale/read-only versions and invalid offsets without partial mutation (0.877578ms)
2026-10-04T03:53:24.0134786Z ✔ Outline rejects crossing region/directive trivia and malformed source members (2.418182ms)
2026-10-04T03:53:24.0137897Z ✔ Outline returns a stable no-op for the same member and preserves same-line separators for real moves (1.314228ms)
2026-10-04T03:53:24.2949832Z ✔ prepared document ingress adopts the exact model and source without reading text or rebuilding it (24.28894ms)
2026-10-04T03:53:24.2952545Z ✔ model and immutable roots are hidden even when an incoming caller made them enumerable (1.335909ms)
2026-10-04T03:53:24.2957788Z ✔ retaining prepared records preserves model/map/view identity and replaces old subscriptions without materializing text (8.528989ms)
2026-10-04T03:53:24.2962347Z ✔ duplicate, mismatched and stale prepared records reject atomically and remain caller-owned (5.810664ms)
2026-10-04T03:53:24.2967623Z ✔ a failed factory disposes only models it created while prepared callers and the current workspace remain intact (1.552747ms)
2026-10-04T03:53:24.2972273Z ✔ subscription failure and cancellation release staged subscriptions without disposing prepared input models (1.695525ms)
2026-10-04T03:53:24.2977219Z ✔ saved-state preparation rolls back dirty caller models if another model cannot commit its saved marker (1.010018ms)
2026-10-04T03:53:24.2983251Z ✔ add and legacy appended-record lookup adopt prepared models without a factory, and dispose releases owned roots (1.640932ms)
2026-10-04T03:53:24.2987142Z ✔ view errors after the atomic ownership commit are explicit and do not hand live models back to callers (1.289472ms)
2026-10-04T03:53:24.3168138Z ✔ real chunked File ingress adopts the reader model and decoder metadata without invoking whole-source getters (21.801942ms)
2026-10-04T03:53:24.3170845Z ✔ append imports retain dirty model baselines and read-only state without implicitly saving existing documents (2.097991ms)
2026-10-04T03:53:24.3176842Z ✔ append imports retain a late-save snapshot baseline and its stale-save dirty marker (1.152715ms)
2026-10-04T03:53:24.3183320Z ✔ preserveDirty never permits replacing or removing a dirty model without explicit discard (1.52286ms)
2026-10-04T03:53:24.3187288Z ✔ disposed prepared models reject and failing view cleanup still releases all owned models and roots (1.090639ms)
2026-10-04T03:53:24.7319130Z ✔ startup target switching preserves each project selected profile and starts that target (12.329598ms)
2026-10-04T03:53:24.7326458Z ✔ current-selection startup and new-instance commands honor the current project selected profile (2.975609ms)
2026-10-04T03:53:24.7331539Z ✔ changing a startup profile preserves its start-without-debugging action (1.445034ms)
2026-10-04T03:53:24.8082642Z ✔ independent areas, browsers and performance all finish after earlier failures without downgrading them (5.295075ms)
2026-10-04T03:53:24.8087692Z ✔ stage selection runs only the selected scopes and preserves browser deadlines and capture-only results (3.989193ms)
2026-10-04T03:53:24.8092759Z ✔ a scope settles and is checkpointed before the next independent scope starts (0.570552ms)
2026-10-04T03:53:24.8097927Z ✔ setup errors remain fatal before any scope starts (0.755068ms)
2026-10-04T03:53:24.8102664Z ✔ a thrown error carrying exit zero remains a failed outcome and a nonzero aggregate (0.409439ms)
2026-10-04T03:53:24.8719876Z ✔ malformed editor JSON fails before any capture starts (9.394756ms)
2026-10-04T03:53:24.8767532Z ✔ both baseline schemas are checked before any capture starts (4.809543ms)
2026-10-04T03:53:24.8831954Z ✔ known editor browser, OS, architecture, Node and CPU mismatches fail before capture (6.429208ms)
2026-10-04T03:53:24.8861791Z ✔ model-only or another browser backend cannot be used as the editor baseline (2.919002ms)
2026-10-04T03:53:24.8923227Z ✔ known workbench runner mismatches fail before editor captures (6.104716ms)
2026-10-04T03:53:24.8957192Z ✔ Python OS and architecture aliases match corresponding known Node runner facts (3.360411ms)
2026-10-04T03:53:24.8974061Z ✔ missing and outside-checkout baseline files fail before capture (1.630853ms)
2026-10-04T03:53:24.8992406Z ✔ empty inputs retain capture mode and the 22-minute outer browser deadline (1.750137ms)
2026-10-04T03:53:24.9026000Z ✔ compatible baselines are read once before capture and reused for comparison (3.214938ms)
2026-10-04T03:53:24.9648182Z ✔ each explicit platform, engine and stage resolves without running a capture (6.302788ms)
2026-10-04T03:53:24.9656600Z ✔ create events always discard baseline and dispatch-style overrides (0.218932ms)
2026-10-04T03:53:24.9660879Z ✔ manual dispatch preserves defaults and exact supplied baseline paths (0.343224ms)
2026-10-04T03:53:24.9661929Z ✔ unrelated creates, tag creates and unsupported event types cannot qualify (0.63332ms)
2026-10-04T03:53:24.9663486Z ✔ the complete branch grammar rejects malformed selection and unsafe or oversized nonces (0.522601ms)
2026-10-04T03:53:24.9664855Z ✔ event and full ref identity must agree for created and manually selected refs (0.4948ms)
2026-10-04T03:53:24.9667437Z ✔ a mutable name, missing SHA or different checked-out commit cannot pass immutable source validation (0.387378ms)
2026-10-04T03:53:24.9670980Z ✔ allocated runner and manual choice values are validated before output (0.450657ms)
2026-10-04T03:53:24.9676538Z ✔ baseline data cannot inject Actions environment records (1.513953ms)
2026-10-04T03:53:24.9734492Z ✔ oversized or malformed event files fail before writing any Actions environment output (12.224403ms)
2026-10-04T03:53:25.3848954Z ✔ deleting a project in the same workspace clears only its profiles and persists a consistent startup snapshot (13.05461ms)
2026-10-04T03:53:25.3854879Z ✔ removing a virtual-default profile selection clears it without requiring a materialized profile map (0.301316ms)
2026-10-04T03:53:26.3660534Z ✔ source Main(string[]) receives flat program argv and defaults to an empty array (115.946609ms)
2026-10-04T03:53:26.3664174Z ✔ source a parameterless entry accepts process argv without injecting method parameters (6.343385ms)
2026-10-04T03:53:26.3670779Z ✔ source top-level args are forwarded through the generated startup wrapper (6.630304ms)
2026-10-04T03:53:26.3672459Z ✔ source module initializers run once before argv forwarding into Main (51.714232ms)
2026-10-04T03:53:26.3677349Z ✔ source async Main retains argv and its integer exit code across an await (20.178049ms)
2026-10-04T03:53:26.3691386Z ✔ source argument arrays survive collection and caller mutation after construction (13.900889ms)
2026-10-04T03:53:26.3694125Z ✔ cil Main(string[]) receives flat program argv and defaults to an empty array (31.520493ms)
2026-10-04T03:53:26.3695702Z ✔ cil a parameterless entry accepts process argv without injecting method parameters (4.840702ms)
2026-10-04T03:53:26.3697197Z ✔ cil top-level args are forwarded through the generated startup wrapper (5.781038ms)
2026-10-04T03:53:26.3700126Z ✔ cil module initializers run once before argv forwarding into Main (16.601591ms)
2026-10-04T03:53:26.3726886Z ✔ cil async Main retains argv and its integer exit code across an await (15.719124ms)
2026-10-04T03:53:26.4128251Z ✔ cil argument arrays survive collection and caller mutation after construction (51.259888ms)
2026-10-04T03:53:26.4138921Z ✔ raw CIL methodToken invocations retain their numeric parameter contract (7.055382ms)
2026-10-04T03:53:26.4140951Z ✔ independently authored CIL string-array entry receives argv without a compiler-specific payload (5.369695ms)
2026-10-04T03:53:27.3000110Z ✔ source reads only its explicit environment, preserving empty values and case-sensitive names (105.166716ms)
2026-10-04T03:53:27.3011062Z ✔ source separate runtimes copy environment values and never observe another application (9.163391ms)
2026-10-04T03:53:27.3015508Z ✔ source a null environment variable name raises a managed ArgumentNullException (5.071837ms)
2026-10-04T03:53:27.3019527Z ✔ cil reads only its explicit environment, preserving empty values and case-sensitive names (26.767105ms)
2026-10-04T03:53:27.3024034Z ✔ cil separate runtimes copy environment values and never observe another application (13.033389ms)
2026-10-04T03:53:27.3028870Z ✔ cil a null environment variable name raises a managed ArgumentNullException (5.438505ms)
2026-10-04T03:53:27.3031663Z ✔ environment mutation and OS target overloads report unsupported source members (16.711037ms)
2026-10-04T03:53:27.3034408Z ✔ independent managed CIL resolves the registered process environment signature and refuses mutation (3.695842ms)
2026-10-04T03:53:27.7249384Z ✔ program argument normalization copies and freezes strings including empty and Unicode values (2.046343ms)
2026-10-04T03:53:27.7253293Z ✔ argument count, individual size, total size, primitive type and null bytes have explicit limits (0.669006ms)
2026-10-04T03:53:27.7257346Z ✔ environment normalization has private storage and never inherits host or prototype entries (0.470915ms)
2026-10-04T03:53:27.7270439Z ✔ environment names, types, prototypes, per-entry and total sizes reject before launch (1.805912ms)
2026-10-04T03:53:27.7272522Z ✔ process argv cannot replace raw parameters of an explicitly selected method (0.46339ms)
2026-10-04T03:53:27.7275141Z ✔ launch profiles use the same bounds and advertise only the implemented environment capability (0.585349ms)
2026-10-04T03:53:28.1879557Z ✔ injected RuntimeTools keeps existing profile grants and target launches do not inherit the active app settings (13.229035ms)
2026-10-04T03:53:28.1890080Z ✔ profile settings apply to the next project launch only without rebuilding or mutating existing apps (9.768737ms)
2026-10-04T03:53:28.1892031Z ✔ session settings remain scoped through active-app switches and only take effect on that app restart (3.214697ms)
2026-10-04T03:53:28.1893352Z ✔ profile and session revocation stop only the explicitly associated applications (4.677254ms)
2026-10-04T03:53:28.1894790Z ✔ settings requests capture the chosen app and do not fall back to a foreign active session (2.559587ms)
2026-10-04T03:53:28.1948684Z ✔ late metrics cannot repaint a newly selected settings target (7.045402ms)
2026-10-04T03:53:28.1976820Z ✔ target selector values are stable and invalid settings do not change any target (2.053857ms)
2026-10-04T03:53:28.1978169Z ✔ only an actual loose-source language change schedules its project compilation (1.604624ms)
2026-10-04T03:53:28.1979340Z ✔ legacy hosts retain the RuntimeTools API with explicitly isolated default settings (0.558669ms)
2026-10-04T03:53:29.4488683Z ✔ real source worker consumes a complete launch profile (557.28161ms)
2026-10-04T03:53:30.0308559Z ✔ real source workers isolate argv, environment and stop commands despite equal local serials (587.540701ms)
2026-10-04T03:53:30.4374199Z ✔ real source worker rejects malformed replacement settings without retiring its paused session (407.688019ms)
2026-10-04T03:53:30.8388546Z ✔ real direct CIL worker consumes a complete launch profile (400.730783ms)
2026-10-04T03:53:31.3036869Z ✔ real direct CIL workers isolate argv, environment and stop commands despite equal local serials (465.776624ms)
2026-10-04T03:53:31.6980941Z ✔ real direct CIL worker rejects malformed replacement settings without retiring its paused session (398.927035ms)
2026-10-04T03:53:32.1444361Z ✔ session recovery exports only deterministic startup and non-executable profile metadata (16.422232ms)
2026-10-04T03:53:32.1448793Z ✔ ZIP and extracted-folder manifests retain metadata while dropping hostile executable fields (5.976645ms)
2026-10-04T03:53:32.1455788Z ✔ invalid recovery projects, libraries, selections and profile references fail before either live owner changes (2.972873ms)
2026-10-04T03:53:32.1461642Z ✔ recovery staging is immutable, single-use and notifies observers only after both owners commit (1.747101ms)
2026-10-04T03:53:32.1466306Z ✔ prospective recovery validates before workspace replacement and commits only to that loaded project set (2.034491ms)
2026-10-04T03:53:32.1471027Z ✔ legacy records without session metadata are no-ops, while malformed versions, paths and bounds are rejected (1.140281ms)
2026-10-04T03:53:32.2107746Z ✔ session state lint detects direct, computed, compound, destructuring and prefix writes (3.281113ms)
2026-10-04T03:53:32.2119772Z ✔ session state lint excludes reads, equality, strings, comments and unrelated state properties (0.894069ms)
2026-10-04T03:53:32.2121762Z ✔ session state lint accepts only explicitly inventoried owners and includes stable diagnostics (0.473008ms)
2026-10-04T03:53:32.6309867Z ✔ Processes row controls affect only that row across active-application changes (15.737657ms)
2026-10-04T03:53:32.6316001Z ✔ Debug Location process/thread/frame selection owns its locals and does not navigate a background app (4.081917ms)
2026-10-04T03:53:32.6320558Z ✔ status and title announce a meaning change once and ignore repeated output/state events (2.065439ms)
2026-10-04T03:53:32.8566737Z ✔ status updates read model positions and EOL metadata without flattening a 100 MB document (2.013852ms)
2026-10-04T03:53:32.8570364Z ✔ status visual columns distinguish tabs, CJK, zero-width clusters and UTF-16 characters (2.200202ms)
2026-10-04T03:53:32.8810840Z ✔ status uses cancellable exact model columns and ignores stale carets without flattening source (5.599727ms)
2026-10-04T03:53:32.8813142Z ✔ reading one setting preserves workspace null overrides without cloning unrelated layouts (1.812073ms)
2026-10-04T03:53:32.8816524Z ✔ Solution Explorer filtering never reads document content synchronously (1.676288ms)
2026-10-04T03:53:32.8819654Z ✔ definition range reads stay bounded at a caret near the end of a large indexed document (1.290363ms)
2026-10-04T03:53:32.8823427Z ✔ Explorer content searches retain actual worker URI matches and reject stale or cancelled results (1.041526ms)
2026-10-04T03:53:32.8828988Z ✔ automatic recovery and bookmark construction never materialize a 100 MB model-backed file (0.937551ms)
2026-10-04T03:53:32.8839907Z ✔ existing recovery is retained until the user restores or discards it (0.35709ms)
2026-10-04T03:53:32.8841489Z ✔ bookmark edit transformation handles several pre-edit coordinates and wraps across files (8.109851ms)
2026-10-04T03:53:32.8842977Z ✔ Output filters project and session identity from shared channel entries (0.811554ms)
2026-10-04T03:53:32.8844766Z ✔ Find Results changes retained project or session scope without requesting another search (0.29314ms)
2026-10-04T03:53:32.8847035Z ✔ locked result windows remain bounded without silently discarding retained results (1.766648ms)
2026-10-04T03:53:32.8850563Z ✔ regex replacement retains lookbehind, named captures and original string substitutions (1.917471ms)
2026-10-04T03:53:32.8855304Z ✔ keyboard removal applies to default ids before conflict calculation (1.150771ms)
2026-10-04T03:53:32.8858871Z ✔ provider failures terminate queued test state instead of leaving a run in progress (0.806405ms)
2026-10-04T03:53:32.9686069Z ✔ menu palette and command window share contextual enablement and the same handler (3.794296ms)
2026-10-04T03:53:32.9691625Z ✔ when parser handles precedence and rejects malformed executable input and nesting (1.368791ms)
2026-10-04T03:53:32.9692642Z ✔ command contributions rollback conflicts and restore replaced handlers (0.560373ms)
2026-10-04T03:53:32.9696032Z ✔ command parser preserves quoted arguments without evaluating expressions (0.728377ms)
2026-10-04T03:53:32.9697810Z ✔ 10000 hidden output invalidations produce no render or scheduled frame (1.151372ms)
2026-10-04T03:53:32.9702740Z ✔ performance records exact per-session percentiles and enforces relative budgets (1.21924ms)
2026-10-04T03:53:32.9705960Z ✔ lazy activation cancellation never resolves a mount and successful module loads cache once (0.70327ms)
2026-10-04T03:53:32.9711857Z ✔ two concurrent tasks cancel independently and keep truthful cancelling state (1.663484ms)
2026-10-04T03:53:33.4455691Z ✔ workbench inventory matches every registered shell window and command (19.655234ms)
2026-10-04T03:53:33.4462579Z ✔ performance budget comparison fails absolute and twenty-percent p95 regressions (1.971623ms)
2026-10-04T03:53:33.4471407Z ✔ performance comparison rejects absent, duplicate and unreported metric obligations (0.83079ms)
2026-10-04T03:53:33.4473666Z ✔ performance comparison rejects invalid or fabricated statistics and mismatched captures (1.715061ms)
2026-10-04T03:53:33.4475480Z ✔ capture-only performance assessment never invents a relative regression verdict (0.620415ms)
2026-10-04T03:53:33.5267411Z ✔ recent workspace remembering retains metadata and never enumerates source or disk records (2.149016ms)
2026-10-04T03:53:33.5285595Z ✔ opening the current workspace activates it without reading recovery or requiring permission (0.44191ms)
2026-10-04T03:53:33.5286846Z ✔ recovery preparation preserves file bytes, encoding, BOM and unsaved source metadata (2.008732ms)
2026-10-04T03:53:33.5287950Z ✔ recent opening uses the matching previous recovery and confirms actual workspace identity (0.683574ms)
2026-10-04T03:53:33.5290383Z ✔ samples require a provider-confirmed open instead of treating an unchanged workspace as success (0.738126ms)
2026-10-04T03:53:33.5295328Z ✔ missing recent files request permission explicitly and cancellation preserves the pinned MRU (0.599586ms)
2026-10-04T03:53:33.5300276Z ✔ recovery bounds, corrupt data and cancelled providers fail before recent success is published (1.029934ms)
2026-10-04T03:53:33.7054629Z ✔ search supports captures literal metacharacters exact versions whole words and bounded empty regex matches (4.203144ms)
2026-10-04T03:53:33.7056945Z ✔ replacement preview skips changed documents and preserves unchecked matches as one batch per document (1.579276ms)
2026-10-04T03:53:33.7061314Z ✔ worker cancellation terminates a pathological query without affecting a second results instance (1.012612ms)
2026-10-04T03:53:33.7064273Z ✔ workspace symbol results reject superseded requests and changed document versions (0.552398ms)
2026-10-04T03:53:33.7068129Z ✔ Error List combines source scope severity search and sort over 5000 real diagnostic records (3.976608ms)
2026-10-04T03:53:33.7072515Z ✔ Output model bounds 100000 line inputs and compiler message links preserve location (83.19658ms)
2026-10-04T03:53:33.7077541Z ✔ bookmarks move with source insertions and locked reference results remain unchanged (1.454322ms)
2026-10-04T03:53:33.9253516Z ✔ old settings migrate once and corrupt settings notify then recover defaults (2.789399ms)
2026-10-04T03:53:33.9257060Z ✔ settings transaction rejects invalid data and persistence failure before publishing (2.038859ms)
2026-10-04T03:53:33.9259444Z ✔ line-ending normalization stays opt-in across theme changes and rejects invalid settings (0.85186ms)
2026-10-04T03:53:33.9261750Z ✔ workspace preferences override user scope and exported profiles omit secrets recursively (1.199022ms)
2026-10-04T03:53:33.9264068Z ✔ keyboard conflicts include default bindings and distinguish scopes (1.240319ms)
2026-10-04T03:53:33.9268292Z ✔ keyboard Options shares native chord-prefix conflicts and shifted punctuation notation (0.584899ms)
2026-10-04T03:53:33.9274068Z ✔ configuration manager applies release selection only to enabled project mappings (1.534551ms)
2026-10-04T03:53:33.9276088Z ✔ recent files retain pinning and prune missing sources (0.811514ms)
2026-10-04T03:53:33.9278221Z ✔ notifications survive toast expiry and unread/dismissal are independent (0.690216ms)
2026-10-04T03:53:33.9281864Z ✔ external change prompts once per disk version and recovery contains only document data (2.974446ms)
2026-10-04T03:53:33.9285047Z ✔ dropped file import bounds count and total bytes (0.524175ms)
2026-10-04T03:53:34.0037581Z ✔ theme gate detects hex and numeric functional colors inside declarations, fallbacks, gradients and nested rules (3.968233ms)
2026-10-04T03:53:34.0042479Z ✔ theme gate ignores selectors, comments, strings, URL fragments and identifiers that are not color tokens (0.347413ms)
2026-10-04T03:53:34.0049435Z ✔ only explicit token files may define literal palette values; token files cannot hide painted rules (0.325281ms)
2026-10-04T03:53:34.0053020Z ✔ theme gate fails closed on malformed CSS and validates empty and non-string input boundaries (0.560252ms)
2026-10-04T03:53:34.0700048Z ✔ all Studio styles pass the color gate and extracted paint and token styles have explicit cascade order (69.042958ms)
2026-10-04T03:53:34.0933560Z ✔ the migration preserves every legacy dark/light paint value, geometry declaration and ordered override (23.415787ms)
2026-10-04T03:53:34.1152389Z ✔ Light keeps its authored palette, Blue keeps syntax distinctions, and contrast modes resolve every legacy token (21.315292ms)
2026-10-04T03:53:34.1157577Z ✔ system theme follows OS changes immediately and disposal removes its media listener (0.540715ms)
2026-10-04T03:53:34.3625931Z ✔ Task List scans real C# comment trivia and ignores literal task words (66.65865ms)
2026-10-04T03:53:34.3627733Z ✔ class hierarchy attaches members to their actual project and namespace (0.462038ms)
2026-10-04T03:53:34.3780200Z ✔ Object Browser uses actual registered List metadata and method signatures (60.328434ms)
2026-10-04T03:53:34.3782350Z ✔ test provider subset runs emit incremental states and produce hierarchical results (2.506448ms)
2026-10-04T03:53:34.3816209Z ✔ test cancellation signals only its current provider operation and preserves terminal results (0.615677ms)
2026-10-04T03:53:34.3817280Z ✔ call hierarchy expands lazily and rejects changed source versions (1.479047ms)
2026-10-04T03:53:34.3818878Z ✔ diagnostic session timelines remain separate and heap diffs use actual census data (1.415338ms)
2026-10-04T03:53:34.3820197Z ✔ toolbox providers select the actual active document kind (0.59622ms)
2026-10-04T03:53:34.8468714Z ✔ both main menu surfaces expose startup configuration, a new instance, and Stop All (4.884012ms)
2026-10-04T03:53:34.8474402Z ✔ configuration aliases and auxiliary session commands reuse their registered host actions (1.538259ms)
2026-10-04T03:53:34.8476808Z ✔ explicit project invocation overrides ambient selection without changing startup or launch profiles (1.382767ms)
2026-10-04T03:53:34.8479179Z ✔ a host without an execution override still launches the explicit project using its selected profile (0.753756ms)
2026-10-04T03:53:34.8481684Z ✔ library, missing and empty targets cannot silently fall back to the startup project (2.067402ms)
2026-10-04T03:53:34.8488496Z ✔ new-instance availability refreshes native, Hot Reload and pending-launch explanations (1.079558ms)
2026-10-04T03:53:34.8490445Z ✔ Stop All is enabled for live sessions or pending launches and uses the host cancellation path (0.756271ms)
2026-10-04T03:53:34.8496908Z ✔ startup configuration is disabled when no projects remain (0.633279ms)
2026-10-04T03:53:34.8498733Z ✔ Explorer solution and project menus route the exact selected node through the public aliases (2.462976ms)
2026-10-04T03:53:34.8516735Z ✔ Explorer uses current registry reasons and preserves native build, restore and evaluate availability (0.880234ms)
2026-10-04T03:53:34.8518418Z ✔ aborted invocations do not start and disposal restores a previously registered command (0.819258ms)
2026-10-04T03:53:35.2922636Z ✔ startup modes validate libraries/unknown projects and serialize in deterministic order (3.056591ms)
2026-10-04T03:53:35.2927358Z ✔ profiles isolate project settings, return copies and exclude grants/environment from exported preferences (1.280234ms)
2026-10-04T03:53:35.2929928Z ✔ startup builds dependencies once, preserves configured order and starts independent roots after one failure (8.959136ms)
2026-10-04T03:53:35.2932240Z ✔ two successful startup roots keep independent session resources and restart commands use explicit context (4.99431ms)
2026-10-04T03:53:35.2936844Z ✔ workbench disposal terminates every owned worker without closing another workbench (2.91227ms)
2026-10-04T03:53:35.2940432Z ✔ default build snapshots use current shared document revisions without changing source descriptors (1.627276ms)
2026-10-04T03:53:35.2946131Z ✔ source and managed IL profiles forward program argv separately from method parameters (3.538546ms)
2026-10-04T03:53:35.2949341Z ✔ an explicitly restricted external launch target refuses unsupported profile capabilities (1.657143ms)
2026-10-04T03:53:35.2953377Z ✔ concurrent starts queue one shared project build and keep independent application instances (1.874671ms)
2026-10-04T03:53:35.2958652Z ✔ failed startup preference storage leaves the previous configuration intact (0.487266ms)
2026-10-04T03:53:35.7816742Z ✔ Set as Startup Project preserves both selected profiles and the toolbar agrees with the next F5 launch (21.292719ms)
2026-10-04T03:53:35.7822925Z ✔ Set as Startup Project uses the real default profile when no per-project choice exists (3.951101ms)
2026-10-04T03:53:35.7826309Z ✔ invalid or library startup targets leave the selected project and profile unchanged (3.369267ms)
2026-10-04T03:53:35.8433484Z ✔ session state lint detects direct, computed, compound, destructuring and prefix writes (3.373806ms)
2026-10-04T03:53:35.8438674Z ✔ session state lint excludes reads, equality, strings, comments and unrelated state properties (0.925668ms)
2026-10-04T03:53:35.8444990Z ✔ session state lint accepts only explicitly inventoried owners and includes stable diagnostics (0.491613ms)
2026-10-04T03:53:36.0855350Z ✔ all Studio modules keep direct debug-state writes inside session owners (244.588294ms)
2026-10-04T03:53:36.1700385Z ✔ static named/re-export graph initializes dependencies first and lazy graph stays cold until one microtask (18.302584ms)
2026-10-04T03:53:36.1758673Z ✔ lexical transforms leave literal/comment/regex text unchanged and handle nested template expressions (5.943251ms)
2026-10-04T03:53:36.1810622Z ✔ dynamic cycles are deferred and repeated evaluation failures keep their original error identity (5.315093ms)
2026-10-04T03:53:36.1848939Z ✔ the known Node worker adapter cannot trigger dynamic code loading from a browser bundle (3.74286ms)
2026-10-04T03:53:36.2047800Z ✔ computed/unresolved imports, mutable exports, static cycles and missing or ambiguous names fail at build time (19.675101ms)
2026-10-04T03:53:36.2079441Z ✔ graph containment checks real paths, including symlinks (3.143303ms)
2026-10-04T03:53:36.2248012Z ✔ standalone hashes exact code and lazily embeds actual worker dependencies, including nested workers (16.697879ms)
2026-10-04T03:53:36.2296495Z ✔ recursive worker graphs and worker URLs outside the asset root are rejected before packaging (5.049243ms)
2026-10-04T03:53:36.2945591Z ✔ actual TaskCenter Cancel aborts its whole two-project queue and leaves an independent queue running (11.814579ms)
2026-10-04T03:53:36.2971492Z ✔ a queued second operation for the same project survives cancellation of the first captured queue (2.696644ms)
2026-10-04T03:53:36.3028312Z ✔ a completed task callback cannot cancel the next project or a later build with the same project id (2.90242ms)
2026-10-04T03:53:36.3032140Z ✔ TaskCenter cancellation during its started notification sends no request and skips the rest of the queue (1.550252ms)
2026-10-04T03:53:36.3081910Z ✔ standalone build cancellation preserves the other worker and disposal settles only tracked operations (6.870724ms)
2026-10-04T03:53:36.3096892Z ✔ build task quota cancels only the untrackable queue and reports the refusal (1.65564ms)
2026-10-04T03:53:36.8596882Z ✔ startup toolbar selection changes the explicit compiler project while background work retains it (16.626375ms)
2026-10-04T03:53:36.8600739Z ✔ Studio routes language requests by document membership without selecting background projects (3.157209ms)
2026-10-04T03:53:36.8605481Z ✔ workspace replacement clears former project memberships, sessions and launch profiles (10.907124ms)
2026-10-04T03:53:36.8608064Z ✔ Studio language providers preserve originating versions and resolve the requested target document (3.22649ms)
2026-10-04T03:53:36.8610507Z ✔ workspace record metadata does not read source text and explicit reads retain the captured snapshot (3.889204ms)
2026-10-04T03:53:36.8615055Z ✔ partial disk saves acknowledge only written snapshots and keep edits made during I/O dirty (4.253368ms)
2026-10-04T03:53:36.8617106Z ✔ start new instance keeps existing applications and launches the selected profile (5.102492ms)
2026-10-04T03:53:36.8619238Z ✔ silent Studio builds leave large documents available without sending them to the compiler (55.123736ms)
2026-10-04T03:53:36.8624474Z ✔ Studio source policy admits 501 files and a 200 MiB buffer and rejects bounded overflow (0.924026ms)
2026-10-04T03:53:36.8629053Z ✔ launch fields preserve literal arguments and equals signs and reject invalid or duplicate environment entries (0.641575ms)
2026-10-04T03:53:36.8632724Z ✔ breakpoint remapping applies several ordered source changes against their captured versions (2.229998ms)
2026-10-04T03:53:37.3818245Z ✔ actual project loading publishes warnings into Error List without failing a build or leaking to project B (12.910117ms)
2026-10-04T03:53:37.3822540Z ✔ loader errors block only their project and appear once under their producer; reevaluation removes only obsolete entries (10.917424ms)
2026-10-04T03:53:37.3829332Z ✔ real designer source synchronization publishes protected-expression warnings and errors under the captured source owner (23.004273ms)
2026-10-04T03:53:37.3837724Z ✔ source edits, project removal and disposal invalidate designer reports without erasing other producers (3.207895ms)
2026-10-04T03:53:37.3840084Z ✔ an asynchronous designer failure cannot replace a new link or attribute the old failure to its new project (12.317573ms)
2026-10-04T03:53:37.6376896Z ✔ A19 utf-8 observation uses the granted handle and preserves encoding through reload and the next save (46.242396ms)
2026-10-04T03:53:37.6664431Z ✔ A19 utf-16le observation uses the granted handle and preserves encoding through reload and the next save (29.045028ms)
2026-10-04T03:53:37.6943406Z ✔ A19 utf-16be observation uses the granted handle and preserves encoding through reload and the next save (27.760085ms)
2026-10-04T03:53:37.7112116Z ✔ A19 a Save As target overrides the original workspace handle and receives the accepted baseline (16.604825ms)
2026-10-04T03:53:37.7180657Z ✔ A19 an empty no-BOM UTF-16 observation remains an editable zero-byte source after reload (6.897534ms)
2026-10-04T03:53:37.7239379Z ✔ A19 same-URI workspace replacement and later editor edits both invalidate an old observation (5.829007ms)
2026-10-04T03:53:37.7340423Z ✔ A19 confirmation cannot overwrite a replacement document, a later edit, or a changed target (10.081784ms)
2026-10-04T03:53:37.7416275Z ✔ A19 declined confirmation and read-only models leave both document and disk baselines intact (7.471633ms)
2026-10-04T03:53:37.7505927Z ✔ A19 disk changes occurring after a prompt are rechecked before changing the editor (8.965999ms)
2026-10-04T03:53:37.7646374Z ✔ A19 postcommit listener errors report committed state and preserve the matching save baseline (13.836556ms)
2026-10-04T03:53:37.7677465Z ✔ A19 disposed and cancelled observers do not publish a pending handle read or reload prompt (3.105012ms)
2026-10-04T03:53:37.7690255Z ✔ A19 a replaced target or record during decoding returns no stale observation (1.318847ms)
2026-10-04T03:53:37.7725628Z ✔ A19 cancellation during a decoded chunk prevents observation publication and leaves the document unchanged (3.442505ms)
2026-10-04T03:53:37.9683645Z ✔ A19 watch reads admit exactly 8,000,000 decoded characters and reject larger or invalid encodings (195.726427ms)
2026-10-04T03:53:38.0180124Z ✔ A19 automatic reads reject an oversized byte descriptor without slicing or reading lazy editor text (49.72131ms)
2026-10-04T03:53:38.1003267Z ✔ initial document sync activates the selected primary view and opens other tabs in the background (3.331888ms)
2026-10-04T03:53:38.1009174Z ✔ dirty document sync preserves its active secondary view and a different URI explicitly changes it (2.101947ms)
2026-10-04T03:53:38.1015164Z ✔ background document sync preserves selected application or tool without changing group selection (0.717407ms)
2026-10-04T03:53:38.1020461Z ✔ removing the active document returns to a surviving source and unregisters its secondary views (0.985981ms)
2026-10-04T03:53:38.1022832Z ✔ initial restore keeps the persisted secondary document selection (2.151019ms)
2026-10-04T03:53:38.3325886Z ✔ horizontal host split creates one bottom group beside the original, with no intermediate vertical or empty group (12.966071ms)
2026-10-04T03:53:38.3343679Z ✔ vertical host split and default New Window retain one right-hand shared view (2.608148ms)
2026-10-04T03:53:38.3347408Z ✔ new views anchor to the requested source group instead of the first document group (1.668864ms)
2026-10-04T03:53:38.3348530Z ✔ Vim split filename opens that workspace source and moves its exact panel beside the original once (1.347862ms)
2026-10-04T03:53:38.3349533Z ✔ a split path naming the current source clones its view and does not perform an unnecessary open (1.015006ms)
2026-10-04T03:53:38.3351165Z ✔ invalid or non-workspace split paths fail before any open, group change or new view (1.359944ms)
2026-10-04T03:53:38.3351911Z ✔ a cancelled or failing workspace opener creates no split (1.469379ms)
2026-10-04T03:53:38.3352640Z ✔ invalid split axes and missing original groups cannot allocate secondary views (1.043259ms)
2026-10-04T03:53:38.3354981Z ✔ removing the original group during an asynchronous source open reports the stale target without an extra view (0.949643ms)
2026-10-04T03:53:38.7881256Z ✔ actual Explorer rows expose multiple startup, running, paused and building states with descriptive accessible names (23.193889ms)
2026-10-04T03:53:38.7885942Z ✔ background session changes preserve tree selection and unchanged statistics do not redraw rows or read source records (5.409259ms)
2026-10-04T03:53:38.7889294Z ✔ a normal Explorer tree rebuild retains current badges and disposing the adapter releases every subscription (3.362134ms)
2026-10-04T03:53:38.7892740Z ✔ current-selection startup decorations follow the actual active document membership without selecting another project (2.820788ms)
2026-10-04T03:53:38.7915940Z ✔ recycled ordinary tree rows remove a former project accessible label (2.131252ms)
2026-10-04T03:53:39.2764518Z ✔ an Explorer host commit retains unchanged models and their saved baselines, including unsaved siblings (36.229551ms)
2026-10-04T03:53:39.2908812Z ✔ dirty Explorer rename and undo preserve source roots, baseline history, active tabs and breakpoints (15.221898ms)
2026-10-04T03:53:39.3001888Z ✔ document reset subscribers observe the same project XML, membership and active source as the Explorer commit (9.165163ms)
2026-10-04T03:53:39.3079077Z ✔ Explorer opening guard preserves edits made during asynchronous workspace preflight (7.727012ms)
2026-10-04T03:53:39.3134341Z ✔ Explorer host rejects a superseding workspace revision before adopting its staged source models (6.506981ms)
2026-10-04T03:53:39.7919299Z ✔ a cancelled late JSON file read cannot acquire a newer ticket or replace the succeeding workspace (19.277253ms)
2026-10-04T03:53:39.7993210Z ✔ bundle import retains source overrides, encoding/BOM, folders and zero-length binary entries (5.679978ms)
2026-10-04T03:53:39.7996392Z ✔ sample reset observers see the matching source, workspace metadata and cleared old artifacts (3.792072ms)
2026-10-04T03:53:39.8127895Z ✔ stale assembly completion cannot replace a workspace opened during compiler import (4.012646ms)
2026-10-04T03:53:39.8131712Z ✔ successful assembly reset never pairs imported documents with previous build artifacts (2.793977ms)
2026-10-04T03:53:39.8136102Z ✔ metadata reads use the captured browser handle or native client and return actual bounded bytes (1.583655ms)
2026-10-04T03:53:39.8139675Z ✔ a browser metadata read rejects after its owning disk changes while getFile is pending (1.237204ms)
2026-10-04T03:53:39.8141821Z ✔ pending native metadata rejects a change to native client (1.3468ms)
2026-10-04T03:53:39.8143694Z ✔ pending native metadata rejects a change to backend mode (1.13957ms)
2026-10-04T03:53:39.8147433Z ✔ pending native metadata rejects a change to workspace epoch (1.120795ms)
2026-10-04T03:53:39.8151082Z ✔ metadata cancellation and advertised byte limits stop before consuming an oversized file (1.129952ms)
2026-10-04T03:53:40.0973005Z ✔ public shortcut utilities share native event normalization with the Options recorder (2.287165ms)
2026-10-04T03:53:40.0975943Z ✔ invalid keyboard assignments, removal syntax and profile IDs never replace active state (26.867439ms)
2026-10-04T03:53:40.0978761Z ✔ custom commands override defaults exactly once and remain visible to command menus (9.059675ms)
2026-10-04T03:53:40.0982111Z ✔ removing one native chord leaves other chords sharing its prefix available (6.698489ms)
2026-10-04T03:53:40.0985961Z ✔ a removed global exact key does not intercept an editor chord using its prefix (5.20217ms)
2026-10-04T03:53:40.0990284Z ✔ a removal follows command and scope across profile changes without suppressing a different command on the key (7.450121ms)
2026-10-04T03:53:40.0994036Z ✔ dynamic binding disposers remain valid after atomic table swaps and reject duplicate IDs (7.569055ms)
2026-10-04T03:53:40.1006002Z ✔ keyboard conflict data excludes removed defaults and includes cross-scope prefix overlap (3.625248ms)
2026-10-04T03:53:40.1009522Z ✔ popup installation handles global shortcuts once, releases listeners and leaves dialogs alone (2.373989ms)
2026-10-04T03:53:40.1012940Z ✔ attached command availability is explicit without an editor and closing a view detaches its filter (2.626243ms)
2026-10-04T03:53:41.0318724Z ✔ Studio direct ownership excludes dependency-only membership and retains genuine linked-file owners (15.186211ms)
2026-10-04T03:53:41.0321807Z ✔ composed project Fix All changes owned sources through real compiler validation without editing a dependency (125.738975ms)
2026-10-04T03:53:41.0327358Z ✔ composed solution Fix All deduplicates linked sources and preserves preview-only ownership (30.628932ms)
2026-10-04T03:53:41.0329489Z ✔ reference and test lenses compose while test resolve/run use the actual owning provider and TaskCenter (9.212231ms)
2026-10-04T03:53:41.0331663Z ✔ explicit linked-file context runs only its selected test owner, while ambiguous inferred ownership remains hidden (5.647847ms)
2026-10-04T03:53:41.0333955Z ✔ non-test lens commands forward the real host command and its argument without running a test (1.777468ms)
2026-10-04T03:53:41.0336086Z ✔ cancelling pending semantic lenses prevents the test provider from publishing combined results (5.723294ms)
2026-10-04T03:53:41.0337829Z ✔ removed test providers and changed direct ownership cannot execute retained CodeLens commands (11.009316ms)
2026-10-04T03:53:41.1571934Z ✔ cold Studio registers every facade without importing tools or activating native integration (5.422543ms)
2026-10-04T03:53:41.1584168Z ✔ first commands and panels instantiate each actual controller once and share native settings (3.151749ms)
2026-10-04T03:53:41.1598823Z ✔ visible restored panels activate only their feature and repeated layout events do not rerender (1.274834ms)
2026-10-04T03:53:41.1615502Z ✔ loading coalesces latest mount and disposal prevents late construction or DOM changes (1.677541ms)
2026-10-04T03:53:41.1639980Z ✔ module failure presents an actionable retry and a successful retry mounts the real controller (1.17698ms)
2026-10-04T03:53:41.1643226Z ✔ capability presence permits only native first activation; canonical client still validates the token (0.594105ms)
2026-10-04T03:53:41.1647540Z ✔ designer automation waits for first activation and preserves synchronous loaded document calls (0.614595ms)
2026-10-04T03:53:41.6688150Z ✔ actual view disposal and shell listeners preserve replacement model ownership at New.cs (33.735738ms)
2026-10-04T03:53:41.6771188Z ✔ actual view disposal and shell listeners preserve replacement model ownership at Old.cs (8.143604ms)
2026-10-04T03:53:41.6775835Z ✔ a genuine membership listener failure remains observable after the view ownership correction (3.353107ms)
2026-10-04T03:53:41.7554877Z ✔ actual focused view wins while dock activation is ahead of Studio editor installation (5.231395ms)
2026-10-04T03:53:41.7560010Z ✔ nested open callbacks add one departure and one actual jump, retaining view identity (1.447127ms)
2026-10-04T03:53:41.7563940Z ✔ ordinary caret movement does not create a jump and a failed open does not add a destination (1.36278ms)
2026-10-04T03:53:41.7567791Z ✔ direct window navigation and toolbar navigation replay the same history without recording activation (1.755738ms)
2026-10-04T03:53:41.7572416Z ✔ dropdown entries replay the shared history and clear invalidates in-progress tokens (1.428273ms)
2026-10-04T03:53:41.8273390Z ✔ five actual Studio preview opens reuse one tab and retain ordered jump history (8.662058ms)
2026-10-04T03:53:41.8280641Z ✔ failed preview destinations do not enter history or block the next valid navigation (1.7729ms)
2026-10-04T03:53:42.2411239Z ✔ background build failure never reveals a tool or changes user intent (9.165193ms)
2026-10-04T03:53:42.2490755Z ✔ an explicit build reveals its errors only while the initiating navigation remains current (11.711254ms)
2026-10-04T03:53:42.2514397Z ✔ an explicit build cannot reveal results for a project that is no longer selected (2.229026ms)
2026-10-04T03:53:42.2565208Z ✔ late launch completion and stop-on-entry navigation respect a newer tool selection (5.275147ms)
2026-10-04T03:53:42.2759724Z ✔ a pending new-instance launch cannot replace an explicitly selected existing application (2.650188ms)
2026-10-04T03:53:42.2762095Z ✔ a current launch may reveal its source and application without invalidating its own ticket (1.95394ms)
2026-10-04T03:53:42.2765056Z ✔ faults, exits and verified-symbol source cannot override later user navigation (2.113629ms)
2026-10-04T03:53:42.2768194Z ✔ current active-session faults may reveal output while foreign owners and worker serials are rejected (2.58253ms)
2026-10-04T03:53:42.2771529Z ✔ continuing after navigation captures a new action without reviving earlier paused events (2.297806ms)
2026-10-04T03:53:42.2774605Z ✔ restart follows the new epoch while the previous worker identity remains unable to reveal (2.60394ms)
2026-10-04T03:53:42.2778558Z ✔ registered debug commands refresh follow intent; cancelled or unavailable commands do not authorize reveals (2.53455ms)
2026-10-04T03:53:42.2781178Z ✔ main and detached document navigation invalidate pending reveals and listeners are disposed (0.972857ms)
2026-10-04T03:53:42.2784553Z ✔ an explicit target starts even when the selected build project is a library (1.594875ms)
2026-10-04T03:53:42.2805691Z ✔ stopping a pending launch revokes its later reveal without leaving an activation callback in worker options (5.146084ms)
2026-10-04T03:53:42.7724760Z ✔ Studio bulk save follows the successful Save As handle and leaves the original file untouched (28.850954ms)
2026-10-04T03:53:42.7853122Z ✔ bulk I/O cannot reconcile a replacement document with the same URI and version (9.352264ms)
2026-10-04T03:53:42.7857885Z ✔ disposing StudioSave cancels an outstanding picker without retaining targets or refreshing documents (2.302294ms)
2026-10-04T03:53:42.7861531Z ✔ native workspaces reject browser Save As before asking for a destination (1.989496ms)
2026-10-04T03:53:42.7877051Z ✔ document save acquires its picker synchronously and commits the exact asynchronously normalized capture (4.183567ms)
2026-10-04T03:53:43.2624007Z ✔ file picker opens synchronously exactly once and passes its original ticket into real workspace adoption (20.203443ms)
2026-10-04T03:53:43.2676790Z ✔ a superseded picker late change cannot invoke import or acquire a newer ticket (6.178453ms)
2026-10-04T03:53:43.2730274Z ✔ an uncancellable late reader keeps the original ticket and cannot replace a newer workspace (5.434036ms)
2026-10-04T03:53:43.2788619Z ✔ cancel removes the abort listener, releases an owned ticket, and permits a new picker (4.561006ms)
2026-10-04T03:53:43.2791235Z ✔ cancelling a borrowed ticket leaves ownership with the caller and creates no duplicate picker ticket (1.585458ms)
2026-10-04T03:53:43.2812761Z ✔ disposal rejects an open picker and removes all input and ticket listeners before late events (2.324866ms)
2026-10-04T03:53:43.2847454Z ✔ a direct nonempty input change begins once without opening a second native picker (3.893803ms)
2026-10-04T03:53:43.2898784Z ✔ an empty unsolicited change cannot supersede an independent pending workspace operation (1.376144ms)
2026-10-04T03:53:43.2902517Z ✔ read-only ownership rejects before opening the browser picker (2.666829ms)
2026-10-04T03:53:43.2907194Z ✔ consumer failure reports the actual error and releases its ticket without changing documents (1.41622ms)
2026-10-04T03:53:43.7246053Z ✔ Watch 2 is an executable user command with independent expressions/results and explicit application scope (16.353973ms)
2026-10-04T03:53:43.7290461Z ✔ Watch controls add, scope and remove expressions while asynchronous values retain the input node (7.886812ms)
2026-10-04T03:53:43.8549613Z ✔ pending application/frame results are aborted and never replace a newer window scope (4.505913ms)
2026-10-04T03:53:43.8551964Z ✔ hidden Watch windows do no evaluation or DOM writes for background output (116.292371ms)
2026-10-04T03:53:43.8555329Z ✔ factory registration before restore recreates exact Watch identity, layout and saved expressions (4.188196ms)
2026-10-04T03:53:43.8557951Z ✔ closing retains the controller and explicit unregister/dispose releases it before reopening (2.258762ms)
2026-10-04T03:53:43.8560283Z ✔ corrupt, oversized, duplicate and failed persisted writes are explicit and atomic (0.507102ms)
2026-10-04T03:53:43.9363135Z ✔ saved tool layout applies across document sets without closing or reopening documents (4.365199ms)
2026-10-04T03:53:43.9365515Z ✔ saved layouts support legacy payloads, stable slots, rename, delete and rejected persistence (1.53902ms)
2026-10-04T03:53:43.9371090Z ✔ reset requires an explicit positive choice (0.342723ms)
2026-10-04T03:53:43.9374881Z ✔ navigation retains group, view and popout identities and rejects malformed locations (0.560112ms)
2026-10-04T03:53:43.9378001Z ✔ navigation returns moved tab to its original existing document group (2.198849ms)
2026-10-04T03:53:43.9381482Z ✔ tool factories create independent instances and restore exact identities (0.978197ms)
2026-10-04T03:53:43.9386262Z ✔ Window command descriptors include layout slots and keyboard-only management (0.499048ms)
2026-10-04T03:53:43.9948196Z ✔ worker requests preserve the protocol and reject errors without leaking pending requests (3.711821ms)
2026-10-04T03:53:43.9984939Z ✔ worker errors reject all requests and only explicit restart admits new work (0.749358ms)
2026-10-04T03:53:43.9988854Z ✔ restart generations suppress late replies and events from the terminated worker (0.499078ms)
2026-10-04T03:53:44.0032985Z ✔ timeout, abort, quota and disposal all clean up their pending requests (10.593135ms)
2026-10-04T03:53:44.0035724Z ✔ constructor request middleware is explicit and preserves input objects (0.51147ms)
2026-10-04T03:53:44.0038989Z ✔ event delivery is ordered under reentrancy and unsubscribe during dispatch (0.323638ms)
2026-10-04T03:53:44.0880399Z ✔ a slow earlier read cannot replace a later workspace, even after the later ticket finishes (4.634734ms)
2026-10-04T03:53:44.0882399Z ✔ an old finally cannot release or cancel the current request (0.512893ms)
2026-10-04T03:53:44.0886853Z ✔ nested readers share the original ticket instead of beginning after their await (0.794803ms)
2026-10-04T03:53:44.0889050Z ✔ external cancellation rejects adoption and retains the original cancellation cause (0.861328ms)
2026-10-04T03:53:44.0891004Z ✔ an already-cancelled request cannot begin reading or leave ownership behind (0.821853ms)
2026-10-04T03:53:44.0897271Z ✔ ownership check cancels after document edit without undoing the current workspace (0.799552ms)
2026-10-04T03:53:44.0898680Z ✔ ownership check cancels after document replacement without undoing the current workspace (0.576372ms)
2026-10-04T03:53:44.0906727Z ✔ ownership check cancels after workspace epoch without undoing the current workspace (0.414118ms)
2026-10-04T03:53:44.0908367Z ✔ ownership check cancels after native backend without undoing the current workspace (0.548991ms)
2026-10-04T03:53:44.0909471Z ✔ ownership check cancels after read-only transition without undoing the current workspace (0.459323ms)
2026-10-04T03:53:44.0912792Z ✔ ownership check cancels after document disposal without undoing the current workspace (0.379002ms)
2026-10-04T03:53:44.0915924Z ✔ begin rejects a locked workspace and a disposed document service (0.372469ms)
2026-10-04T03:53:44.0919851Z ✔ disposal cancels pending I/O, prevents adoption, and is idempotent (0.441399ms)
2026-10-04T03:53:44.0922364Z ✔ finish detaches external cancellation and a finished ticket cannot be reused (0.407476ms)
2026-10-04T03:53:44.0925731Z ✔ independent Studio instances do not cancel each other (0.913927ms)
2026-10-04T03:53:44.0929053Z ✔ a reentrant abort listener cannot restore an older owner over a newer request (0.473629ms)
2026-10-04T03:53:44.0933613Z ✔ invalid arguments do not supersede a valid pending request (0.347252ms)
2026-10-04T03:53:44.2939167Z ✔ initial model places all panels closed with persistent empty document group (2.370071ms)
2026-10-04T03:53:44.2940798Z ✔ open activate close reopen retains unique placement (1.507852ms)
2026-10-04T03:53:44.2942736Z ✔ edge dock left (0.727155ms)
2026-10-04T03:53:44.2945843Z ✔ edge dock right (0.320482ms)
2026-10-04T03:53:44.2949159Z ✔ edge dock top (0.303139ms)
2026-10-04T03:53:44.2952013Z ✔ edge dock bottom (0.273975ms)
2026-10-04T03:53:44.2955261Z ✔ tab reorder is deterministic (0.322856ms)
2026-10-04T03:53:44.2959571Z ✔ float redock cleans empty floating nodes (0.559351ms)
2026-10-04T03:53:44.2962349Z ✔ auto hide pin close and reopen move one panel (0.749077ms)
2026-10-04T03:53:44.2964856Z ✔ documents cannot auto hide (0.644811ms)
2026-10-04T03:53:44.2969131Z ✔ nonclosable panels cannot close (0.203542ms)
2026-10-04T03:53:44.2971965Z ✔ layout JSON restore roundtrips split auto hide and floats (0.64422ms)
2026-10-04T03:53:44.2974793Z ✔ invalid restore is atomic s=>s.root.active='missing' (0.212259ms)
2026-10-04T03:53:44.2977697Z ✔ invalid restore is atomic s=>s.closed.push('output') (0.193814ms)
2026-10-04T03:53:44.2980775Z ✔ invalid restore is atomic s=>s.root.id='' (0.171372ms)
2026-10-04T03:53:44.2983237Z ✔ invalid restore is atomic s=>s.version=999 (0.237095ms)
2026-10-04T03:53:44.2986747Z ✔ invalid restore is atomic s=>s.closed.pop() (0.169619ms)
2026-10-04T03:53:44.2989751Z ✔ invalid restore is atomic s=>s.autoHide.left.push('unknown') (0.159881ms)
2026-10-04T03:53:44.2995615Z ✔ invalid restore is atomic s=>s.floating.push({id:'f',x:0,y:0,width:-1,height:100,root:createGroup('g',[])}) (0.206559ms)
2026-10-04T03:53:44.2997495Z ✔ invalid operation rolls back model (0.333907ms)
2026-10-04T03:53:44.2999338Z ✔ undo redo restore correct placements (0.354666ms)
2026-10-04T03:53:44.3002014Z ✔ split resize validates finite ratio and clamps keyboard movement (0.344878ms)
2026-10-04T03:53:44.3004495Z ✔ closing final document keeps a docking target (0.212268ms)
2026-10-04T03:53:44.3008140Z ✔ history bound and subscriptions can unsubscribe (0.581422ms)
2026-10-04T03:53:44.3015620Z ✔ register and unregister document panels preserve invariants (0.318027ms)
2026-10-04T03:53:44.3022105Z ✔ duplicate tree identifiers are rejected (0.188133ms)
2026-10-04T03:53:44.3024129Z ✔ randomized moves maintain uniqueness and valid round trips (122.832927ms)
2026-10-04T03:53:44.5621861Z ✔ 08 preview mutation batches preflight before replacing workspace buffers (3.297874ms)
2026-10-04T03:53:44.5625958Z ✔ 08 preview rename/copy/delete undo restores data and editor metadata (1.238557ms)
2026-10-04T03:53:44.5630440Z ✔ 08 preview undo refuses subsequent user edits (0.487235ms)
2026-10-04T03:53:44.5634876Z ✔ 08 pending file command cannot cross a workspace switch (0.272572ms)
2026-10-04T03:53:44.5636648Z ✔ 08 planning a project change detects concurrent project source changes (0.366529ms)
2026-10-04T03:53:44.5639222Z ✔ 08 native planning reads unsaved project buffers, not an old disk snapshot (0.220034ms)
2026-10-04T03:53:44.5643020Z ✔ 08 cross-project source copy explicitly includes files with defaults disabled (4.449878ms)
2026-10-04T03:53:44.5646885Z ✔ 08 readonly explorer rejects file mutations before prompting (1.007623ms)
2026-10-04T03:53:44.5651239Z ✔ 08 overlapping explorer dialogs cannot start a second mutation (0.363503ms)
2026-10-04T03:53:44.5654414Z ✔ 08 solution project removal preserves comment and neighboring configuration (0.680939ms)
2026-10-04T03:53:44.5661281Z ✔ 08 solution removal also removes literal dependency on the removed member (0.343515ms)
2026-10-04T03:53:44.5663059Z ✔ 08 package reference authoring escapes metadata and does not invent relative package IDs (0.577344ms)
2026-10-04T03:53:44.5666642Z ✔ 08 path rewrites leave commented-out references and CDATA byte-identical (0.551746ms)
2026-10-04T03:53:44.5669928Z ✔ 08 adding compile membership removes default match before explicit include (0.597993ms)
2026-10-04T03:53:44.5672769Z ✔ 08 Visual Studio modifier-only keys do not eat an active keyboard chord (14.309253ms)
2026-10-04T03:53:44.5674558Z ✔ 08 editor declares Visual Studio default and six distinct profiles without a DOM (0.757963ms)
2026-10-04T03:53:44.5909064Z ✔ 08 native XML write undo restores original encoding and byte hash (33.575437ms)
2026-10-04T03:53:44.5921014Z ✔ 08 native XML syntax validation precedes every batch mutation (1.3846ms)
2026-10-04T03:53:44.5935365Z ✔ 08 native overlapping parent/child operations fail preflight instead of breaking undo (1.22987ms)
2026-10-04T03:53:44.6020567Z ✔ 08 native XML write followed by undo rejects later disk edits (8.387652ms)
2026-10-04T03:53:44.6539655Z ✔ 08 actual loopback explorer APIs enforce auth/origin and preserve binary bytes (51.696609ms)
2026-10-04T03:53:44.6912101Z ℹ tests 710
2026-10-04T03:53:44.6912546Z ℹ suites 0
2026-10-04T03:53:44.6912914Z ℹ pass 710
2026-10-04T03:53:44.6913268Z ℹ fail 0
2026-10-04T03:53:44.6913631Z ℹ cancelled 0
2026-10-04T03:53:44.6914445Z ℹ skipped 0
2026-10-04T03:53:44.6914809Z ℹ todo 0
2026-10-04T03:53:44.6915240Z ℹ duration_ms 40858.510115
2026-10-04T03:53:44.8618521Z Discovered 57 Node test files and 4 Python suites in 1 area manifests. Node reports executed test counts below.
2026-10-04T03:53:45.1580649Z ▶ VS Code shortcuts apply independently specified text, caret, view and host results
2026-10-04T03:53:45.1582001Z   ✔ ArrowLeft (19.276482ms)
2026-10-04T03:53:45.1582699Z   ✔ Shift+ArrowLeft (1.717346ms)
2026-10-04T03:53:45.1583419Z   ✔ ArrowRight (1.594495ms)
2026-10-04T03:53:45.1584447Z   ✔ Shift+ArrowRight (2.930944ms)
2026-10-04T03:53:45.1586511Z   ✔ ArrowUp (1.762801ms)
2026-10-04T03:53:45.1587830Z   ✔ Shift+ArrowUp (1.17691ms)
2026-10-04T03:53:45.1589508Z   ✔ ArrowDown (1.079197ms)
2026-10-04T03:53:45.1593350Z   ✔ Shift+ArrowDown (1.398286ms)
2026-10-04T03:53:45.1595552Z   ✔ Home (1.726943ms)
2026-10-04T03:53:45.1598580Z   ✔ Shift+Home (1.817393ms)
2026-10-04T03:53:45.1601054Z   ✔ End (1.709932ms)
2026-10-04T03:53:45.1604329Z   ✔ Shift+End (0.859083ms)
2026-10-04T03:53:45.1613306Z   ✔ Mod+Home (0.831922ms)
2026-10-04T03:53:45.1614250Z   ✔ Mod+Shift+Home (1.039633ms)
2026-10-04T03:53:45.1617851Z   ✔ Mod+End (1.242733ms)
2026-10-04T03:53:45.1628820Z   ✔ Mod+Shift+End (1.134171ms)
2026-10-04T03:53:45.1629604Z   ✔ Mod+ArrowLeft (1.521006ms)
2026-10-04T03:53:45.1630626Z   ✔ Mod+Shift+ArrowLeft (1.433733ms)
2026-10-04T03:53:45.1636483Z   ✔ Mod+ArrowRight (1.069709ms)
2026-10-04T03:53:45.1640885Z   ✔ Mod+Shift+ArrowRight (0.799872ms)
2026-10-04T03:53:45.1644905Z   ✔ PageUp (0.833275ms)
2026-10-04T03:53:45.1647869Z   ✔ Shift+PageUp (0.801916ms)
2026-10-04T03:53:45.1656023Z   ✔ PageDown (0.875154ms)
2026-10-04T03:53:45.1667917Z   ✔ Shift+PageDown (1.305993ms)
2026-10-04T03:53:45.1668783Z   ✔ Backspace (3.837768ms)
2026-10-04T03:53:45.1669755Z   ✔ Delete (1.280986ms)
2026-10-04T03:53:45.1671641Z   ✔ Mod+Backspace (1.691607ms)
2026-10-04T03:53:45.1672803Z   ✔ Mod+Delete (1.130573ms)
2026-10-04T03:53:45.1675353Z   ✔ Enter (1.351378ms)
2026-10-04T03:53:45.1677481Z   ✔ Tab (1.906801ms)
2026-10-04T03:53:45.1680937Z   ✔ Shift+Tab (2.350435ms)
2026-10-04T03:53:45.1704632Z   ✔ Mod+A (1.413475ms)
2026-10-04T03:53:45.1706277Z   ✔ Mod+X (1.564358ms)
2026-10-04T03:53:45.1706965Z   ✔ Mod+V (1.601909ms)
2026-10-04T03:53:45.1707588Z   ✔ Mod+C (0.868361ms)
2026-10-04T03:53:45.1708220Z   ✔ Mod+Z (0.973438ms)
2026-10-04T03:53:45.1708810Z   ✔ Mod+Y (1.534803ms)
2026-10-04T03:53:45.1709450Z   ✔ Mod+Shift+Z (0.942159ms)
2026-10-04T03:53:45.1711099Z   ✔ Mod+D (2.004544ms)
2026-10-04T03:53:45.1713233Z   ✔ Mod+Shift+L (1.672852ms)
2026-10-04T03:53:45.1724607Z   ✔ Mod+Shift+K (1.346529ms)
2026-10-04T03:53:45.1726811Z   ✔ Mod+L (1.047186ms)
2026-10-04T03:53:45.1728070Z   ✔ Mod+Enter (1.695774ms)
2026-10-04T03:53:45.1729335Z   ✔ Mod+Shift+Enter (1.00666ms)
2026-10-04T03:53:45.1731512Z   ✔ Alt+Shift+ArrowUp (1.168004ms)
2026-10-04T03:53:45.1733390Z   ✔ Alt+Shift+ArrowDown (1.016519ms)
2026-10-04T03:53:45.1736382Z   ✔ Alt+ArrowUp (1.507982ms)
2026-10-04T03:53:45.1739953Z   ✔ Alt+ArrowDown (1.01172ms)
2026-10-04T03:53:45.1755472Z   ✔ Mod+Alt+ArrowUp (1.609142ms)
2026-10-04T03:53:45.1756498Z   ✔ Mod+Alt+ArrowDown (1.418183ms)
2026-10-04T03:53:45.1759002Z   ✔ Mod+Shift+\ (1.347451ms)
2026-10-04T03:53:45.1761217Z   ✔ Mod+] (0.922472ms)
2026-10-04T03:53:45.1763563Z   ✔ Mod+[ (0.923154ms)
2026-10-04T03:53:45.1766481Z   ✔ Mod+ArrowUp (0.825049ms)
2026-10-04T03:53:45.1768989Z   ✔ Mod+ArrowDown (0.83056ms)
2026-10-04T03:53:45.1771686Z   ✔ Mod+Shift+[ (1.12901ms)
2026-10-04T03:53:45.1777786Z   ✔ Mod+Shift+] (0.849065ms)
2026-10-04T03:53:45.1780345Z   ✔ Mod+K Mod+0 (0.928023ms)
2026-10-04T03:53:45.1784544Z   ✔ Mod+K Mod+J (0.85743ms)
2026-10-04T03:53:45.1792037Z   ✔ Mod+K Mod+C (1.551473ms)
2026-10-04T03:53:45.1792897Z   ✔ Mod+K Mod+U (1.065491ms)
2026-10-04T03:53:45.1794320Z   ✔ Mod+/ (1.213729ms)
2026-10-04T03:53:45.1796627Z   ✔ Alt+Z (1.078035ms)
2026-10-04T03:53:45.1799234Z   ✔ Escape (1.140131ms)
2026-10-04T03:53:45.1802112Z   ✔ Insert (1.090227ms)
2026-10-04T03:53:45.1829705Z   ✔ Mod+= (1.112921ms)
2026-10-04T03:53:45.1830428Z   ✔ Mod+- (1.104173ms)
2026-10-04T03:53:45.1831145Z   ✔ Mod+0 (1.179445ms)
2026-10-04T03:53:45.1831603Z   ✔ Mod+P (1.945654ms)
2026-10-04T03:53:45.1832066Z   ✔ Mod+Shift+P (0.810623ms)
2026-10-04T03:53:45.1832528Z   ✔ F1 (0.737094ms)
2026-10-04T03:53:45.1832933Z   ✔ Mod+, (0.724201ms)
2026-10-04T03:53:45.1833406Z   ✔ Mod+K Mod+S (0.744468ms)
2026-10-04T03:53:45.1834105Z   ✔ Mod+S (0.679576ms)
2026-10-04T03:53:45.1843336Z   ✔ Mod+Shift+S (0.816884ms)
2026-10-04T03:53:45.1844255Z   ✔ Mod+F4 (1.450274ms)
2026-10-04T03:53:45.1845310Z   ✔ Ctrl+F6 (1.250879ms)
2026-10-04T03:53:45.1846166Z   ✔ Ctrl+Shift+F6 (1.004657ms)
2026-10-04T03:53:45.1847104Z   ✔ Mod+Alt+N (1.108161ms)
2026-10-04T03:53:45.1851447Z   ✔ Mod+Alt+O (1.042008ms)
2026-10-04T03:53:45.1852096Z   ✔ Mod+\ (0.951487ms)
2026-10-04T03:53:45.1852586Z   ✔ Alt+ArrowLeft (1.19251ms)
2026-10-04T03:53:45.1854351Z   ✔ Alt+ArrowRight (1.849544ms)
2026-10-04T03:53:45.1858059Z   ✔ F12 (1.636414ms)
2026-10-04T03:53:45.1865889Z   ✔ Shift+F12 (1.497613ms)
2026-10-04T03:53:45.1868204Z   ✔ Mod+Shift+F (1.504956ms)
2026-10-04T03:53:45.1871495Z   ✔ Mod+Shift+H (1.298839ms)
2026-10-04T03:53:45.1875585Z   ✔ Mod+F (1.446126ms)
2026-10-04T03:53:45.1877872Z   ✔ Mod+H (1.009586ms)
2026-10-04T03:53:45.1879402Z   ✔ F3 (0.739629ms)
2026-10-04T03:53:45.1893545Z   ✔ Shift+F3 (0.756281ms)
2026-10-04T03:53:45.1894385Z   ✔ Mod+Space (0.736002ms)
2026-10-04T03:53:45.1895349Z   ✔ Mod+Shift+Space (0.69765ms)
2026-10-04T03:53:45.1896145Z   ✔ Mod+K Mod+I (0.751491ms)
2026-10-04T03:53:45.1897493Z   ✔ Mod+. (0.838695ms)
2026-10-04T03:53:45.1898759Z   ✔ F2 (0.718109ms)
2026-10-04T03:53:45.1900441Z   ✔ Alt+Shift+F (1.842992ms)
2026-10-04T03:53:45.1903361Z   ✔ Alt+Shift+ArrowRight (1.145861ms)
2026-10-04T03:53:45.1914727Z   ✔ Alt+Shift+ArrowLeft (0.864854ms)
2026-10-04T03:53:45.1916440Z ✔ VS Code shortcuts apply independently specified text, caret, view and host results (153.479162ms)
2026-10-04T03:53:45.1927732Z ✔ normalizes platform modifiers and real shifted punctuation without intercepting AltGraph or IME (0.490281ms)
2026-10-04T03:53:45.1930522Z ✔ macOS profile editing uses Meta while physical Ctrl bindings remain distinct (1.082273ms)
2026-10-04T03:53:45.1932344Z ✔ context expressions are bounded boolean predicates without evaluation side effects (1.049281ms)
2026-10-04T03:53:45.1934773Z ✔ resolver honors scope, priority, predicates, disposal, and atomic replacement of invalid bindings (0.831812ms)
2026-10-04T03:53:45.1936500Z ✔ chord cancellation, failure and timeout leave no stale pending input (0.47373ms)
2026-10-04T03:53:45.1938198Z ✔ a higher-priority chord prefix suppresses a lower-priority destructive command even after timeout (0.323418ms)
2026-10-04T03:53:45.1939770Z ✔ all shipped profile bindings have executable command registrations (1.328945ms)
2026-10-04T03:53:45.2081953Z ✔ Visual Studio bindings and unbound known commands match the pinned inventory (51.117712ms)
2026-10-04T03:53:45.2084869Z ✔ readonly commands and editing aliases preserve text/history while navigation remains available (1.803998ms)
2026-10-04T03:53:45.2087070Z ✔ completion filter aliases call the implemented insight API with directions (1.344936ms)
2026-10-04T03:53:45.3789570Z ✔ profile switches preserve the authoritative model, undo, primary selection, view and native state (25.215105ms)
2026-10-04T03:53:45.3792426Z ✔ resuming Vim insert after a profile switch opens a new complete undo group (5.656263ms)
2026-10-04T03:53:45.3797762Z ✔ Emacs mark extends motion, exchanges ends and kills the marked region with one undo (3.861252ms)
2026-10-04T03:53:45.3800114Z ✔ Emacs successive kills append, yank cycles distinct entries, and unrelated commands end a yank chain (4.98354ms)
2026-10-04T03:53:45.3802240Z ✔ Emacs ring bounds and marks stay independent between views and track document edits (2.473164ms)
2026-10-04T03:53:45.3804999Z ✔ Sublime occurrences and split-line carets edit the actual model atomically (4.355354ms)
2026-10-04T03:53:45.3807025Z ✔ native text edits preserve CRLF and deduplicate two carets on one copied line (2.107187ms)
2026-10-04T03:53:45.3810807Z ✔ clipboard distributes multiline fragments, remembers line copy and undoes all caret pastes together (3.053645ms)
2026-10-04T03:53:45.3817769Z ▶ denied and stale clipboard requests never mutate text, history or selections
2026-10-04T03:53:45.3818962Z   ✔ Edit.Cut (1.70321ms)
2026-10-04T03:53:45.3822051Z   ✔ Edit.Paste (1.526998ms)
2026-10-04T03:53:45.3824721Z   ✔ selection (1.371636ms)
2026-10-04T03:53:45.3828161Z   ✔ document (1.720231ms)
2026-10-04T03:53:45.3830734Z   ✔ dispose (0.833906ms)
2026-10-04T03:53:45.3834944Z   ✔ profile (1.233126ms)
2026-10-04T03:53:45.3837911Z   ✔ readonly (0.98519ms)
2026-10-04T03:53:45.3840288Z ✔ denied and stale clipboard requests never mutate text, history or selections (10.60636ms)
2026-10-04T03:53:45.3842739Z ✔ CodeMirror protocol is a live model projection with operation undo and savepoint cleanliness (1.882626ms)
2026-10-04T03:53:45.3846278Z ✔ document marks follow edits, are cleared on model replacement, and dispose releases subscriptions (2.133136ms)
2026-10-04T03:53:46.1395658Z ✔ instance receiver signature help includes its accessible instance overloads, not same-name unrelated methods (114.218609ms)
2026-10-04T03:53:46.1398051Z ✔ this receiver uses its containing type, preserving private overloads accessible within that type (8.373236ms)
2026-10-04T03:53:46.1406740Z ✔ type receivers use static overloads and scoped receiver variables use their bound types (14.267417ms)
2026-10-04T03:53:46.1410071Z ✔ generic and inherited instance members display substituted parameter types (11.942538ms)
2026-10-04T03:53:46.1412526Z ✔ incomplete invocation recovery retains the bound this receiver before arguments or closing delimiters exist (5.35083ms)
2026-10-04T03:53:46.1414772Z ✔ nested delimiters and named argument mapping use actual syntax and the selected overload (9.175242ms)
2026-10-04T03:53:46.1416504Z ✔ unresolved receivers and stale worker snapshots never return unrelated method tips (4.555947ms)
2026-10-04T03:53:46.1418965Z ✔ worker uses syntax argument separators when a lexical hint counts a nested generic comma (11.259165ms)
2026-10-04T03:53:46.3627063Z ✔ A20 pre-cancelled and queued-cancelled disk saves do not start a read or write (17.734346ms)
2026-10-04T03:53:46.3677003Z ✔ A20 cancelling an acquired prepared baseline releases its private model and preserves the live source (5.580588ms)
2026-10-04T03:53:46.3819811Z ✔ A20 cancellation during permission and stream acquisition prevents any committed write (11.043009ms)
2026-10-04T03:53:46.3920509Z ✔ A20 a mid-stream cancellation aborts before close and retains the previous baseline/version (13.080646ms)
2026-10-04T03:53:46.4056583Z ✔ A20 close is the per-file commit boundary; cancellation prevents later files and preserves exact partial written results (13.947905ms)
2026-10-04T03:53:46.4123363Z ✔ A20 a cancellation after the final close starts does not falsely report an uncommitted file (6.824947ms)
2026-10-04T03:53:46.6566255Z ✔ model benchmark measures all five actual operations and preserves source correctness (25.74513ms)
2026-10-04T03:53:46.6571314Z ✔ model benchmark cancellation is explicit and produces no pretend successful report (0.91053ms)
2026-10-04T03:53:46.6577787Z ✔ memory runner refuses unavailable GC and preserves signed deltas (0.610917ms)
2026-10-04T03:53:46.6991356Z ✔ browser harness serves the real editor entry under a strict CSP and rejects malformed resource URLs (43.049089ms)
2026-10-04T03:53:46.7857067Z ✔ 200 MiB qualification is explicitly accepted without growing defaults or allocating a large fixture (2.611063ms)
2026-10-04T03:53:46.7883557Z ✔ browser readiness only uses evaluate and stops once the real API appears (4.469555ms)
2026-10-04T03:53:46.8001838Z ✔ browser readiness has a deadline even when evaluate hangs, and propagates page errors or cancellation (11.841179ms)
2026-10-04T03:53:46.9705837Z ✔ chunk boundaries preserve the shared matcher nonoverlap, case-fold and word-boundary semantics (22.694113ms)
2026-10-04T03:53:46.9711297Z ✔ cooperative search is cancellable between slices and reports progress without publishing partial success (1.242805ms)
2026-10-04T03:53:46.9720384Z ✔ persistent snapshots are read in bounded slices without materializing document text (13.016706ms)
2026-10-04T03:53:46.9722098Z ✔ global match limits remain exact when each chunk contains rejected whole-word matches (61.356196ms)
2026-10-04T03:53:46.9960688Z ✔ regex worker receives bounded chunks and cancellation terminates its isolated computation (28.378807ms)
2026-10-04T03:53:47.0776847Z ✔ real paste source triggers bounded range formatting and its own undo transaction (6.171891ms)
2026-10-04T03:53:47.0783049Z ✔ disabled paste/type/completion triggers and formatting recursion schedule no work (0.657555ms)
2026-10-04T03:53:47.0793245Z ✔ on-type formatting uses the registered provider and read-only editors cannot commit it (0.555042ms)
2026-10-04T03:53:47.3118041Z ✔ A20 shared-model locks update each pane, reject prepared edits, and preserve rollback and history (6.194553ms)
2026-10-04T03:53:47.3122648Z ✔ A20 read-only construction and subscription disposal do not change document revisions (0.892617ms)
2026-10-04T03:53:47.3130305Z ✔ A20 same-line offscreen edits reconcile wrap counts and zone mapping without visiting the line (10.852431ms)
2026-10-04T03:53:47.3133111Z ✔ A20 wrap measurement stays chunked after a large same-line-count replacement (1.352891ms)
2026-10-04T03:53:47.3137684Z ✔ A20 deleting a brace or region marker on one line refreshes the actual folding provider (7.976481ms)
2026-10-04T03:53:47.3145991Z ✔ A20 real workspace configuration applies ancestor sections, per-language overlays and ordinary EOL preservation (3.953024ms)
2026-10-04T03:53:47.3150561Z ✔ A20 EditorConfig input is bounded, model-aware, ordered, atomic and unaffected by unrelated root flags (0.956546ms)
2026-10-04T03:53:47.3152776Z ✔ A20 multi-caret deletion retains blocked carets and merges overlapping word deletions in one undo step (11.578626ms)
2026-10-04T03:53:47.3154224Z ✔ A20 invalid load chunk sizes reject before reading or replacing the document (1.511259ms)
2026-10-04T03:53:47.3158769Z ✔ A20 overlapping whole-line expansions transform every selected line once (1.332673ms)
2026-10-04T03:53:47.3160499Z ✔ A20 project/disk path-only records apply configuration without flattening source snapshots (0.417614ms)
2026-10-04T03:53:48.1509536Z ✔ compiler contribution reuses real language endpoints with explicit client aliases (99.366595ms)
2026-10-04T03:53:48.1512069Z ✔ diagnostic and semantic results are versioned, source faithful and reject stale snapshots (8.788786ms)
2026-10-04T03:53:48.1518385Z ✔ signature request uses provider symbols for nested invocations and preserves active argument (21.690428ms)
2026-10-04T03:53:48.1525521Z ✔ inlay hints share one bound implementation with the existing LSP contract (5.881626ms)
2026-10-04T03:53:48.1526958Z ✔ rename and refactoring requests return versioned edits without committing source (36.55394ms)
2026-10-04T03:53:48.1530803Z ✔ format selection/on-type adapt existing indentation edits and preserve unrelated lines (2.212125ms)
2026-10-04T03:53:48.1535091Z ✔ generated peek targets retain their own URI/version and are explicitly read-only (0.411573ms)
2026-10-04T03:53:48.4150634Z ✔ A20 shared-model locks update each pane, reject prepared edits, and preserve rollback and history (6.312735ms)
2026-10-04T03:53:48.4195422Z ✔ A20 read-only construction and subscription disposal do not change document revisions (0.949393ms)
2026-10-04T03:53:48.4211992Z ✔ A20 same-line offscreen edits reconcile wrap counts and zone mapping without visiting the line (11.578495ms)
2026-10-04T03:53:48.4214606Z ✔ A20 wrap measurement stays chunked after a large same-line-count replacement (1.231673ms)
2026-10-04T03:53:48.4216096Z ✔ A20 deleting a brace or region marker on one line refreshes the actual folding provider (8.133936ms)
2026-10-04T03:53:48.4217079Z ✔ A20 multi-caret deletion retains blocked carets and merges overlapping word deletions in one undo step (11.89507ms)
2026-10-04T03:53:48.4217970Z ✔ A20 invalid load chunk sizes reject before reading or replacing the document (1.499506ms)
2026-10-04T03:53:48.4218723Z ✔ A20 overlapping whole-line expansions transform every selected line once (1.758883ms)
2026-10-04T03:53:48.5552544Z ✔ nearest-rank percentiles preserve raw outliers and reject malformed samples (1.823665ms)
2026-10-04T03:53:48.5557732Z ✔ 100MB fixture uses exact byte/code-unit size with one deterministic middle search target (72.252785ms)
2026-10-04T03:53:48.5565296Z ✔ performance gate fails strictly above20percent p95 and passes exact20percent boundary (1.107971ms)
2026-10-04T03:53:48.5567539Z ✔ retained memory budgets bound each real component and preserve signed measurement noise (0.545825ms)
2026-10-04T03:53:48.5572065Z ✔ one regressed size/operation cannot be hidden by another faster row (0.375394ms)
2026-10-04T03:53:48.5575913Z ✔ gate rejects missing browser evidence, changed runners, tampered percentiles and failed correctness (0.613893ms)
2026-10-04T03:53:48.5581523Z ✔ zero baseline and missing/duplicate benchmark rows cannot silently pass (0.360987ms)
2026-10-04T03:53:48.7224155Z ✔ regex replacement with numbered and named groups spans open documents atomically (8.991215ms)
2026-10-04T03:53:48.7235662Z ✔ find selection scope retains the captured range, whole-word filters and preserve-case replacements (2.389668ms)
2026-10-04T03:53:48.7245656Z ✔ selection search counts only its captured scope and restores original regex capture coordinates (9.718713ms)
2026-10-04T03:53:48.7247794Z ✔ single-editor and selection snapshots stay lazy and reject replaced model identities (29.225326ms)
2026-10-04T03:53:48.7249656Z ✔ a newer search supersedes pending matches and an invalid pattern cannot reuse an older result (12.823173ms)
2026-10-04T03:53:48.7251407Z ✔ invalid regex and stale replace preview leave source unchanged and history stays bounded (1.94869ms)
2026-10-04T03:53:48.7253268Z ✔ side-by-side and inline rows share hunks and preserve line alignment around insertion and deletion (2.776244ms)
2026-10-04T03:53:48.7267104Z ✔ merge preserves unresolved conflict bytes until a chosen side, both or manual result is accepted (13.169453ms)
2026-10-04T03:53:48.7269190Z ✔ independent merge changes are accepted automatically and adjacent conflict offsets track replacement length (0.682822ms)
2026-10-04T03:53:48.8202733Z ✔ every declared service can be supplied by a standalone fake provider (3.071728ms)
2026-10-04T03:53:48.8207836Z ✔ RPC adapter advertises only pure registered methods and passes cancellation through (0.362331ms)
2026-10-04T03:53:48.8209822Z ✔ request generations reject older versions, edits at identical caret offsets and out-of-order results (1.256079ms)
2026-10-04T03:53:48.8213059Z ✔ guard propagates errors, isolates feature channels and cancels on dispose (0.421972ms)
2026-10-04T03:53:48.8216844Z ✔ guard retains persistent snapshot identities and compares target document versions independently (1.547747ms)
2026-10-04T03:53:48.8227022Z ✔ three-document edits commit before any subscriber and undo in one step per document (4.689788ms)
2026-10-04T03:53:48.8228799Z ✔ stale, overlapping, missing, readonly and invalid LSP edits fail before any mutation (4.398221ms)
2026-10-04T03:53:48.8230311Z ✔ LSP document changes and captured versions require an explicit host for resource operations (0.810211ms)
2026-10-04T03:53:48.8232164Z ✔ version change after preview blocks commit and an internal participant failure rolls back history (1.711084ms)
2026-10-04T03:53:48.8234389Z ✔ rename preview updates source without publishing then cancel restores exact bytes and undo state (1.191548ms)
2026-10-04T03:53:48.8235710Z ✔ diagnostic severities and semantic overlays are version checked and preserve lexical coverage (0.768503ms)
2026-10-04T03:53:48.9907396Z ✔ snippet placeholders, forward mirrors, variables, choices and final stop use UTF-16 offsets (2.522267ms)
2026-10-04T03:53:48.9911736Z ✔ nested snippet placeholders and escaped punctuation are retained (0.354717ms)
2026-10-04T03:53:48.9920946Z ✔ invalid, recursive, excessive and transform snippets fail explicitly (0.715775ms)
2026-10-04T03:53:48.9924791Z ✔ all builtin snippets expand and all required C# and surrounding templates are present (0.790785ms)
2026-10-04T03:53:48.9926885Z ✔ snippet primary edits and synchronous linked mirrors undo together through editor edit hooks (6.125945ms)
2026-10-04T03:53:48.9930793Z ✔ completion fuzzy matches prefer prefix, preserve match positions, support filters and use bounded MRU (0.592523ms)
2026-10-04T03:53:48.9935591Z ✔ signature nesting counts only commas in the active call and ignores literals (2.835254ms)
2026-10-04T03:53:48.9939186Z ✔ smart newline uses source EOL, indentation settings and a caret between empty braces (0.448131ms)
2026-10-04T03:53:49.1981066Z ✔ ordinary model switches retain selections, folding and scroll without transferring model ownership (6.343534ms)
2026-10-04T03:53:49.1987721Z ✔ a removed model cannot reinsert itself or overwrite folding state when its old view is disposed (0.717918ms)
2026-10-04T03:53:49.1996499Z ✔ an externally replaced model keeps its registry entry and cache when the previous view saves state (0.888288ms)
2026-10-04T03:53:49.1997861Z ✔ standalone explicit same-URI replacement discards state belonging to the previous model (0.791767ms)
2026-10-04T03:53:50.0995952Z ✔ document/project/solution Fix All batch exactly one selected action equivalence family (136.145268ms)
2026-10-04T03:53:50.0999067Z ✔ Fix All validates every source version and rejects forged, absent or ambiguous ownership (0.833566ms)
2026-10-04T03:53:50.1007023Z ✔ implicit type batches preserve nonexact numeric conversions, const locals and comments (10.427384ms)
2026-10-04T03:53:50.1008989Z ✔ solution Fix All uses real isolated compiler contexts, deduplicates shared source and does not commit (29.127022ms)
2026-10-04T03:53:50.1012286Z ✔ project Fix All does not broaden to an unrelated project (7.631602ms)
2026-10-04T03:53:50.1016775Z ✔ type rename reaches each dependent compiler context and returns one resource move (20.993657ms)
2026-10-04T03:53:50.1020908Z ✔ workspace action rejects a source mutation or ownership change while providers are answering (9.411575ms)
2026-10-04T03:53:50.1025063Z ✔ pre-cancelled solution action never returns a partial plan (1.475732ms)
2026-10-04T03:53:50.1030877Z ✔ solution Fix All and rename reject new project membership during the final semantic validation (19.635837ms)
2026-10-04T03:53:50.1033396Z ✔ conflicting shared edits or resources are refused before a preview can be committed (0.445297ms)
2026-10-04T03:53:50.2418211Z ✔ incremental forward search begins at a large origin and repeats beyond 10000 matches before wrapping (33.023971ms)
2026-10-04T03:53:50.2420265Z ✔ incremental reverse search selects the nearest preceding match and wraps from the actual caret (1.832491ms)
2026-10-04T03:53:50.2422086Z ✔ extending and shortening an incremental query always returns to the opening origin (1.604463ms)
2026-10-04T03:53:50.2426321Z ✔ cancel restores the opening range, while accepting preserves the selected match without edits (2.21534ms)
2026-10-04T03:53:50.2428714Z ✔ an explicit navigation budget failure leaves the original selection and displays the limit (0.907124ms)
2026-10-04T03:53:50.2507206Z ✔ an exhausted scope and an empty query display their result without moving the caret (2.982732ms)
2026-10-04T03:53:50.2510475Z ✔ a delayed incremental result is discarded after edit (2.435194ms)
2026-10-04T03:53:50.2514125Z ✔ a delayed incremental result is discarded after replace model (1.040224ms)
2026-10-04T03:53:50.2518287Z ✔ a newer incremental query supersedes a delayed search without stale navigation or status (0.591471ms)
2026-10-04T03:53:50.2522238Z ✔ close cancels a pending search and prevents subsequent late results (0.624563ms)
2026-10-04T03:53:50.2527026Z ✔ dispose cancels a pending search and prevents subsequent late results (0.316525ms)
2026-10-04T03:53:50.2534327Z ✔ host navigation failures are handled inside the incremental request and reported to the user (0.432182ms)
2026-10-04T03:53:50.2537072Z ✔ closing during asynchronous host navigation passes cancellation and suppresses a stale status (0.375506ms)
2026-10-04T03:53:50.4398156Z ✔ same-document insight navigation uses the host preview and awaits focus restoration (3.72679ms)
2026-10-04T03:53:50.4404000Z ✔ cross-document insight navigation preserves host group options and restores focus after failure (0.922613ms)
2026-10-04T03:53:51.1479388Z ✔ compilation semantic fallback retains diagnostics and bound trees without editor invocation records (106.262807ms)
2026-10-04T03:53:51.1485364Z ✔ a first post-build signature query captures privately once without mutating compilation queries or diagnostics (13.185733ms)
2026-10-04T03:53:51.1490937Z ✔ a source model created before compilation captures within its original bind and reuses it for signature help (5.264146ms)
2026-10-04T03:53:51.1496787Z ✔ invalid post-build signature requests do not capture or mutate the reused analysis (6.621476ms)
2026-10-04T03:53:51.2462513Z ✔ A20 disk defaults still reject source files or save text exceeding 2000000 bytes (11.550141ms)
2026-10-04T03:53:51.4254683Z ✔ A20 explicit readDirectory limits permit >2MB source save and survive the read/write boundary (193.732861ms)
2026-10-04T03:53:51.4331330Z ✔ A20 FileList limits propagate to DiskWorkspace and total encoded bytes preflight every write (8.140468ms)
2026-10-04T03:53:51.4359110Z ✔ A20 UTF-16 limits count encoded bytes including BOM and retain encoding on save (2.559106ms)
2026-10-04T03:53:51.4398804Z ✔ A20 serialized saves reject a queued stale version and permission-time conflicts before writing (4.460267ms)
2026-10-04T03:53:52.2226044Z ✔ actual C# worker supplies invocation commit characters for source and intrinsic methods only (122.322957ms)
2026-10-04T03:53:52.2231369Z ✔ typing a method invocation opener commits the selected real provider item and the opener in one undo step (9.331924ms)
2026-10-04T03:53:52.2237745Z ✔ suggestion mode keeps an invocation opener available to typing and Escape preserves the prefix (5.14462ms)
2026-10-04T03:53:52.2241652Z ✔ read-only completion does not consume a commit character or mutate the source (4.646576ms)
2026-10-04T03:53:52.4435935Z ✔ A20 prefixWorkspace rebases persistent source identity and leaves the input model caller-owned (9.632789ms)
2026-10-04T03:53:52.4504792Z ✔ A20 manifest extraction rebases source identities after validating all destination paths (6.773189ms)
2026-10-04T03:53:52.4566820Z ✔ A20 unchanged source paths preserve descriptors and model ownership without a rebase provider (2.861243ms)
2026-10-04T03:53:52.4570905Z ✔ A20 failed rebasing disposes only newly created models and preserves every original (3.467541ms)
2026-10-04T03:53:52.4611069Z ✔ A20 invalid manifest settings reject before any prepared source is rebased (3.58391ms)
2026-10-04T03:53:52.4746478Z ✔ A20 nested manifest rebasing keeps granted disk handles, source baselines and save versions aligned (13.936519ms)
2026-10-04T03:53:52.4867398Z ✔ A20 rebased disk sessions serialize with pending original saves and reject their stale baseline (12.658711ms)
2026-10-04T03:53:52.7011691Z ✔ A20 FileList→DiskWorkspace→ProjectSystem retains prepared descriptors and never reads lazy source text during discovery (13.030608ms)
2026-10-04T03:53:52.7104775Z ✔ A20 failed and cancelled FileList reads dispose their own completed models and publish no partial batch (7.530441ms)
2026-10-04T03:53:52.7170081Z ✔ A20 failed directory iteration disposes prepared models after traversal loses access (2.184081ms)
2026-10-04T03:53:52.7503503Z ✔ A20 prepared utf-8 source saves captured snapshots in chunks, preserving BOM, pairs and disk versions (36.451849ms)
2026-10-04T03:53:52.7727020Z ✔ A20 prepared utf-16le source saves captured snapshots in chunks, preserving BOM, pairs and disk versions (24.57137ms)
2026-10-04T03:53:52.7915290Z ✔ A20 prepared utf-16be source saves captured snapshots in chunks, preserving BOM, pairs and disk versions (19.786856ms)
2026-10-04T03:53:52.7940265Z ✔ A20 snapshot saves enforce encoded byte limits before write permission or stream creation (2.537374ms)
2026-10-04T03:53:52.8015027Z ✔ A20 prepared baseline checks detect permission-time external changes before any stream opens (7.382092ms)
2026-10-04T03:53:52.8094639Z ✔ A20 prepared save I/O failure aborts its stream and retains the prior baseline and disk version (7.688277ms)
2026-10-04T03:53:52.8187890Z ✔ A20 invalid source reader records are rejected and cleaned up without a lazy text read (2.365813ms)
2026-10-04T03:53:52.8190100Z ✔ A20 default binary-source handling remains intact while explicit reader limits reject before slicing (6.926186ms)
2026-10-04T03:53:52.8227233Z ✔ A20 public source encoding shares exact BOM/byte bounds and leaves stream commit ownership with the caller (4.198595ms)
2026-10-04T03:53:53.5912759Z ✔ text and resource rename produce one immutable complete host plan without editing live models first (3.293224ms)
2026-10-04T03:53:53.5915062Z ✔ workspace resource support is evaluated again when the host mode changes after preview (0.866678ms)
2026-10-04T03:53:53.5924263Z ✔ stale targets, resource collisions, readonly source and host failure leave source unchanged (2.995685ms)
2026-10-04T03:53:53.5926304Z ✔ unversioned and unsupported resource operations fail before the host receives any plan (0.613151ms)
2026-10-04T03:53:53.5929080Z ✔ real bound type rename preview restores original source, selection and undo after changing options (114.132136ms)
2026-10-04T03:53:53.5930960Z ✔ provider invalidation is scoped, explicitly disposable and does not fabricate source changes (1.030114ms)
2026-10-04T03:53:53.5933299Z ✔ rename preview refuses a newer source revision even when external edits reproduce its displayed bytes (1.00121ms)
2026-10-04T03:53:53.5935237Z ✔ changing the active model restores only the captured rename preview and refuses another preview (0.502123ms)
2026-10-04T03:53:54.3899343Z ✔ live rename option changes never publish preview source into the monotonic bound workspace (128.69378ms)
2026-10-04T03:53:54.3901861Z ✔ committing an expanded preview publishes one atomic undo entry before background requests resume (13.833497ms)
2026-10-04T03:53:54.3905035Z ✔ request suspension aborts pending providers and independent leases release idempotently (3.347866ms)
2026-10-04T03:53:54.3908353Z ✔ disposing a visible rename restores exact source and releases provider ownership (8.23332ms)
2026-10-04T03:53:54.6634649Z ✔ ReSharper-like is a native profile with stable identity and preserves the Visual Studio default (17.140326ms)
2026-10-04T03:53:54.6637098Z ✔ duplicate edits every selected range in one model transaction and undo restores primary direction (9.163677ms)
2026-10-04T03:53:54.6644413Z ✔ line duplication and joining use native CRLF-aware commands (3.061569ms)
2026-10-04T03:53:54.6646493Z ✔ line and shifted-punctuation block comment shortcuts change the real model and remain reversible (3.568702ms)
2026-10-04T03:53:54.6650045Z ✔ ReSharper move-line gestures preserve the original line terminators and undo history (3.15802ms)
2026-10-04T03:53:54.6653650Z ✔ language and selection gestures invoke the supported provider contract exactly once (2.547163ms)
2026-10-04T03:53:54.6658154Z ✔ navigation and browser-alternative chords preserve query arguments, URI and caret at the host seam (2.740376ms)
2026-10-04T03:53:54.6667622Z ✔ a language provider can complete formatting and rename through the same model and shared undo stack (2.261657ms)
2026-10-04T03:53:54.6668939Z ✔ absent snippet providers report explicit unavailability and never edit the document (1.812864ms)
2026-10-04T03:53:54.6672317Z ✔ read-only, composing, AltGraph and disposed views cannot perform ReSharper edits (1.858429ms)
2026-10-04T03:53:54.6676873Z ✔ the portable Mac mapping uses Meta and retains browser chord alternatives (1.502902ms)
2026-10-04T03:53:54.6680987Z ✔ profile switches preserve model identity, undo, selections, folds, bookmarks and modal state (7.132634ms)
2026-10-04T03:53:54.9126483Z ✔ A20 Save As without a utf-8 BOM retains the encoding on both later baseline checks (28.23493ms)
2026-10-04T03:53:54.9353538Z ✔ A20 utf-8 output refuses unpaired surrogates before closing or downloading (26.219846ms)
2026-10-04T03:53:54.9377405Z ✔ A20 utf-8 disk preflight rejects lossy captured and legacy input before opening a stream (3.171736ms)
2026-10-04T03:53:54.9568980Z ✔ A20 Save As without a utf-16le BOM retains the encoding on both later baseline checks (16.35968ms)
2026-10-04T03:53:54.9799447Z ✔ A20 utf-16le output refuses unpaired surrogates before closing or downloading (25.384987ms)
2026-10-04T03:53:54.9822077Z ✔ A20 utf-16le disk preflight rejects lossy captured and legacy input before opening a stream (2.30006ms)
2026-10-04T03:53:55.0009169Z ✔ A20 Save As without a utf-16be BOM retains the encoding on both later baseline checks (16.77515ms)
2026-10-04T03:53:55.0214549Z ✔ A20 utf-16be output refuses unpaired surrogates before closing or downloading (22.010751ms)
2026-10-04T03:53:55.0248793Z ✔ A20 utf-16be disk preflight rejects lossy captured and legacy input before opening a stream (2.483323ms)
2026-10-04T03:53:55.0252177Z ✔ A20 direct source output reports a boundary high surrogate and leaves abort/close ownership to its caller (1.099043ms)
2026-10-04T03:53:55.0325304Z ✔ A20 the default disk reader retains an explicitly known no-BOM UTF-16 baseline (6.498552ms)
2026-10-04T03:53:55.0344910Z ✔ A20 source output rejects NUL and an ambiguous leading BOM character without committing or downloading (2.794137ms)
2026-10-04T03:53:55.0367739Z ✔ A20 rebasing retains the old encoded-byte baseline when the prepared source has changed (2.407712ms)
2026-10-04T03:53:55.0374724Z ✔ A20 unchanged rebasing keeps a provably current byte baseline without reading text (0.774384ms)
2026-10-04T03:53:56.5768116Z ✔ A20 a no-option save of an actual 200 MiB line is synchronous; enabled tail trim commits once without a whole-text view (1339.207341ms)
2026-10-04T03:53:57.0304252Z ✔ A20 trailing-whitespace scans use bounded backward windows and yield before finishing a long logical line (463.370813ms)
2026-10-04T03:53:57.1712175Z ✔ A20 save normalization matches terminator/trim semantics while preserving significant whitespace and one undo transaction (136.164256ms)
2026-10-04T03:53:57.1714953Z ✔ A20 aborted normalization leaves source, selections, dirty marker and undo history untouched (2.474607ms)
2026-10-04T03:53:57.1729012Z ✔ A20 changed source, replaced model and changed text options reject private normalization before commit (1.692418ms)
2026-10-04T03:53:57.1730461Z ✔ A20 private preparation rejects invalid limits and excessive edits without applying a partial line batch (0.826442ms)
2026-10-04T03:53:57.1857738Z ✔ A20 prepared commits use the latest view selections and the shared contribution transaction (13.521431ms)
2026-10-04T03:53:57.1859680Z ✔ A20 trimming before a requested final newline retains a content-end caret before that new terminator (0.695696ms)
2026-10-04T03:53:57.1970046Z ✔ A20 a shared read-only transition during preparation never changes the buffer (11.431897ms)
2026-10-04T03:53:57.4156183Z ✔ A20 Save As starts the picker before asynchronous preparation and writes only its exact replacement capture (9.591832ms)
2026-10-04T03:53:57.4159920Z ✔ A20 dismissing a picker never runs a normalization callback (0.725443ms)
2026-10-04T03:53:57.4166635Z ✔ A20 cancellation or a preparation rejection cannot open a write stream or download (1.121436ms)
2026-10-04T03:53:57.4169425Z ✔ A20 a replacement capture must retain URI and a current, consistent version before write acquisition (1.183893ms)
2026-10-04T03:53:57.4204941Z ✔ A20 download fallback prepares exactly once and still cannot report a confirmed native save (5.944773ms)
2026-10-04T03:53:57.5121904Z ✔ single-match navigation reaches forward and backward origins beyond 10000 earlier matches (3.856692ms)
2026-10-04T03:53:57.5124096Z ✔ navigation finds nearest overlapping matches and wrapped spans crossing the original origin (0.794232ms)
2026-10-04T03:53:57.5683291Z ✔ scalar matches survive chunk seams and origins inside UTF-16 pairs in either direction (33.462996ms)
2026-10-04T03:53:57.5686110Z ✔ navigation retains literal case folding, Unicode word boundaries and merged selection exclusions (1.736852ms)
2026-10-04T03:53:57.5692170Z ✔ a near-end origin in a virtual 200 MiB ASCII source requests only bounded nearby slices (0.663386ms)
2026-10-04T03:53:57.5694724Z ✔ cooperative navigation holds an immutable source snapshot while the original buffer changes (2.538747ms)
2026-10-04T03:53:57.5696942Z ✔ step and elapsed limits fail explicitly before an incomplete scan could report wrapping or no match (0.93231ms)
2026-10-04T03:53:57.5699494Z ✔ navigation honors cancellation before scanning and between cooperative chunks (0.80421ms)
2026-10-04T03:53:57.5703276Z ✔ navigation rejects invalid bounds and oversized exclusions without reading unbounded source text (1.208479ms)
2026-10-04T03:53:57.5707121Z ✔ Add Next Occurrence advances after the primary range beyond 10000 matches and wraps around selected ranges (2.244675ms)
2026-10-04T03:53:57.5709537Z ✔ Add Next Occurrence skips existing ranges and preserves the explicit 10000-selection capacity (18.011251ms)
2026-10-04T03:53:57.5711880Z ✔ Add Next Occurrence excludes a candidate containing an existing empty caret (0.861537ms)
2026-10-04T03:53:58.5211272Z ✔ source query model is cached per complete source/options revision (80.993088ms)
2026-10-04T03:53:58.5213648Z ✔ namespace-qualified class bases, interfaces and members build distinct Class View branches (10.247112ms)
2026-10-04T03:53:58.5218292Z ✔ bound reads, writes, declarations, compound updates and ref/out/in retain filterable metadata (36.661642ms)
2026-10-04T03:53:58.5219943Z ✔ a written property does not classify its receiver as written (15.290522ms)
2026-10-04T03:53:58.5222922Z ✔ tuple deconstruction writes are distinct from tuple reads (7.110852ms)
2026-10-04T03:53:58.5227712Z ✔ partial generic type rename covers aliases, constructors, arrays, qualified names and typeof (37.844404ms)
2026-10-04T03:53:58.5231439Z ✔ comment/string options use lexical spans and whole identifiers, including interpolation (20.659454ms)
2026-10-04T03:53:58.5235256Z ✔ rename refuses collisions, captures, generated targets and existing resource destinations (10.976652ms)
2026-10-04T03:53:58.5240195Z ✔ renaming Unicode source identifiers preserves UTF-16 offsets after an astral prefix (8.848415ms)
2026-10-04T03:53:58.5244641Z ✔ parameter hints follow the selected overload and omit explicitly named arguments (7.160266ms)
2026-10-04T03:53:58.5247269Z ✔ constructor and extension hints use parameter mapping without labeling the extension receiver (6.595745ms)
2026-10-04T03:53:58.5249092Z ✔ worker and LSP preparation accept source types and return read/write highlights (4.117943ms)
2026-10-04T03:53:58.5253442Z ✔ pure Outline worker routes the safe semantic reorder leaf and rejects stale versions (1.253865ms)
2026-10-04T03:53:58.5262535Z ✔ framework hover carries a structured callable target for metadata navigation (2.709207ms)
2026-10-04T03:53:58.5264328Z ✔ nameof and selected method-group conversions retain actual bound source references (13.529165ms)
2026-10-04T03:53:59.2731915Z ✔ first and repeated signature queries retain their document owner in a shared source model (103.244151ms)
2026-10-04T03:53:59.2737220Z ✔ exact opening lookup and caret lookup preserve nested-call boundaries through closing delimiters (7.362134ms)
2026-10-04T03:53:59.2742906Z ✔ unresolved inner invocations hide an outer tip only while the caret belongs to the inner call (11.286363ms)
2026-10-04T03:53:59.2748887Z ✔ a replacement source model has independent cached signatures while the captured revision remains readable (7.238362ms)
2026-10-04T03:53:59.6500946Z ✔ A20 prepared utf-8 ingress retains BOM and streaming decoder state at byte boundaries (164.306629ms)
2026-10-04T03:53:59.8773177Z ✔ A20 prepared utf-16le ingress retains BOM and streaming decoder state at byte boundaries (227.209861ms)
2026-10-04T03:54:00.1087369Z ✔ A20 prepared utf-16be ingress retains BOM and streaming decoder state at byte boundaries (229.335643ms)
2026-10-04T03:54:00.1242731Z ✔ A20 prepared empty and BOM-only files remain empty and editable without load history (10.556344ms)
2026-10-04T03:54:00.1489736Z ✔ A20 Studio reads >2 MB File inputs in bounded slices and retains a stable original snapshot (30.430267ms)
2026-10-04T03:54:00.1536660Z ✔ A20 source loading cancels before I/O and between chunks without returning a partial model (4.988628ms)
2026-10-04T03:54:00.1539545Z ✔ A20 invalid chunk bounds and resource limits fail before a File read (0.779173ms)
2026-10-04T03:54:00.1654547Z ✔ A20 malformed encodings, binary NUL, inconsistent chunks and I/O failures reject the staged load (11.492112ms)
2026-10-04T03:54:00.2066762Z ✔ A20 CodeEditor large-file policy adopts only a complete decoded model and detects disposed loads (41.138386ms)
2026-10-04T03:54:00.3078749Z ✔ Save As invokes the picker during the calling gesture before any source read (10.368712ms)
2026-10-04T03:54:00.3133484Z ✔ Save As preserves utf-8, BOM, split surrogate pairs, and CRLF (9.058481ms)
2026-10-04T03:54:00.3199742Z ✔ Save As preserves utf-16le, BOM, split surrogate pairs, and CRLF (7.249855ms)
2026-10-04T03:54:00.3239689Z ✔ Save As preserves utf-16be, BOM, split surrogate pairs, and CRLF (6.008141ms)
2026-10-04T03:54:01.7975682Z ✔ Save As writes the BOM for empty sources and supports captured legacy text data properties (4.79748ms)
2026-10-04T03:54:08.2589879Z ✔ Save As streams an actual 200 MiB ASCII source without retaining or reading whole text (7924.790911ms)
2026-10-04T03:54:08.2591892Z ✔ a cancelled native picker leaves the source unread and does not initiate an export (1.689893ms)
2026-10-04T03:54:08.2596504Z ✔ pre-cancellation skips the picker and cancellation while acquiring a stream aborts it unread (0.961355ms)
2026-10-04T03:54:08.2597531Z ✔ cancellation aborts a pending native write and never commits or writes a second chunk (1.782126ms)
2026-10-04T03:54:08.2632822Z ✔ a native save is not confirmed until close completes; late cancellation does not undo a committed save (2.345593ms)
2026-10-04T03:54:08.2635934Z ✔ a picker failure rejects, never exports, and aborts an acquired native stream (1.087461ms)
2026-10-04T03:54:08.2637678Z ✔ a createWritable failure rejects, never exports, and aborts an acquired native stream (0.318267ms)
2026-10-04T03:54:08.2639219Z ✔ a write failure rejects, never exports, and aborts an acquired native stream (0.359544ms)
2026-10-04T03:54:08.2671430Z ✔ a close failure rejects, never exports, and aborts an acquired native stream (1.75188ms)
2026-10-04T03:54:08.2674868Z ✔ encoded output caps, progress errors, and failed cleanup remain explicit failures (1.467354ms)
2026-10-04T03:54:08.2721400Z ✔ a byte cap after a completed chunk aborts staged output and does not close the destination (5.109413ms)
2026-10-04T03:54:08.2724215Z ✔ invalid native handles and streams report explicit errors, with cleanup when available (0.52179ms)
2026-10-04T03:54:08.2786496Z ✔ download fallback with no picker preserves binary encoding but cannot confirm a save (3.317378ms)
2026-10-04T03:54:08.2788267Z ✔ download fallback with read-only handle preserves binary encoding but cannot confirm a save (1.10279ms)
2026-10-04T03:54:08.2797928Z ✔ download fallback with unsupported writable preserves binary encoding but cannot confirm a save (1.114272ms)
2026-10-04T03:54:08.2831137Z ✔ download cancellation and unavailable hosts reject or cancel before falsely claiming an export (5.060952ms)
2026-10-04T03:54:08.2857155Z ✔ the browser fallback uses a binary Blob URL and removes its temporary download link (2.342859ms)
2026-10-04T03:54:08.2859584Z ✔ invalid source metadata and mutable or lazy-only sources fail before a picker opens (0.451508ms)
2026-10-04T03:54:08.2892214Z ✔ suggested names use URI basenames, including Windows paths and empty trailing components (3.280479ms)
2026-10-04T03:54:09.1470067Z ✔ a complete 501-file loose-source import stages without mutating existing sources (651.020443ms)
2026-10-04T03:54:09.1502407Z ✔ failed later source reads leave every existing input untouched and enforce encoding/path policy (2.917828ms)
2026-10-04T03:54:09.1506104Z ✔ legacy JSON project conversion retains settings and rejects invalid metadata before loading (1.225171ms)
2026-10-04T03:54:11.8297668Z ✔ 200 MiB File reaches the actual Studio workspace model through chunked ingress with automatic work bounded (2228.197637ms)
2026-10-04T03:54:11.8356137Z ✔ rejected settings and cancelled selection release new prepared models without changing the current workspace (8.30345ms)
2026-10-04T03:54:11.8445843Z ✔ adding prepared files retains current projects, dirty models and private launch settings (10.02351ms)
2026-10-04T03:54:11.8535914Z ✔ committed document callback errors still install matching project metadata and retain adopted models (4.542599ms)
2026-10-04T03:54:11.8538430Z ✔ bulk Studio save passes captured roots and preserves newer edits after partial disk completion (3.062921ms)
2026-10-04T03:54:11.8540292Z ✔ Save As download outcome retains dirty state and a replaced workspace cannot receive a late saved marker (2.211001ms)
2026-10-04T03:54:12.3783096Z ✔ whole workspace limits count actual UTF-16 encoded bytes across imported files (10.874397ms)
2026-10-04T03:54:12.3808998Z ✔ workspace budgets include binary file count and aggregate bytes (2.859178ms)
2026-10-04T03:54:12.3943100Z ✔ edited source roots are counted again instead of trusting original encoded metadata (3.90982ms)
2026-10-04T03:54:12.3945974Z ✔ empty binary recovery succeeds and recovery preflight errors are reported without escaping (7.345902ms)
2026-10-04T03:54:12.4068386Z ✔ a saved project-file selection cannot become a source document active URI (14.694529ms)
2026-10-04T03:54:12.6247696Z ✔ SF-A20-T25: region wrapping preserves LF body endings and does not indent later lines (7.34469ms)
2026-10-04T03:54:12.6249903Z ✔ SF-A20-T25: block wrapping uses configured two-space indentation with LF (1.944541ms)
2026-10-04T03:54:12.6252648Z ✔ SF-A20-T25: region wrapping preserves CRLF body endings and does not indent later lines (0.708761ms)
2026-10-04T03:54:12.6255083Z ✔ SF-A20-T25: block wrapping uses configured two-space indentation with CRLF (0.696378ms)
2026-10-04T03:54:12.6258411Z ✔ SF-A20-T25: region wrapping preserves CR body endings and does not indent later lines (0.701227ms)
2026-10-04T03:54:12.6265107Z ✔ SF-A20-T25: block wrapping uses configured two-space indentation with CR (0.523232ms)
2026-10-04T03:54:12.6267357Z ✔ SF-A20-T25: mixed body terminators are unchanged while new wrapper lines use configured EOL (0.588946ms)
2026-10-04T03:54:12.6269654Z ✔ SF-A20-T25: region preserves existing body indentation with indentation excluded from the selection (0.751861ms)
2026-10-04T03:54:12.6272857Z ✔ SF-A20-T25: block templates use tabs and preserve relative body tabs (0.874982ms)
2026-10-04T03:54:12.6276765Z ✔ SF-A20-T25: each selected-text placeholder follows its own indentation context (0.707047ms)
2026-10-04T03:54:12.6280551Z ✔ SF-A20-T25: selected snippet-looking text and empty lines remain literal (0.424056ms)
2026-10-04T03:54:12.6282109Z ✔ SF-A20-T25: read-only surrounding does not modify text or history (0.21843ms)
2026-10-04T03:54:12.6285536Z ✔ SF-A20-T25: template EOL adaptation includes CR and preserves the existing public literal-indent contract (0.304212ms)
2026-10-04T03:54:12.6289196Z ✔ SF-A20-T25: contextual variable formatting preserves placeholder ranges and rejects invalid formatter output (0.568177ms)
2026-10-04T03:54:12.7609926Z ✔ B01: Visual Studio Ctrl+K Ctrl+S reaches Surround With once and applies a production snippet in one undo (24.880183ms)
2026-10-04T03:54:12.7616138Z ✔ B01: a missing Surround With provider reports its absence without opening code actions (2.369279ms)
2026-10-04T03:54:12.9756867Z ✔ SF-A20-T41: untabify resets visual columns at every LF line (2.946592ms)
2026-10-04T03:54:12.9762808Z ✔ SF-A20-T41: tabify converts every LF indentation without changing terminators (0.414237ms)
2026-10-04T03:54:12.9765128Z ✔ SF-A20-T41: untabify resets visual columns at every CRLF line (0.272271ms)
2026-10-04T03:54:12.9768483Z ✔ SF-A20-T41: tabify converts every CRLF indentation without changing terminators (0.160832ms)
2026-10-04T03:54:12.9771446Z ✔ SF-A20-T41: untabify resets visual columns at every CR line (0.262522ms)
2026-10-04T03:54:12.9776084Z ✔ SF-A20-T41: tabify converts every CR indentation without changing terminators (0.177453ms)
2026-10-04T03:54:12.9779242Z ✔ SF-A20-T41: tab conversion preserves mixed EOL, blank lines and tab columns in mixed indentation (0.272562ms)
2026-10-04T03:54:12.9782567Z ✔ SF-A20-T41: disjoint multiline selections convert in one undo transaction and restore selection state (6.148334ms)
2026-10-04T03:54:12.9786029Z ✔ SF-A20-T41: read-only tab conversion leaves the model and history unchanged (0.636194ms)
2026-10-04T03:54:13.2184865Z ✔ source-indexed lenses are unresolved and lazy, ordered, project-owned and never materialize document text (3.746704ms)
2026-10-04T03:54:13.2189398Z ✔ actual editor service command runs only the selected registry test through TaskCenter and refreshes real status (3.186062ms)
2026-10-04T03:54:13.2192410Z ✔ real failed and skipped outcomes resolve with their observed state and do not fabricate timing (0.90018ms)
2026-10-04T03:54:13.2194814Z ✔ forged or stale source, span, test and project identities cannot resolve or execute (1.567974ms)
2026-10-04T03:54:13.2197764Z ✔ linked documents require exact stable project ownership; a display label never selects a project (0.698161ms)
2026-10-04T03:54:13.2200195Z ✔ discovery invalidates moved locations and captures omitted versions only on actual rediscovery (0.513504ms)
2026-10-04T03:54:13.2203456Z ✔ cancelling a lens run preserves an independent Test Explorer run and reports actual cancellation (1.02824ms)
2026-10-04T03:54:13.2212110Z ✔ unregistering a real provider aborts its run, invalidates lenses and cannot leave a clickable old action (0.900902ms)
2026-10-04T03:54:13.2214683Z ✔ disposing CodeLens cancels only its runs, removes refresh listeners and rejects later requests (0.975622ms)
2026-10-04T03:54:13.2217192Z ✔ an optional operation wrapper cannot bypass provider execution or reuse its delayed run after completion (0.486764ms)
2026-10-04T03:54:13.2219550Z ✔ deferred execution revalidates source and discovery ownership before starting the test (0.346942ms)
2026-10-04T03:54:13.2221763Z ✔ provider errors still emit final invalidation and resolve to the actual failed registry state (0.464301ms)
2026-10-04T03:54:13.2224191Z ✔ pre-aborted requests and malformed commands fail before starting provider work (0.456007ms)
2026-10-04T03:54:13.2227485Z ✔ document bounds and the editor lens cap reject unusable or excessive discoveries explicitly (11.488791ms)
2026-10-04T03:54:13.4412015Z ✔ A20 multi-caret editing commits one undo group and grapheme delete preserves boundaries (6.644415ms)
2026-10-04T03:54:13.4419858Z ✔ A20 deletion boundaries and smart newline at EOF are valid no-ops or atomic edits (1.472675ms)
2026-10-04T03:54:13.4421951Z ✔ A20 overtype never replaces a newline and virtual space is materialized only by typing (0.823937ms)
2026-10-04T03:54:13.4423964Z ✔ A20 advanced transforms preserve multi-caret atomicity and Unicode case expansion (1.664425ms)
2026-10-04T03:54:13.4425901Z ✔ A20 editorconfig precedence changes indentation per path and save applies EOL trim/final newline (2.190583ms)
2026-10-04T03:54:13.4427552Z ✔ A20 clipboard ring bounds entries and drag move preserves one undo transaction (0.706907ms)
2026-10-04T03:54:13.4431649Z ✔ A20 bookmarks and unsaved/saved/reverted change marks follow undo (1.185115ms)
2026-10-04T03:54:13.4570748Z ✔ A20 chunk loading commits once and cancellation or malformed UTF-8 keeps original model (14.788014ms)
2026-10-04T03:54:13.4574773Z ✔ A20 advanced caret transforms and disjoint line moves preserve EOLs and undo selections (4.80036ms)
2026-10-04T03:54:13.4578027Z ✔ A20 advanced sorting preserves CRLF and read-only rejects transforms (0.884891ms)
2026-10-04T03:54:14.2620195Z ✔ A20 incremental syntax reconverges within 200 lines in a 100000-line document (592.63325ms)
2026-10-04T03:54:14.2624880Z ✔ A20 incremental syntax matches full lexing after multiline literal and comment edits (5.67217ms)
2026-10-04T03:54:14.2628538Z ✔ A20 folding validates nesting and expands edits in hidden ranges (1.051284ms)
2026-10-04T03:54:14.2635800Z ✔ A20 folding state persists per document and fallback handles regions comments usings (2.813522ms)
2026-10-04T03:54:14.2640400Z ✔ A20 folding ignores stale and disposed language responses (0.793089ms)
2026-10-04T03:54:14.2641409Z ✔ A20 typed folding provider cancels older requests and restores saved collapsed state after discovery (0.689895ms)
2026-10-04T03:54:14.5007392Z ✔ A20 native clipboard retains per-caret fragments, line-copy metadata and malformed payload fallback (6.781422ms)
2026-10-04T03:54:14.5009359Z ✔ A20 view model adapter follows document switches and keeps view selections independent (0.482005ms)
2026-10-04T03:54:14.5012820Z ✔ A20 synthetic composition commits once, cancels safely and cannot cross document identity (1.003654ms)
2026-10-04T03:54:14.5015996Z ✔ A20 rename preview refreshes token/layout caches without publishing or recording edits (2.502879ms)
2026-10-04T03:54:14.7528494Z ✔ A20 line layout round trips grapheme offsets, tabs, CJK and emoji (3.674098ms)
2026-10-04T03:54:14.7532624Z ✔ A20 visual line map handles 500000 lines with wraps, hidden intervals and inverse lookup (6.202786ms)
2026-10-04T03:54:14.7535551Z ✔ A20 wrap covers source without splitting extended graphemes (0.998375ms)
2026-10-04T03:54:14.7540786Z ✔ A20 viewport bounds materialized rows and folds preserve logical line numbering (33.940794ms)
2026-10-04T03:54:14.7545720Z ✔ A20 whitespace changes only decoration data and overview endpoints are exact (0.529614ms)
2026-10-04T03:54:14.7550079Z ✔ A20 leading and inline zones retain row mapping through repeated layout resets (1.55524ms)
2026-10-04T03:54:14.7554428Z ✔ A20 long-line fragments clamp stale horizontal scroll and use bounded text reads (2.016826ms)
2026-10-04T03:54:14.9309697Z ✔ Vim block deletion uses display columns across partial tabs, wide graphemes, combining text and short lines (28.341902ms)
2026-10-04T03:54:14.9311798Z ✔ Vim block change types on every selected row and retains virtual space in one history group (5.582581ms)
2026-10-04T03:54:14.9316775Z ▶ Vim block insert, append and end-of-line append honor their distinct short-line behavior
2026-10-04T03:54:14.9317867Z   ✔ I ! Escape (2.538256ms)
2026-10-04T03:54:14.9321945Z   ✔ A ! Escape (3.533354ms)
2026-10-04T03:54:14.9323476Z   ✔ $ A ! Escape (2.15136ms)
2026-10-04T03:54:14.9334221Z   ✔ D (1.711894ms)
2026-10-04T03:54:14.9335111Z   ✔ C ! Escape (2.256046ms)
2026-10-04T03:54:14.9336659Z ✔ Vim block insert, append and end-of-line append honor their distinct short-line behavior (13.302967ms)
2026-10-04T03:54:14.9338843Z ✔ Vim block registers preserve rows on counted normal puts, visual puts and puts beyond the final line (4.296747ms)
2026-10-04T03:54:14.9341354Z ✔ Vim asynchronous clipboard keeps block metadata only while clipboard text still matches (2.57776ms)
2026-10-04T03:54:14.9343225Z ✔ Vim visual replacement splits tabs and fills virtual cells without splitting surrogate pairs (4.096882ms)
2026-10-04T03:54:14.9345047Z ▶ Vim block shifts use the left boundary, count, shift width and tab policy
2026-10-04T03:54:14.9346024Z   ✔ 2 > spaces=true (1.904285ms)
2026-10-04T03:54:14.9348163Z   ✔ < spaces=true (1.302886ms)
2026-10-04T03:54:14.9354397Z   ✔ 2 > spaces=false (1.723636ms)
2026-10-04T03:54:14.9355596Z ✔ Vim block shifts use the left boundary, count, shift width and tab policy (5.553086ms)
2026-10-04T03:54:14.9357839Z ✔ Vim normal vertical moves preserve display column and block corner switches preserve the selected rectangle (2.177999ms)
2026-10-04T03:54:14.9363060Z ▶ Vim visual aliases operate on the selected text rather than normal-mode single-character ranges
2026-10-04T03:54:14.9364351Z   ✔ x (1.429494ms)
2026-10-04T03:54:14.9366442Z   ✔ U (1.210292ms)
2026-10-04T03:54:14.9370449Z   ✔ u (1.678702ms)
2026-10-04T03:54:14.9376209Z   ✔ ~ (0.884892ms)
2026-10-04T03:54:14.9380439Z   ✔ r# (0.937851ms)
2026-10-04T03:54:14.9382860Z ✔ Vim visual aliases operate on the selected text rather than normal-mode single-character ranges (6.739683ms)
2026-10-04T03:54:14.9384764Z ✔ Vim block edits reject malformed metadata, excessive virtual replacement and locked models before mutation (1.383498ms)
2026-10-04T03:54:15.1506112Z ✔ selection normalization deterministically merges overlap and preserves primary direction and head alias (2.281995ms)
2026-10-04T03:54:15.1511192Z ✔ model stores operation undo independent of a 500 KB document and restores save points (60.56944ms)
2026-10-04T03:54:15.1513524Z ✔ five-caret typing is one undo step with exact selection restore; time/command coalescing has explicit boundaries (2.064216ms)
2026-10-04T03:54:15.1516466Z ✔ random operations undo and redo against retained string oracles (46.997301ms)
2026-10-04T03:54:15.1520383Z ✔ model prepares atomic workspace participants and rollback preserves document/history/selection/scroll (0.963439ms)
2026-10-04T03:54:15.1524288Z ✔ multi-caret commands add occurrences, remove newest and insert line-end carets (13.276985ms)
2026-10-04T03:54:15.1527544Z ✔ box typing splits partial tabs, uses wide visual columns and inserts virtual spaces (3.167968ms)
2026-10-04T03:54:15.1531082Z ✔ multicaret clipboard round-trips N fragments and rectangular pastes grow missing lines atomically (2.363638ms)
2026-10-04T03:54:15.1535177Z ✔ box deletion avoids manufacturing virtual spaces and insertion budgets reject before any model edit (0.74074ms)
2026-10-04T03:54:15.1545193Z ✔ explicit nested groups override per-command stops and selection jumps while preserving saved state identity (0.789613ms)
2026-10-04T03:54:15.4070840Z ▶ Vim counts multiply operators, motions and line ranges and each edit undoes as one operation
2026-10-04T03:54:15.4071964Z   ✔ 2d2w (24.365397ms)
2026-10-04T03:54:15.4073351Z   ✔ 2dd (3.386558ms)
2026-10-04T03:54:15.4086524Z   ✔ Gdd (2.23133ms)
2026-10-04T03:54:15.4087326Z   ✔ de (1.968416ms)
2026-10-04T03:54:15.4089019Z   ✔ dw (2.585805ms)
2026-10-04T03:54:15.4094347Z   ✔ D (1.398135ms)
2026-10-04T03:54:15.4098928Z   ✔ J (1.355224ms)
2026-10-04T03:54:15.4104496Z   ✔ gJ (1.848891ms)
2026-10-04T03:54:15.4108882Z ✔ Vim counts multiply operators, motions and line ranges and each edit undoes as one operation (41.241902ms)
2026-10-04T03:54:15.4112770Z ✔ Vim normal movements, finds and character deletes stay at grapheme and CRLF line boundaries (6.954768ms)
2026-10-04T03:54:15.4116827Z ▶ Vim word-end, backward-end, find/till, paragraph, line and document motions have expected offsets
2026-10-04T03:54:15.4117952Z   ✔ 2w at 0 (1.086951ms)
2026-10-04T03:54:15.4119341Z   ✔ ge at 8 (0.913855ms)
2026-10-04T03:54:15.4123439Z   ✔ 2ge at 8 (1.547496ms)
2026-10-04T03:54:15.4127853Z   ✔ 2e at 0 (0.87348ms)
2026-10-04T03:54:15.4134416Z   ✔ W at 0 (0.640022ms)
2026-10-04T03:54:15.4140515Z   ✔ fc at 0 (0.800664ms)
2026-10-04T03:54:15.4145862Z   ✔ tc at 0 (0.758925ms)
2026-10-04T03:54:15.4152978Z   ✔ Fa at 6 (0.858622ms)
2026-10-04T03:54:15.4156731Z   ✔ tB at 0 (0.881695ms)
2026-10-04T03:54:15.4160250Z   ✔ } at 0 (0.839886ms)
2026-10-04T03:54:15.4170400Z   ✔ ^ at 5 (0.849465ms)
2026-10-04T03:54:15.4187390Z   ✔ 0 at 6 (0.79912ms)
2026-10-04T03:54:15.4188236Z   ✔ G at 0 (1.342992ms)
2026-10-04T03:54:15.4189267Z   ✔ gg at 12 (0.662023ms)
2026-10-04T03:54:15.4190125Z   ✔ 2G at 0 (0.611709ms)
2026-10-04T03:54:15.4191777Z ✔ Vim word-end, backward-end, find/till, paragraph, line and document motions have expected offsets (15.128654ms)
2026-10-04T03:54:15.4194110Z ▶ Vim change, insert, replace and open-line sessions share one explicit history group
2026-10-04T03:54:15.4217144Z   ✔ c w N E W Escape (2.329453ms)
2026-10-04T03:54:15.4227766Z   ✔ i a b c Escape (0.953089ms)
2026-10-04T03:54:15.4228320Z   ✔ R X Y Escape (0.97983ms)
2026-10-04T03:54:15.4228820Z   ✔ r 😀 (0.793429ms)
2026-10-04T03:54:15.4229273Z   ✔ o X Escape (1.124201ms)
2026-10-04T03:54:15.4229744Z   ✔ O X Escape (1.580007ms)
2026-10-04T03:54:15.4244987Z   ✔ c c X Escape (1.028351ms)
2026-10-04T03:54:15.4246273Z ✔ Vim change, insert, replace and open-line sessions share one explicit history group (9.621134ms)
2026-10-04T03:54:15.4247892Z ▶ Vim text objects use half-open word, quote, nested bracket, sentence and paragraph ranges
2026-10-04T03:54:15.4249413Z   ✔ diw (0.98542ms)
2026-10-04T03:54:15.4249903Z   ✔ daw (0.900851ms)
2026-10-04T03:54:15.4250382Z   ✔ di" (0.759476ms)
2026-10-04T03:54:15.4250839Z   ✔ di( (0.83601ms)
2026-10-04T03:54:15.4251314Z   ✔ 2da( (0.775376ms)
2026-10-04T03:54:15.4251782Z   ✔ dis (0.790844ms)
2026-10-04T03:54:15.4252524Z   ✔ dip (0.757412ms)
2026-10-04T03:54:15.4254100Z ✔ Vim text objects use half-open word, quote, nested bracket, sentence and paragraph ranges (6.587118ms)
2026-10-04T03:54:15.4255896Z ✔ Vim visual character, line and block operators edit the real multi-selection model (6.266395ms)
2026-10-04T03:54:15.4257582Z ✔ Vim visual put replaces the selected range instead of inserting beside it (1.579455ms)
2026-10-04T03:54:15.4259269Z ✔ Vim indent, case operators, matching pairs and repeated find use their native command ranges (3.81895ms)
2026-10-04T03:54:15.4260956Z ✔ Vim named, appended, yank, numbered and black-hole registers preserve their contracts (2.362535ms)
2026-10-04T03:54:15.4262627Z ✔ Vim marks track buffer edits, retain profile state and route cross-document jumps through the host (4.11697ms)
2026-10-04T03:54:15.4264206Z ✔ Vim macros, repeated changes and insertion replay use one undo group per replay (3.837284ms)
2026-10-04T03:54:15.4265814Z ✔ Vim search uses bounded regex with wraparound, counts and reverse direction (29.228837ms)
2026-10-04T03:54:15.4267260Z ✔ Ex substitution captures, line scopes, flags and bounded failures are atomic (3.826634ms)
2026-10-04T03:54:15.4268852Z ✔ Ex settings and workspace requests use the common host and honor failed saves (1.867436ms)
2026-10-04T03:54:15.4270373Z ✔ Vim denied system-register delete and paste leave the model unchanged (1.249306ms)
2026-10-04T03:54:15.4271912Z ✔ Vim delayed clipboard and prompt responses reject stale or disposed editor state (1.828353ms)
2026-10-04T03:54:15.4274151Z ✔ Vim read-only mode and browser composition preserve the text and undo state (1.979736ms)
2026-10-04T03:54:15.4276517Z ﹣ Unsupported target: shell commands and external filters (0.092153ms) # The browser editor has no shell or process-execution authority.
2026-10-04T03:54:15.4278948Z ﹣ Unsupported target: Vimscript and plugin loading (0.07988ms) # The native modal adapter is not a Vimscript interpreter or plugin runtime.
2026-10-04T03:54:15.4281234Z ﹣ Unsupported target: terminal buffers (0.066856ms) # Terminal emulation is outside the editor document and keymap scope.
2026-10-04T03:54:15.4283524Z ﹣ Unsupported target: native Vim regex extensions (0.057338ms) # Search uses the documented bounded regex engine rather than Vim magic expressions.
2026-10-04T03:54:15.4285217Z ﹣ Unsupported target: operating-system primary selection (0.089047ms) # The injected asynchronous clipboard API exposes ordinary clipboard text.
2026-10-04T03:54:15.4286461Z ﹣ Unsupported target: unlimited recursive macros (0.060164ms) # Native macros have explicit recursion, key-count and register-memory budgets.
2026-10-04T03:54:15.4287695Z ﹣ Unsupported target: desktop Vim executable parity (0.05316ms) # Node fixtures qualify this native model; no installed desktop Vim is used as an oracle.
2026-10-04T03:54:15.4289113Z ﹣ Unsupported target: browser key interception and assistive technology (0.051547ms) # Operating-system/browser key delivery and screen readers need browser/manual qualification.
2026-10-04T03:54:16.4125949Z ✔ 0.5 refactor: introduce whole initializer preserves side effects once (113.072519ms)
2026-10-04T03:54:16.4130793Z ✔ 0.5 refactor: introduce return expression stays inside block (14.163588ms)
2026-10-04T03:54:16.4132140Z ✔ 0.5 refactor: introduce local avoids existing names (8.560165ms)
2026-10-04T03:54:16.4134355Z ✔ 0.5 refactor: no extraction from conditional branch or call argument (7.593029ms)
2026-10-04T03:54:16.4137729Z ✔ 0.5 refactor: no extraction from a for initializer (6.523982ms)
2026-10-04T03:54:16.4140778Z ✔ 0.5 refactor: inline immutable literal preserves type and all references (7.688568ms)
2026-10-04T03:54:16.4143243Z ✔ 0.5 refactor: mutable local is not offered for inline (2.749032ms)
2026-10-04T03:54:16.4148012Z ✔ 0.5 refactor: overload-affecting literal widening is not inlined (3.075435ms)
2026-10-04T03:54:16.4149569Z ✔ 0.5 refactor: invert if keeps one condition evaluation (11.975569ms)
2026-10-04T03:54:16.4152643Z ✔ 0.5 refactor: expand initialized auto-property preserves get/set execution (31.197165ms)
2026-10-04T03:54:16.4155193Z ✔ 0.5 refactor: expansion preserves static initializer and private setter (14.559191ms)
2026-10-04T03:54:16.4159431Z ✔ 0.5 refactor: getter-only constructor property is not expanded unsafely (5.09614ms)
2026-10-04T03:54:16.4161286Z ✔ 0.5 refactor: stale structural edit fails atomically (2.668852ms)
2026-10-04T03:54:16.4164878Z ✔ 0.5 editor: bracket pairs ignore comments and escaped string punctuation (0.827774ms)
2026-10-04T03:54:16.4167321Z ✔ 0.5 editor: unmatched delimiters are not paired across mismatch (0.238929ms)
2026-10-04T03:54:16.4170004Z ✔ 0.5 editor: lexical insertion contexts include EOF comments and incomplete strings (0.772221ms)
2026-10-04T03:54:16.4172953Z ✔ 0.5 editor: literal replacement honors UTF-16, word and case constraints (1.732864ms)
2026-10-04T03:54:16.4174679Z ✔ 0.5 editor: search text is literal rather than regex (0.358163ms)
2026-10-04T03:54:16.4179640Z ✔ 0.5 editor: replacement preflights result and match limits (19.682632ms)
2026-10-04T03:54:16.4181387Z ✔ 0.5 editor: duplicate selected whole lines excludes trailing newline (0.288271ms)
2026-10-04T03:54:16.4185431Z ✔ 0.5 editor: duplicate last line upward and validate ranges (0.160171ms)
2026-10-04T03:54:18.0790946Z ✔ 0.6 highlight: indexed source preserves all UTF-16 and trivia characters (5.228829ms)
2026-10-04T03:54:18.0792569Z ✔ 0.6 highlight: scrolling large files renders a bounded line window (513.805891ms)
2026-10-04T03:54:18.0794536Z ✔ 0.6 highlight: lexical fallback still renders only the viewport (0.452109ms)
2026-10-04T03:54:18.0797958Z ✔ 0.6 highlight: huge-line token budget preserves text without thousands of nodes (49.141082ms)
2026-10-04T03:54:18.0804147Z ✔ 0.6 highlight: multiline comment clipping remains classified as comment (0.51096ms)
2026-10-04T03:54:18.0805675Z ✔ 0.6 highlight: invalid viewport arguments fail without loops (0.839216ms)
2026-10-04T03:54:18.0808511Z ✔ 0.6 selection: nesting strictly grows and retains UTF-16 positions (8.499761ms)
2026-10-04T03:54:18.0810577Z ✔ 0.6 refactoring: make int const (124.642566ms)
2026-10-04T03:54:18.0814831Z ✔ 0.6 refactoring: make var const (18.037622ms)
2026-10-04T03:54:18.0818245Z ✔ 0.6 refactoring: make string const (16.93398ms)
2026-10-04T03:54:18.0821163Z ✔ 0.6 refactoring: conditional return evaluation (36.449748ms)
2026-10-04T03:54:18.0823617Z ✔ 0.6 refactoring: conditional return CRLF (18.075664ms)
2026-10-04T03:54:18.0826699Z ✔ 0.6 refactoring: expression body method (27.50455ms)
2026-10-04T03:54:18.0830575Z ✔ 0.6 refactoring: expression body void (15.053148ms)
2026-10-04T03:54:18.0835876Z ✔ 0.6 refactoring: scoped using (27.665613ms)
2026-10-04T03:54:18.0838914Z ✔ 0.6 refactoring: scoped using names remain bounded (20.622207ms)
2026-10-04T03:54:18.0842729Z ✔ 0.6 refactoring: mutable/nonexact/already const no make-const int x=1;x++;Console.WriteLine(x); (4.594308ms)
2026-10-04T03:54:18.0847267Z ✔ 0.6 refactoring: mutable/nonexact/already const no make-const int x=1;x+=2;Console.WriteLine(x); (2.954298ms)
2026-10-04T03:54:18.0851713Z ✔ 0.6 refactoring: mutable/nonexact/already const no make-const int x=1;x=2;Console.WriteLine(x); (3.091546ms)
2026-10-04T03:54:18.0855699Z ✔ 0.6 refactoring: mutable/nonexact/already const no make-const double x=1;Console.WriteLine(x); (2.053116ms)
2026-10-04T03:54:18.0859625Z ✔ 0.6 refactoring: mutable/nonexact/already const no make-const const int x=1;Console.WriteLine(x); (1.952747ms)
2026-10-04T03:54:18.0862444Z ✔ 0.6 refactoring: does not delete comments Use expression-bodied (2.361574ms)
2026-10-04T03:54:18.0867257Z ✔ 0.6 refactoring: does not delete comments Use conditional return (2.796331ms)
2026-10-04T03:54:18.0870209Z ✔ 0.6 refactoring: does not delete comments Use scoped using (3.898711ms)
2026-10-04T03:54:18.0885375Z ✔ 0.6 refactoring: make-const stale edit is rejected atomically (1.782337ms)
2026-10-04T03:54:18.0887306Z ✔ 0.6 navigation: bidirectional document locations preserve selections (0.339658ms)
2026-10-04T03:54:18.0889105Z ✔ 0.6 navigation: origin cursor refresh does not create phantom jumps (0.215214ms)
2026-10-04T03:54:18.0890421Z ✔ 0.6 navigation: new jump truncates forward history and deduplicates (0.791486ms)
2026-10-04T03:54:18.0891558Z ✔ 0.6 navigation: retained history is bounded and immutable (0.208542ms)
2026-10-04T03:54:18.0892668Z ✔ 0.6 navigation: invalid locations and limits rejected (0.267743ms)
2026-10-04T03:54:19.4298534Z ✔ piece table: 100000 deterministic mixed-EOL/UTF-16 edits match a string oracle (416.697023ms)
2026-10-04T03:54:19.4301895Z ✔ piece table: reading a 100 MB buffer boundary materializes only the requested slice (697.086705ms)
2026-10-04T03:54:19.4308275Z ✔ line index: CRLF seams, CR/LF splits and all coordinate boundaries remain exact (0.94773ms)
2026-10-04T03:54:19.4325840Z ✔ text buffer: multi-edits are one immutable version with inverse coordinates and exact ranges (1.290453ms)
2026-10-04T03:54:19.4328135Z ✔ text buffer: prepare/commit is atomic; overlap, stale versions and disposed changes fail explicitly (0.627177ms)
2026-10-04T03:54:19.4330501Z ✔ text buffer: indexed EOL metadata and UTF encodings preserve BOM, mixed endings and final newline (1.294672ms)
2026-10-04T03:54:19.4331647Z ✔ text buffer: start/middle/end edits in one million lines remain indexed and below a 2 ms p95 budget (101.348903ms)
2026-10-04T03:54:19.4334107Z ℹ [{"region":"start","median":0.012143000000151005,"p95":0.0193570000001273},{"region":"middle","median":0.012643000000025495,"p95":0.023824999999987995},{"region":"end","median":0.003967999999986205,"p95":0.006211000000121203}]
2026-10-04T03:54:19.7101482Z ✔ cooperative preparation matches synchronous UTF-16 ranges and publishes only at its explicit commit (18.625547ms)
2026-10-04T03:54:19.8152425Z ✔ cooperative large inverse construction yields while retaining one model undo operation (163.835056ms)
2026-10-04T03:54:19.8156032Z ✔ cooperative preparation honors cancellation, disposal and snapshot identity without publishing partial changes (2.967623ms)
2026-10-04T03:54:19.8158860Z ✔ cooperative ordered edit input validates bounds, ordering, edit count and chunk controls (0.945165ms)
2026-10-04T03:54:19.8551605Z ✔ cooperative insertion normalizes CRLF across single-unit windows and keeps the one-version contract (37.475645ms)
2026-10-04T03:54:19.8553588Z ✔ adjacent deletions and a replacement retain an unambiguous inverse transaction (1.647805ms)
2026-10-04T03:54:19.8555604Z ✔ prepared model binding enforces ownership, current revisions and read-only state (0.72968ms)
2026-10-04T03:54:19.9888935Z ✔ Myers diff: randomized scripts round-trip and match the dynamic-programming minimum (50.603989ms)
2026-10-04T03:54:19.9899835Z ✔ line diff retains CRLF offsets and bounded character/word refinement (1.452958ms)
2026-10-04T03:54:19.9901808Z ✔ diff limits return an exact replacement fallback and cancellation remains explicit (1.068867ms)
2026-10-04T03:54:19.9903470Z ✔ merge3 automatically combines independent edits and identical changes (8.239844ms)
2026-10-04T03:54:19.9912643Z ✔ merge3 conflicts carry exact stable branch/base/result ranges and preserve dominant EOL (1.417001ms)
2026-10-04T03:54:20.1610931Z ✔ bounded regex matches the native safe-fixture oracle: a+/ (4.503056ms)
2026-10-04T03:54:20.1613691Z ✔ bounded regex matches the native safe-fixture oracle: a+?/ (0.518173ms)
2026-10-04T03:54:20.1618689Z ✔ bounded regex matches the native safe-fixture oracle: a{2,4}/ (0.423635ms)
2026-10-04T03:54:20.1623604Z ✔ bounded regex matches the native safe-fixture oracle: (?:ab|a)+/ (0.698372ms)
2026-10-04T03:54:20.1628810Z ✔ bounded regex matches the native safe-fixture oracle: (a|b)\1/ (0.629292ms)
2026-10-04T03:54:20.1634083Z ✔ bounded regex matches the native safe-fixture oracle: (?<word>\w+):(?<number>\d+)/ (0.664287ms)
2026-10-04T03:54:20.1638200Z ✔ bounded regex matches the native safe-fixture oracle: foo(?=bar)/ (0.321865ms)
2026-10-04T03:54:20.1645294Z ✔ bounded regex matches the native safe-fixture oracle: foo(?!bar)/ (0.377559ms)
2026-10-04T03:54:20.1646896Z ✔ bounded regex matches the native safe-fixture oracle: (?<=foo)bar/ (0.868631ms)
2026-10-04T03:54:20.1649812Z ✔ bounded regex matches the native safe-fixture oracle: (?<!foo)bar/ (0.504618ms)
2026-10-04T03:54:20.1654636Z ✔ bounded regex matches the native safe-fixture oracle: ^(\w+)\r?$/m (0.521679ms)
2026-10-04T03:54:20.1659203Z ✔ bounded regex matches the native safe-fixture oracle: a.*b/s (0.312337ms)
2026-10-04T03:54:20.1663119Z ✔ bounded regex matches the native safe-fixture oracle: [a-z]+/i (0.561094ms)
2026-10-04T03:54:20.1667338Z ✔ bounded regex matches the native safe-fixture oracle: [^0-9]+/ (0.40449ms)
2026-10-04T03:54:20.1671255Z ✔ bounded regex matches the native safe-fixture oracle: a*/ (0.293191ms)
2026-10-04T03:54:20.1676240Z ✔ bounded regex matches the native safe-fixture oracle: (?=(aa))/ (0.233799ms)
2026-10-04T03:54:20.1680818Z ✔ bounded regex matches the native safe-fixture oracle: (a?)*/ (0.264687ms)
2026-10-04T03:54:20.1685303Z ✔ bounded regex matches the native safe-fixture oracle: \p{L}+/ (1.515435ms)
2026-10-04T03:54:20.1689990Z ✔ bounded regex matches the native safe-fixture oracle: \u{1F600}/ (0.293771ms)
2026-10-04T03:54:20.1699639Z ✔ bounded regex matches the native safe-fixture oracle: \bfoo\b/ (0.310243ms)
2026-10-04T03:54:20.1707476Z ✔ bounded regex matches the native safe-fixture oracle: (a(b)?)+/ (0.213801ms)
2026-10-04T03:54:20.1711001Z ✔ literal search preserves Unicode folding, UTF-16 spans and whole-word semantics (2.001208ms)
2026-10-04T03:54:20.1714649Z ✔ regex replacement expands captures, names, escapes and multiline patterns atomically (1.19317ms)
2026-10-04T03:54:20.1719289Z ✔ invalid/unsupported patterns report stable positions instead of native engine errors (0.655901ms)
2026-10-04T03:54:20.1723060Z ✔ pathological regex is interrupted inside the interpreter and a process watchdog remains a second boundary (74.637959ms)
2026-10-04T03:54:20.1730101Z ✔ search cancellation, result limits and empty-match advancement are bounded (0.831452ms)
2026-10-04T03:54:20.2673987Z ✔ grapheme movement keeps clusters intact: "áb" (2.490828ms)
2026-10-04T03:54:20.2677955Z ✔ grapheme movement keeps clusters intact: "👩‍👩‍👧‍👦!" (0.581613ms)
2026-10-04T03:54:20.2681198Z ✔ grapheme movement keeps clusters intact: "🇵🇱🇯🇵x" (0.3565ms)
2026-10-04T03:54:20.2683493Z ✔ grapheme movement keeps clusters intact: "👍🏽👍" (0.214783ms)
2026-10-04T03:54:20.2686636Z ✔ grapheme movement keeps clusters intact: "\r\nX" (0.218401ms)
2026-10-04T03:54:20.2689944Z ✔ grapheme movement keeps clusters intact: "각각" (0.246643ms)
2026-10-04T03:54:20.2693226Z ✔ grapheme movement keeps clusters intact: "क्‍ष" (0.166754ms)
2026-10-04T03:54:20.2696533Z ✔ word/subword navigation handles acronym humps, digits, underscores and CJK (13.409161ms)
2026-10-04T03:54:20.2700254Z ✔ visual columns distinguish UTF-16 characters, graphemes, tabs, wide characters and virtual space (2.234166ms)
2026-10-04T03:54:21.5190323Z ✔ pinned segmentation passes every Unicode 16.0 extended-grapheme conformance row (16.818984ms)
2026-10-04T03:54:21.5193091Z ﹣ default and explicit native segmentation retain Unicode 16.0 host compatibility (0.338315ms) # The native comparison is pinned to a Unicode 16.0 Intl runtime
2026-10-04T03:54:21.5195378Z ✔ existing editor grapheme fixtures agree with the actual host Intl segmenter (10.834727ms)
2026-10-04T03:54:21.5199449Z ✔ chunked columns agree at every UTF-16 position, including split graphemes, pairs, tabs and CRLF (39.095277ms)
2026-10-04T03:54:22.2409296Z ✔ a 200 MiB single line yields, stays chunk bounded, and supports exact subsequent cached lookups (1818.358918ms)
2026-10-04T03:54:22.7887938Z ✔ an unfinished multi-megabyte combining cluster retains only numeric state across chunks (85.155093ms)
2026-10-04T03:54:22.7890553Z ✔ edits reuse the indexed prefix and invalidate changed answers, including surrogate and combining seams (472.299078ms)
2026-10-04T03:54:22.7894055Z ✔ unaffected line checkpoints relocate across earlier edits and joined or split lines never reuse wrong columns (1.710823ms)
2026-10-04T03:54:22.7896649Z ✔ model columns survive undo/redo, invalidate silent rollback, and retain shared read-only behavior (3.305207ms)
2026-10-04T03:54:22.7990689Z ✔ cancel, stale text and disposal reject promptly and release pending work (3.632807ms)
2026-10-04T03:54:22.7992558Z ✔ checkpoint, result, line and pending budgets are enforced without a document-length cutoff (7.364349ms)
2026-10-04T03:54:22.8150084Z ℹ tests 686
2026-10-04T03:54:22.8150740Z ℹ suites 0
2026-10-04T03:54:22.8151193Z ℹ pass 677
2026-10-04T03:54:22.8151637Z ℹ fail 0
2026-10-04T03:54:22.8152134Z ℹ cancelled 0
2026-10-04T03:54:22.8152690Z ℹ skipped 9
2026-10-04T03:54:22.8153177Z ℹ todo 0
2026-10-04T03:54:22.8153721Z ℹ duration_ms 37920.962357
2026-10-04T03:54:24.8357915Z A19 docking browser: nine pointer targets, retained focus/state, floating groups, flyout pin, popout F5 and reattach passed
2026-10-04T03:54:30.5762769Z [
2026-10-04T03:54:30.5763119Z   {
2026-10-04T03:54:30.5763491Z     "scenario": "menu-mnemonics-arrows-focus-restore",
2026-10-04T03:54:30.5765268Z     "passed": true
2026-10-04T03:54:30.5765686Z   },
2026-10-04T03:54:30.5765992Z   {
2026-10-04T03:54:30.5766439Z     "scenario": "searchable-options-cancel",
2026-10-04T03:54:30.5766968Z     "passed": true
2026-10-04T03:54:30.5767315Z   },
2026-10-04T03:54:30.5767614Z   {
2026-10-04T03:54:30.5768009Z     "scenario": "theme-text-contrast",
2026-10-04T03:54:30.5768487Z     "theme": "dark",
2026-10-04T03:54:30.5768755Z     "ratios": [
2026-10-04T03:54:30.5768974Z       {
2026-10-04T03:54:30.5771129Z         "foreground": "--wb-fg",
2026-10-04T03:54:30.5771563Z         "background": "--wb-panel",
2026-10-04T03:54:30.5771904Z         "ratio": 13.128242551287334
2026-10-04T03:54:30.5772180Z       },
2026-10-04T03:54:30.5772384Z       {
2026-10-04T03:54:30.5772653Z         "foreground": "--wb-fg",
2026-10-04T03:54:30.5772970Z         "background": "--wb-raised",
2026-10-04T03:54:30.5773287Z         "ratio": 11.05341484495638
2026-10-04T03:54:30.5773546Z       },
2026-10-04T03:54:30.5773974Z       {
2026-10-04T03:54:30.5774226Z         "foreground": "--wb-fg",
2026-10-04T03:54:30.5774525Z         "background": "--wb-selected",
2026-10-04T03:54:30.5774823Z         "ratio": 7.625848352516812
2026-10-04T03:54:30.5775064Z       },
2026-10-04T03:54:30.5775243Z       {
2026-10-04T03:54:30.5775461Z         "foreground": "--wb-muted",
2026-10-04T03:54:30.5775758Z         "background": "--wb-panel",
2026-10-04T03:54:30.5776100Z         "ratio": 7.60217856912121
2026-10-04T03:54:30.5776343Z       }
2026-10-04T03:54:30.5776525Z     ],
2026-10-04T03:54:30.5776724Z     "passed": true
2026-10-04T03:54:30.5776935Z   },
2026-10-04T03:54:30.5777112Z   {
2026-10-04T03:54:30.5777352Z     "scenario": "theme-text-contrast",
2026-10-04T03:54:30.5777643Z     "theme": "light",
2026-10-04T03:54:30.5777867Z     "ratios": [
2026-10-04T03:54:30.5778065Z       {
2026-10-04T03:54:30.5778292Z         "foreground": "--wb-fg",
2026-10-04T03:54:30.5778582Z         "background": "--wb-panel",
2026-10-04T03:54:30.5778878Z         "ratio": 17.64189221851225
2026-10-04T03:54:30.5779125Z       },
2026-10-04T03:54:30.5779313Z       {
2026-10-04T03:54:30.5779529Z         "foreground": "--wb-fg",
2026-10-04T03:54:30.5779811Z         "background": "--wb-raised",
2026-10-04T03:54:30.5780105Z         "ratio": 15.129008503189796
2026-10-04T03:54:30.5780353Z       },
2026-10-04T03:54:30.5780531Z       {
2026-10-04T03:54:30.5780745Z         "foreground": "--wb-fg",
2026-10-04T03:54:30.5781034Z         "background": "--wb-selected",
2026-10-04T03:54:30.5781329Z         "ratio": 14.367676325434495
2026-10-04T03:54:30.5781569Z       },
2026-10-04T03:54:30.5781750Z       {
2026-10-04T03:54:30.5781966Z         "foreground": "--wb-muted",
2026-10-04T03:54:30.5782269Z         "background": "--wb-panel",
2026-10-04T03:54:30.5782964Z         "ratio": 7.847154678273723
2026-10-04T03:54:30.5783210Z       }
2026-10-04T03:54:30.5783392Z     ],
2026-10-04T03:54:30.5783588Z     "passed": true
2026-10-04T03:54:30.5784075Z   },
2026-10-04T03:54:30.5784265Z   {
2026-10-04T03:54:30.5784490Z     "scenario": "theme-text-contrast",
2026-10-04T03:54:30.5784943Z     "theme": "blue",
2026-10-04T03:54:30.5785164Z     "ratios": [
2026-10-04T03:54:30.5785352Z       {
2026-10-04T03:54:30.5785572Z         "foreground": "--wb-fg",
2026-10-04T03:54:30.5785844Z         "background": "--wb-panel",
2026-10-04T03:54:30.5786124Z         "ratio": 11.892856924816419
2026-10-04T03:54:30.5786368Z       },
2026-10-04T03:54:30.5786545Z       {
2026-10-04T03:54:30.5786753Z         "foreground": "--wb-fg",
2026-10-04T03:54:30.5787032Z         "background": "--wb-raised",
2026-10-04T03:54:30.5787310Z         "ratio": 8.875891841560621
2026-10-04T03:54:30.5787540Z       },
2026-10-04T03:54:30.5787708Z       {
2026-10-04T03:54:30.5787909Z         "foreground": "--wb-fg",
2026-10-04T03:54:30.5788194Z         "background": "--wb-selected",
2026-10-04T03:54:30.5788484Z         "ratio": 6.225007303392024
2026-10-04T03:54:30.5788716Z       },
2026-10-04T03:54:30.5788885Z       {
2026-10-04T03:54:30.5789094Z         "foreground": "--wb-muted",
2026-10-04T03:54:30.5789374Z         "background": "--wb-panel",
2026-10-04T03:54:30.5789644Z         "ratio": 8.39700165630076
2026-10-04T03:54:30.5789875Z       }
2026-10-04T03:54:30.5790044Z     ],
2026-10-04T03:54:30.5790232Z     "passed": true
2026-10-04T03:54:30.5790428Z   },
2026-10-04T03:54:30.5790593Z   {
2026-10-04T03:54:30.5790813Z     "scenario": "theme-text-contrast",
2026-10-04T03:54:30.5791096Z     "theme": "high-contrast",
2026-10-04T03:54:30.5791331Z     "ratios": [
2026-10-04T03:54:30.5791518Z       {
2026-10-04T03:54:30.5791726Z         "foreground": "--wb-fg",
2026-10-04T03:54:30.5791997Z         "background": "--wb-panel",
2026-10-04T03:54:30.5792247Z         "ratio": 21
2026-10-04T03:54:30.5792448Z       },
2026-10-04T03:54:30.5792628Z       {
2026-10-04T03:54:30.5792834Z         "foreground": "--wb-fg",
2026-10-04T03:54:30.5793098Z         "background": "--wb-raised",
2026-10-04T03:54:30.5793349Z         "ratio": 21
2026-10-04T03:54:30.5793542Z       },
2026-10-04T03:54:30.5798552Z       {
2026-10-04T03:54:30.5798869Z         "foreground": "--wb-fg",
2026-10-04T03:54:30.5799176Z         "background": "--wb-selected",
2026-10-04T03:54:30.5799472Z         "ratio": 12.853635274157462
2026-10-04T03:54:30.5799707Z       },
2026-10-04T03:54:30.5799878Z       {
2026-10-04T03:54:30.5800092Z         "foreground": "--wb-muted",
2026-10-04T03:54:30.5800380Z         "background": "--wb-panel",
2026-10-04T03:54:30.5800626Z         "ratio": 21
2026-10-04T03:54:30.5800822Z       }
2026-10-04T03:54:30.5800993Z     ],
2026-10-04T03:54:30.5801179Z     "passed": true
2026-10-04T03:54:30.5801374Z   },
2026-10-04T03:54:30.5801549Z   {
2026-10-04T03:54:30.5801769Z     "scenario": "tool-window-mounts",
2026-10-04T03:54:30.5802041Z     "passed": true
2026-10-04T03:54:30.5802237Z   },
2026-10-04T03:54:30.5802402Z   {
2026-10-04T03:54:30.5802671Z     "scenario": "narrow-dialog-focus-forced-colors",
2026-10-04T03:54:30.5802992Z     "passed": true
2026-10-04T03:54:30.5803181Z   },
2026-10-04T03:54:30.5803343Z   {
2026-10-04T03:54:30.5803598Z     "scenario": "named-controls-and-bounded-grid",
2026-10-04T03:54:30.5804137Z     "passed": true
2026-10-04T03:54:30.5804334Z   }
2026-10-04T03:54:30.5804582Z ]
2026-10-04T03:54:34.8639681Z Traceback (most recent call last):
2026-10-04T03:54:34.8640906Z   File "/home/runner/work/SharpForge/SharpForge/tests/browser_multi_session_test.py", line 291, in <module>
2026-10-04T03:54:34.8641856Z {
2026-10-04T03:54:34.8642350Z     run()
2026-10-04T03:54:34.8643314Z   File "/home/runner/work/SharpForge/SharpForge/tests/browser_multi_session_test.py", line 271, in run
2026-10-04T03:54:34.8645250Z     prepare_studio(page, checks)
2026-10-04T03:54:34.8646349Z   File "/home/runner/work/SharpForge/SharpForge/tests/browser_multi_session_test.py", line 51, in prepare_studio
2026-10-04T03:54:34.8647835Z     loaded = page.evaluate("""async records => {
2026-10-04T03:54:34.8648471Z              ^^^^^^^^^^^^^^^^^^^^^^^^^^^^^^^^^^^
2026-10-04T03:54:34.8649749Z   File "/home/runner/work/SharpForge/SharpForge/tests/conformance/browser/launch.py", line 168, in checked
2026-10-04T03:54:34.8650755Z     result = value(*args, **kwargs)
2026-10-04T03:54:34.8651242Z              ^^^^^^^^^^^^^^^^^^^^^^
2026-10-04T03:54:34.8652473Z   File "/opt/hostedtoolcache/Python/3.12.14/x64/lib/python3.12/site-packages/playwright/sync_api/_generated.py", line 9413, in evaluate
2026-10-04T03:54:34.8654187Z   "target": "production-studio-real-workers",
2026-10-04T03:54:34.8655020Z   "status": "failed",
2026-10-04T03:54:34.8655548Z   "engine": "chromium",
2026-10-04T03:54:34.8656071Z   "checks": [],
2026-10-04T03:54:34.8656547Z   "failure": {
2026-10-04T03:54:34.8657027Z     "type": "Error",
2026-10-04T03:54:34.8657547Z     self._sync(
2026-10-04T03:54:34.8671408Z     "message": "Page.evaluate: WorkbenchError: Document 'Particle.cs' is not open in this workspace\n    at workbenchError (http://127.0.0.1:59601/workbench/state-events.js:58:17)\n    at DocumentService.require (http://127.0.0.1:59601/workbench/documents.js:50:24)\n    at DocumentService.createDocument (http://127.0.0.1:59601/workbench/documents.js:280:25)\n    at StudioDocking.createSourceDocument [as createDocument] (http://127.0.0.1:59601/studio.js:150:79)\n    at StudioDocking.resolve (http://127.0.0.1:59601/workbench/layout-workspace.js:91:26)\n    at DockHost.resolveContent (http://127.0.0.1:59601/workbench/layout-workspace.js:45:78)\n    at DockHost.content (http://127.0.0.1:59601/packages/docking/src/host/dock-host.js:78:38)\n    at createGroupView (http://127.0.0.1:59601/packages/docking/src/host/groups.js:121:26)\n    at createNodeView (http://127.0.0.1:59601/packages/docking/src/host/groups.js:146:37)\n    at createNodeView (http://127.0.0.1:59601/packages/docking/src/host/groups.js:153:16)"
2026-10-04T03:54:34.8678949Z   File "/opt/hostedtoolcache/Python/3.12.14/x64/lib/python3.12/site-packages/playwright/_impl/_sync_base.py", line 115, in _sync
2026-10-04T03:54:34.8680017Z     return task.result()
2026-10-04T03:54:34.8680426Z            ^^^^^^^^^^^^^
2026-10-04T03:54:34.8681525Z   File "/opt/hostedtoolcache/Python/3.12.14/x64/lib/python3.12/site-packages/playwright/_impl/_page.py", line 474, in evaluate
2026-10-04T03:54:34.8682736Z     return await self._main_frame.evaluate(expression, arg)
2026-10-04T03:54:34.8683422Z            ^^^^^^^^^^^^^^^^^^^^^^^^^^^^^^^^^^^^^^^^^^^^^^^^
2026-10-04T03:54:34.8685097Z   File "/opt/hostedtoolcache/Python/3.12.14/x64/lib/python3.12/site-packages/playwright/_impl/_frame.py", line 346, in evaluate
2026-10-04T03:54:34.8686171Z     await self._channel.send(
2026-10-04T03:54:34.8687311Z   File "/opt/hostedtoolcache/Python/3.12.14/x64/lib/python3.12/site-packages/playwright/_impl/_connection.py", line 76, in send
2026-10-04T03:54:34.8688470Z     return await self._connection.wrap_api_call(
2026-10-04T03:54:34.8689086Z            ^^^^^^^^^^^^^^^^^^^^^^^^^^^^^^^^^^^^^
2026-10-04T03:54:34.8690357Z   File "/opt/hostedtoolcache/Python/3.12.14/x64/lib/python3.12/site-packages/playwright/_impl/_connection.py", line 632, in wrap_api_call
2026-10-04T03:54:34.8691727Z     raise rewrite_error(error, f"{parsed_st['apiName']}: {error}") from None
2026-10-04T03:54:34.8692545Z playwright._impl._errors.Error: Page.evaluate: WorkbenchError: Document 'Particle.cs' is not open in this workspace
2026-10-04T03:54:34.8693298Z     at workbenchError (http://127.0.0.1:59601/workbench/state-events.js:58:17)
2026-10-04T03:54:34.8694333Z     at DocumentService.require (http://127.0.0.1:59601/workbench/documents.js:50:24)
2026-10-04T03:54:34.8695121Z     at DocumentService.createDocument (http://127.0.0.1:59601/workbench/documents.js:280:25)
2026-10-04T03:54:34.8695869Z     at StudioDocking.createSourceDocument [as createDocument] (http://127.0.0.1:59601/studio.js:150:79)
2026-10-04T03:54:34.8696806Z     at StudioDocking.resolve (http://127.0.0.1:59601/workbench/layout-workspace.js:91:26)
2026-10-04T03:54:34.8697459Z     at DockHost.resolveContent (http://127.0.0.1:59601/workbench/layout-workspace.js:45:78)
2026-10-04T03:54:34.8698239Z     at DockHost.content (http://127.0.0.1:59601/packages/docking/src/host/dock-host.js:78:38)
2026-10-04T03:54:34.8698875Z     at createGroupView (http://127.0.0.1:59601/packages/docking/src/host/groups.js:121:26)
2026-10-04T03:54:34.8699483Z     at createNodeView (http://127.0.0.1:59601/packages/docking/src/host/groups.js:146:37)
2026-10-04T03:54:34.8700079Z     at createNodeView (http://127.0.0.1:59601/packages/docking/src/host/groups.js:153:16)
2026-10-04T03:54:34.8700499Z   },
2026-10-04T03:54:34.8700695Z   "pageErrors": [],
2026-10-04T03:54:34.8700925Z   "milliseconds": 4086.34
2026-10-04T03:54:34.8701153Z }
2026-10-04T03:54:40.4079770Z A19 lazy tools: cold graph excludes all five controllers; first activation succeeds using local built assets
2026-10-04T03:54:44.7705396Z Traceback (most recent call last):
2026-10-04T03:54:44.7706544Z   File "/home/runner/work/SharpForge/SharpForge/tests/browser_vs_workflows_test.py", line 144, in <module>
2026-10-04T03:54:44.7707529Z {
2026-10-04T03:54:44.7707990Z   "suite": "browser_vs_workflows_test",
2026-10-04T03:54:44.7708524Z   "mode": "http",
2026-10-04T03:54:44.7708927Z   "engine": "chromium",
2026-10-04T03:54:44.7709264Z   "passed": false,
2026-10-04T03:54:44.7709805Z   "sourceSha": "8d1be9cffa04b0fd7390e5cb6fe5f6c03b997557",
2026-10-04T03:54:44.7710530Z   "sourceTree": "dc9d4e337b91c6e878e7c6c7d65f013667b5ec6b",
2026-10-04T03:54:44.7711107Z   "checks": [],
2026-10-04T03:54:44.7711473Z   "navigation": {
2026-10-04T03:54:44.7711829Z     "mode": "http",
2026-10-04T03:54:44.7712281Z     "url": "http://127.0.0.1:37995/",
2026-10-04T03:54:44.7712783Z     "offline": false
2026-10-04T03:54:44.7713079Z   },
2026-10-04T03:54:44.7713355Z   "httpAttempts": [],
2026-10-04T03:54:44.7713889Z   "pageErrors": [],
2026-10-04T03:54:44.7714341Z   "browser": "153.0.8010.12",
2026-10-04T03:54:44.7714685Z   "failure": {
2026-10-04T03:54:44.7727697Z     "type": "Error",
2026-10-04T03:54:44.7729476Z     "message": "Page.evaluate: Error: Project creation failed: Document 'Particle.cs' is not open in this workspace\n    at eval (eval at evaluate (:311:30), <anonymous>:3:26)\n    at UtilityScript.evaluate (<anonymous>:318:18)\n    at UtilityScript.<anonymous> (<anonymous>:1:44)"
2026-10-04T03:54:44.7730853Z   }
2026-10-04T03:54:44.7731051Z }
2026-10-04T03:54:44.7731274Z     run()
2026-10-04T03:54:44.7731818Z   File "/home/runner/work/SharpForge/SharpForge/tests/browser_vs_workflows_test.py", line 131, in run
2026-10-04T03:54:44.7732769Z     exercise(page, report)
2026-10-04T03:54:44.7733677Z   File "/home/runner/work/SharpForge/SharpForge/tests/browser_vs_workflows_test.py", line 104, in exercise
2026-10-04T03:54:44.7734948Z     uri = create_and_edit(page, report['checks'])
2026-10-04T03:54:44.7735360Z           ^^^^^^^^^^^^^^^^^^^^^^^^^^^^^^^^^^^^^^^
2026-10-04T03:54:44.7736043Z   File "/home/runner/work/SharpForge/SharpForge/tests/browser_vs_workflows_test.py", line 27, in create_and_edit
2026-10-04T03:54:44.7736651Z     wait_condition(page, '''() => {
2026-10-04T03:54:44.7737260Z   File "/home/runner/work/SharpForge/SharpForge/tests/browser_harness.py", line 97, in wait_condition
2026-10-04T03:54:44.7737912Z     return page.wait_for_function(predicate, timeout=timeout)
2026-10-04T03:54:44.7738327Z            ^^^^^^^^^^^^^^^^^^^^^^^^^^^^^^^^^^^^^^^^^^^^^^^^^^
2026-10-04T03:54:44.7738967Z   File "/home/runner/work/SharpForge/SharpForge/tests/conformance/browser/launch.py", line 168, in checked
2026-10-04T03:54:44.7739784Z     result = value(*args, **kwargs)
2026-10-04T03:54:44.7740091Z              ^^^^^^^^^^^^^^^^^^^^^^
2026-10-04T03:54:44.7740687Z   File "/home/runner/work/SharpForge/SharpForge/tests/browser_harness.py", line 28, in _wait_for_function
2026-10-04T03:54:44.7741281Z     value = page.evaluate(expression, arg)
2026-10-04T03:54:44.7741923Z             ^^^^^^^^^^^^^^^^^^^^^^^^^^^^^^
2026-10-04T03:54:44.7742672Z   File "/opt/hostedtoolcache/Python/3.12.14/x64/lib/python3.12/site-packages/playwright/sync_api/_generated.py", line 9413, in evaluate
2026-10-04T03:54:44.7743288Z     self._sync(
2026-10-04T03:54:44.7744576Z   File "/opt/hostedtoolcache/Python/3.12.14/x64/lib/python3.12/site-packages/playwright/_impl/_sync_base.py", line 115, in _sync
2026-10-04T03:54:44.7745216Z     return task.result()
2026-10-04T03:54:44.7745452Z            ^^^^^^^^^^^^^
2026-10-04T03:54:44.7746054Z   File "/opt/hostedtoolcache/Python/3.12.14/x64/lib/python3.12/site-packages/playwright/_impl/_page.py", line 474, in evaluate
2026-10-04T03:54:44.7746731Z     return await self._main_frame.evaluate(expression, arg)
2026-10-04T03:54:44.7747126Z            ^^^^^^^^^^^^^^^^^^^^^^^^^^^^^^^^^^^^^^^^^^^^^^^^
2026-10-04T03:54:44.7747810Z   File "/opt/hostedtoolcache/Python/3.12.14/x64/lib/python3.12/site-packages/playwright/_impl/_frame.py", line 346, in evaluate
2026-10-04T03:54:44.7748404Z     await self._channel.send(
2026-10-04T03:54:44.7749034Z   File "/opt/hostedtoolcache/Python/3.12.14/x64/lib/python3.12/site-packages/playwright/_impl/_connection.py", line 76, in send
2026-10-04T03:54:44.7749670Z     return await self._connection.wrap_api_call(
2026-10-04T03:54:44.7750017Z            ^^^^^^^^^^^^^^^^^^^^^^^^^^^^^^^^^^^^^
2026-10-04T03:54:44.7750702Z   File "/opt/hostedtoolcache/Python/3.12.14/x64/lib/python3.12/site-packages/playwright/_impl/_connection.py", line 632, in wrap_api_call
2026-10-04T03:54:44.7751485Z     raise rewrite_error(error, f"{parsed_st['apiName']}: {error}") from None
2026-10-04T03:54:44.7752338Z playwright._impl._errors.Error: Page.evaluate: Error: Project creation failed: Document 'Particle.cs' is not open in this workspace
2026-10-04T03:54:44.7753012Z     at eval (eval at evaluate (:311:30), <anonymous>:3:26)
2026-10-04T03:54:44.7753395Z     at UtilityScript.evaluate (<anonymous>:318:18)
2026-10-04T03:54:44.7754162Z     at UtilityScript.<anonymous> (<anonymous>:1:44)
2026-10-04T03:55:16.9589936Z Traceback (most recent call last):
2026-10-04T03:55:16.9590541Z {
2026-10-04T03:55:16.9591001Z   "suite": "browser_vs_workflows_standalone_test",
2026-10-04T03:55:16.9591569Z   "mode": "file",
2026-10-04T03:55:16.9591938Z   "engine": "chromium",
2026-10-04T03:55:16.9592228Z   "passed": false,
2026-10-04T03:55:16.9592607Z   "sourceSha": "8d1be9cffa04b0fd7390e5cb6fe5f6c03b997557",
2026-10-04T03:55:16.9593364Z   "sourceTree": "dc9d4e337b91c6e878e7c6c7d65f013667b5ec6b",
2026-10-04T03:55:16.9594336Z   "checks": [],
2026-10-04T03:55:16.9594696Z   "navigation": {
2026-10-04T03:55:16.9594941Z     "mode": "file",
2026-10-04T03:55:16.9595436Z     "url": "file:///home/runner/work/SharpForge/SharpForge/artifacts/SharpForge-standalone.html",
2026-10-04T03:55:16.9595923Z     "offline": true,
2026-10-04T03:55:16.9596397Z     "artifact": "/home/runner/work/SharpForge/SharpForge/artifacts/SharpForge-standalone.html",
2026-10-04T03:55:16.9597101Z     "artifactSha256": "acfc8f12940bb97ec2eaf7c305a023638213f4914fe96bd6ffac74515db05b70",
2026-10-04T03:55:16.9597587Z     "bytes": 15579080,
2026-10-04T03:55:16.9597847Z     "policy": {
2026-10-04T03:55:16.9599090Z       "value": "default-src 'self'; script-src 'self' 'wasm-unsafe-eval' 'sha256-vzbSP05NpEWIN9aUT1gJRtIeZIxjF2YjeinvDUCNBhY='; worker-src 'self' blob:; style-src 'self' 'unsafe-inline'; img-src 'self' data: blob:; connect-src 'self'; object-src 'none'; base-uri 'self'; form-action 'self'",
2026-10-04T03:55:16.9600249Z       "transport": "meta"
2026-10-04T03:55:16.9600477Z     }
2026-10-04T03:55:16.9600662Z   },
2026-10-04T03:55:16.9600855Z   "httpAttempts": [],
2026-10-04T03:55:16.9601085Z   "pageErrors": [],
2026-10-04T03:55:16.9601310Z   "browser": "153.0.8010.12",
2026-10-04T03:55:16.9601538Z   "failure": {
2026-10-04T03:55:16.9601749Z     "type": "TimeoutError",
2026-10-04T03:55:16.9602317Z     "message": "Browser predicate remained false: window.sharpforge && window.sharpforge.getState().metrics !== null"
2026-10-04T03:55:16.9603122Z   }
2026-10-04T03:55:16.9603296Z }
2026-10-04T03:55:16.9604884Z   File "/home/runner/work/SharpForge/SharpForge/tests/browser_vs_workflows_standalone_test.py", line 6, in <module>
2026-10-04T03:55:16.9605509Z     run(mode='file', suite=__file__)
2026-10-04T03:55:16.9606326Z   File "/home/runner/work/SharpForge/SharpForge/tests/browser_vs_workflows_test.py", line 131, in run
2026-10-04T03:55:16.9606861Z     exercise(page, report)
2026-10-04T03:55:16.9607398Z   File "/home/runner/work/SharpForge/SharpForge/tests/browser_vs_workflows_test.py", line 93, in exercise
2026-10-04T03:55:16.9607999Z     load_workflow(page, report['mode'], report['navigation'])
2026-10-04T03:55:16.9608701Z   File "/home/runner/work/SharpForge/SharpForge/tests/conformance/browser/workflow_loading.py", line 68, in load_workflow
2026-10-04T03:55:16.9609490Z     wait_condition(page, 'window.sharpforge && window.sharpforge.getState().metrics !== null')
2026-10-04T03:55:16.9610216Z   File "/home/runner/work/SharpForge/SharpForge/tests/browser_harness.py", line 97, in wait_condition
2026-10-04T03:55:16.9610805Z     return page.wait_for_function(predicate, timeout=timeout)
2026-10-04T03:55:16.9611596Z            ^^^^^^^^^^^^^^^^^^^^^^^^^^^^^^^^^^^^^^^^^^^^^^^^^^
2026-10-04T03:55:16.9612308Z   File "/home/runner/work/SharpForge/SharpForge/tests/conformance/browser/launch.py", line 168, in checked
2026-10-04T03:55:16.9613063Z     result = value(*args, **kwargs)
2026-10-04T03:55:16.9613606Z              ^^^^^^^^^^^^^^^^^^^^^^
2026-10-04T03:55:16.9618453Z   File "/home/runner/work/SharpForge/SharpForge/tests/browser_harness.py", line 32, in _wait_for_function
2026-10-04T03:55:16.9619200Z     raise TimeoutError('Browser predicate remained false: ' + expression)
2026-10-04T03:55:16.9619983Z TimeoutError: Browser predicate remained false: window.sharpforge && window.sharpforge.getState().metrics !== null
2026-10-04T03:55:49.6025053Z Traceback (most recent call last):
2026-10-04T03:55:49.6026023Z   File "/home/runner/work/SharpForge/SharpForge/tests/browser_a20_insights_test.py", line 116, in <module>
2026-10-04T03:55:49.6026852Z {
2026-10-04T03:55:49.6027126Z   "status": "failed",
2026-10-04T03:55:49.6027441Z   "engine": "chromium",
2026-10-04T03:55:49.6027750Z   "passed": 8,
2026-10-04T03:55:49.6028027Z   "checks": [
2026-10-04T03:55:49.6028535Z     "completion renders kind/filter/docs and applies selected text",
2026-10-04T03:55:49.6029155Z     "completion Escape preserves typed text",
2026-10-04T03:55:49.6029833Z     "snippet fields mirror while typing and Tab advances without losing source",
2026-10-04T03:55:49.6030695Z     "inline rename previews/cancels exactly and commits across three real models",
2026-10-04T03:55:49.6031476Z     "code action preview is exact and does not mutate until Apply",
2026-10-04T03:55:49.6032254Z     "Quick Info combines signature, safe documentation and diagnostic quick fix",
2026-10-04T03:55:49.6033050Z     "parameter info highlights active argument and cycles overloads",
2026-10-04T03:55:49.6034206Z     "Peek Definition edits the target model and navigates multiple results"
2026-10-04T03:55:49.6034792Z   ],
2026-10-04T03:55:49.6035053Z   "failure": {
2026-10-04T03:55:49.6036052Z     page.get_by_role("textbox", name="Find in current file").fill("(\\w+)=(\\d+)")
2026-10-04T03:55:49.6036741Z     "type": "TimeoutError",
2026-10-04T03:55:49.6038154Z   File "/opt/hostedtoolcache/Python/3.12.14/x64/lib/python3.12/site-packages/playwright/sync_api/_generated.py", line 18398, in fill
2026-10-04T03:55:49.6040047Z     "message": "Locator.fill: Timeout 30000ms exceeded.\nCall log:\n  - waiting for get_by_role(\"textbox\", name=\"Find in current file\")\n"
2026-10-04T03:55:49.6041293Z   }
2026-10-04T03:55:49.6041603Z }
2026-10-04T03:55:49.6059191Z     self._sync(
2026-10-04T03:55:49.6060330Z   File "/opt/hostedtoolcache/Python/3.12.14/x64/lib/python3.12/site-packages/playwright/_impl/_sync_base.py", line 115, in _sync
2026-10-04T03:55:49.6061474Z     return task.result()
2026-10-04T03:55:49.6061901Z            ^^^^^^^^^^^^^
2026-10-04T03:55:49.6063338Z   File "/opt/hostedtoolcache/Python/3.12.14/x64/lib/python3.12/site-packages/playwright/_impl/_locator.py", line 219, in fill
2026-10-04T03:55:49.6065133Z     return await self._frame.fill(self._selector, strict=True, **params)
2026-10-04T03:55:49.6066579Z            ^^^^^^^^^^^^^^^^^^^^^^^^^^^^^^^^^^^^^^^^^^^^^^^^^^^^^^^^^^^^^
2026-10-04T03:55:49.6067876Z   File "/opt/hostedtoolcache/Python/3.12.14/x64/lib/python3.12/site-packages/playwright/_impl/_frame.py", line 637, in fill
2026-10-04T03:55:49.6069082Z     await self._fill(**locals_to_params(locals()))
2026-10-04T03:55:49.6070398Z   File "/opt/hostedtoolcache/Python/3.12.14/x64/lib/python3.12/site-packages/playwright/_impl/_frame.py", line 649, in _fill
2026-10-04T03:55:49.6071762Z     await self._channel.send("fill", self._timeout, locals_to_params(locals()))
2026-10-04T03:55:49.6073216Z   File "/opt/hostedtoolcache/Python/3.12.14/x64/lib/python3.12/site-packages/playwright/_impl/_connection.py", line 76, in send
2026-10-04T03:55:49.6074728Z     return await self._connection.wrap_api_call(
2026-10-04T03:55:49.6075348Z            ^^^^^^^^^^^^^^^^^^^^^^^^^^^^^^^^^^^^^
2026-10-04T03:55:49.6076732Z   File "/opt/hostedtoolcache/Python/3.12.14/x64/lib/python3.12/site-packages/playwright/_impl/_connection.py", line 632, in wrap_api_call
2026-10-04T03:55:49.6078276Z     raise rewrite_error(error, f"{parsed_st['apiName']}: {error}") from None
2026-10-04T03:55:49.6079435Z playwright._impl._errors.TimeoutError: Locator.fill: Timeout 30000ms exceeded.
2026-10-04T03:55:49.6080233Z Call log:
2026-10-04T03:55:49.6080868Z   - waiting for get_by_role("textbox", name="Find in current file")
2026-10-04T03:55:49.6081348Z 
2026-10-04T03:55:53.1655422Z {
2026-10-04T03:55:53.1655926Z   "status": "passed",
2026-10-04T03:55:53.1656296Z   "engine": "chromium",
2026-10-04T03:55:53.1656628Z   "passed": 3,
2026-10-04T03:55:53.1656958Z   "checks": [
2026-10-04T03:55:53.1657581Z     "selected Fix All family previews the complete batch and applies exact source edits",
2026-10-04T03:55:53.1658625Z     "bound type/comment/string live preview cancels to exact UTF-16/CRLF source and undo state",
2026-10-04T03:55:53.1659606Z     "parameter hints and provider invalidation preserve real source offsets and caret"
2026-10-04T03:55:53.1660221Z   ],
2026-10-04T03:55:53.1660495Z   "failure": null
2026-10-04T03:55:53.1660781Z }
2026-10-04T03:55:56.2624760Z {
2026-10-04T03:55:56.2625388Z   "status": "passed",
2026-10-04T03:55:56.2625990Z   "engine": "chromium",
2026-10-04T03:55:56.2626567Z   "passed": 9,
2026-10-04T03:55:56.2627077Z   "checks": [
2026-10-04T03:55:56.2628161Z     "native keydown/beforeinput edits the authoritative model and preserves graphemes",
2026-10-04T03:55:56.2629618Z     "500000 lines render bounded source-faithful rows with a bounded native input",
2026-10-04T03:55:56.2630591Z     "wrap, whitespace and zoom retain source while sharing layout metrics",
2026-10-04T03:55:56.2631568Z     "outlining hides logical ranges, navigation reveals them and margins track edits",
2026-10-04T03:55:56.2632484Z     "split views share undo/text, preserve independent carets and publish each edit once",
2026-10-04T03:55:56.2633236Z     "synthetic DOM composition stays transient and commits once",
2026-10-04T03:55:56.2634102Z     "native DOM bidi geometry supplies visual selections and caret movement",
2026-10-04T03:55:56.2634895Z     "ARIA diagnostics, forced colors, reduced motion and read-only state are wired",
2026-10-04T03:55:56.2635753Z     "complete disposal removes view/input/widgets with no uncaught browser errors"
2026-10-04T03:55:56.2636289Z   ],
2026-10-04T03:55:56.2636531Z   "failure": null,
2026-10-04T03:55:56.2636858Z   "nativeImeCertified": false,
2026-10-04T03:55:56.2637236Z   "screenReaderCertified": false
2026-10-04T03:55:56.2637554Z }
2026-10-04T03:55:56.5289648Z Node model 1024 bytes
2026-10-04T03:55:56.5745223Z Node model 1048576 bytes
2026-10-04T03:55:57.1700432Z Node model 10485760 bytes
2026-10-04T03:56:02.5365152Z Node model 104857600 bytes
2026-10-04T03:56:56.0161310Z Node retained memory 1024 bytes
2026-10-04T03:56:56.1215710Z Node retained memory 1048576 bytes
2026-10-04T03:56:56.4443511Z Node retained memory 10485760 bytes
2026-10-04T03:56:56.6238274Z Node retained memory 104857600 bytes
2026-10-04T03:56:58.4696443Z chromium DOM 1024 bytes
2026-10-04T03:57:07.3278084Z chromium DOM 1048576 bytes
2026-10-04T03:57:18.6236762Z chromium DOM 10485760 bytes
2026-10-04T03:57:34.2496287Z chromium DOM 104857600 bytes
2026-10-04T03:58:48.6986226Z chromium DOM 209715200 bytes
2026-10-04T04:01:30.5873030Z {
2026-10-04T04:01:30.5873484Z   "summary": [
2026-10-04T04:01:30.5874080Z     {
2026-10-04T04:01:30.5874517Z       "name": "cold-app-startup",
2026-10-04T04:01:30.5875054Z       "sessionId": "workbench",
2026-10-04T04:01:30.5875491Z       "count": 3,
2026-10-04T04:01:30.5875877Z       "p50": 2534.399999999907,
2026-10-04T04:01:30.5876307Z       "p95": 2554.5,
2026-10-04T04:01:30.5876665Z       "p99": 2554.5
2026-10-04T04:01:30.5877006Z     },
2026-10-04T04:01:30.5877344Z     {
2026-10-04T04:01:30.5877739Z       "name": "workspace-startup",
2026-10-04T04:01:30.5878248Z       "sessionId": "workbench",
2026-10-04T04:01:30.5878668Z       "count": 3,
2026-10-04T04:01:30.5879057Z       "p50": 2647.9000000000233,
2026-10-04T04:01:30.5879460Z       "p95": 2652.5,
2026-10-04T04:01:30.5879700Z       "p99": 2652.5
2026-10-04T04:01:30.5879925Z     },
2026-10-04T04:01:30.5880116Z     {
2026-10-04T04:01:30.5880349Z       "name": "document-switch",
2026-10-04T04:01:30.5880673Z       "sessionId": "workbench",
2026-10-04T04:01:30.5880937Z       "count": 60,
2026-10-04T04:01:30.5881188Z       "p50": 117.30000000004657,
2026-10-04T04:01:30.5881467Z       "p95": 142.80000000004657,
2026-10-04T04:01:30.5881743Z       "p99": 160.09999999997672
2026-10-04T04:01:30.5881989Z     },
2026-10-04T04:01:30.5882179Z     {
2026-10-04T04:01:30.5882411Z       "name": "tool-activation",
2026-10-04T04:01:30.5882712Z       "sessionId": "workbench",
2026-10-04T04:01:30.5882973Z       "count": 60,
2026-10-04T04:01:30.5883219Z       "p50": 33.300000000046566,
2026-10-04T04:01:30.5883494Z       "p95": 59.90000000002328,
2026-10-04T04:01:30.5884036Z       "p99": 66.30000000004657
2026-10-04T04:01:30.5884535Z     }
2026-10-04T04:01:30.5884720Z   ],
2026-10-04T04:01:30.5884909Z   "mode": "capture",
2026-10-04T04:01:30.5885144Z   "absolutePassed": true,
2026-10-04T04:01:30.5885390Z   "regressionVerdict": null,
2026-10-04T04:01:30.5885624Z   "failures": []
2026-10-04T04:01:30.5885820Z }
2026-10-04T04:01:40.8334667Z Traceback (most recent call last):
2026-10-04T04:01:40.8335272Z {
2026-10-04T04:01:40.8336265Z   File "/home/runner/work/SharpForge/SharpForge/tests/browser_editor_budgets_test.py", line 241, in <module>
2026-10-04T04:01:40.8337182Z     run()
2026-10-04T04:01:40.8338066Z   File "/home/runner/work/SharpForge/SharpForge/tests/browser_editor_budgets_test.py", line 230, in run
2026-10-04T04:01:40.8338915Z   "captureStatus": "failed",
2026-10-04T04:01:40.8339292Z   "assessment": {
2026-10-04T04:01:40.8339617Z     "absolutePassed": false,
2026-10-04T04:01:40.8340182Z     "error": "Incomplete or erroneous browser capture",
2026-10-04T04:01:40.8340693Z     "regressionVerdict": null
2026-10-04T04:01:40.8341057Z   },
2026-10-04T04:01:40.8341322Z   "failure": {
2026-10-04T04:01:40.8341718Z     "type": "AssertionError",
2026-10-04T04:01:40.8342981Z     "message": "Editor browser budget qualification failed: {'absolutePassed': False, 'error': 'Incomplete or erroneous browser capture', 'regressionVerdict': None}"
2026-10-04T04:01:40.8344372Z   },
2026-10-04T04:01:40.8345135Z   "trace": "/home/runner/work/SharpForge/SharpForge/artifacts/results/project16/editor-ui-budgets.json"
2026-10-04T04:01:40.8345918Z }
2026-10-04T04:01:40.8346788Z     raise AssertionError('Editor browser budget qualification failed: ' + repr(trace['assessment']))
2026-10-04T04:01:40.8348639Z AssertionError: Editor browser budget qualification failed: {'absolutePassed': False, 'error': 'Incomplete or erroneous browser capture', 'regressionVerdict': None}
2026-10-04T04:01:44.4246787Z Traceback (most recent call last):
2026-10-04T04:01:44.4247755Z   File "/home/runner/work/SharpForge/SharpForge/tests/browser_a20_studio_large_file_test.py", line 253, in <module>
2026-10-04T04:01:44.4248844Z {
2026-10-04T04:01:44.4249178Z   "status": "failed",
2026-10-04T04:01:44.4249904Z   "issue": 1513,
2026-10-04T04:01:44.4250283Z   "engine": "chromium",
2026-10-04T04:01:44.4250844Z   "host": "Linux-6.17.0-1022-azure-x86_64-with-glibc2.39",
2026-10-04T04:01:44.4251592Z   "sourceSha": "8d1be9cffa04b0fd7390e5cb6fe5f6c03b997557",
2026-10-04T04:01:44.4252356Z   "sourceTree": "dc9d4e337b91c6e878e7c6c7d65f013667b5ec6b",
2026-10-04T04:01:44.4253497Z   "input": "synthetic File/Blob assigned through DataTransfer to the real Studio file-input change handler",
2026-10-04T04:01:44.4255357Z   "limits": [
2026-10-04T04:01:44.4255883Z     "No OS file chooser or native file permission claim",
2026-10-04T04:01:44.4256533Z     "No physical disk throughput claim",
2026-10-04T04:01:44.4257138Z     "No cross-application clipboard claim",
2026-10-04T04:01:44.4257952Z     "Functional case; latency budgets belong to the existing editor benchmark"
2026-10-04T04:01:44.4258640Z   ],
2026-10-04T04:01:44.4258956Z   "pageErrors": [],
2026-10-04T04:01:44.4259333Z   "consoleErrors": [],
2026-10-04T04:01:44.4259784Z   "browserVersion": "153.0.8010.12",
2026-10-04T04:01:44.4260175Z   "fixture": {
2026-10-04T04:01:44.4260407Z     "sizeBytes": 209715200,
2026-10-04T04:01:44.4260928Z     "originalSourceCount": 2,
2026-10-04T04:01:44.4261331Z     "expectedSourceCount": 3,
2026-10-04T04:01:44.4261614Z     "expectedLines": 204803,
2026-10-04T04:01:44.4261909Z     "reusedChunkBytes": 262144,
2026-10-04T04:01:44.4262181Z     "blobPartCount": 802
2026-10-04T04:01:44.4262425Z   },
2026-10-04T04:01:44.4262616Z   "failure": {
2026-10-04T04:01:44.4262831Z     "type": "Error",
2026-10-04T04:01:44.4264333Z     "message": "Page.evaluate: Error: Studio import: Unregistered storage key sharpforge.watch-windows.v1\n    at eval (eval at evaluate (:311:30), <anonymous>:4:24)\n    at UtilityScript.evaluate (<anonymous>:318:18)\n    at UtilityScript.<anonymous> (<anonymous>:1:44)"
2026-10-04T04:01:44.4265532Z   }
2026-10-04T04:01:44.4265719Z }
2026-10-04T04:01:44.4265928Z     run()
2026-10-04T04:01:44.4266460Z   File "/home/runner/work/SharpForge/SharpForge/tests/browser_a20_studio_large_file_test.py", line 238, in run
2026-10-04T04:01:44.4267017Z     qualify(page, report)
2026-10-04T04:01:44.4267608Z   File "/home/runner/work/SharpForge/SharpForge/tests/browser_a20_studio_large_file_test.py", line 195, in qualify
2026-10-04T04:01:44.4268218Z     opened = report["opened"] = await_import(page)
2026-10-04T04:01:44.4268556Z                                 ^^^^^^^^^^^^^^^^^^
2026-10-04T04:01:44.4269177Z   File "/home/runner/work/SharpForge/SharpForge/tests/browser_a20_studio_large_file_test.py", line 62, in await_import
2026-10-04T04:01:44.4270156Z     wait_condition(page, """() => {
2026-10-04T04:01:44.4271159Z   File "/home/runner/work/SharpForge/SharpForge/tests/browser_harness.py", line 97, in wait_condition
2026-10-04T04:01:44.4272247Z     return page.wait_for_function(predicate, timeout=timeout)
2026-10-04T04:01:44.4272946Z            ^^^^^^^^^^^^^^^^^^^^^^^^^^^^^^^^^^^^^^^^^^^^^^^^^^
2026-10-04T04:01:44.4278006Z   File "/home/runner/work/SharpForge/SharpForge/tests/conformance/browser/launch.py", line 168, in checked
2026-10-04T04:01:44.4279006Z     result = value(*args, **kwargs)
2026-10-04T04:01:44.4279487Z              ^^^^^^^^^^^^^^^^^^^^^^
2026-10-04T04:01:44.4280308Z   File "/home/runner/work/SharpForge/SharpForge/tests/browser_harness.py", line 28, in _wait_for_function
2026-10-04T04:01:44.4280857Z     value = page.evaluate(expression, arg)
2026-10-04T04:01:44.4281165Z             ^^^^^^^^^^^^^^^^^^^^^^^^^^^^^^
2026-10-04T04:01:44.4281840Z   File "/opt/hostedtoolcache/Python/3.12.14/x64/lib/python3.12/site-packages/playwright/sync_api/_generated.py", line 9413, in evaluate
2026-10-04T04:01:44.4282449Z     self._sync(
2026-10-04T04:01:44.4283309Z   File "/opt/hostedtoolcache/Python/3.12.14/x64/lib/python3.12/site-packages/playwright/_impl/_sync_base.py", line 115, in _sync
2026-10-04T04:01:44.4284199Z     return task.result()
2026-10-04T04:01:44.4284434Z            ^^^^^^^^^^^^^
2026-10-04T04:01:44.4285163Z   File "/opt/hostedtoolcache/Python/3.12.14/x64/lib/python3.12/site-packages/playwright/_impl/_page.py", line 474, in evaluate
2026-10-04T04:01:44.4285833Z     return await self._main_frame.evaluate(expression, arg)
2026-10-04T04:01:44.4286214Z            ^^^^^^^^^^^^^^^^^^^^^^^^^^^^^^^^^^^^^^^^^^^^^^^^
2026-10-04T04:01:44.4286857Z   File "/opt/hostedtoolcache/Python/3.12.14/x64/lib/python3.12/site-packages/playwright/_impl/_frame.py", line 346, in evaluate
2026-10-04T04:01:44.4287429Z     await self._channel.send(
2026-10-04T04:01:44.4288027Z   File "/opt/hostedtoolcache/Python/3.12.14/x64/lib/python3.12/site-packages/playwright/_impl/_connection.py", line 76, in send
2026-10-04T04:01:44.4288634Z     return await self._connection.wrap_api_call(
2026-10-04T04:01:44.4288967Z            ^^^^^^^^^^^^^^^^^^^^^^^^^^^^^^^^^^^^^
2026-10-04T04:01:44.4289645Z   File "/opt/hostedtoolcache/Python/3.12.14/x64/lib/python3.12/site-packages/playwright/_impl/_connection.py", line 632, in wrap_api_call
2026-10-04T04:01:44.4290428Z     raise rewrite_error(error, f"{parsed_st['apiName']}: {error}") from None
2026-10-04T04:01:44.4291224Z playwright._impl._errors.Error: Page.evaluate: Error: Studio import: Unregistered storage key sharpforge.watch-windows.v1
2026-10-04T04:01:44.4291865Z     at eval (eval at evaluate (:311:30), <anonymous>:4:24)
2026-10-04T04:01:44.4292262Z     at UtilityScript.evaluate (<anonymous>:318:18)
2026-10-04T04:01:44.4292630Z     at UtilityScript.<anonymous> (<anonymous>:1:44)
2026-10-04T04:03:26.3557860Z {
2026-10-04T04:03:26.3558305Z   "captureStatus": "completed",
2026-10-04T04:03:26.3558797Z   "assessment": {
2026-10-04T04:03:26.3559144Z     "passed": true,
2026-10-04T04:03:26.3559542Z     "budgetPercent": 1,
2026-10-04T04:03:26.3560083Z     "overheadPercent": 0.19641649896905353,
2026-10-04T04:03:26.3560616Z     "enabledMs": 25046.99999999616,
2026-10-04T04:03:26.3561177Z     "disabledMs": 24997.900000000373,
2026-10-04T04:03:26.3561697Z     "deltaMs": 49.099999995785765,
2026-10-04T04:03:26.3562132Z     "pairs": [
2026-10-04T04:03:26.3562480Z       {
2026-10-04T04:03:26.3562796Z         "pair": 0,
2026-10-04T04:03:26.3563218Z         "enabledMs": 2038.1999999997206,
2026-10-04T04:03:26.3563979Z         "disabledMs": 2055.2999999996973,
2026-10-04T04:03:26.3564523Z         "deltaMs": -17.099999999976717,
2026-10-04T04:03:26.3565099Z         "overheadPercent": -0.831995329148019
2026-10-04T04:03:26.3565634Z       },
2026-10-04T04:03:26.3565921Z       {
2026-10-04T04:03:26.3566123Z         "pair": 1,
2026-10-04T04:03:26.3566375Z         "enabledMs": 2061.6999999993714,
2026-10-04T04:03:26.3566683Z         "disabledMs": 2075.799999999581,
2026-10-04T04:03:26.3566984Z         "deltaMs": -14.100000000209548,
2026-10-04T04:03:26.3567309Z         "overheadPercent": -0.679256190394662
2026-10-04T04:03:26.3567583Z       },
2026-10-04T04:03:26.3567762Z       {
2026-10-04T04:03:26.3567946Z         "pair": 2,
2026-10-04T04:03:26.3568186Z         "enabledMs": 2027.5000000001164,
2026-10-04T04:03:26.3568489Z         "disabledMs": 2019.8000000000466,
2026-10-04T04:03:26.3568799Z         "deltaMs": 7.700000000069849,
2026-10-04T04:03:26.3569109Z         "overheadPercent": 0.3812258639503749
2026-10-04T04:03:26.3569386Z       },
2026-10-04T04:03:26.3569566Z       {
2026-10-04T04:03:26.3569792Z         "pair": 3,
2026-10-04T04:03:26.3570090Z         "enabledMs": 2023.9999999997672,
2026-10-04T04:03:26.3570393Z         "disabledMs": 1990.800000000163,
2026-10-04T04:03:26.3570691Z         "deltaMs": 33.19999999960419,
2026-10-04T04:03:26.3570983Z         "overheadPercent": 1.667671287904434
2026-10-04T04:03:26.3571244Z       },
2026-10-04T04:03:26.3571414Z       {
2026-10-04T04:03:26.3571597Z         "pair": 4,
2026-10-04T04:03:26.3571839Z         "enabledMs": 2055.29999999993,
2026-10-04T04:03:26.3572457Z         "disabledMs": 2038.2999999999302,
2026-10-04T04:03:26.3572723Z         "deltaMs": 17,
2026-10-04T04:03:26.3572988Z         "overheadPercent": 0.8340283569641653
2026-10-04T04:03:26.3573252Z       },
2026-10-04T04:03:26.3573428Z       {
2026-10-04T04:03:26.3574072Z         "pair": 5,
2026-10-04T04:03:26.3574374Z         "enabledMs": 2097.7999999998137,
2026-10-04T04:03:26.3574678Z         "disabledMs": 2082.1000000004424,
2026-10-04T04:03:26.3574972Z         "deltaMs": 15.699999999371357,
2026-10-04T04:03:26.3575265Z         "overheadPercent": 0.754046395435763
2026-10-04T04:03:26.3575534Z       },
2026-10-04T04:03:26.3575712Z       {
2026-10-04T04:03:26.3575896Z         "pair": 6,
2026-10-04T04:03:26.3576129Z         "enabledMs": 2074.1999999993714,
2026-10-04T04:03:26.3576417Z         "disabledMs": 2121.3999999995576,
2026-10-04T04:03:26.3576706Z         "deltaMs": -47.200000000186265,
2026-10-04T04:03:26.3577020Z         "overheadPercent": -2.2249457905249415
2026-10-04T04:03:26.3577296Z       },
2026-10-04T04:03:26.3577466Z       {
2026-10-04T04:03:26.3577641Z         "pair": 7,
2026-10-04T04:03:26.3577870Z         "enabledMs": 2074.5999999996275,
2026-10-04T04:03:26.3578153Z         "disabledMs": 2078.3000000000466,
2026-10-04T04:03:26.3578445Z         "deltaMs": -3.700000000419095,
2026-10-04T04:03:26.3578781Z         "overheadPercent": -0.17803012079194594
2026-10-04T04:03:26.3579053Z       },
2026-10-04T04:03:26.3579220Z       {
2026-10-04T04:03:26.3579393Z         "pair": 8,
2026-10-04T04:03:26.3579616Z         "enabledMs": 2200.699999999022,
2026-10-04T04:03:26.3579892Z         "disabledMs": 2084.600000000908,
2026-10-04T04:03:26.3580169Z         "deltaMs": 116.09999999811407,
2026-10-04T04:03:26.3580459Z         "overheadPercent": 5.569413796318886
2026-10-04T04:03:26.3580744Z       },
2026-10-04T04:03:26.3580917Z       {
2026-10-04T04:03:26.3581112Z         "pair": 9,
2026-10-04T04:03:26.3581340Z         "enabledMs": 2095.5000000004657,
2026-10-04T04:03:26.3581624Z         "disabledMs": 2152.7000000001863,
2026-10-04T04:03:26.3581915Z         "deltaMs": -57.1999999997206,
2026-10-04T04:03:26.3582205Z         "overheadPercent": -2.6571282575238375
2026-10-04T04:03:26.3582463Z       },
2026-10-04T04:03:26.3582635Z       {
2026-10-04T04:03:26.3582856Z         "pair": 10,
2026-10-04T04:03:26.3583130Z         "enabledMs": 2222.499999999418,
2026-10-04T04:03:26.3583444Z         "disabledMs": 2238.600000000093,
2026-10-04T04:03:26.3583985Z         "deltaMs": -16.10000000067521,
2026-10-04T04:03:26.3584521Z         "overheadPercent": -0.7191994997174368
2026-10-04T04:03:26.3584943Z       },
2026-10-04T04:03:26.3585215Z       {
2026-10-04T04:03:26.3585496Z         "pair": 11,
2026-10-04T04:03:26.3585868Z         "enabledMs": 2074.9999999995343,
2026-10-04T04:03:26.3586329Z         "disabledMs": 2060.1999999997206,
2026-10-04T04:03:26.3586814Z         "deltaMs": 14.799999999813735,
2026-10-04T04:03:26.3587616Z         "overheadPercent": 0.7183768566069189
2026-10-04T04:03:26.3587956Z       }
2026-10-04T04:03:26.3588153Z     ],
2026-10-04T04:03:26.3588356Z     "diagnostics": [
2026-10-04T04:03:26.3588588Z       {
2026-10-04T04:03:26.3588818Z         "operation": "startup",
2026-10-04T04:03:26.3589069Z         "enabled": {
2026-10-04T04:03:26.3589335Z           "p50Ms": 1324.7999999999302,
2026-10-04T04:03:26.3589630Z           "p95Ms": 1453.3000000000466,
2026-10-04T04:03:26.3589910Z           "p99Ms": 1453.3000000000466,
2026-10-04T04:03:26.3590238Z           "minMs": 1305.2000000000698,
2026-10-04T04:03:26.3590528Z           "maxMs": 1453.3000000000466,
2026-10-04T04:03:26.3590790Z           "count": 12
2026-10-04T04:03:26.3591032Z         },
2026-10-04T04:03:26.3591239Z         "disabled": {
2026-10-04T04:03:26.3591512Z           "p50Ms": 1331.9000000000233,
2026-10-04T04:03:26.3591783Z           "p95Ms": 1418.8000000000466,
2026-10-04T04:03:26.3592071Z           "p99Ms": 1418.8000000000466,
2026-10-04T04:03:26.3592362Z           "minMs": 1280.5999999999767,
2026-10-04T04:03:26.3592835Z           "maxMs": 1418.8000000000466,
2026-10-04T04:03:26.3593076Z           "count": 12
2026-10-04T04:03:26.3593302Z         },
2026-10-04T04:03:26.3593551Z         "enabledTotalMs": 16104.000000000116,
2026-10-04T04:03:26.3594172Z         "disabledTotalMs": 15947.000000000116,
2026-10-04T04:03:26.3594657Z         "overheadPercent": 0.9845111933278914,
2026-10-04T04:03:26.3595001Z         "zeroDenominator": false
2026-10-04T04:03:26.3595262Z       },
2026-10-04T04:03:26.3595438Z       {
2026-10-04T04:03:26.3595677Z         "operation": "document-switch",
2026-10-04T04:03:26.3595959Z         "enabled": {
2026-10-04T04:03:26.3596198Z           "p50Ms": 18.599999999976717,
2026-10-04T04:03:26.3596487Z           "p95Ms": 25.400000000023283,
2026-10-04T04:03:26.3596761Z           "p99Ms": 28.400000000023283,
2026-10-04T04:03:26.3597047Z           "minMs": 15.099999999976717,
2026-10-04T04:03:26.3597312Z           "maxMs": 34.5,
2026-10-04T04:03:26.3597533Z           "count": 384
2026-10-04T04:03:26.3597761Z         },
2026-10-04T04:03:26.3597943Z         "disabled": {
2026-10-04T04:03:26.3598203Z           "p50Ms": 18.599999999976717,
2026-10-04T04:03:26.3598442Z           "p95Ms": 25,
2026-10-04T04:03:26.3598670Z           "p99Ms": 29,
2026-10-04T04:03:26.3598928Z           "minMs": 15.29999999993015,
2026-10-04T04:03:26.3599223Z           "maxMs": 37.79999999993015,
2026-10-04T04:03:26.3599467Z           "count": 384
2026-10-04T04:03:26.3599666Z         },
2026-10-04T04:03:26.3599888Z         "enabledTotalMs": 7358.29999999865,
2026-10-04T04:03:26.3600205Z         "disabledTotalMs": 7418.49999999837,
2026-10-04T04:03:26.3600520Z         "overheadPercent": -0.8114848015061512,
2026-10-04T04:03:26.3600850Z         "zeroDenominator": false
2026-10-04T04:03:26.3601083Z       },
2026-10-04T04:03:26.3601261Z       {
2026-10-04T04:03:26.3601479Z         "operation": "tool-activation",
2026-10-04T04:03:26.3601747Z         "enabled": {
2026-10-04T04:03:26.3601981Z           "p50Ms": 12.900000000023283,
2026-10-04T04:03:26.3602255Z           "p95Ms": 15.599999999976717,
2026-10-04T04:03:26.3602519Z           "p99Ms": 16.099999999976717,
2026-10-04T04:03:26.3602792Z           "minMs": 9.800000000046566,
2026-10-04T04:03:26.3603066Z           "maxMs": 16.099999999976717,
2026-10-04T04:03:26.3603315Z           "count": 36
2026-10-04T04:03:26.3603513Z         },
2026-10-04T04:03:26.3603997Z         "disabled": {
2026-10-04T04:03:26.3604252Z           "p50Ms": 13.599999999976717,
2026-10-04T04:03:26.3604528Z           "p95Ms": 16.70000000006985,
2026-10-04T04:03:26.3604793Z           "p99Ms": 16.900000000023283,
2026-10-04T04:03:26.3605060Z           "minMs": 9.900000000023283,
2026-10-04T04:03:26.3605329Z           "maxMs": 16.900000000023283,
2026-10-04T04:03:26.3605566Z           "count": 36
2026-10-04T04:03:26.3605759Z         },
2026-10-04T04:03:26.3606052Z         "enabledTotalMs": 457.99999999965075,
2026-10-04T04:03:26.3606366Z         "disabledTotalMs": 481.0000000001164,
2026-10-04T04:03:26.3606687Z         "overheadPercent": -4.7817047818004355,
2026-10-04T04:03:26.3607008Z         "zeroDenominator": false
2026-10-04T04:03:26.3607268Z       },
2026-10-04T04:03:26.3607453Z       {
2026-10-04T04:03:26.3607666Z         "operation": "command",
2026-10-04T04:03:26.3607909Z         "enabled": {
2026-10-04T04:03:26.3608124Z           "p50Ms": 0,
2026-10-04T04:03:26.3608363Z           "p95Ms": 0.10000000009313226,
2026-10-04T04:03:26.3608642Z           "p99Ms": 0.5999999999767169,
2026-10-04T04:03:26.3608896Z           "minMs": 0,
2026-10-04T04:03:26.3609133Z           "maxMs": 0.7999999999301508,
2026-10-04T04:03:26.3609379Z           "count": 768
2026-10-04T04:03:26.3609579Z         },
2026-10-04T04:03:26.3609760Z         "disabled": {
2026-10-04T04:03:26.3609962Z           "p50Ms": 0,
2026-10-04T04:03:26.3610194Z           "p95Ms": 0.10000000009313226,
2026-10-04T04:03:26.3610465Z           "p99Ms": 0.5999999999767169,
2026-10-04T04:03:26.3610705Z           "minMs": 0,
2026-10-04T04:03:26.3610966Z           "maxMs": 0.7000000000698492,
2026-10-04T04:03:26.3611558Z           "count": 768
2026-10-04T04:03:26.3624590Z         },
2026-10-04T04:03:26.3624901Z         "enabledTotalMs": 42.799999999580905,
2026-10-04T04:03:26.3625274Z         "disabledTotalMs": 44.199999999953434,
2026-10-04T04:03:26.3626085Z         "overheadPercent": -3.1674208153258006,
2026-10-04T04:03:26.3626586Z         "zeroDenominator": false
2026-10-04T04:03:26.3627048Z       },
2026-10-04T04:03:26.3627307Z       {
2026-10-04T04:03:26.3627622Z         "operation": "trusted-key-input",
2026-10-04T04:03:26.3628205Z         "enabled": {
2026-10-04T04:03:26.3628703Z           "p50Ms": 2.099999999976717,
2026-10-04T04:03:26.3629153Z           "p95Ms": 4,
2026-10-04T04:03:26.3629618Z           "p99Ms": 22.79999999993015,
2026-10-04T04:03:26.3630153Z           "minMs": 1.400000000023283,
2026-10-04T04:03:26.3630680Z           "maxMs": 26.099999999976717,
2026-10-04T04:03:26.3631131Z           "count": 384
2026-10-04T04:03:26.3631541Z         },
2026-10-04T04:03:26.3631901Z         "disabled": {
2026-10-04T04:03:26.3632320Z           "p50Ms": 2.199999999953434,
2026-10-04T04:03:26.3632773Z           "p95Ms": 3.799999999930151,
2026-10-04T04:03:26.3633077Z           "p99Ms": 22.699999999953434,
2026-10-04T04:03:26.3633359Z           "minMs": 1.5,
2026-10-04T04:03:26.3633616Z           "maxMs": 24.800000000046566,
2026-10-04T04:03:26.3634186Z           "count": 384
2026-10-04T04:03:26.3634422Z         },
2026-10-04T04:03:26.3634691Z         "enabledTotalMs": 1083.8999999981606,
2026-10-04T04:03:26.3635031Z         "disabledTotalMs": 1107.200000001816,
2026-10-04T04:03:26.3635380Z         "overheadPercent": -2.1044075147775674,
2026-10-04T04:03:26.3635728Z         "zeroDenominator": false
2026-10-04T04:03:26.3636003Z       }
2026-10-04T04:03:26.3636196Z     ],
2026-10-04T04:03:26.3636626Z     "gate": "ratio of paired sums of the identical measured workload; strictly less than 1%",
2026-10-04T04:03:26.3637393Z     "interpretation": "One bounded shared-host observation; not statistical proof. All raw samples retained."
2026-10-04T04:03:26.3637916Z   }
2026-10-04T04:03:26.3638115Z }
2026-10-04T04:03:26.4091037Z ##[error]Process completed with exit code 1.
2026-10-04T04:03:26.4146978Z ##[group]Run import json
2026-10-04T04:03:26.4147296Z [36;1mimport json[0m
2026-10-04T04:03:26.4147511Z [36;1mimport os[0m
2026-10-04T04:03:26.4147730Z [36;1mfrom pathlib import Path[0m
2026-10-04T04:03:26.4148066Z [36;1moutput = Path(os.environ['SHARPFORGE_RESULTS_DIR'])[0m
2026-10-04T04:03:26.4148465Z [36;1moutput.mkdir(parents=True, exist_ok=True)[0m
2026-10-04T04:03:26.4148826Z [36;1m(output / 'source.json').write_text(json.dumps({[0m
2026-10-04T04:03:26.4149218Z [36;1m    'sourceSha': os.environ['QUALIFICATION_SOURCE_SHA'],[0m
2026-10-04T04:03:26.4149643Z [36;1m    'sourceTree': os.environ['QUALIFICATION_SOURCE_TREE'],[0m
2026-10-04T04:03:26.4150061Z [36;1m    'trigger': os.environ['QUALIFICATION_TRIGGER_EVENT'],[0m
2026-10-04T04:03:26.4150466Z [36;1m    'triggerRef': os.environ['QUALIFICATION_TRIGGER_REF'],[0m
2026-10-04T04:03:26.4150934Z [36;1m    'triggerNonce': os.environ['QUALIFICATION_TRIGGER_NONCE'] or None,[0m
2026-10-04T04:03:26.4151453Z [36;1m    'captureOnly': os.environ['QUALIFICATION_CAPTURE_ONLY'] == 'true',[0m
2026-10-04T04:03:26.4151894Z [36;1m    'workflowRunId': os.environ['GITHUB_RUN_ID'],[0m
2026-10-04T04:03:26.4152252Z [36;1m    'stage': os.environ['QUALIFICATION_STAGE'],[0m
2026-10-04T04:03:26.4152620Z [36;1m    'engine': os.environ['SHARPFORGE_BROWSER_ENGINE'],[0m
2026-10-04T04:03:26.4152971Z [36;1m    'runner': os.environ['RUNNER_OS'],[0m
2026-10-04T04:03:26.4153316Z [36;1m    'runnerLabel': os.environ['QUALIFICATION_RUNNER'],[0m
2026-10-04T04:03:26.4154062Z [36;1m    'editorBaseline': os.environ['SHARPFORGE_EDITOR_BASELINE'] or None,[0m
2026-10-04T04:03:26.4154604Z [36;1m    'workbenchBaseline': os.environ['SHARPFORGE_WORKBENCH_BASELINE'] or None,[0m
2026-10-04T04:03:26.4155035Z [36;1m}, indent=2) + '\n', encoding='utf8')[0m
2026-10-04T04:03:26.4157093Z shell: /opt/hostedtoolcache/Python/3.12.14/x64/bin/python {0}
2026-10-04T04:03:26.4157439Z env:
2026-10-04T04:03:26.4157695Z   SHARPFORGE_RESULTS_DIR: artifacts/results/project16
2026-10-04T04:03:26.4158027Z   QUALIFICATION_TRIGGER_EVENT: create
2026-10-04T04:03:26.4158497Z   QUALIFICATION_TRIGGER_REF: refs/heads/codex/project16/qualify-ubuntu-chromium-all-20261004-a4
2026-10-04T04:03:26.4159043Z   QUALIFICATION_TRIGGER_NONCE: 20261004-a4
2026-10-04T04:03:26.4159418Z   QUALIFICATION_SOURCE_SHA: 8d1be9cffa04b0fd7390e5cb6fe5f6c03b997557
2026-10-04T04:03:26.4159879Z   QUALIFICATION_SOURCE_TREE: dc9d4e337b91c6e878e7c6c7d65f013667b5ec6b
2026-10-04T04:03:26.4160257Z   QUALIFICATION_RUNNER: ubuntu-latest
2026-10-04T04:03:26.4160522Z   QUALIFICATION_STAGE: all
2026-10-04T04:03:26.4160766Z   QUALIFICATION_CAPTURE_ONLY: true
2026-10-04T04:03:26.4161040Z   SHARPFORGE_BROWSER_ENGINE: chromium
2026-10-04T04:03:26.4161306Z   SHARPFORGE_EDITOR_BASELINE: 
2026-10-04T04:03:26.4161560Z   SHARPFORGE_WORKBENCH_BASELINE: 
2026-10-04T04:03:26.4161881Z   pythonLocation: /opt/hostedtoolcache/Python/3.12.14/x64
2026-10-04T04:03:26.4162310Z   PKG_CONFIG_PATH: /opt/hostedtoolcache/Python/3.12.14/x64/lib/pkgconfig
2026-10-04T04:03:26.4162740Z   Python_ROOT_DIR: /opt/hostedtoolcache/Python/3.12.14/x64
2026-10-04T04:03:26.4163121Z   Python2_ROOT_DIR: /opt/hostedtoolcache/Python/3.12.14/x64
2026-10-04T04:03:26.4163502Z   Python3_ROOT_DIR: /opt/hostedtoolcache/Python/3.12.14/x64
2026-10-04T04:03:26.4164298Z   LD_LIBRARY_PATH: /opt/hostedtoolcache/Python/3.12.14/x64/lib
2026-10-04T04:03:26.4164956Z   SHARPFORGE_PLAYWRIGHT_MODULE: /opt/hostedtoolcache/Python/3.12.14/x64/lib/python3.12/site-packages/playwright/driver/package
2026-10-04T04:03:26.4165527Z ##[endgroup]
2026-10-04T04:03:26.4528562Z ##[group]Run actions/upload-artifact@ea165f8d65b6e75b540449e92b4886f43607fa02
2026-10-04T04:03:26.4528992Z with:
2026-10-04T04:03:26.4529235Z   name: project16-ubuntu-latest-chromium-all
2026-10-04T04:03:26.4529553Z   path: artifacts/results/project16/
2026-10-04T04:03:26.4529842Z   if-no-files-found: error
2026-10-04T04:03:26.4530079Z   compression-level: 6
2026-10-04T04:03:26.4530297Z   overwrite: false
2026-10-04T04:03:26.4530512Z   include-hidden-files: false
2026-10-04T04:03:26.4530747Z env:
2026-10-04T04:03:26.4530975Z   SHARPFORGE_RESULTS_DIR: artifacts/results/project16
2026-10-04T04:03:26.4531297Z   QUALIFICATION_TRIGGER_EVENT: create
2026-10-04T04:03:26.4531764Z   QUALIFICATION_TRIGGER_REF: refs/heads/codex/project16/qualify-ubuntu-chromium-all-20261004-a4
2026-10-04T04:03:26.4532251Z   QUALIFICATION_TRIGGER_NONCE: 20261004-a4
2026-10-04T04:03:26.4532615Z   QUALIFICATION_SOURCE_SHA: 8d1be9cffa04b0fd7390e5cb6fe5f6c03b997557
2026-10-04T04:03:26.4533099Z   QUALIFICATION_SOURCE_TREE: dc9d4e337b91c6e878e7c6c7d65f013667b5ec6b
2026-10-04T04:03:26.4533470Z   QUALIFICATION_RUNNER: ubuntu-latest
2026-10-04T04:03:26.4533909Z   QUALIFICATION_STAGE: all
2026-10-04T04:03:26.4534158Z   QUALIFICATION_CAPTURE_ONLY: true
2026-10-04T04:03:26.4534433Z   SHARPFORGE_BROWSER_ENGINE: chromium
2026-10-04T04:03:26.4534695Z   SHARPFORGE_EDITOR_BASELINE: 
2026-10-04T04:03:26.4534943Z   SHARPFORGE_WORKBENCH_BASELINE: 
2026-10-04T04:03:26.4535264Z   pythonLocation: /opt/hostedtoolcache/Python/3.12.14/x64
2026-10-04T04:03:26.4535696Z   PKG_CONFIG_PATH: /opt/hostedtoolcache/Python/3.12.14/x64/lib/pkgconfig
2026-10-04T04:03:26.4536123Z   Python_ROOT_DIR: /opt/hostedtoolcache/Python/3.12.14/x64
2026-10-04T04:03:26.4536503Z   Python2_ROOT_DIR: /opt/hostedtoolcache/Python/3.12.14/x64
2026-10-04T04:03:26.4536887Z   Python3_ROOT_DIR: /opt/hostedtoolcache/Python/3.12.14/x64
2026-10-04T04:03:26.4537276Z   LD_LIBRARY_PATH: /opt/hostedtoolcache/Python/3.12.14/x64/lib
2026-10-04T04:03:26.4537914Z   SHARPFORGE_PLAYWRIGHT_MODULE: /opt/hostedtoolcache/Python/3.12.14/x64/lib/python3.12/site-packages/playwright/driver/package
2026-10-04T04:03:26.4538477Z ##[endgroup]
2026-10-04T04:03:26.6299174Z (node:7111) [DEP0040] DeprecationWarning: The `punycode` module is deprecated. Please use a userland alternative instead.
2026-10-04T04:03:26.6301241Z (Use `node --trace-deprecation ...` to show where the warning was created)
2026-10-04T04:03:26.6483290Z With the provided path, there will be 67 files uploaded
2026-10-04T04:03:26.6488606Z Artifact name is valid!
2026-10-04T04:03:26.6489295Z Root directory input is valid!
2026-10-04T04:03:27.0378720Z Beginning upload of artifact content to blob storage
2026-10-04T04:03:27.3636090Z (node:7111) [DEP0169] DeprecationWarning: `url.parse()` behavior is not standardized and prone to errors that have security implications. Use the WHATWG URL API instead. CVEs are not issued for `url.parse()` vulnerabilities.
2026-10-04T04:03:28.4901092Z Uploaded bytes 8388608
2026-10-04T04:03:28.6136286Z Uploaded bytes 8862070
2026-10-04T04:03:28.7403182Z Finished uploading artifact content to blob storage!
2026-10-04T04:03:28.7405095Z SHA256 digest of uploaded artifact zip is f07f9ef776d60f070e8ac9614bc65233e77a75215fce3559f8cc02acf8a680c3
2026-10-04T04:03:28.7406470Z Finalizing artifact upload
2026-10-04T04:03:28.9846124Z Artifact project16-ubuntu-latest-chromium-all.zip successfully finalized. Artifact ID 11293386531
2026-10-04T04:03:28.9847692Z Artifact project16-ubuntu-latest-chromium-all has been successfully uploaded! Final size is 8862070 bytes. Artifact ID is 11293386531
2026-10-04T04:03:28.9854810Z Artifact download URL: https://github.com/wieslawsoltes/SharpForge/actions/runs/37175293552/artifacts/11293386531
2026-10-04T04:03:29.0070569Z Post job cleanup.
2026-10-04T04:03:29.0941872Z [command]/usr/bin/git version
2026-10-04T04:03:29.0990193Z git version 2.55.0
2026-10-04T04:03:29.1028289Z Temporarily overriding HOME='/home/runner/work/_temp/46240814-797c-4b84-a95c-c4de62bbca26' before making global git config changes
2026-10-04T04:03:29.1029402Z Adding repository directory to the temporary git global config as a safe directory
2026-10-04T04:03:29.1034131Z [command]/usr/bin/git config --global --add safe.directory /home/runner/work/SharpForge/SharpForge
2026-10-04T04:03:29.1068241Z Removing SSH command configuration
2026-10-04T04:03:29.1076003Z [command]/usr/bin/git config --local --name-only --get-regexp core\.sshCommand
2026-10-04T04:03:29.1112756Z [command]/usr/bin/git submodule foreach --recursive sh -c "git config --local --name-only --get-regexp 'core\.sshCommand' && git config --local --unset-all 'core.sshCommand' || :"
2026-10-04T04:03:29.1361643Z Removing HTTP extra header
2026-10-04T04:03:29.1370018Z [command]/usr/bin/git config --local --name-only --get-regexp http\.https\:\/\/github\.com\/\.extraheader
2026-10-04T04:03:29.1409247Z [command]/usr/bin/git submodule foreach --recursive sh -c "git config --local --name-only --get-regexp 'http\.https\:\/\/github\.com\/\.extraheader' && git config --local --unset-all 'http.https://github.com/.extraheader' || :"
2026-10-04T04:03:29.1650190Z Removing includeIf entries pointing to credentials config files
2026-10-04T04:03:29.1658645Z [command]/usr/bin/git config --local --name-only --get-regexp ^includeIf\.gitdir:
2026-10-04T04:03:29.1696937Z includeif.gitdir:/home/runner/work/SharpForge/SharpForge/.git.path
2026-10-04T04:03:29.1698390Z includeif.gitdir:/home/runner/work/SharpForge/SharpForge/.git/worktrees/*.path
2026-10-04T04:03:29.1699570Z includeif.gitdir:/github/workspace/.git.path
2026-10-04T04:03:29.1700552Z includeif.gitdir:/github/workspace/.git/worktrees/*.path
2026-10-04T04:03:29.1709408Z [command]/usr/bin/git config --local --get-all includeif.gitdir:/home/runner/work/SharpForge/SharpForge/.git.path
2026-10-04T04:03:29.1736156Z /home/runner/work/_temp/git-credentials-5a822603-6ceb-4dee-8ee4-91421b578acd.config
2026-10-04T04:03:29.1751582Z [command]/usr/bin/git config --local --unset includeif.gitdir:/home/runner/work/SharpForge/SharpForge/.git.path \/home\/runner\/work\/_temp\/git\-credentials\-5a822603\-6ceb\-4dee\-8ee4\-91421b578acd\.config
2026-10-04T04:03:29.1788764Z [command]/usr/bin/git config --local --get-all includeif.gitdir:/home/runner/work/SharpForge/SharpForge/.git/worktrees/*.path
2026-10-04T04:03:29.1814236Z /home/runner/work/_temp/git-credentials-5a822603-6ceb-4dee-8ee4-91421b578acd.config
2026-10-04T04:03:29.1830283Z [command]/usr/bin/git config --local --unset includeif.gitdir:/home/runner/work/SharpForge/SharpForge/.git/worktrees/*.path \/home\/runner\/work\/_temp\/git\-credentials\-5a822603\-6ceb\-4dee\-8ee4\-91421b578acd\.config
2026-10-04T04:03:29.1858547Z [command]/usr/bin/git config --local --get-all includeif.gitdir:/github/workspace/.git.path
2026-10-04T04:03:29.1881458Z /github/runner_temp/git-credentials-5a822603-6ceb-4dee-8ee4-91421b578acd.config
2026-10-04T04:03:29.1890769Z [command]/usr/bin/git config --local --unset includeif.gitdir:/github/workspace/.git.path \/github\/runner_temp\/git\-credentials\-5a822603\-6ceb\-4dee\-8ee4\-91421b578acd\.config
2026-10-04T04:03:29.1924545Z [command]/usr/bin/git config --local --get-all includeif.gitdir:/github/workspace/.git/worktrees/*.path
2026-10-04T04:03:29.1945963Z /github/runner_temp/git-credentials-5a822603-6ceb-4dee-8ee4-91421b578acd.config
2026-10-04T04:03:29.1961365Z [command]/usr/bin/git config --local --unset includeif.gitdir:/github/workspace/.git/worktrees/*.path \/github\/runner_temp\/git\-credentials\-5a822603\-6ceb\-4dee\-8ee4\-91421b578acd\.config
2026-10-04T04:03:29.1995279Z [command]/usr/bin/git submodule foreach --recursive git config --local --show-origin --name-only --get-regexp remote.origin.url
2026-10-04T04:03:29.2261940Z Removing credentials config '/home/runner/work/_temp/git-credentials-5a822603-6ceb-4dee-8ee4-91421b578acd.config'
2026-10-04T04:03:29.2419358Z Cleaning up orphan processes
2026-10-04T04:03:29.2712774Z ##[warning]Node.js 20 is deprecated. The following actions target Node.js 20 but are being forced to run on Node.js 24: actions/setup-node@49933ea5288caeca8642d1e84afbd3f7d6820020, actions/upload-artifact@ea165f8d65b6e75b540449e92b4886f43607fa02. For more information see: https://github.blog/changelog/2025-09-19-deprecation-of-node-20-on-github-actions-runners/
