2026-10-04T06:45:18.1364259Z Current runner version: '2.337.0'
2026-10-04T06:45:18.1402862Z ##[group]Runner Image Provisioner
2026-10-04T06:45:18.1404236Z Hosted Compute Agent
2026-10-04T06:45:18.1405554Z Version: 20260901.588
2026-10-04T06:45:18.1406659Z Commit: f88ec8081b781fac6c440065ac7ff9e710ce3d0b
2026-10-04T06:45:18.1407875Z Build Date: 2026-09-01T19:56:44Z
2026-10-04T06:45:18.1409060Z Worker ID: {7e3caffc-7256-4e37-b6ac-dcf31c7e7d9a}
2026-10-04T06:45:18.1410341Z Azure Region: eastus
2026-10-04T06:45:18.1411308Z ##[endgroup]
2026-10-04T06:45:18.1414266Z ##[group]Operating System
2026-10-04T06:45:18.1415605Z Ubuntu
2026-10-04T06:45:18.1416403Z 24.04.5
2026-10-04T06:45:18.1417902Z LTS
2026-10-04T06:45:18.1418828Z ##[endgroup]
2026-10-04T06:45:18.1419757Z ##[group]Runner Image
2026-10-04T06:45:18.1420795Z Image: ubuntu-24.04
2026-10-04T06:45:18.1421738Z Version: 20260927.320.1
2026-10-04T06:45:18.1424025Z Included Software: https://github.com/actions/runner-images/blob/ubuntu24/20260927.320/images/ubuntu/Ubuntu2404-Readme.md
2026-10-04T06:45:18.1427107Z Image Release: https://github.com/actions/runner-images/releases/tag/ubuntu24%2F20260927.320
2026-10-04T06:45:18.1428802Z ##[endgroup]
2026-10-04T06:45:18.1430719Z ##[group]GITHUB_TOKEN Permissions
2026-10-04T06:45:18.1433746Z Contents: read
2026-10-04T06:45:18.1435098Z Metadata: read
2026-10-04T06:45:18.1436077Z ##[endgroup]
2026-10-04T06:45:18.1439123Z Secret source: Actions
2026-10-04T06:45:18.1440693Z Cache mode: write
2026-10-04T06:45:18.1442223Z Prepare workflow directory
2026-10-04T06:45:18.2015806Z Prepare all required actions
2026-10-04T06:45:18.2089017Z Getting action download info
2026-10-04T06:45:18.4408331Z Download action repository 'actions/checkout@3d3c42e5aac5ba805825da76410c181273ba90b1' (SHA:3d3c42e5aac5ba805825da76410c181273ba90b1)
2026-10-04T06:45:18.5800074Z Download action repository 'actions/setup-node@49933ea5288caeca8642d1e84afbd3f7d6820020' (SHA:49933ea5288caeca8642d1e84afbd3f7d6820020)
2026-10-04T06:45:18.6736230Z Download action repository 'actions/setup-python@5fda3b95a4ea91299a34e894583c3862153e4b97' (SHA:5fda3b95a4ea91299a34e894583c3862153e4b97)
2026-10-04T06:45:18.7824057Z Download action repository 'actions/upload-artifact@ea165f8d65b6e75b540449e92b4886f43607fa02' (SHA:ea165f8d65b6e75b540449e92b4886f43607fa02)
2026-10-04T06:45:19.0100582Z Complete job name: qualify
2026-10-04T06:45:19.1011552Z ##[group]Run actions/checkout@3d3c42e5aac5ba805825da76410c181273ba90b1
2026-10-04T06:45:19.1012747Z with:
2026-10-04T06:45:19.1013300Z   ref: 25ef23b0fb86eb3be4151492c2ef6bbc51f0a82e
2026-10-04T06:45:19.1013989Z   repository: wieslawsoltes/SharpForge
2026-10-04T06:45:19.1018375Z   token: ***
2026-10-04T06:45:19.1018861Z   ssh-strict: true
2026-10-04T06:45:19.1019344Z   ssh-user: git
2026-10-04T06:45:19.1019825Z   persist-credentials: true
2026-10-04T06:45:19.1020351Z   clean: true
2026-10-04T06:45:19.1020821Z   sparse-checkout-cone-mode: true
2026-10-04T06:45:19.1021382Z   fetch-depth: 1
2026-10-04T06:45:19.1021850Z   fetch-tags: false
2026-10-04T06:45:19.1022342Z   show-progress: true
2026-10-04T06:45:19.1022856Z   lfs: false
2026-10-04T06:45:19.1023310Z   submodules: false
2026-10-04T06:45:19.1023807Z   set-safe-directory: true
2026-10-04T06:45:19.1024630Z   allow-unsafe-pr-checkout: false
2026-10-04T06:45:19.1025545Z env:
2026-10-04T06:45:19.1026142Z   SHARPFORGE_RESULTS_DIR: artifacts/results/project16
2026-10-04T06:45:19.1026805Z ##[endgroup]
2026-10-04T06:45:19.2155788Z Syncing repository: wieslawsoltes/SharpForge
2026-10-04T06:45:19.2158919Z ##[group]Getting Git version info
2026-10-04T06:45:19.2160396Z Working directory is '/home/runner/work/SharpForge/SharpForge'
2026-10-04T06:45:19.2162514Z [command]/usr/bin/git version
2026-10-04T06:45:19.2204009Z git version 2.55.0
2026-10-04T06:45:19.2227507Z ##[endgroup]
2026-10-04T06:45:19.2240236Z Temporarily overriding HOME='/home/runner/work/_temp/f2c80260-2bc5-449e-9199-17d73604001d' before making global git config changes
2026-10-04T06:45:19.2242117Z Adding repository directory to the temporary git global config as a safe directory
2026-10-04T06:45:19.2245698Z [command]/usr/bin/git config --global --add safe.directory /home/runner/work/SharpForge/SharpForge
2026-10-04T06:45:19.2296104Z Deleting the contents of '/home/runner/work/SharpForge/SharpForge'
2026-10-04T06:45:19.2300029Z ##[group]Determining repository object format
2026-10-04T06:45:19.2301830Z ##[endgroup]
2026-10-04T06:45:19.2302657Z ##[group]Initializing the repository
2026-10-04T06:45:19.2307308Z [command]/usr/bin/git init /home/runner/work/SharpForge/SharpForge
2026-10-04T06:45:19.2419705Z hint: Using 'master' as the name for the initial branch. This default branch name
2026-10-04T06:45:19.2421531Z hint: will change to "main" in Git 3.0. To configure the initial branch name
2026-10-04T06:45:19.2422901Z hint: to use in all of your new repositories, which will suppress this warning,
2026-10-04T06:45:19.2423823Z hint: call:
2026-10-04T06:45:19.2424647Z hint:
2026-10-04T06:45:19.2425648Z hint: 	git config --global init.defaultBranch <name>
2026-10-04T06:45:19.2426594Z hint:
2026-10-04T06:45:19.2427919Z hint: Names commonly chosen instead of 'master' are 'main', 'trunk' and
2026-10-04T06:45:19.2429517Z hint: 'development'. The just-created branch can be renamed via this command:
2026-10-04T06:45:19.2430410Z hint:
2026-10-04T06:45:19.2430888Z hint: 	git branch -m <name>
2026-10-04T06:45:19.2431461Z hint:
2026-10-04T06:45:19.2432345Z hint: Disable this message with "git config set advice.defaultBranchName false"
2026-10-04T06:45:19.2434083Z Initialized empty Git repository in /home/runner/work/SharpForge/SharpForge/.git/
2026-10-04T06:45:19.2436154Z [command]/usr/bin/git remote add origin https://github.com/wieslawsoltes/SharpForge
2026-10-04T06:45:19.2482122Z ##[endgroup]
2026-10-04T06:45:19.2482988Z ##[group]Disabling automatic garbage collection
2026-10-04T06:45:19.2485527Z [command]/usr/bin/git config --local gc.auto 0
2026-10-04T06:45:19.2515586Z ##[endgroup]
2026-10-04T06:45:19.2516860Z ##[group]Setting up auth
2026-10-04T06:45:19.2517483Z Removing SSH command configuration
2026-10-04T06:45:19.2521705Z [command]/usr/bin/git config --local --name-only --get-regexp core\.sshCommand
2026-10-04T06:45:19.2553209Z [command]/usr/bin/git submodule foreach --recursive sh -c "git config --local --name-only --get-regexp 'core\.sshCommand' && git config --local --unset-all 'core.sshCommand' || :"
2026-10-04T06:45:19.2892265Z Removing HTTP extra header
2026-10-04T06:45:19.2898850Z [command]/usr/bin/git config --local --name-only --get-regexp http\.https\:\/\/github\.com\/\.extraheader
2026-10-04T06:45:19.2930466Z [command]/usr/bin/git submodule foreach --recursive sh -c "git config --local --name-only --get-regexp 'http\.https\:\/\/github\.com\/\.extraheader' && git config --local --unset-all 'http.https://github.com/.extraheader' || :"
2026-10-04T06:45:19.3151717Z Removing includeIf entries pointing to credentials config files
2026-10-04T06:45:19.3157479Z [command]/usr/bin/git config --local --name-only --get-regexp ^includeIf\.gitdir:
2026-10-04T06:45:19.3190901Z [command]/usr/bin/git submodule foreach --recursive git config --local --show-origin --name-only --get-regexp remote.origin.url
2026-10-04T06:45:19.3418904Z [command]/usr/bin/git config --file /home/runner/work/_temp/git-credentials-6f47c7a3-01cf-4080-bde5-ab41735be2fc.config http.https://github.com/.extraheader AUTHORIZATION: basic ***
2026-10-04T06:45:19.3458146Z [command]/usr/bin/git config --local includeIf.gitdir:/home/runner/work/SharpForge/SharpForge/.git.path /home/runner/work/_temp/git-credentials-6f47c7a3-01cf-4080-bde5-ab41735be2fc.config
2026-10-04T06:45:19.3490826Z [command]/usr/bin/git config --local includeIf.gitdir:/home/runner/work/SharpForge/SharpForge/.git/worktrees/*.path /home/runner/work/_temp/git-credentials-6f47c7a3-01cf-4080-bde5-ab41735be2fc.config
2026-10-04T06:45:19.3613941Z [command]/usr/bin/git config --local includeIf.gitdir:/github/workspace/.git.path /github/runner_temp/git-credentials-6f47c7a3-01cf-4080-bde5-ab41735be2fc.config
2026-10-04T06:45:19.3620466Z [command]/usr/bin/git config --local includeIf.gitdir:/github/workspace/.git/worktrees/*.path /github/runner_temp/git-credentials-6f47c7a3-01cf-4080-bde5-ab41735be2fc.config
2026-10-04T06:45:19.3625844Z ##[endgroup]
2026-10-04T06:45:19.3627480Z ##[group]Fetching the repository
2026-10-04T06:45:19.3629979Z [command]/usr/bin/git -c protocol.version=2 fetch --no-tags --prune --no-recurse-submodules --depth=1 origin 25ef23b0fb86eb3be4151492c2ef6bbc51f0a82e
2026-10-04T06:45:22.0129610Z From https://github.com/wieslawsoltes/SharpForge
2026-10-04T06:45:22.0131855Z  * branch            25ef23b0fb86eb3be4151492c2ef6bbc51f0a82e -> FETCH_HEAD
2026-10-04T06:45:22.0137823Z [command]/usr/bin/git rev-parse --verify --quiet 25ef23b0fb86eb3be4151492c2ef6bbc51f0a82e^{object}
2026-10-04T06:45:22.0163703Z 25ef23b0fb86eb3be4151492c2ef6bbc51f0a82e
2026-10-04T06:45:22.0171057Z ##[endgroup]
2026-10-04T06:45:22.0173118Z ##[group]Determining the checkout info
2026-10-04T06:45:22.0176006Z ##[endgroup]
2026-10-04T06:45:22.0177676Z [command]/usr/bin/git sparse-checkout disable
2026-10-04T06:45:22.0231897Z [command]/usr/bin/git config --local --unset-all extensions.worktreeConfig
2026-10-04T06:45:22.0263422Z ##[group]Checking out the ref
2026-10-04T06:45:22.0266012Z [command]/usr/bin/git checkout --progress --force 25ef23b0fb86eb3be4151492c2ef6bbc51f0a82e
2026-10-04T06:45:22.9397771Z Note: switching to '25ef23b0fb86eb3be4151492c2ef6bbc51f0a82e'.
2026-10-04T06:45:22.9398509Z 
2026-10-04T06:45:22.9398968Z You are in 'detached HEAD' state. You can look around, make experimental
2026-10-04T06:45:22.9400029Z changes and commit them, and you can discard any commits you make in this
2026-10-04T06:45:22.9401077Z state without impacting any branches by switching back to a branch.
2026-10-04T06:45:22.9401567Z 
2026-10-04T06:45:22.9401882Z If you want to create a new branch to retain commits you create, you may
2026-10-04T06:45:22.9402489Z do so (now or later) by using -c with the switch command. Example:
2026-10-04T06:45:22.9402829Z 
2026-10-04T06:45:22.9402945Z   git switch -c <new-branch-name>
2026-10-04T06:45:22.9403187Z 
2026-10-04T06:45:22.9403317Z Or undo this operation with:
2026-10-04T06:45:22.9403499Z 
2026-10-04T06:45:22.9403608Z   git switch -
2026-10-04T06:45:22.9403746Z 
2026-10-04T06:45:22.9404001Z Turn off this advice by setting config variable advice.detachedHead to false
2026-10-04T06:45:22.9405180Z 
2026-10-04T06:45:22.9405854Z HEAD is now at 25ef23b Merge pull request #4426 from wieslawsoltes/codex/project16/11-reviewed-performance-baselines
2026-10-04T06:45:22.9433211Z ##[endgroup]
2026-10-04T06:45:22.9478875Z [command]/usr/bin/git log -1 --format=%H
2026-10-04T06:45:22.9503904Z 25ef23b0fb86eb3be4151492c2ef6bbc51f0a82e
2026-10-04T06:45:22.9775751Z ##[group]Run actions/setup-node@49933ea5288caeca8642d1e84afbd3f7d6820020
2026-10-04T06:45:22.9776215Z with:
2026-10-04T06:45:22.9776438Z   node-version: 24
2026-10-04T06:45:22.9776656Z   always-auth: false
2026-10-04T06:45:22.9776877Z   check-latest: false
2026-10-04T06:45:22.9779402Z   token: ***
2026-10-04T06:45:22.9779609Z env:
2026-10-04T06:45:22.9779878Z   SHARPFORGE_RESULTS_DIR: artifacts/results/project16
2026-10-04T06:45:22.9780192Z ##[endgroup]
2026-10-04T06:45:23.1218944Z Found in cache @ /opt/hostedtoolcache/node/24.21.0/x64
2026-10-04T06:45:23.1224116Z (node:2320) [DEP0040] DeprecationWarning: The `punycode` module is deprecated. Please use a userland alternative instead.
2026-10-04T06:45:23.1225734Z (Use `node --trace-deprecation ...` to show where the warning was created)
2026-10-04T06:45:23.1228226Z ##[group]Environment details
2026-10-04T06:45:23.4956591Z node: v24.21.0
2026-10-04T06:45:23.4957050Z npm: 11.19.0
2026-10-04T06:45:23.4957415Z yarn: 1.22.22
2026-10-04T06:45:23.4958309Z ##[endgroup]
2026-10-04T06:45:23.5102504Z ##[group]Run node scripts/project16-trigger.js
2026-10-04T06:45:23.5102965Z [36;1mnode scripts/project16-trigger.js[0m
2026-10-04T06:45:23.5388579Z shell: /usr/bin/bash -e {0}
2026-10-04T06:45:23.5388913Z env:
2026-10-04T06:45:23.5389223Z   SHARPFORGE_RESULTS_DIR: artifacts/results/project16
2026-10-04T06:45:23.5389851Z ##[endgroup]
2026-10-04T06:45:23.6030407Z Resolved create: ubuntu-latest/chromium/all at 25ef23b0fb86eb3be4151492c2ef6bbc51f0a82e
2026-10-04T06:45:23.6160921Z ##[group]Run actions/setup-python@5fda3b95a4ea91299a34e894583c3862153e4b97
2026-10-04T06:45:23.6161349Z with:
2026-10-04T06:45:23.6161551Z   python-version: 3.12
2026-10-04T06:45:23.6161780Z   check-latest: false
2026-10-04T06:45:23.6164197Z   token: ***
2026-10-04T06:45:23.6164721Z   update-environment: true
2026-10-04T06:45:23.6164972Z   allow-prereleases: false
2026-10-04T06:45:23.6165207Z   freethreaded: false
2026-10-04T06:45:23.6165414Z env:
2026-10-04T06:45:23.6165649Z   SHARPFORGE_RESULTS_DIR: artifacts/results/project16
2026-10-04T06:45:23.6166003Z   QUALIFICATION_TRIGGER_EVENT: create
2026-10-04T06:45:23.6166529Z   QUALIFICATION_TRIGGER_REF: refs/heads/codex/project16/qualify-ubuntu-chromium-all-compare-a5-20261004-a6
2026-10-04T06:45:23.6167094Z   QUALIFICATION_TRIGGER_NONCE: compare-a5-20261004-a6
2026-10-04T06:45:23.6167510Z   QUALIFICATION_SOURCE_SHA: 25ef23b0fb86eb3be4151492c2ef6bbc51f0a82e
2026-10-04T06:45:23.6168001Z   QUALIFICATION_SOURCE_TREE: a0922a5f98e4ce38cd377d109a083a1da77df9a1
2026-10-04T06:45:23.6168368Z   QUALIFICATION_RUNNER: ubuntu-latest
2026-10-04T06:45:23.6168631Z   QUALIFICATION_STAGE: all
2026-10-04T06:45:23.6168870Z   QUALIFICATION_CAPTURE_ONLY: false
2026-10-04T06:45:23.6169138Z   QUALIFICATION_BASELINE_PROFILE: a5
2026-10-04T06:45:23.6169401Z   SHARPFORGE_BROWSER_ENGINE: chromium
2026-10-04T06:45:23.6169801Z   SHARPFORGE_EDITOR_BASELINE: docs/evidence/project16-hosted/a5/editor-browser.json
2026-10-04T06:45:23.6170405Z   SHARPFORGE_WORKBENCH_BASELINE: docs/evidence/project16-hosted/a5/workbench-large-trace.json
2026-10-04T06:45:23.6170853Z ##[endgroup]
2026-10-04T06:45:23.7347891Z ##[group]Installed versions
2026-10-04T06:45:23.7423471Z Successfully set up CPython (3.12.14)
2026-10-04T06:45:23.7424123Z ##[endgroup]
2026-10-04T06:45:23.7539258Z ##[group]Run npm ci --ignore-scripts --no-audit --no-fund
2026-10-04T06:45:23.7539748Z [36;1mnpm ci --ignore-scripts --no-audit --no-fund[0m
2026-10-04T06:45:23.7628185Z shell: /usr/bin/bash -e {0}
2026-10-04T06:45:23.7628444Z env:
2026-10-04T06:45:23.7628703Z   SHARPFORGE_RESULTS_DIR: artifacts/results/project16
2026-10-04T06:45:23.7629057Z   QUALIFICATION_TRIGGER_EVENT: create
2026-10-04T06:45:23.7629593Z   QUALIFICATION_TRIGGER_REF: refs/heads/codex/project16/qualify-ubuntu-chromium-all-compare-a5-20261004-a6
2026-10-04T06:45:23.7630173Z   QUALIFICATION_TRIGGER_NONCE: compare-a5-20261004-a6
2026-10-04T06:45:23.7630583Z   QUALIFICATION_SOURCE_SHA: 25ef23b0fb86eb3be4151492c2ef6bbc51f0a82e
2026-10-04T06:45:23.7631044Z   QUALIFICATION_SOURCE_TREE: a0922a5f98e4ce38cd377d109a083a1da77df9a1
2026-10-04T06:45:23.7631429Z   QUALIFICATION_RUNNER: ubuntu-latest
2026-10-04T06:45:23.7631698Z   QUALIFICATION_STAGE: all
2026-10-04T06:45:23.7631944Z   QUALIFICATION_CAPTURE_ONLY: false
2026-10-04T06:45:23.7632261Z   QUALIFICATION_BASELINE_PROFILE: a5
2026-10-04T06:45:23.7632547Z   SHARPFORGE_BROWSER_ENGINE: chromium
2026-10-04T06:45:23.7632954Z   SHARPFORGE_EDITOR_BASELINE: docs/evidence/project16-hosted/a5/editor-browser.json
2026-10-04T06:45:23.7633583Z   SHARPFORGE_WORKBENCH_BASELINE: docs/evidence/project16-hosted/a5/workbench-large-trace.json
2026-10-04T06:45:23.7634140Z   pythonLocation: /opt/hostedtoolcache/Python/3.12.14/x64
2026-10-04T06:45:23.7634964Z   PKG_CONFIG_PATH: /opt/hostedtoolcache/Python/3.12.14/x64/lib/pkgconfig
2026-10-04T06:45:23.7635419Z   Python_ROOT_DIR: /opt/hostedtoolcache/Python/3.12.14/x64
2026-10-04T06:45:23.7635813Z   Python2_ROOT_DIR: /opt/hostedtoolcache/Python/3.12.14/x64
2026-10-04T06:45:23.7636206Z   Python3_ROOT_DIR: /opt/hostedtoolcache/Python/3.12.14/x64
2026-10-04T06:45:23.7636604Z   LD_LIBRARY_PATH: /opt/hostedtoolcache/Python/3.12.14/x64/lib
2026-10-04T06:45:23.7636931Z ##[endgroup]
2026-10-04T06:45:24.6387425Z 
2026-10-04T06:45:24.6388241Z added 28 packages in 805ms
2026-10-04T06:45:24.6836429Z ##[group]Run npm run check
2026-10-04T06:45:24.6836893Z [36;1mnpm run check[0m
2026-10-04T06:45:24.6837124Z [36;1mnpm run build[0m
2026-10-04T06:45:24.6837360Z [36;1mnode scripts/standalone.js[0m
2026-10-04T06:45:24.6902728Z shell: /usr/bin/bash --noprofile --norc -e -o pipefail {0}
2026-10-04T06:45:24.6903070Z env:
2026-10-04T06:45:24.6903327Z   SHARPFORGE_RESULTS_DIR: artifacts/results/project16
2026-10-04T06:45:24.6903666Z   QUALIFICATION_TRIGGER_EVENT: create
2026-10-04T06:45:24.6904201Z   QUALIFICATION_TRIGGER_REF: refs/heads/codex/project16/qualify-ubuntu-chromium-all-compare-a5-20261004-a6
2026-10-04T06:45:24.6905055Z   QUALIFICATION_TRIGGER_NONCE: compare-a5-20261004-a6
2026-10-04T06:45:24.6905462Z   QUALIFICATION_SOURCE_SHA: 25ef23b0fb86eb3be4151492c2ef6bbc51f0a82e
2026-10-04T06:45:24.6905906Z   QUALIFICATION_SOURCE_TREE: a0922a5f98e4ce38cd377d109a083a1da77df9a1
2026-10-04T06:45:24.6906270Z   QUALIFICATION_RUNNER: ubuntu-latest
2026-10-04T06:45:24.6906580Z   QUALIFICATION_STAGE: all
2026-10-04T06:45:24.6906821Z   QUALIFICATION_CAPTURE_ONLY: false
2026-10-04T06:45:24.6907090Z   QUALIFICATION_BASELINE_PROFILE: a5
2026-10-04T06:45:24.6907355Z   SHARPFORGE_BROWSER_ENGINE: chromium
2026-10-04T06:45:24.6907752Z   SHARPFORGE_EDITOR_BASELINE: docs/evidence/project16-hosted/a5/editor-browser.json
2026-10-04T06:45:24.6908340Z   SHARPFORGE_WORKBENCH_BASELINE: docs/evidence/project16-hosted/a5/workbench-large-trace.json
2026-10-04T06:45:24.6908858Z   pythonLocation: /opt/hostedtoolcache/Python/3.12.14/x64
2026-10-04T06:45:24.6909279Z   PKG_CONFIG_PATH: /opt/hostedtoolcache/Python/3.12.14/x64/lib/pkgconfig
2026-10-04T06:45:24.6909693Z   Python_ROOT_DIR: /opt/hostedtoolcache/Python/3.12.14/x64
2026-10-04T06:45:24.6910061Z   Python2_ROOT_DIR: /opt/hostedtoolcache/Python/3.12.14/x64
2026-10-04T06:45:24.6910441Z   Python3_ROOT_DIR: /opt/hostedtoolcache/Python/3.12.14/x64
2026-10-04T06:45:24.6910822Z   LD_LIBRARY_PATH: /opt/hostedtoolcache/Python/3.12.14/x64/lib
2026-10-04T06:45:24.6911148Z ##[endgroup]
2026-10-04T06:45:24.7998397Z 
2026-10-04T06:45:24.7999000Z > sharpforge@0.14.0 check
2026-10-04T06:45:24.7999501Z > node scripts/run.js check
2026-10-04T06:45:24.7999687Z 
2026-10-04T06:45:25.1322983Z {
2026-10-04T06:45:25.1323459Z   "areas": 30,
2026-10-04T06:45:25.1323919Z   "nodeFiles": 924,
2026-10-04T06:45:25.1324774Z   "browserScripts": 37,
2026-10-04T06:45:25.1347567Z   "unassigned": 0,
2026-10-04T06:45:25.1348216Z   "duplicate": 0
2026-10-04T06:45:25.1348763Z }
2026-10-04T06:45:26.8259557Z Checked 3482 JavaScript modules; 0 syntax errors.
2026-10-04T06:45:30.2320518Z {
2026-10-04T06:45:30.2320803Z   "passed": true,
2026-10-04T06:45:30.2321058Z   "inspected": 3478,
2026-10-04T06:45:30.2321402Z   "modules": 3478,
2026-10-04T06:45:30.2321614Z   "errors": []
2026-10-04T06:45:30.2321810Z }
2026-10-04T06:45:30.3664778Z 
2026-10-04T06:45:30.3665540Z > sharpforge@0.14.0 build
2026-10-04T06:45:30.3666062Z > node scripts/run.js build
2026-10-04T06:45:30.3666258Z 
2026-10-04T06:45:39.3867739Z Built dependency-free browser application in dist/
2026-10-04T06:45:41.1760471Z Built /home/runner/work/SharpForge/SharpForge/artifacts/SharpForge-standalone.html (16,419,776 bytes; 5 embedded worker graphs)
2026-10-04T06:45:41.1968344Z ##[group]Run python -m pip install --require-hashes --only-binary=:all: -r tests/requirements.txt
2026-10-04T06:45:41.1969072Z [36;1mpython -m pip install --require-hashes --only-binary=:all: -r tests/requirements.txt[0m
2026-10-04T06:45:41.2031079Z shell: /usr/bin/bash -e {0}
2026-10-04T06:45:41.2031332Z env:
2026-10-04T06:45:41.2031586Z   SHARPFORGE_RESULTS_DIR: artifacts/results/project16
2026-10-04T06:45:41.2031923Z   QUALIFICATION_TRIGGER_EVENT: create
2026-10-04T06:45:41.2032450Z   QUALIFICATION_TRIGGER_REF: refs/heads/codex/project16/qualify-ubuntu-chromium-all-compare-a5-20261004-a6
2026-10-04T06:45:41.2033011Z   QUALIFICATION_TRIGGER_NONCE: compare-a5-20261004-a6
2026-10-04T06:45:41.2033411Z   QUALIFICATION_SOURCE_SHA: 25ef23b0fb86eb3be4151492c2ef6bbc51f0a82e
2026-10-04T06:45:41.2033850Z   QUALIFICATION_SOURCE_TREE: a0922a5f98e4ce38cd377d109a083a1da77df9a1
2026-10-04T06:45:41.2034678Z   QUALIFICATION_RUNNER: ubuntu-latest
2026-10-04T06:45:41.2034994Z   QUALIFICATION_STAGE: all
2026-10-04T06:45:41.2035245Z   QUALIFICATION_CAPTURE_ONLY: false
2026-10-04T06:45:41.2035511Z   QUALIFICATION_BASELINE_PROFILE: a5
2026-10-04T06:45:41.2035786Z   SHARPFORGE_BROWSER_ENGINE: chromium
2026-10-04T06:45:41.2036195Z   SHARPFORGE_EDITOR_BASELINE: docs/evidence/project16-hosted/a5/editor-browser.json
2026-10-04T06:45:41.2036797Z   SHARPFORGE_WORKBENCH_BASELINE: docs/evidence/project16-hosted/a5/workbench-large-trace.json
2026-10-04T06:45:41.2037330Z   pythonLocation: /opt/hostedtoolcache/Python/3.12.14/x64
2026-10-04T06:45:41.2037765Z   PKG_CONFIG_PATH: /opt/hostedtoolcache/Python/3.12.14/x64/lib/pkgconfig
2026-10-04T06:45:41.2038181Z   Python_ROOT_DIR: /opt/hostedtoolcache/Python/3.12.14/x64
2026-10-04T06:45:41.2038564Z   Python2_ROOT_DIR: /opt/hostedtoolcache/Python/3.12.14/x64
2026-10-04T06:45:41.2038944Z   Python3_ROOT_DIR: /opt/hostedtoolcache/Python/3.12.14/x64
2026-10-04T06:45:41.2039333Z   LD_LIBRARY_PATH: /opt/hostedtoolcache/Python/3.12.14/x64/lib
2026-10-04T06:45:41.2039664Z ##[endgroup]
2026-10-04T06:45:42.0811770Z Collecting attrs==26.1.0 (from -r tests/requirements.txt (line 3))
2026-10-04T06:45:42.1290990Z   Downloading attrs-26.1.0-py3-none-any.whl (67 kB)
2026-10-04T06:45:42.3122736Z Collecting greenlet==3.5.6 (from -r tests/requirements.txt (line 5))
2026-10-04T06:45:42.3158107Z   Downloading greenlet-3.5.6-cp312-cp312-manylinux_2_24_x86_64.manylinux_2_28_x86_64.whl (621 kB)
2026-10-04T06:45:42.3288658Z      ━━━━━━━━━━━━━━━━━━━━━━━━━━━━━━━━━━━━━━━━ 621.4/621.4 kB 73.5 MB/s  0:00:00
2026-10-04T06:45:42.3468538Z Collecting jsonschema==4.26.0 (from -r tests/requirements.txt (line 84))
2026-10-04T06:45:42.3502268Z   Downloading jsonschema-4.26.0-py3-none-any.whl (90 kB)
2026-10-04T06:45:42.3647434Z Collecting jsonschema-specifications==2025.9.1 (from -r tests/requirements.txt (line 86))
2026-10-04T06:45:42.3682019Z   Downloading jsonschema_specifications-2025.9.1-py3-none-any.whl (18 kB)
2026-10-04T06:45:42.4030670Z Collecting playwright==1.63.0 (from -r tests/requirements.txt (line 88))
2026-10-04T06:45:42.4065298Z   Downloading playwright-1.63.0-py3-none-manylinux1_x86_64.whl (48.2 MB)
2026-10-04T06:45:42.5618767Z      ━━━━━━━━━━━━━━━━━━━━━━━━━━━━━━━━━━━━━━━━ 48.2/48.2 MB 316.7 MB/s  0:00:00
2026-10-04T06:45:42.6086273Z Collecting pyee==13.0.1 (from -r tests/requirements.txt (line 97))
2026-10-04T06:45:42.6121037Z   Downloading pyee-13.0.1-py3-none-any.whl (15 kB)
2026-10-04T06:45:42.6490553Z Collecting PyYAML==6.0.3 (from -r tests/requirements.txt (line 99))
2026-10-04T06:45:42.6526460Z   Downloading pyyaml-6.0.3-cp312-cp312-manylinux2014_x86_64.manylinux_2_17_x86_64.manylinux_2_28_x86_64.whl (807 kB)
2026-10-04T06:45:42.6584234Z      ━━━━━━━━━━━━━━━━━━━━━━━━━━━━━━━━━━━━━━━━ 807.9/807.9 kB 156.6 MB/s  0:00:00
2026-10-04T06:45:42.6750889Z Collecting referencing==0.37.0 (from -r tests/requirements.txt (line 172))
2026-10-04T06:45:42.6783619Z   Downloading referencing-0.37.0-py3-none-any.whl (26 kB)
2026-10-04T06:45:42.9180138Z Collecting rpds-py==2026.6.3 (from -r tests/requirements.txt (line 174))
2026-10-04T06:45:42.9215521Z   Downloading rpds_py-2026.6.3-cp312-cp312-manylinux_2_17_x86_64.manylinux2014_x86_64.whl (366 kB)
2026-10-04T06:45:42.9373175Z Collecting typing_extensions==4.16.0 (from -r tests/requirements.txt (line 290))
2026-10-04T06:45:42.9406592Z   Downloading typing_extensions-4.16.0-py3-none-any.whl (45 kB)
2026-10-04T06:45:42.9931323Z Installing collected packages: typing_extensions, rpds-py, PyYAML, greenlet, attrs, referencing, pyee, playwright, jsonschema-specifications, jsonschema
2026-10-04T06:45:44.0967261Z 
2026-10-04T06:45:44.0984968Z Successfully installed PyYAML-6.0.3 attrs-26.1.0 greenlet-3.5.6 jsonschema-4.26.0 jsonschema-specifications-2025.9.1 playwright-1.63.0 pyee-13.0.1 referencing-0.37.0 rpds-py-2026.6.3 typing_extensions-4.16.0
2026-10-04T06:45:44.1629196Z ##[group]Run python -m playwright install --with-deps "$SHARPFORGE_BROWSER_ENGINE"
2026-10-04T06:45:44.1630007Z [36;1mpython -m playwright install --with-deps "$SHARPFORGE_BROWSER_ENGINE"[0m
2026-10-04T06:45:44.1692387Z shell: /usr/bin/bash --noprofile --norc -e -o pipefail {0}
2026-10-04T06:45:44.1692732Z env:
2026-10-04T06:45:44.1692985Z   SHARPFORGE_RESULTS_DIR: artifacts/results/project16
2026-10-04T06:45:44.1693331Z   QUALIFICATION_TRIGGER_EVENT: create
2026-10-04T06:45:44.1693869Z   QUALIFICATION_TRIGGER_REF: refs/heads/codex/project16/qualify-ubuntu-chromium-all-compare-a5-20261004-a6
2026-10-04T06:45:44.1694699Z   QUALIFICATION_TRIGGER_NONCE: compare-a5-20261004-a6
2026-10-04T06:45:44.1695114Z   QUALIFICATION_SOURCE_SHA: 25ef23b0fb86eb3be4151492c2ef6bbc51f0a82e
2026-10-04T06:45:44.1695566Z   QUALIFICATION_SOURCE_TREE: a0922a5f98e4ce38cd377d109a083a1da77df9a1
2026-10-04T06:45:44.1695934Z   QUALIFICATION_RUNNER: ubuntu-latest
2026-10-04T06:45:44.1696237Z   QUALIFICATION_STAGE: all
2026-10-04T06:45:44.1696479Z   QUALIFICATION_CAPTURE_ONLY: false
2026-10-04T06:45:44.1696752Z   QUALIFICATION_BASELINE_PROFILE: a5
2026-10-04T06:45:44.1697017Z   SHARPFORGE_BROWSER_ENGINE: chromium
2026-10-04T06:45:44.1697417Z   SHARPFORGE_EDITOR_BASELINE: docs/evidence/project16-hosted/a5/editor-browser.json
2026-10-04T06:45:44.1698032Z   SHARPFORGE_WORKBENCH_BASELINE: docs/evidence/project16-hosted/a5/workbench-large-trace.json
2026-10-04T06:45:44.1698568Z   pythonLocation: /opt/hostedtoolcache/Python/3.12.14/x64
2026-10-04T06:45:44.1699000Z   PKG_CONFIG_PATH: /opt/hostedtoolcache/Python/3.12.14/x64/lib/pkgconfig
2026-10-04T06:45:44.1699417Z   Python_ROOT_DIR: /opt/hostedtoolcache/Python/3.12.14/x64
2026-10-04T06:45:44.1699790Z   Python2_ROOT_DIR: /opt/hostedtoolcache/Python/3.12.14/x64
2026-10-04T06:45:44.1700174Z   Python3_ROOT_DIR: /opt/hostedtoolcache/Python/3.12.14/x64
2026-10-04T06:45:44.1700555Z   LD_LIBRARY_PATH: /opt/hostedtoolcache/Python/3.12.14/x64/lib
2026-10-04T06:45:44.1700884Z ##[endgroup]
2026-10-04T06:45:44.5280243Z Installing dependencies...
2026-10-04T06:45:44.5348840Z Switching to root user to install dependencies...
2026-10-04T06:45:44.6096409Z Get:1 file:/etc/apt/apt-mirrors.txt Mirrorlist [144 B]
2026-10-04T06:45:44.6514296Z Hit:2 http://azure.archive.ubuntu.com/ubuntu noble InRelease
2026-10-04T06:45:44.6536264Z Get:6 https://packages.microsoft.com/ubuntu/24.04/prod noble InRelease [3600 B]
2026-10-04T06:45:44.6538247Z Get:3 http://azure.archive.ubuntu.com/ubuntu noble-updates InRelease [126 kB]
2026-10-04T06:45:44.6601358Z Get:4 http://azure.archive.ubuntu.com/ubuntu noble-backports InRelease [126 kB]
2026-10-04T06:45:44.6658930Z Get:5 http://azure.archive.ubuntu.com/ubuntu noble-security InRelease [126 kB]
2026-10-04T06:45:44.7872000Z Get:7 https://packages.microsoft.com/ubuntu/24.04/prod noble/main amd64 Packages [511 kB]
2026-10-04T06:45:44.8053541Z Get:8 https://packages.microsoft.com/ubuntu/24.04/prod noble/main armhf Packages [12.6 kB]
2026-10-04T06:45:44.8107234Z Get:9 https://packages.microsoft.com/ubuntu/24.04/prod noble/main arm64 Packages [458 kB]
2026-10-04T06:45:44.8411117Z Get:10 http://azure.archive.ubuntu.com/ubuntu noble-updates/main amd64 Packages [1364 kB]
2026-10-04T06:45:44.8506423Z Get:11 http://azure.archive.ubuntu.com/ubuntu noble-updates/main Translation-en [304 kB]
2026-10-04T06:45:44.8526443Z Get:12 http://azure.archive.ubuntu.com/ubuntu noble-updates/main amd64 Components [181 kB]
2026-10-04T06:45:44.8575648Z Get:13 http://azure.archive.ubuntu.com/ubuntu noble-updates/universe amd64 Packages [1699 kB]
2026-10-04T06:45:44.8656243Z Get:14 http://azure.archive.ubuntu.com/ubuntu noble-updates/universe Translation-en [341 kB]
2026-10-04T06:45:44.8667318Z Get:15 http://azure.archive.ubuntu.com/ubuntu noble-updates/universe amd64 Components [388 kB]
2026-10-04T06:45:44.8699230Z Get:16 http://azure.archive.ubuntu.com/ubuntu noble-updates/restricted amd64 Packages [1720 kB]
2026-10-04T06:45:44.8793858Z Get:17 http://azure.archive.ubuntu.com/ubuntu noble-updates/restricted Translation-en [394 kB]
2026-10-04T06:45:44.8825672Z Get:18 http://azure.archive.ubuntu.com/ubuntu noble-updates/multiverse amd64 Components [940 B]
2026-10-04T06:45:44.9118152Z Get:19 http://azure.archive.ubuntu.com/ubuntu noble-backports/main amd64 Components [5736 B]
2026-10-04T06:45:44.9610599Z Get:20 http://azure.archive.ubuntu.com/ubuntu noble-backports/universe amd64 Components [12.6 kB]
2026-10-04T06:45:44.9781415Z Get:21 http://azure.archive.ubuntu.com/ubuntu noble-security/main amd64 Packages [1069 kB]
2026-10-04T06:45:44.9855076Z Get:22 http://azure.archive.ubuntu.com/ubuntu noble-security/main Translation-en [221 kB]
2026-10-04T06:45:44.9878193Z Get:23 http://azure.archive.ubuntu.com/ubuntu noble-security/main amd64 Components [46.5 kB]
2026-10-04T06:45:44.9895997Z Get:24 http://azure.archive.ubuntu.com/ubuntu noble-security/universe amd64 Packages [1216 kB]
2026-10-04T06:45:44.9969454Z Get:25 http://azure.archive.ubuntu.com/ubuntu noble-security/universe Translation-en [244 kB]
2026-10-04T06:45:44.9996448Z Get:26 http://azure.archive.ubuntu.com/ubuntu noble-security/universe amd64 Components [76.3 kB]
2026-10-04T06:45:45.0025366Z Get:27 http://azure.archive.ubuntu.com/ubuntu noble-security/restricted amd64 Packages [1566 kB]
2026-10-04T06:45:45.0118235Z Get:28 http://azure.archive.ubuntu.com/ubuntu noble-security/restricted Translation-en [361 kB]
2026-10-04T06:45:49.3502896Z Fetched 12.6 MB in 1s (9107 kB/s)
2026-10-04T06:45:50.2235460Z Reading package lists...
2026-10-04T06:45:50.2475140Z Reading package lists...
2026-10-04T06:45:50.4550726Z Building dependency tree...
2026-10-04T06:45:50.4557923Z Reading state information...
2026-10-04T06:45:50.6107253Z libasound2t64 is already the newest version (1.2.11-1ubuntu0.3).
2026-10-04T06:45:50.6108245Z libasound2t64 set to manually installed.
2026-10-04T06:45:50.6109242Z libatk-bridge2.0-0t64 is already the newest version (2.52.0-1build1).
2026-10-04T06:45:50.6110207Z libatk-bridge2.0-0t64 set to manually installed.
2026-10-04T06:45:50.6111139Z libatk1.0-0t64 is already the newest version (2.52.0-1build1).
2026-10-04T06:45:50.6111922Z libatk1.0-0t64 set to manually installed.
2026-10-04T06:45:50.6112716Z libatspi2.0-0t64 is already the newest version (2.52.0-1build1).
2026-10-04T06:45:50.6113480Z libatspi2.0-0t64 set to manually installed.
2026-10-04T06:45:50.6114226Z libcairo2 is already the newest version (1.18.0-3build1).
2026-10-04T06:45:50.6115940Z libcairo2 set to manually installed.
2026-10-04T06:45:50.6116501Z libcups2t64 is already the newest version (2.4.7-1.2ubuntu7.14).
2026-10-04T06:45:50.6117002Z libcups2t64 set to manually installed.
2026-10-04T06:45:50.6117503Z libdbus-1-3 is already the newest version (1.14.10-4ubuntu4.1).
2026-10-04T06:45:50.6117985Z libdbus-1-3 set to manually installed.
2026-10-04T06:45:50.6118499Z libdrm2 is already the newest version (2.4.125-1ubuntu0.1~24.04.2).
2026-10-04T06:45:50.6118983Z libdrm2 set to manually installed.
2026-10-04T06:45:50.6119748Z libglib2.0-0t64 is already the newest version (2.80.0-6ubuntu3.9).
2026-10-04T06:45:50.6120518Z libglib2.0-0t64 set to manually installed.
2026-10-04T06:45:50.6121037Z libnspr4 is already the newest version (2:4.35-1.1build1).
2026-10-04T06:45:50.6121494Z libnspr4 set to manually installed.
2026-10-04T06:45:50.6121921Z libnss3 is already the newest version (2:3.98-1ubuntu0.2).
2026-10-04T06:45:50.6122507Z libnss3 set to manually installed.
2026-10-04T06:45:50.6122922Z libpango-1.0-0 is already the newest version (1.52.1+ds-1build1).
2026-10-04T06:45:50.6123336Z libpango-1.0-0 set to manually installed.
2026-10-04T06:45:50.6123737Z libx11-6 is already the newest version (2:1.8.7-1build1).
2026-10-04T06:45:50.6124127Z libx11-6 set to manually installed.
2026-10-04T06:45:50.6124764Z libxcb1 is already the newest version (1.15-1ubuntu2).
2026-10-04T06:45:50.6125246Z libxcb1 set to manually installed.
2026-10-04T06:45:50.6125657Z libxcomposite1 is already the newest version (1:0.4.5-1build3).
2026-10-04T06:45:50.6126065Z libxcomposite1 set to manually installed.
2026-10-04T06:45:50.6126842Z libxdamage1 is already the newest version (1:1.1.6-1build1).
2026-10-04T06:45:50.6127671Z libxdamage1 set to manually installed.
2026-10-04T06:45:50.6128074Z libxext6 is already the newest version (2:1.3.4-1build2).
2026-10-04T06:45:50.6128451Z libxext6 set to manually installed.
2026-10-04T06:45:50.6128840Z libxfixes3 is already the newest version (1:6.0.0-2build1).
2026-10-04T06:45:50.6129225Z libxfixes3 set to manually installed.
2026-10-04T06:45:50.6129624Z libxkbcommon0 is already the newest version (1.6.0-1build1).
2026-10-04T06:45:50.6130017Z libxkbcommon0 set to manually installed.
2026-10-04T06:45:50.6130412Z libxrandr2 is already the newest version (2:1.5.2-2build1).
2026-10-04T06:45:50.6130793Z libxrandr2 set to manually installed.
2026-10-04T06:45:50.6131182Z xvfb is already the newest version (2:21.1.12-1ubuntu1.8).
2026-10-04T06:45:50.6131720Z fonts-noto-color-emoji is already the newest version (2.047-0ubuntu0.24.04.1).
2026-10-04T06:45:50.6132383Z libfontconfig1 is already the newest version (2.15.0-1.1ubuntu2).
2026-10-04T06:45:50.6132794Z libfontconfig1 set to manually installed.
2026-10-04T06:45:50.6133245Z libfreetype6 is already the newest version (2.13.2+dfsg-1ubuntu0.1).
2026-10-04T06:45:50.6133662Z libfreetype6 set to manually installed.
2026-10-04T06:45:50.6134063Z fonts-liberation is already the newest version (1:2.1.5-3).
2026-10-04T06:45:50.6134769Z fonts-liberation set to manually installed.
2026-10-04T06:45:50.6135183Z The following additional packages will be installed:
2026-10-04T06:45:50.6135813Z   libgl1-mesa-dri libglx-mesa0 mesa-libgallium xfonts-encodings xfonts-utils
2026-10-04T06:45:50.6136243Z Recommended packages:
2026-10-04T06:45:50.6136518Z   fonts-ipafont-mincho fonts-tlwg-loma
2026-10-04T06:45:50.6315300Z The following NEW packages will be installed:
2026-10-04T06:45:50.6316182Z   fonts-freefont-ttf fonts-ipafont-gothic fonts-tlwg-loma-otf fonts-unifont
2026-10-04T06:45:50.6322266Z   fonts-wqy-zenhei xfonts-cyrillic xfonts-encodings xfonts-scalable
2026-10-04T06:45:50.6322927Z   xfonts-utils
2026-10-04T06:45:50.6327267Z The following packages will be upgraded:
2026-10-04T06:45:50.6332409Z   libgbm1 libgl1-mesa-dri libglx-mesa0 mesa-libgallium
2026-10-04T06:45:50.6509405Z 4 upgraded, 9 newly installed, 0 to remove and 21 not upgraded.
2026-10-04T06:45:50.6510042Z Need to get 32.1 MB of archives.
2026-10-04T06:45:50.6510481Z After this operation, 79.5 MB of additional disk space will be used.
2026-10-04T06:45:50.6511010Z Get:1 file:/etc/apt/apt-mirrors.txt Mirrorlist [144 B]
2026-10-04T06:45:50.6859991Z Get:2 http://azure.archive.ubuntu.com/ubuntu noble/universe amd64 fonts-ipafont-gothic all 00303-21ubuntu1 [3513 kB]
2026-10-04T06:45:50.7482400Z Get:3 http://azure.archive.ubuntu.com/ubuntu noble/main amd64 fonts-freefont-ttf all 20211204+svn4273-2 [5641 kB]
2026-10-04T06:45:50.8163220Z Get:4 http://azure.archive.ubuntu.com/ubuntu noble/universe amd64 fonts-tlwg-loma-otf all 1:0.7.3-1 [107 kB]
2026-10-04T06:45:50.8425069Z Get:5 http://azure.archive.ubuntu.com/ubuntu noble/universe amd64 fonts-unifont all 1:15.1.01-1build1 [2993 kB]
2026-10-04T06:45:51.0946269Z Get:6 http://azure.archive.ubuntu.com/ubuntu noble/universe amd64 fonts-wqy-zenhei all 0.9.45-8 [7472 kB]
2026-10-04T06:45:51.2088502Z Get:7 http://azure.archive.ubuntu.com/ubuntu noble-updates/main amd64 libgl1-mesa-dri amd64 25.2.8-0ubuntu0.24.04.4 [38.0 kB]
2026-10-04T06:45:51.2236491Z Get:8 http://azure.archive.ubuntu.com/ubuntu noble-updates/main amd64 libglx-mesa0 amd64 25.2.8-0ubuntu0.24.04.4 [110 kB]
2026-10-04T06:45:51.2390716Z Get:9 http://azure.archive.ubuntu.com/ubuntu noble-updates/main amd64 libgbm1 amd64 25.2.8-0ubuntu0.24.04.4 [34.2 kB]
2026-10-04T06:45:51.2543137Z Get:10 http://azure.archive.ubuntu.com/ubuntu noble-updates/main amd64 mesa-libgallium amd64 25.2.8-0ubuntu0.24.04.4 [10.8 MB]
2026-10-04T06:45:51.3301590Z Get:11 http://azure.archive.ubuntu.com/ubuntu noble/main amd64 xfonts-encodings all 1:1.0.5-0ubuntu2 [578 kB]
2026-10-04T06:45:51.3481601Z Get:12 http://azure.archive.ubuntu.com/ubuntu noble/main amd64 xfonts-utils amd64 1:7.7+6build3 [94.4 kB]
2026-10-04T06:45:51.3638286Z Get:13 http://azure.archive.ubuntu.com/ubuntu noble/universe amd64 xfonts-cyrillic all 1:1.0.5+nmu1 [384 kB]
2026-10-04T06:45:51.3818295Z Get:14 http://azure.archive.ubuntu.com/ubuntu noble/main amd64 xfonts-scalable all 1:1.0.3-1.3 [304 kB]
2026-10-04T06:45:51.6445024Z Fetched 32.1 MB in 1s (43.1 MB/s)
2026-10-04T06:45:51.6673856Z Selecting previously unselected package fonts-ipafont-gothic.
2026-10-04T06:45:51.6949179Z (Reading database ... 
2026-10-04T06:45:51.6949655Z (Reading database ... 5%
2026-10-04T06:45:51.6950016Z (Reading database ... 10%
2026-10-04T06:45:51.6950322Z (Reading database ... 15%
2026-10-04T06:45:51.6950616Z (Reading database ... 20%
2026-10-04T06:45:51.6950911Z (Reading database ... 25%
2026-10-04T06:45:51.6951217Z (Reading database ... 30%
2026-10-04T06:45:51.6951506Z (Reading database ... 35%
2026-10-04T06:45:51.6951795Z (Reading database ... 40%
2026-10-04T06:45:51.6952099Z (Reading database ... 45%
2026-10-04T06:45:51.6952366Z (Reading database ... 50%
2026-10-04T06:45:51.6985500Z (Reading database ... 55%
2026-10-04T06:45:51.8475973Z (Reading database ... 60%
2026-10-04T06:45:52.0382628Z (Reading database ... 65%
2026-10-04T06:45:52.2442482Z (Reading database ... 70%
2026-10-04T06:45:52.4480543Z (Reading database ... 75%
2026-10-04T06:45:52.5927108Z (Reading database ... 80%
2026-10-04T06:45:52.8030341Z (Reading database ... 85%
2026-10-04T06:45:52.9941973Z (Reading database ... 90%
2026-10-04T06:45:53.1989144Z (Reading database ... 95%
2026-10-04T06:45:53.1989664Z (Reading database ... 100%
2026-10-04T06:45:53.1990410Z (Reading database ... 202296 files and directories currently installed.)
2026-10-04T06:45:53.2033853Z Preparing to unpack .../00-fonts-ipafont-gothic_00303-21ubuntu1_all.deb ...
2026-10-04T06:45:53.2124561Z Unpacking fonts-ipafont-gothic (00303-21ubuntu1) ...
2026-10-04T06:45:53.4427398Z Selecting previously unselected package fonts-freefont-ttf.
2026-10-04T06:45:53.4552480Z Preparing to unpack .../01-fonts-freefont-ttf_20211204+svn4273-2_all.deb ...
2026-10-04T06:45:53.4559525Z Unpacking fonts-freefont-ttf (20211204+svn4273-2) ...
2026-10-04T06:45:53.5332234Z Selecting previously unselected package fonts-tlwg-loma-otf.
2026-10-04T06:45:53.5457874Z Preparing to unpack .../02-fonts-tlwg-loma-otf_1%3a0.7.3-1_all.deb ...
2026-10-04T06:45:53.5465102Z Unpacking fonts-tlwg-loma-otf (1:0.7.3-1) ...
2026-10-04T06:45:53.5665880Z Selecting previously unselected package fonts-unifont.
2026-10-04T06:45:53.5796552Z Preparing to unpack .../03-fonts-unifont_1%3a15.1.01-1build1_all.deb ...
2026-10-04T06:45:53.5802946Z Unpacking fonts-unifont (1:15.1.01-1build1) ...
2026-10-04T06:45:53.6823943Z Selecting previously unselected package fonts-wqy-zenhei.
2026-10-04T06:45:53.6951643Z Preparing to unpack .../04-fonts-wqy-zenhei_0.9.45-8_all.deb ...
2026-10-04T06:45:53.7048402Z Unpacking fonts-wqy-zenhei (0.9.45-8) ...
2026-10-04T06:45:54.1933716Z Preparing to unpack .../05-libgl1-mesa-dri_25.2.8-0ubuntu0.24.04.4_amd64.deb ...
2026-10-04T06:45:54.2080074Z Unpacking libgl1-mesa-dri:amd64 (25.2.8-0ubuntu0.24.04.4) over (25.2.8-0ubuntu0.24.04.2) ...
2026-10-04T06:45:54.2568283Z Preparing to unpack .../06-libglx-mesa0_25.2.8-0ubuntu0.24.04.4_amd64.deb ...
2026-10-04T06:45:54.2598561Z Unpacking libglx-mesa0:amd64 (25.2.8-0ubuntu0.24.04.4) over (25.2.8-0ubuntu0.24.04.2) ...
2026-10-04T06:45:54.2955940Z Preparing to unpack .../07-libgbm1_25.2.8-0ubuntu0.24.04.4_amd64.deb ...
2026-10-04T06:45:54.2977872Z Unpacking libgbm1:amd64 (25.2.8-0ubuntu0.24.04.4) over (25.2.8-0ubuntu0.24.04.2) ...
2026-10-04T06:45:54.3350084Z Preparing to unpack .../08-mesa-libgallium_25.2.8-0ubuntu0.24.04.4_amd64.deb ...
2026-10-04T06:45:54.3373384Z Unpacking mesa-libgallium:amd64 (25.2.8-0ubuntu0.24.04.4) over (25.2.8-0ubuntu0.24.04.2) ...
2026-10-04T06:45:54.5069908Z Selecting previously unselected package xfonts-encodings.
2026-10-04T06:45:54.5199330Z Preparing to unpack .../09-xfonts-encodings_1%3a1.0.5-0ubuntu2_all.deb ...
2026-10-04T06:45:54.5206584Z Unpacking xfonts-encodings (1:1.0.5-0ubuntu2) ...
2026-10-04T06:45:54.5491780Z Selecting previously unselected package xfonts-utils.
2026-10-04T06:45:54.5620445Z Preparing to unpack .../10-xfonts-utils_1%3a7.7+6build3_amd64.deb ...
2026-10-04T06:45:54.5627905Z Unpacking xfonts-utils (1:7.7+6build3) ...
2026-10-04T06:45:54.5975092Z Selecting previously unselected package xfonts-cyrillic.
2026-10-04T06:45:54.6101757Z Preparing to unpack .../11-xfonts-cyrillic_1%3a1.0.5+nmu1_all.deb ...
2026-10-04T06:45:54.6109491Z Unpacking xfonts-cyrillic (1:1.0.5+nmu1) ...
2026-10-04T06:45:54.6451722Z Selecting previously unselected package xfonts-scalable.
2026-10-04T06:45:54.6586006Z Preparing to unpack .../12-xfonts-scalable_1%3a1.0.3-1.3_all.deb ...
2026-10-04T06:45:54.6594907Z Unpacking xfonts-scalable (1:1.0.3-1.3) ...
2026-10-04T06:45:54.7037322Z Setting up mesa-libgallium:amd64 (25.2.8-0ubuntu0.24.04.4) ...
2026-10-04T06:45:54.7058594Z Setting up libgbm1:amd64 (25.2.8-0ubuntu0.24.04.4) ...
2026-10-04T06:45:54.7075646Z Setting up libgl1-mesa-dri:amd64 (25.2.8-0ubuntu0.24.04.4) ...
2026-10-04T06:45:54.7145921Z Setting up fonts-wqy-zenhei (0.9.45-8) ...
2026-10-04T06:45:54.7255783Z Setting up fonts-freefont-ttf (20211204+svn4273-2) ...
2026-10-04T06:45:54.7276374Z Setting up fonts-tlwg-loma-otf (1:0.7.3-1) ...
2026-10-04T06:45:54.7295813Z Setting up xfonts-encodings (1:1.0.5-0ubuntu2) ...
2026-10-04T06:45:54.7311934Z Setting up fonts-ipafont-gothic (00303-21ubuntu1) ...
2026-10-04T06:45:54.7378301Z update-alternatives: using /usr/share/fonts/opentype/ipafont-gothic/ipag.ttf to provide /usr/share/fonts/truetype/fonts-japanese-gothic.ttf (fonts-japanese-gothic.ttf) in auto mode
2026-10-04T06:45:54.7392905Z Setting up fonts-unifont (1:15.1.01-1build1) ...
2026-10-04T06:45:54.7411831Z Setting up libglx-mesa0:amd64 (25.2.8-0ubuntu0.24.04.4) ...
2026-10-04T06:45:54.7429400Z Setting up xfonts-utils (1:7.7+6build3) ...
2026-10-04T06:45:54.7468488Z Setting up xfonts-cyrillic (1:1.0.5+nmu1) ...
2026-10-04T06:45:54.7760986Z Setting up xfonts-scalable (1:1.0.3-1.3) ...
2026-10-04T06:45:54.8030277Z Processing triggers for libc-bin (2.39-0ubuntu8.9) ...
2026-10-04T06:45:54.8346069Z Processing triggers for man-db (2.12.0-4build2) ...
2026-10-04T06:45:54.8370378Z Not building database; man-db/auto-update is not 'true'.
2026-10-04T06:45:54.8384767Z Processing triggers for fontconfig (2.15.0-1.1ubuntu2) ...
2026-10-04T06:45:55.5601833Z 
2026-10-04T06:45:55.5602656Z Running kernel seems to be up-to-date.
2026-10-04T06:45:55.5603169Z 
2026-10-04T06:45:55.5605333Z No services need to be restarted.
2026-10-04T06:45:55.5605767Z 
2026-10-04T06:45:55.5606089Z No containers need to be restarted.
2026-10-04T06:45:55.5606478Z 
2026-10-04T06:45:55.5606737Z No user sessions are running outdated binaries.
2026-10-04T06:45:55.5607087Z 
2026-10-04T06:45:55.5607494Z No VM guests are running outdated hypervisor (qemu) binaries on this host.
2026-10-04T06:45:56.5778118Z Downloading Chrome for Testing 153.0.8010.12 (playwright chromium v1243) from https://cdn.playwright.dev/builds/cft/153.0.8010.12/linux64/chrome-linux64.zip
2026-10-04T06:45:56.9522925Z |                                                                                |   0% of 186.8 MiB
2026-10-04T06:45:57.2328528Z |■■■■■■■■                                                                        |  10% of 186.8 MiB
2026-10-04T06:45:57.3457017Z |■■■■■■■■■■■■■■■■                                                                |  20% of 186.8 MiB
2026-10-04T06:45:57.4746856Z |■■■■■■■■■■■■■■■■■■■■■■■■                                                        |  30% of 186.8 MiB
2026-10-04T06:45:57.5700247Z |■■■■■■■■■■■■■■■■■■■■■■■■■■■■■■■■                                                |  40% of 186.8 MiB
2026-10-04T06:45:57.6582809Z |■■■■■■■■■■■■■■■■■■■■■■■■■■■■■■■■■■■■■■■■                                        |  50% of 186.8 MiB
2026-10-04T06:45:57.7259083Z |■■■■■■■■■■■■■■■■■■■■■■■■■■■■■■■■■■■■■■■■■■■■■■■■                                |  60% of 186.8 MiB
2026-10-04T06:45:57.8064860Z |■■■■■■■■■■■■■■■■■■■■■■■■■■■■■■■■■■■■■■■■■■■■■■■■■■■■■■■■                        |  70% of 186.8 MiB
2026-10-04T06:45:57.8923487Z |■■■■■■■■■■■■■■■■■■■■■■■■■■■■■■■■■■■■■■■■■■■■■■■■■■■■■■■■■■■■■■■■                |  80% of 186.8 MiB
2026-10-04T06:45:57.9769991Z |■■■■■■■■■■■■■■■■■■■■■■■■■■■■■■■■■■■■■■■■■■■■■■■■■■■■■■■■■■■■■■■■■■■■■■■■        |  90% of 186.8 MiB
2026-10-04T06:45:58.0495800Z |■■■■■■■■■■■■■■■■■■■■■■■■■■■■■■■■■■■■■■■■■■■■■■■■■■■■■■■■■■■■■■■■■■■■■■■■■■■■■■■■| 100% of 186.8 MiB
2026-10-04T06:46:01.6191359Z Chrome for Testing 153.0.8010.12 (playwright chromium v1243) downloaded to /home/runner/.cache/ms-playwright/chromium-1243
2026-10-04T06:46:01.6196917Z Downloading FFmpeg (playwright ffmpeg v1011) from https://cdn.playwright.dev/dbazure/download/playwright/builds/ffmpeg/1011/ffmpeg-linux.zip
2026-10-04T06:46:01.9935572Z |                                                                                |   0% of 2.3 MiB
2026-10-04T06:46:01.9973963Z |■■■■■■■■                                                                        |  10% of 2.3 MiB
2026-10-04T06:46:02.0006228Z |■■■■■■■■■■■■■■■■                                                                |  20% of 2.3 MiB
2026-10-04T06:46:02.0036975Z |■■■■■■■■■■■■■■■■■■■■■■■■                                                        |  30% of 2.3 MiB
2026-10-04T06:46:02.0058711Z |■■■■■■■■■■■■■■■■■■■■■■■■■■■■■■■■                                                |  40% of 2.3 MiB
2026-10-04T06:46:02.0084652Z |■■■■■■■■■■■■■■■■■■■■■■■■■■■■■■■■■■■■■■■■                                        |  50% of 2.3 MiB
2026-10-04T06:46:02.0109143Z |■■■■■■■■■■■■■■■■■■■■■■■■■■■■■■■■■■■■■■■■■■■■■■■■                                |  60% of 2.3 MiB
2026-10-04T06:46:02.0161939Z |■■■■■■■■■■■■■■■■■■■■■■■■■■■■■■■■■■■■■■■■■■■■■■■■■■■■■■■■                        |  70% of 2.3 MiB
2026-10-04T06:46:02.0164630Z |■■■■■■■■■■■■■■■■■■■■■■■■■■■■■■■■■■■■■■■■■■■■■■■■■■■■■■■■■■■■■■■■                |  80% of 2.3 MiB
2026-10-04T06:46:02.0178906Z |■■■■■■■■■■■■■■■■■■■■■■■■■■■■■■■■■■■■■■■■■■■■■■■■■■■■■■■■■■■■■■■■■■■■■■■■        |  90% of 2.3 MiB
2026-10-04T06:46:02.0190077Z |■■■■■■■■■■■■■■■■■■■■■■■■■■■■■■■■■■■■■■■■■■■■■■■■■■■■■■■■■■■■■■■■■■■■■■■■■■■■■■■■| 100% of 2.3 MiB
2026-10-04T06:46:02.0848644Z FFmpeg (playwright ffmpeg v1011) downloaded to /home/runner/.cache/ms-playwright/ffmpeg-1011
2026-10-04T06:46:02.0851969Z Downloading Chrome Headless Shell 153.0.8010.12 (playwright chromium-headless-shell v1243) from https://cdn.playwright.dev/builds/cft/153.0.8010.12/linux64/chrome-headless-shell-linux64.zip
2026-10-04T06:46:02.4826077Z |                                                                                |   0% of 114.3 MiB
2026-10-04T06:46:02.5911588Z |■■■■■■■■                                                                        |  10% of 114.3 MiB
2026-10-04T06:46:02.6678006Z |■■■■■■■■■■■■■■■■                                                                |  20% of 114.3 MiB
2026-10-04T06:46:02.7224816Z |■■■■■■■■■■■■■■■■■■■■■■■■                                                        |  30% of 114.3 MiB
2026-10-04T06:46:02.7804843Z |■■■■■■■■■■■■■■■■■■■■■■■■■■■■■■■■                                                |  40% of 114.3 MiB
2026-10-04T06:46:02.8453344Z |■■■■■■■■■■■■■■■■■■■■■■■■■■■■■■■■■■■■■■■■                                        |  50% of 114.3 MiB
2026-10-04T06:46:02.8841854Z |■■■■■■■■■■■■■■■■■■■■■■■■■■■■■■■■■■■■■■■■■■■■■■■■                                |  60% of 114.3 MiB
2026-10-04T06:46:02.9221487Z |■■■■■■■■■■■■■■■■■■■■■■■■■■■■■■■■■■■■■■■■■■■■■■■■■■■■■■■■                        |  70% of 114.3 MiB
2026-10-04T06:46:02.9773210Z |■■■■■■■■■■■■■■■■■■■■■■■■■■■■■■■■■■■■■■■■■■■■■■■■■■■■■■■■■■■■■■■■                |  80% of 114.3 MiB
2026-10-04T06:46:03.0154777Z |■■■■■■■■■■■■■■■■■■■■■■■■■■■■■■■■■■■■■■■■■■■■■■■■■■■■■■■■■■■■■■■■■■■■■■■■        |  90% of 114.3 MiB
2026-10-04T06:46:03.0688593Z |■■■■■■■■■■■■■■■■■■■■■■■■■■■■■■■■■■■■■■■■■■■■■■■■■■■■■■■■■■■■■■■■■■■■■■■■■■■■■■■■| 100% of 114.3 MiB
2026-10-04T06:46:05.3278117Z Chrome Headless Shell 153.0.8010.12 (playwright chromium-headless-shell v1243) downloaded to /home/runner/.cache/ms-playwright/chromium_headless_shell-1243
2026-10-04T06:46:05.3552548Z ##[group]Run import os
2026-10-04T06:46:05.3553459Z [36;1mimport os[0m
2026-10-04T06:46:05.3553888Z [36;1mfrom pathlib import Path[0m
2026-10-04T06:46:05.3554642Z [36;1mimport playwright[0m
2026-10-04T06:46:05.3555286Z [36;1mdriver = Path(playwright.__file__).parent / 'driver' / 'package'[0m
2026-10-04T06:46:05.3556036Z [36;1mif not (driver / 'package.json').is_file():[0m
2026-10-04T06:46:05.3556749Z [36;1m    raise RuntimeError('Pinned Playwright driver is missing')[0m
2026-10-04T06:46:05.3557586Z [36;1mwith open(os.environ['GITHUB_ENV'], 'a', encoding='utf8') as output:[0m
2026-10-04T06:46:05.3558466Z [36;1m    output.write('SHARPFORGE_PLAYWRIGHT_MODULE=' + str(driver) + '\n')[0m
2026-10-04T06:46:05.3561418Z shell: /opt/hostedtoolcache/Python/3.12.14/x64/bin/python {0}
2026-10-04T06:46:05.3562005Z env:
2026-10-04T06:46:05.3562423Z   SHARPFORGE_RESULTS_DIR: artifacts/results/project16
2026-10-04T06:46:05.3563008Z   QUALIFICATION_TRIGGER_EVENT: create
2026-10-04T06:46:05.3564006Z   QUALIFICATION_TRIGGER_REF: refs/heads/codex/project16/qualify-ubuntu-chromium-all-compare-a5-20261004-a6
2026-10-04T06:46:05.3565313Z   QUALIFICATION_TRIGGER_NONCE: compare-a5-20261004-a6
2026-10-04T06:46:05.3566034Z   QUALIFICATION_SOURCE_SHA: 25ef23b0fb86eb3be4151492c2ef6bbc51f0a82e
2026-10-04T06:46:05.3566868Z   QUALIFICATION_SOURCE_TREE: a0922a5f98e4ce38cd377d109a083a1da77df9a1
2026-10-04T06:46:05.3567542Z   QUALIFICATION_RUNNER: ubuntu-latest
2026-10-04T06:46:05.3568022Z   QUALIFICATION_STAGE: all
2026-10-04T06:46:05.3568456Z   QUALIFICATION_CAPTURE_ONLY: false
2026-10-04T06:46:05.3568944Z   QUALIFICATION_BASELINE_PROFILE: a5
2026-10-04T06:46:05.3569427Z   SHARPFORGE_BROWSER_ENGINE: chromium
2026-10-04T06:46:05.3570154Z   SHARPFORGE_EDITOR_BASELINE: docs/evidence/project16-hosted/a5/editor-browser.json
2026-10-04T06:46:05.3571222Z   SHARPFORGE_WORKBENCH_BASELINE: docs/evidence/project16-hosted/a5/workbench-large-trace.json
2026-10-04T06:46:05.3572166Z   pythonLocation: /opt/hostedtoolcache/Python/3.12.14/x64
2026-10-04T06:46:05.3573158Z   PKG_CONFIG_PATH: /opt/hostedtoolcache/Python/3.12.14/x64/lib/pkgconfig
2026-10-04T06:46:05.3573925Z   Python_ROOT_DIR: /opt/hostedtoolcache/Python/3.12.14/x64
2026-10-04T06:46:05.3574836Z   Python2_ROOT_DIR: /opt/hostedtoolcache/Python/3.12.14/x64
2026-10-04T06:46:05.3575506Z   Python3_ROOT_DIR: /opt/hostedtoolcache/Python/3.12.14/x64
2026-10-04T06:46:05.3576185Z   LD_LIBRARY_PATH: /opt/hostedtoolcache/Python/3.12.14/x64/lib
2026-10-04T06:46:05.3576743Z ##[endgroup]
2026-10-04T06:46:05.3882932Z ##[group]Run node scripts/project16-qualification.js "$QUALIFICATION_STAGE"
2026-10-04T06:46:05.3883515Z [36;1mnode scripts/project16-qualification.js "$QUALIFICATION_STAGE"[0m
2026-10-04T06:46:05.3945683Z shell: /usr/bin/bash --noprofile --norc -e -o pipefail {0}
2026-10-04T06:46:05.3946032Z env:
2026-10-04T06:46:05.3946280Z   SHARPFORGE_RESULTS_DIR: artifacts/results/project16
2026-10-04T06:46:05.3946605Z   QUALIFICATION_TRIGGER_EVENT: create
2026-10-04T06:46:05.3947132Z   QUALIFICATION_TRIGGER_REF: refs/heads/codex/project16/qualify-ubuntu-chromium-all-compare-a5-20261004-a6
2026-10-04T06:46:05.3947697Z   QUALIFICATION_TRIGGER_NONCE: compare-a5-20261004-a6
2026-10-04T06:46:05.3948128Z   QUALIFICATION_SOURCE_SHA: 25ef23b0fb86eb3be4151492c2ef6bbc51f0a82e
2026-10-04T06:46:05.3948590Z   QUALIFICATION_SOURCE_TREE: a0922a5f98e4ce38cd377d109a083a1da77df9a1
2026-10-04T06:46:05.3948966Z   QUALIFICATION_RUNNER: ubuntu-latest
2026-10-04T06:46:05.3949231Z   QUALIFICATION_STAGE: all
2026-10-04T06:46:05.3949541Z   QUALIFICATION_CAPTURE_ONLY: false
2026-10-04T06:46:05.3949806Z   QUALIFICATION_BASELINE_PROFILE: a5
2026-10-04T06:46:05.3950073Z   SHARPFORGE_BROWSER_ENGINE: chromium
2026-10-04T06:46:05.3950475Z   SHARPFORGE_EDITOR_BASELINE: docs/evidence/project16-hosted/a5/editor-browser.json
2026-10-04T06:46:05.3951070Z   SHARPFORGE_WORKBENCH_BASELINE: docs/evidence/project16-hosted/a5/workbench-large-trace.json
2026-10-04T06:46:05.3951587Z   pythonLocation: /opt/hostedtoolcache/Python/3.12.14/x64
2026-10-04T06:46:05.3952014Z   PKG_CONFIG_PATH: /opt/hostedtoolcache/Python/3.12.14/x64/lib/pkgconfig
2026-10-04T06:46:05.3952430Z   Python_ROOT_DIR: /opt/hostedtoolcache/Python/3.12.14/x64
2026-10-04T06:46:05.3952801Z   Python2_ROOT_DIR: /opt/hostedtoolcache/Python/3.12.14/x64
2026-10-04T06:46:05.3953173Z   Python3_ROOT_DIR: /opt/hostedtoolcache/Python/3.12.14/x64
2026-10-04T06:46:05.3953551Z   LD_LIBRARY_PATH: /opt/hostedtoolcache/Python/3.12.14/x64/lib
2026-10-04T06:46:05.3954167Z   SHARPFORGE_PLAYWRIGHT_MODULE: /opt/hostedtoolcache/Python/3.12.14/x64/lib/python3.12/site-packages/playwright/driver/package
2026-10-04T06:46:05.3955311Z ##[endgroup]
2026-10-04T06:46:05.5997458Z Discovered 99 Node test files and 9 Python suites in 1 area manifests. Node reports executed test counts below.
2026-10-04T06:46:05.7298204Z ✔ five concurrent preview navigations leave one preview; edit promotes and retains it (6.620224ms)
2026-10-04T06:46:05.7300450Z ✔ document edits redraw tab chrome only when dirty or preview metadata changes across shared views (1.023361ms)
2026-10-04T06:46:05.7302305Z ✔ pinned tabs survive close others and pin state roundtrips (1.63805ms)
2026-10-04T06:46:05.7304047Z ✔ Cancel in a batch aborts the complete close without saving or closing any earlier tab (0.982194ms)
2026-10-04T06:46:05.7306139Z ✔ save failure, edited-during-prompt and explicit discard obey atomic close contracts (2.359497ms)
2026-10-04T06:46:05.7309269Z ✔ closing a shared secondary view does not discard or prompt for the remaining buffer (1.437876ms)
2026-10-04T06:46:05.7311177Z ✔ reopen restores the original caret and scroll; thirty tabs remain in the overflow model (7.873726ms)
2026-10-04T06:46:05.7313037Z ✔ context command enablement follows pinning, groups, side and host capabilities (1.065269ms)
2026-10-04T06:46:05.7315007Z ✔ disposing during dirty confirmation cancels without discarding buffers (0.525651ms)
2026-10-04T06:46:05.8097348Z ✔ v1 migrates without changing panel identities and v2 roundtrips metadata (4.418984ms)
2026-10-04T06:46:05.8099721Z ✔ unknown and duplicate persisted panels are dropped and reported without substitution (0.608436ms)
2026-10-04T06:46:05.8107849Z ✔ corrupt layouts recover valid closed identities and reject future versions in strict restore (0.715806ms)
2026-10-04T06:46:05.8109611Z ✔ all four auto-hide edges pin back to the exact previous tab group and index (1.288015ms)
2026-10-04T06:46:05.8111269Z ✔ Auto Hide All restores a removed tool group against its original document anchor (0.880094ms)
2026-10-04T06:46:05.8118615Z ✔ a floating tab group docks as one undoable operation retaining both tabs (1.019494ms)
2026-10-04T06:46:05.8120606Z ✔ nested floating splits retain topology on edge re-dock and flatten only on center (0.797299ms)
2026-10-04T06:46:05.8123522Z ✔ nested transaction failures and cancelled pointer transactions leave no partial history (0.730374ms)
2026-10-04T06:46:05.8127895Z ✔ monitor shrink clamps geometry and corrupt floating coordinates never escape viewport (0.53024ms)
2026-10-04T06:46:05.8131708Z ✔ nine explicit guide targets hit their own centers and execute the specified topology (1.410885ms)
2026-10-04T06:46:05.8135117Z ✔ pin and preview partition is deterministic and pin metadata survives tab moves (0.519972ms)
2026-10-04T06:46:05.8138176Z ✔ background app registration preserves every visible group and global activation in one transaction (0.80299ms)
2026-10-04T06:46:05.8140912Z ✔ background reopening auto-hidden tools and existing floating tabs cannot steal activation (0.799624ms)
2026-10-04T06:46:05.9104005Z ✔ complete format fixture recomputes raw percentiles without claiming a relative or physical-frame pass (10.284177ms)
2026-10-04T06:46:05.9106847Z ✔ first-visit and warmup budget violations remain failures even when all measured percentiles pass (5.624915ms)
2026-10-04T06:46:05.9112861Z ✔ definition boundary latency remains subject to the unchanged 300 ms budget (2.518103ms)
2026-10-04T06:46:05.9115197Z ✔ rejects empty partial capture instead of qualifying incomplete or incorrect evidence (1.367975ms)
2026-10-04T06:46:05.9117576Z ✔ rejects missing first observation instead of qualifying incomplete or incorrect evidence (2.428565ms)
2026-10-04T06:46:05.9119538Z ✔ rejects duplicate sample instead of qualifying incomplete or incorrect evidence (0.59926ms)
2026-10-04T06:46:05.9123124Z ✔ rejects tampered percentile instead of qualifying incomplete or incorrect evidence (1.213156ms)
2026-10-04T06:46:05.9125533Z ✔ rejects focus stolen and restored instead of qualifying incomplete or incorrect evidence (0.555687ms)
2026-10-04T06:46:05.9127622Z ✔ rejects stale source target instead of qualifying incomplete or incorrect evidence (0.577008ms)
2026-10-04T06:46:05.9129532Z ✔ rejects model-only clock instead of qualifying incomplete or incorrect evidence (1.067924ms)
2026-10-04T06:46:05.9131383Z ✔ rejects hidden tab instead of qualifying incomplete or incorrect evidence (0.565496ms)
2026-10-04T06:46:05.9134988Z ✔ rejects missing compiler artifact instead of qualifying incomplete or incorrect evidence (0.987735ms)
2026-10-04T06:46:05.9147624Z ✔ rejects CSP violation instead of qualifying incomplete or incorrect evidence (0.468295ms)
2026-10-04T06:46:05.9166527Z ✔ rejects changed annotation line instead of qualifying incomplete or incorrect evidence (0.8837ms)
2026-10-04T06:46:05.9168248Z ✔ rejects empty map pixels instead of qualifying incomplete or incorrect evidence (1.099433ms)
2026-10-04T06:46:05.9169159Z ✔ rejects wrong annotation color instead of qualifying incomplete or incorrect evidence (1.202396ms)
2026-10-04T06:46:05.9170049Z ✔ rejects wrong pointer destination instead of qualifying incomplete or incorrect evidence (2.155766ms)
2026-10-04T06:46:06.1395645Z ✔ two runtime workers may use serial 1 without sharing output, debug state or legacy identity (5.354841ms)
2026-10-04T06:46:06.1396995Z ✔ legacy runtime facade translates matching identities and rejects app-switch races (1.996448ms)
2026-10-04T06:46:06.1405482Z ✔ restart replaces only its worker and stale callbacks cannot replace the new generation (1.269491ms)
2026-10-04T06:46:06.1407846Z ✔ ending the active application selects the most recently active remaining app with ordered events (1.590961ms)
2026-10-04T06:46:06.1409361Z ✔ resource limit refuses a new app without touching live workers (2.66118ms)
2026-10-04T06:46:06.1410941Z ✔ background events update their app while shared debugger callbacks remain on the selected app (1.716546ms)
2026-10-04T06:46:06.1416635Z ✔ state compatibility accessors follow the selected session without aliasing their mutable maps (1.167912ms)
2026-10-04T06:46:06.1418283Z ✔ breakpoint edits bind only to sessions belonging to the owning project (1.273087ms)
2026-10-04T06:46:06.1419794Z ✔ session grant edits never leak to another app and revocation stops only its owner (1.764245ms)
2026-10-04T06:46:06.1428801Z ✔ combined debug status reflects multiple applications and exact paused count (0.861459ms)
2026-10-04T06:46:06.1430607Z ✔ a ended active session can be retired at a one-session limit and releases retained output (0.944234ms)
2026-10-04T06:46:06.1432443Z ✔ worker failure clears stale live UI flags and unlocks only the failed app (1.105394ms)
2026-10-04T06:46:06.5845850Z ✔ legacy renderer, metrics and settling automation borrows only the active application host (7.727583ms)
2026-10-04T06:46:06.5875585Z ✔ scene responses cannot cross selected sessions with equal runtime serials or matching node IDs (5.993314ms)
2026-10-04T06:46:06.5916100Z ✔ active worker restart invalidates pending visual inspection even when its runtime serial repeats (2.673393ms)
2026-10-04T06:46:06.5919345Z ✔ background UI never changes the selected host and active inspection never reapplies scene commands (1.433006ms)
2026-10-04T06:46:06.5939740Z ✔ stopping or removing the selected app clears visual state and reports a missing window explicitly (2.467779ms)
2026-10-04T06:46:06.5965379Z ✔ disposing inspection aborts pending queries and releases subscriptions without disposing application windows (1.788922ms)
2026-10-04T06:46:06.5967569Z ✔ standalone construction without a SessionManager retains one owned WinUI host (1.232512ms)
2026-10-04T06:46:06.8127275Z ✔ actual analysis events create separate tasks; cancelling one preserves same-project build and other project analysis (7.391715ms)
2026-10-04T06:46:06.8129872Z ✔ superseded analysis settles once, drops late worker replies and preserves the legacy successful analysis event (1.023041ms)
2026-10-04T06:46:06.8132121Z ✔ source invalidation cancels only that request and stale results cannot change diagnostics or task state (0.666926ms)
2026-10-04T06:46:06.8135407Z ✔ worker errors and malformed compiler results close failed analysis entries without losing future analyses (1.229546ms)
2026-10-04T06:46:06.8139340Z ✔ pre-aborted and malformed signals refuse before creating tasks; external cancellation is observable (1.178ms)
2026-10-04T06:46:06.8160888Z ✔ a bridge attached after a request starts observes its real epoch and project removal disposes its task (0.525701ms)
2026-10-04T06:46:06.8165292Z ✔ TaskCenter quota refuses an untracked analysis while retaining the other running operation (0.79229ms)
2026-10-04T06:46:06.8170728Z ✔ synchronous cancellation from task notification and bridge disposal leave no orphan analysis (0.842493ms)
2026-10-04T06:46:07.0272419Z ✔ project builds run independently and only the edited project rejects its stale result (4.180889ms)
2026-10-04T06:46:07.0275220Z ✔ live analysis cannot replace the cached executable returned by a clean build (1.352676ms)
2026-10-04T06:46:07.0285259Z ✔ cancelling one project terminates only its worker and preserves other project diagnostics (1.081028ms)
2026-10-04T06:46:07.0304112Z ✔ dependency order is deterministic and rejects cycles before executing work (0.441765ms)
2026-10-04T06:46:07.0440228Z ✔ build queue cancellation skips remaining projects and reports exact counts (11.126671ms)
2026-10-04T06:46:07.0446389Z ✔ output panes isolate applications and use bounded viewport reads after ring eviction (0.83501ms)
2026-10-04T06:46:07.0448900Z ✔ diagnostics remain project/producer/version scoped and combine query filters (7.629149ms)
2026-10-04T06:46:07.0450556Z ✔ only current user intent may reveal panels; background work cannot steal focus (0.590272ms)
2026-10-04T06:46:07.2167726Z ✔ released runtime builtin identity and sparse registry copies remain stable (9.311952ms)
2026-10-04T06:46:07.2178685Z ✔ copying sparse extension registries preserves holes instead of allocating placeholder entries (3.12684ms)
2026-10-04T06:46:07.2181483Z ✔ environment registration uses the existing A07 reserved block without changing released slots (0.561458ms)
2026-10-04T06:46:07.9513214Z ✔ public builtin metadata retains actual owners, source receivers and operand categories (25.428021ms)
2026-10-04T06:46:07.9518861Z ✔ shared builtin metadata preserves binding and both emitted runtime artifacts (93.169239ms)
2026-10-04T06:46:08.9375880Z ✔ non-startup URI routes every lazy expansion and navigation through its actual compiler owner (123.64902ms)
2026-10-04T06:46:08.9396346Z ✔ preparation captures the version before waiting and never installs an outdated root (10.352882ms)
2026-10-04T06:46:08.9397502Z ✔ expansion and navigation reject a source edited after preparation (18.262204ms)
2026-10-04T06:46:08.9425764Z ✔ disposal cancels an outstanding compiler operation and prevents late tree publication (7.278755ms)
2026-10-04T06:46:08.9456042Z ✔ worker rejects a call item from a different project or document even at the same revision (7.41017ms)
2026-10-04T06:46:08.9515723Z ✔ project configuration changes invalidate prepared call items without requiring a source edit (5.040017ms)
2026-10-04T06:46:08.9525631Z ✔ public shell entry prepares the real model before opening and invalidating its shared tool (5.095329ms)
2026-10-04T06:46:09.0469938Z ✔ the actual fixture requires three source documents plus its separately loaded project record (3.407991ms)
2026-10-04T06:46:09.0472019Z ✔ a legacy count, including a5 count three, cannot replace actual workspace proof (0.542543ms)
2026-10-04T06:46:09.0476986Z ✔ rejects missing project XML even when both boundary summary flags are true (0.23593ms)
2026-10-04T06:46:09.0481004Z ✔ rejects wrong project XML even when both boundary summary flags are true (0.261638ms)
2026-10-04T06:46:09.0485924Z ✔ rejects unrelated workspace record even when both boundary summary flags are true (0.241571ms)
2026-10-04T06:46:09.0490423Z ✔ rejects project counted as a source even when both boundary summary flags are true (0.207047ms)
2026-10-04T06:46:09.0494114Z ✔ rejects missing source even when both boundary summary flags are true (0.211174ms)
2026-10-04T06:46:09.0501065Z ✔ rejects duplicate source even when both boundary summary flags are true (0.242943ms)
2026-10-04T06:46:09.0502854Z ✔ rejects wrong source contents even when both boundary summary flags are true (3.503919ms)
2026-10-04T06:46:09.0504915Z ✔ rejects unregistered project even when both boundary summary flags are true (0.334354ms)
2026-10-04T06:46:09.0508365Z ✔ rejects wrong selected project even when both boundary summary flags are true (0.17137ms)
2026-10-04T06:46:09.0512080Z ✔ rejects wrong source owner even when both boundary summary flags are true (0.272228ms)
2026-10-04T06:46:09.0515406Z ✔ rejects stale caller snapshot even when both boundary summary flags are true (0.204932ms)
2026-10-04T06:46:09.0518161Z ✔ rejects changed sample revision even when both boundary summary flags are true (0.189214ms)
2026-10-04T06:46:09.0520980Z ✔ rejects editable setup even when both boundary summary flags are true (0.123059ms)
2026-10-04T06:46:09.0525726Z ✔ rejects flags without raw boundaries even when both boundary summary flags are true (0.193201ms)
2026-10-04T06:46:09.0527505Z ✔ rejects uncleared neutral source even when both boundary summary flags are true (0.216765ms)
2026-10-04T06:46:09.0531859Z ✔ rejects uncleared neutral selection even when both boundary summary flags are true (0.204321ms)
2026-10-04T06:46:09.0545153Z ✔ rejects wrong latest target even when both boundary summary flags are true (0.201256ms)
2026-10-04T06:46:09.0553544Z ✔ rejects wrong latest caret even when both boundary summary flags are true (0.148527ms)
2026-10-04T06:46:09.0555379Z ✔ rejects boundary focus transfer even when both boundary summary flags are true (0.154599ms)
2026-10-04T06:46:09.0557741Z ✔ rejects stale boundary revision even when both boundary summary flags are true (0.189834ms)
2026-10-04T06:46:09.0560826Z ✔ rejects duplicated boundary index even when both boundary summary flags are true (0.203079ms)
2026-10-04T06:46:09.0562749Z ✔ rejects failed boundary observation even when both boundary summary flags are true (0.184734ms)
2026-10-04T06:46:09.0564601Z ✔ rejects impossible boundary timing even when both boundary summary flags are true (0.161581ms)
2026-10-04T06:46:09.1262850Z ✔ CLI requires explicit checkouts or both reports and preserves paths containing spaces (2.15395ms)
2026-10-04T06:46:09.1267481Z ✔ nearest-rank raw batch summaries divide by operations without mutating input (0.493942ms)
2026-10-04T06:46:09.1285374Z ✔ matching captures retain different revisions and unrelated untracked inventory (3.039664ms)
2026-10-04T06:46:09.1286955Z ✔ strict greater-than-five-percent review boundary applies to median and p95 (1.267986ms)
2026-10-04T06:46:09.1288421Z ✔ missing, duplicate, partial or failed scopes cannot become passing baselines (1.906909ms)
2026-10-04T06:46:09.1290021Z ✔ invalid raw numbers, forged summaries, missing identities and zero baselines fail closed (1.7144ms)
2026-10-04T06:46:09.1291683Z ✔ changed workload, correctness, harness, Node, CPU, OS or flags are incompatible (3.34369ms)
2026-10-04T06:46:09.3592448Z ✔ A19 accepting an external baseline updates byte budget and disk version so a later save succeeds (25.059349ms)
2026-10-04T06:46:09.3654243Z ✔ A19 an old observation cannot bypass changed bytes, changed handles, or saved versions (5.731938ms)
2026-10-04T06:46:09.3731463Z ✔ A19 baseline acceptance joins the save queue and refuses a revision committed ahead of it (8.58937ms)
2026-10-04T06:46:09.3832475Z ✔ A19 cancellation and failed host preparation publish no baseline, while postcommit errors retain the accepted version (10.191561ms)
2026-10-04T06:46:09.3879132Z ✔ A19 observed encoded sizes and whole-workspace budgets are validated before host commit (4.632596ms)
2026-10-04T06:46:09.4025687Z ✔ A19 a rebased DiskWorkspace accepts only its mapped path and keeps the original queue and baseline independent (14.67034ms)
2026-10-04T06:46:09.6626309Z ✔ captured DocumentService→DiskWorkspace utf-8 saves stream the written source while newer model edits remain dirty (51.000153ms)
2026-10-04T06:46:09.6977258Z ✔ captured DocumentService→DiskWorkspace utf-16le saves stream the written source while newer model edits remain dirty (36.717096ms)
2026-10-04T06:46:09.7297127Z ✔ captured DocumentService→DiskWorkspace utf-16be saves stream the written source while newer model edits remain dirty (33.158244ms)
2026-10-04T06:46:09.7376165Z ✔ a failed streamed disk write preserves DocumentService and DiskWorkspace baselines and owned model state (8.339294ms)
2026-10-04T06:46:10.2812308Z ✔ document model edits and event delivery retain lazy snapshots for a one-megabyte source (31.406525ms)
2026-10-04T06:46:10.2818260Z ✔ split views share the real model and undo without text-copy callbacks or shared view positions (1.717074ms)
2026-10-04T06:46:10.2821848Z ✔ legacy document text setters apply undoable edits while the version remains model-owned (1.855914ms)
2026-10-04T06:46:10.2827098Z ✔ save preparation runs before capture and a later edit never inherits that saved marker (1.779191ms)
2026-10-04T06:46:10.2831122Z ✔ model factories validate replacement before disposing the current workspace and retain the shared map identity (1.889547ms)
2026-10-04T06:46:10.2834276Z ✔ project locks cover unopened models and update linked-source membership without locking unrelated projects (4.349147ms)
2026-10-04T06:46:10.2837446Z ✔ model events invalidate only owning builds without materializing text until compilation requests a snapshot (10.211719ms)
2026-10-04T06:46:10.2840191Z ✔ ordered workbench events preserve lazy getters even during reentrant dispatch (0.698814ms)
2026-10-04T06:46:10.5101441Z ✔ document operation state captures immutable current and saved roots without live model ownership (6.602793ms)
2026-10-04T06:46:10.5107883Z ✔ validated moved-model state retains a rebased dirty baseline through subsequent edits and undo (2.326973ms)
2026-10-04T06:46:10.5112297Z ✔ operation state mismatches reject before ownership transfers or saved markers change (1.565552ms)
2026-10-04T06:46:10.5116971Z ✔ new plain-text operation state transfers to a factory model while an explicit clean restore updates its saved marker (1.025534ms)
2026-10-04T06:46:10.7767349Z ✔ reload commits the shared model, saved baseline and encoding before document, buffer or view notifications (10.718224ms)
2026-10-04T06:46:10.7769785Z ✔ reload is one undo step, retains an unaffected caret and restores clean state on redo (3.97614ms)
2026-10-04T06:46:10.7772273Z ✔ a metadata rejection restores source, undo, selections, baseline, metadata and stale-save state without notification (2.632453ms)
2026-10-04T06:46:10.7778233Z ✔ document notification failure reports a committed reload and still publishes saved state (1.750507ms)
2026-10-04T06:46:10.7781739Z ✔ model notification failure reports a committed reload and still publishes saved state (1.481064ms)
2026-10-04T06:46:10.7785558Z ✔ an explicitly committed metadata error retains the accepted disk and document roots (0.981061ms)
2026-10-04T06:46:10.7788943Z ✔ a newer edit from a document notification remains dirty and cannot receive a stale saved marker (1.281261ms)
2026-10-04T06:46:10.7793016Z ✔ a newer edit from a model notification remains dirty and cannot receive a stale saved marker (0.822716ms)
2026-10-04T06:46:10.7797959Z ✔ reload guards reject stale ownership, versions, read-only state and invalid encoding before metadata acceptance (1.134057ms)
2026-10-04T06:46:10.7801422Z ✔ asynchronous metadata contributions are rejected and rolled back before any event (0.991521ms)
2026-10-04T06:46:10.7807565Z ✔ same-text reload accepts changed encoding and clears an obsolete saved baseline without adding an undo edit (0.743487ms)
2026-10-04T06:46:10.7811225Z ✔ legacy reload updates all views after metadata and classifies a failed view refresh as committed (0.953629ms)
2026-10-04T06:46:10.7814501Z ✔ reload permits the exact shared character limit and rejects larger incoming or existing sources (21.264346ms)
2026-10-04T06:46:10.7818878Z ✔ a disposed owner cannot reload or accept disk metadata (0.6267ms)
2026-10-04T06:46:11.1226446Z ✔ an unchanged captured source save marks the exact model revision clean without materializing text (27.710187ms)
2026-10-04T06:46:11.1229220Z ✔ edits during pending source I/O retain the written snapshot baseline and never mark the new revision clean (15.5491ms)
2026-10-04T06:46:11.1235010Z ✔ captureSave supports bulk snapshot consumers and reads captured text only on a legacy provider request (18.306246ms)
2026-10-04T06:46:11.1258269Z ✔ failed or rejected writes retain the previous baseline and dirty state (22.260586ms)
2026-10-04T06:46:11.1259683Z ✔ a captured save cannot overwrite a replacement document baseline after asynchronous I/O (14.61698ms)
2026-10-04T06:46:11.1262742Z ✔ saved snapshot validation rejects foreign or mismatched sources before considering lazy text (13.97944ms)
2026-10-04T06:46:11.3465808Z ✔ documents open, change, save and close without requiring a docking host (4.061461ms)
2026-10-04T06:46:11.3470846Z ✔ saving a captured revision never marks a newer edit as clean (0.576456ms)
2026-10-04T06:46:11.3476139Z ✔ multiple document views share edits and retain independent selection/scroll state (0.950514ms)
2026-10-04T06:46:11.3481594Z ✔ workspace replacement validates completely before changing existing records (0.542563ms)
2026-10-04T06:46:11.3579432Z ✔ every legacy initial state key resolves through an explicit slice property descriptor (11.717108ms)
2026-10-04T06:46:11.3582625Z ✔ running project locks its shared source views while other project remains editable (4.933618ms)
2026-10-04T06:46:11.4451426Z ✔ equal worker serials stay partitioned by app and launch identity (3.471218ms)
2026-10-04T06:46:11.4455896Z ✔ strict capture validation rejects missing sequences, wrong identities and invalid measurements atomically (1.343057ms)
2026-10-04T06:46:11.4459157Z ✔ bounded history gaps are explicit and malformed replies block only their current launch (1.091297ms)
2026-10-04T06:46:11.4464695Z ✔ late replies after replacement cannot attach measurements to the replacement capture (0.529618ms)
2026-10-04T06:46:11.4471900Z ✔ pausing and disposal cancel outstanding waits without clearing retained launch history (0.787269ms)
2026-10-04T06:46:11.4476559Z ✔ disposed and removed sessions cannot create new capture work (0.365833ms)
2026-10-04T06:46:11.4478174Z ✔ timeline retains bounded descriptors and partitions heap snapshots by launch (5.1065ms)
2026-10-04T06:46:11.4480781Z ✔ heap snapshots reject late replacement and malformed census data (0.526342ms)
2026-10-04T06:46:11.4485958Z ✔ CPU graph uses actual time, bounded percent and weighted intervals with accessible event detail (15.359566ms)
2026-10-04T06:46:11.5100914Z ✔ execution occupancy measures actual intervals and separate synchronous categories (3.395708ms)
2026-10-04T06:46:11.5116457Z ✔ nested work counts once and a close inside the operation includes its complete final interval (0.370011ms)
2026-10-04T06:46:11.5118244Z ✔ measurement preserves synchronous exceptions and rejects asynchronous waiting (0.800303ms)
2026-10-04T06:46:11.5119888Z ✔ bounded sequence windows report lost history and replacement clears the previous launch (0.559974ms)
2026-10-04T06:46:11.5121574Z ✔ occupancy validates bounds, clock monotonicity and replacement outside measured work (0.661956ms)
2026-10-04T06:46:11.5123306Z ✔ runtime pumping closes the actual final interval and cancels idle sampling after termination (0.809171ms)
2026-10-04T06:46:11.5129805Z ✔ paused runtimes sample genuine idle intervals and freeze automatic animations (0.456742ms)
2026-10-04T06:46:11.5130757Z ✔ retired launch timer callbacks cannot clear or execute replacement timers (0.459768ms)
2026-10-04T06:46:11.5131649Z ✔ request measurements exclude inspection and count UI/debug actions without changing their results (0.505834ms)
2026-10-04T06:46:11.5132489Z ✔ runtime pump failures keep a paused capture and report the original error (0.667355ms)
2026-10-04T06:46:12.8197461Z ✔ real source worker exposes actual execution intervals and preserves program output (588.115806ms)
2026-10-04T06:46:13.7415047Z ✔ real source workers isolate captures, pause, stop and replacement despite equal raw serials (926.1062ms)
2026-10-04T06:46:14.3775604Z ✔ real direct CIL worker exposes actual execution intervals and preserves program output (636.223424ms)
2026-10-04T06:46:17.7181942Z ✔ real direct CIL workers isolate captures, pause, stop and replacement despite equal raw serials (3346.063863ms)
2026-10-04T06:46:18.0337086Z ✔ resource rename publishes source edits, file paths and literal project references in one undoable host commit (17.085357ms)
2026-10-04T06:46:18.0340113Z ✔ multiple independent resource renames share one operation and preserve unedited clean sources (3.139064ms)
2026-10-04T06:46:18.0347932Z ✔ invalid versions, before text, result text, overlapping edits and destination collisions leave all owners unchanged (5.826976ms)
2026-10-04T06:46:18.0351953Z ✔ a model change during render fails the immediate precommit guard without overwriting the newer edit (2.778851ms)
2026-10-04T06:46:18.0360983Z ✔ async host preflight rechecks identities, affected locks, unrelated edits, saves, membership and workspace lifetime (14.478647ms)
2026-10-04T06:46:18.0362905Z ✔ failed host preflight releases every staged model and preserves live source buffers (1.966794ms)
2026-10-04T06:46:18.0364994Z ✔ postcommit callback failure retains all adopted resource models and a complete file-operation undo (3.916116ms)
2026-10-04T06:46:18.0531714Z ✔ large resource source comparisons stay lazy and yield to cancellation before ownership changes (38.659391ms)
2026-10-04T06:46:18.0533965Z ✔ the adapter copies supported plan fields before awaits and rejects native, locked and oversized resource requests (2.715463ms)
2026-10-04T06:46:18.2963325Z ✔ Explorer rename and undo preserve dirty snapshot baselines and leave unrelated models unchanged (25.720879ms)
2026-10-04T06:46:18.3045919Z ✔ Explorer copies are independent unsaved models and sequential file undo retains earlier snapshot identity (9.780031ms)
2026-10-04T06:46:18.3106145Z ✔ Explorer source writes prepare a replacement without mutating current text and undo restores a lazy root (6.03829ms)
2026-10-04T06:46:18.3151657Z ✔ Explorer snapshot history refuses newer edits without reading either complete source (4.659504ms)
2026-10-04T06:46:18.3348421Z ✔ Explorer failed preflight and host commit keep existing owners intact and dispose staged replacement models (5.385702ms)
2026-10-04T06:46:18.5344159Z ✔ Explorer Add Existing Item accepts sources beyond 16 MiB using chunked File reads and records undo without flattening (213.488711ms)
2026-10-04T06:46:18.5389104Z ✔ Explorer Add Existing Item updates project membership while retaining the prepared source descriptor (5.000862ms)
2026-10-04T06:46:18.5528400Z ✔ Explorer rejected or cancelled multi-file import cleans up only its prepared models (11.591264ms)
2026-10-04T06:46:18.5666460Z ✔ Explorer disposed imports cancel between chunks and postcommit callback errors retain adopted ownership and history (5.448328ms)
2026-10-04T06:46:18.5668059Z ✔ Explorer native source payload limits remain explicit before native I/O (10.558664ms)
2026-10-04T06:46:18.7927257Z ✔ Explorer snapshot records preserve metadata and exact history roots while fresh URI models remain independent (5.374991ms)
2026-10-04T06:46:18.7933174Z ✔ Explorer path index preserves descendant and case-collision rules across large indexed batches and removals (8.963454ms)
2026-10-04T06:46:18.7937489Z ✔ native prepared creates encode the captured edited source and BOM instead of stale original bytes (1.557861ms)
2026-10-04T06:46:19.0297894Z ✔ A19 FileWatch forwards the captured record and observation and prompts once until the document or disk changes (27.073877ms)
2026-10-04T06:46:19.0400355Z ✔ A19 old Reload, Ignore, and Compare actions cannot act on a same-URI same-version replacement (10.482542ms)
2026-10-04T06:46:19.0495469Z ✔ A19 a later edit refreshes the notification instead of retaining an unusable version guard forever (9.432351ms)
2026-10-04T06:46:19.0540631Z ✔ A19 changing the Save As target invalidates every action even when the same document version remains open (4.511288ms)
2026-10-04T06:46:19.0636055Z ✔ A19 a BOM-only external change is observable and its accepted metadata survives a later save (9.391464ms)
2026-10-04T06:46:19.0666379Z ✔ A19 a legacy asynchronous reader cannot publish a notification for a replaced document (3.087678ms)
2026-10-04T06:46:19.0681264Z ✔ A19 cancellation after a legacy reader resolves cannot publish an external-change notification (1.571796ms)
2026-10-04T06:46:19.3981813Z ✔ first-run visual-studio applies theme, global navigation and actual editor shortcuts (47.618066ms)
2026-10-04T06:46:19.4085833Z ✔ first-run vscode applies theme, global navigation and actual editor shortcuts (10.243196ms)
2026-10-04T06:46:19.4198359Z ✔ first-run resharper applies theme, global navigation and actual editor shortcuts (9.445455ms)
2026-10-04T06:46:19.4489777Z ✔ global ReSharper navigation retains file/member/symbol/recent arguments without an active editor (12.870333ms)
2026-10-04T06:46:19.4495831Z ✔ projected query prefixes use the real workbench search filters and source navigation (1.439379ms)
2026-10-04T06:46:19.4497948Z ✔ cancelled first-run selection has no effect, completed setup is skipped, and reselect preserves documents (10.247945ms)
2026-10-04T06:46:19.4963433Z ✔ profile changes keep custom bindings and one effective copy of each common global shortcut (24.356862ms)
2026-10-04T06:46:19.4966179Z ✔ choosing a user scheme clears only supplied current-workspace overrides and persists across reload (8.151728ms)
2026-10-04T06:46:19.4968612Z ✔ invalid scheme and persistence failure reject the complete first-run transaction before changing shortcuts (5.993987ms)
2026-10-04T06:46:19.4970875Z ✔ Options selects ReSharper after setup and commits only edited keys over a workspace override (16.424178ms)
2026-10-04T06:46:19.5061861Z ✔ Import and Export Settings applies a previewed scheme to both scopes without changing editor data (10.20257ms)
2026-10-04T06:46:19.5222145Z ✔ settings profile rejects invalid imports, exports selected categories and can reopen first-run choices (8.506862ms)
2026-10-04T06:46:19.5295800Z ✔ resetting selected categories restores the default scheme while retaining unrelated settings and undo (13.535005ms)
2026-10-04T06:46:19.5298308Z ✔ reset validates categories and remains atomic on storage failure, including the empty boundary (1.509059ms)
2026-10-04T06:46:19.5330300Z ✔ changing schemes cancels an in-progress native and global chord before the next keystroke (8.456248ms)
2026-10-04T06:46:19.8329937Z ✔ completed build identity deterministically binds actual bytes and source revision/tree (218.394626ms)
2026-10-04T06:46:20.0052954Z ✔ changed or added local output cannot reuse a completed build identity (172.313026ms)
2026-10-04T06:46:20.0916408Z fatal: not a git repository (or any of the parent directories): .git
2026-10-04T06:46:20.0950208Z fatal: not a git repository (or any of the parent directories): .git
2026-10-04T06:46:20.1395690Z ✔ archive builds without Git metadata keep identical distribution bytes and explicit unknown provenance (133.268699ms)
2026-10-04T06:46:20.1397760Z ✔ exact-source claim rejects unknown, dirty, stale-commit and stale-tree identities (0.828047ms)
2026-10-04T06:46:20.2588599Z ✔ actual HTTP assets match the completed artifact with the explicit production HTML transformation (119.187296ms)
2026-10-04T06:46:20.3596532Z ✔ a server returning stale application bytes fails closed against the local completed build (100.865265ms)
2026-10-04T06:46:20.4469240Z ✔ changed local HTML is rejected before its production transformation can authorize different served bytes (87.073632ms)
2026-10-04T06:46:20.5383569Z ✔ extracted production path rewrite preserves root, nested, quote and non-JavaScript behavior (91.215035ms)
2026-10-04T06:46:20.6526154Z ✔ the final verification detects an application replaced after the initial verification (114.339852ms)
2026-10-04T06:46:20.8532234Z ✔ whole workload gates strictly below one percent, retaining positive and negative observations (38.020637ms)
2026-10-04T06:46:20.8537582Z ✔ individual operation regressions remain diagnostic while the identical aggregate determines acceptance (6.077774ms)
2026-10-04T06:46:20.8543769Z ✔ assessment rejects missing pairs, wrong order, altered counts, nonfinite data and incomplete effects (62.366389ms)
2026-10-04T06:46:20.8548078Z ✔ driver rejects non-HTTP or remote application origins without starting a server (0.772203ms)
2026-10-04T06:46:20.8552950Z ✔ assessment recomputes product p50/p95/p99 and rejects absent or active disabled instrumentation (13.16811ms)
2026-10-04T06:46:20.8557114Z ✔ clock-quantized zero operation spans are preserved but a zero aggregate denominator is rejected (10.140101ms)
2026-10-04T06:46:20.8563064Z ✔ pre-navigation storage states differ only by explicit tracing mode; workload and order are deterministic (0.47651ms)
2026-10-04T06:46:21.3957060Z ✔ tracing defaults on, persists per workspace, and rejects non-boolean preferences (3.748813ms)
2026-10-04T06:46:21.3959380Z ✔ real shells resolve saved settings before their first mark and keep live changes instance-local (10.651137ms)
2026-10-04T06:46:21.3962390Z ✔ explicit embedding booleans override saved and subsequent settings in both directions (3.284986ms)
2026-10-04T06:46:21.3965595Z ✔ Environment General exposes a working tracing checkbox with the stored preference (1.755239ms)
2026-10-04T06:46:21.3970515Z ✔ disabled instruments read no clock and retain no marks, including input observation (1.187128ms)
2026-10-04T06:46:21.3972747Z ✔ disabling rejects in-flight marks without clock reads, including after re-enabling (0.318696ms)
2026-10-04T06:46:21.3976504Z ✔ unchanged enabled values preserve current marks; marks are single-use and instance-owned (0.253193ms)
2026-10-04T06:46:21.3982211Z ✔ a real shell settings change invalidates an outstanding asynchronous operation mark (1.456391ms)
2026-10-04T06:46:21.5015481Z ✔ counterfactual has identical scaffolding and five explicit static imports before the shipped entry (2.296129ms)
2026-10-04T06:46:21.5018715Z ✔ complete paired assessment retains every signed observation and reports a point observation (4.177865ms)
2026-10-04T06:46:21.5020900Z ✔ missing marker, title, duplicate marker and incomplete fixed sample count are rejected (2.045682ms)
2026-10-04T06:46:21.5026123Z ✔ nonfinite, missing, duplicate, negative and inconsistent metric values fail closed (1.414583ms)
2026-10-04T06:46:21.5030723Z ✔ source, served assets, overlays, engine, module graph and product failures invalidate assessment (3.003681ms)
2026-10-04T06:46:21.5034612Z ✔ unsupported threadTicks rejects without a timing fallback (1.144438ms)
2026-10-04T06:46:21.5039033Z ✔ actual production CSP permits inline styles while rejecting any relaxed script directive (0.789384ms)
2026-10-04T06:46:21.5323665Z ✔ capture owns a fresh process for each sample and closes it on unsupported clocks or missing markers (22.993835ms)
2026-10-04T06:46:21.5723033Z ✔ real local HTTP overlay preserves product bytes/CSP and tracks downstream cancellation separately (52.617907ms)
2026-10-04T06:46:22.0741142Z ✔ PE metadata exposes actual generic List members, names, parameter signatures, properties and namespaces (18.234885ms)
2026-10-04T06:46:22.0746244Z ✔ metadata source carries the exact PE identity, source version and matching overload selection (7.851448ms)
2026-10-04T06:46:22.0748536Z ✔ metadata versions never collapse same-name assemblies or infer an ambiguous owner (2.084805ms)
2026-10-04T06:46:22.0750303Z ✔ framework member caret resolves Console.WriteLine rather than treating it as a type name (25.531365ms)
2026-10-04T06:46:22.0752167Z ✔ core intrinsic metadata uses accepted arities, canonical owners, instance parameters and property shape (6.114322ms)
2026-10-04T06:46:22.0753994Z ✔ bound assembly simple identity selects actual PE metadata and rejects multiple matching versions (12.512876ms)
2026-10-04T06:46:22.0756376Z ✔ reference sources use authorized HintPath bytes, transitive project visibility and no source text getters (17.080668ms)
2026-10-04T06:46:22.0908587Z ✔ unavailable, ambiguous and invalid PE references return explicit Object Browser diagnostic rows (14.534652ms)
2026-10-04T06:46:22.0911501Z ✔ metadata inspection rejects byte and declaration limits before returning a partial model (1.338671ms)
2026-10-04T06:46:22.0914861Z ✔ catalog cancellation terminates its dedicated metadata worker and does not cache late replies (6.344453ms)
2026-10-04T06:46:22.0918106Z ✔ Code Definition reads only a bounded caret fragment and prioritizes structured bound owners (5.981404ms)
2026-10-04T06:46:22.0921055Z ✔ Code Definition source definitions bypass metadata and retain exact selection (0.208119ms)
2026-10-04T06:46:23.8650364Z ✔ Studio multi-session C# fixture preserves WinUI, argv, environment and stop isolation in source VM (1048.888005ms)
2026-10-04T06:46:24.7225351Z ✔ Studio multi-session C# fixture preserves WinUI, argv, environment and stop isolation in direct CIL (865.992421ms)
2026-10-04T06:46:24.9569864Z ✔ actual MSBuildTools onJob notifications retain exact cancellation ownership when another job is selected (5.035754ms)
2026-10-04T06:46:24.9573517Z ✔ owners with the same remote job id remain independent and known terminal callbacks cannot resurrect a task (0.61653ms)
2026-10-04T06:46:24.9576283Z ✔ phase text stays indeterminate, only host-reported fractions become progress, and stale cursors/phases are ignored (0.442165ms)
2026-10-04T06:46:24.9578700Z ✔ a native success that wins a cancellation race remains an observed success (0.397421ms)
2026-10-04T06:46:24.9582818Z ✔ native cancellation failures and replies for another job are explicit and cannot alter that other task (2.164588ms)
2026-10-04T06:46:24.9584928Z ✔ transport failure settles only its matching observed job and malformed snapshots do not mutate task state (0.570514ms)
2026-10-04T06:46:24.9587470Z ✔ synchronous cancellation from first notification reaches the captured client exactly once (0.437957ms)
2026-10-04T06:46:24.9592042Z ✔ disposal aborts owned requests once, ignores late callbacks and bounds retained terminal identity history (0.494092ms)
2026-10-04T06:46:25.2202487Z ✔ A19 actual native utf-8 reload updates SHA-256 and native baseline before a physical save (27.968651ms)
2026-10-04T06:46:25.2269077Z ✔ A19 actual native utf-16le reload updates SHA-256 and native baseline before a physical save (6.868872ms)
2026-10-04T06:46:25.2326829Z ✔ A19 actual native utf-16be reload updates SHA-256 and native baseline before a physical save (5.695604ms)
2026-10-04T06:46:25.2362541Z ✔ A19 reconnecting the native host invalidates a prior observation without changing the document (3.418337ms)
2026-10-04T06:46:25.2398223Z ✔ A19 native bytes changed after the observation are not marked as the reloaded baseline (3.550363ms)
2026-10-04T06:46:25.2430436Z ✔ A19 rejecting immutable native metadata restores the document and retains both previous native baseline fields (3.122464ms)
2026-10-04T06:46:25.2463314Z ✔ A19 native read cancellation and disposal reach the actual client request signal (2.422699ms)
2026-10-04T06:46:25.2467057Z ✔ A19 MSBuild text and binary read APIs forward the supplied cancellation signal without changing endpoints (0.953158ms)
2026-10-04T06:46:25.6768419Z ✔ actual client, MSBuildTools and lazy native callbacks publish live tasks and preserve completed inspection (230.289015ms)
2026-10-04T06:46:25.8815578Z ✔ poll transport failure retains the captured client and fails only that job after another job becomes selected (202.395971ms)
2026-10-04T06:46:25.8818107Z ✔ the TaskCenter cancellation callback targets its captured client/job and does not replace another native selection (1.566282ms)
2026-10-04T06:46:25.8820639Z ✔ validation/start failures and ordinary native UI errors cannot settle a previously observed unrelated task (1.445597ms)
2026-10-04T06:46:26.0845742Z ✔ a poll response for a different ID closes only the requested task and never publishes the foreign job (202.156914ms)
2026-10-04T06:46:26.0850048Z ✔ native Cancel transport errors report only the captured current owner, regardless of a later client value (0.858321ms)
2026-10-04T06:46:26.2863052Z ✔ a confirmed native success wins a cancellation race and a stale pending poll cannot regress it (201.484308ms)
2026-10-04T06:46:26.4895976Z ✔ disposal coalesces TaskCenter cancellation before disconnect and abandons a pending poll without late UI writes (202.406236ms)
2026-10-04T06:46:26.4904202Z ✔ disposal during job start waits for the actual returned ID, cancels it, and never publishes a post-disposal task (1.078552ms)
2026-10-04T06:46:26.5481099Z ✔ Outline host passes exact URI/project/version and applies one provider edit before navigation (2.85712ms)
2026-10-04T06:46:26.5484583Z ✔ Outline rejects stale version after provider completion (0.704494ms)
2026-10-04T06:46:26.5497110Z ✔ Outline rejects stale project after provider completion (0.285362ms)
2026-10-04T06:46:26.5500658Z ✔ Outline rejects stale workspace after provider completion (0.251669ms)
2026-10-04T06:46:26.5505260Z ✔ Outline rejects stale document after provider completion (0.407781ms)
2026-10-04T06:46:26.5509683Z ✔ Outline cancellation and disposal stop a waiting provider without applying its late result (0.602504ms)
2026-10-04T06:46:26.5516580Z ✔ Outline rejects read-only and mismatched provider edits (0.368908ms)
2026-10-04T06:46:26.5517668Z ✔ Outline leaf drops retain before/after position and refuse cross-tree payloads (0.950653ms)
2026-10-04T06:46:27.3650879Z ✔ Outline moves a complete CRLF member with XML docs and trailing comments, without changing the workspace (11.851116ms)
2026-10-04T06:46:27.3653639Z ✔ Outline moves a callable across fields without changing field initialization order or either runtime result (115.605334ms)
2026-10-04T06:46:27.3655822Z ✔ Outline accepts storage-free declaration: int Value => 1; (1.607328ms)
2026-10-04T06:46:27.3657607Z ✔ Outline accepts storage-free declaration: int Value { get { return 1; } set { } } (1.347353ms)
2026-10-04T06:46:27.3659850Z ✔ Outline accepts storage-free declaration: C() { } (1.052483ms)
2026-10-04T06:46:27.3661608Z ✔ Outline accepts storage-free declaration: int this[int i] { get { return i; } } (1.614932ms)
2026-10-04T06:46:27.3663569Z ✔ Outline rejects order-sensitive or hidden-storage declaration: int value = 1; (1.423295ms)
2026-10-04T06:46:27.3665430Z ✔ Outline rejects order-sensitive or hidden-storage declaration: int Value { get; set; } (0.813117ms)
2026-10-04T06:46:27.3667696Z ✔ Outline rejects order-sensitive or hidden-storage declaration: int Value { get; } = 1; (0.740742ms)
2026-10-04T06:46:27.3671092Z ✔ Outline rejects order-sensitive or hidden-storage declaration: [ModuleInitializer] static void Init() {} (1.344008ms)
2026-10-04T06:46:27.3673059Z ✔ Outline rejects order-sensitive or hidden-storage declaration: [Alias] static void Init() {} (0.572057ms)
2026-10-04T06:46:27.3675419Z ✔ Outline rejects different containers, stale/read-only versions and invalid offsets without partial mutation (0.891062ms)
2026-10-04T06:46:27.3677430Z ✔ Outline rejects crossing region/directive trivia and malformed source members (2.442245ms)
2026-10-04T06:46:27.3680858Z ✔ Outline returns a stable no-op for the same member and preserves same-line separators for real moves (1.329721ms)
2026-10-04T06:46:27.6176477Z ✔ prepared document ingress adopts the exact model and source without reading text or rebuilding it (18.862776ms)
2026-10-04T06:46:27.6178399Z ✔ model and immutable roots are hidden even when an incoming caller made them enumerable (1.306317ms)
2026-10-04T06:46:27.6182453Z ✔ retaining prepared records preserves model/map/view identity and replaces old subscriptions without materializing text (8.511657ms)
2026-10-04T06:46:27.6185407Z ✔ duplicate, mismatched and stale prepared records reject atomically and remain caller-owned (5.590588ms)
2026-10-04T06:46:27.6190096Z ✔ a failed factory disposes only models it created while prepared callers and the current workspace remain intact (1.520527ms)
2026-10-04T06:46:27.6192840Z ✔ subscription failure and cancellation release staged subscriptions without disposing prepared input models (1.681887ms)
2026-10-04T06:46:27.6196124Z ✔ saved-state preparation rolls back dirty caller models if another model cannot commit its saved marker (0.975219ms)
2026-10-04T06:46:27.6205379Z ✔ add and legacy appended-record lookup adopt prepared models without a factory, and dispose releases owned roots (1.597009ms)
2026-10-04T06:46:27.6207316Z ✔ view errors after the atomic ownership commit are explicit and do not hand live models back to callers (1.285618ms)
2026-10-04T06:46:27.6406222Z ✔ real chunked File ingress adopts the reader model and decoder metadata without invoking whole-source getters (22.390596ms)
2026-10-04T06:46:27.6408038Z ✔ append imports retain dirty model baselines and read-only state without implicitly saving existing documents (2.050415ms)
2026-10-04T06:46:27.6416141Z ✔ append imports retain a late-save snapshot baseline and its stale-save dirty marker (1.197614ms)
2026-10-04T06:46:27.6418306Z ✔ preserveDirty never permits replacing or removing a dirty model without explicit discard (1.533069ms)
2026-10-04T06:46:27.6420485Z ✔ disposed prepared models reject and failing view cleanup still releases all owned models and roots (1.032546ms)
2026-10-04T06:46:28.4545046Z ✔ pending Studio analysis and another editor whole-project request publish committed rename source only (16.110381ms)
2026-10-04T06:46:28.4548024Z ✔ real rename completion publishes its new version after lease release and remains one undo operation (4.284933ms)
2026-10-04T06:46:28.4552886Z ✔ DocumentService late save acknowledgement survives preview cancellation and subsequent undo (2.838224ms)
2026-10-04T06:46:28.4557385Z ✔ save, operation state, export, diagnostics and bounded ranges share one published source revision (2.569092ms)
2026-10-04T06:46:28.4562431Z ✔ reload and prepared model adoption reject active previews without changing source, baseline or metadata (2.504281ms)
2026-10-04T06:46:28.4567788Z ✔ an atomic change still notifies the second document if the first notification opens its preview (2.318935ms)
2026-10-04T06:46:28.4572124Z ✔ workspace replacement disposes the original preview model and delayed cleanup cannot restore over its replacement (1.784158ms)
2026-10-04T06:46:28.4576062Z ✔ EditorConfig reads committed source even if its model is displaying a temporary preview (0.726245ms)
2026-10-04T06:46:28.4608694Z ✔ workspace commit forwards cancellation into the real asynchronous Studio resource transaction (24.709692ms)
2026-10-04T06:46:28.4612650Z ✔ closing all views releases the owned preview before any same-model view state is cached (2.131225ms)
2026-10-04T06:46:28.9788627Z ✔ startup target switching preserves each project selected profile and starts that target (12.31381ms)
2026-10-04T06:46:28.9798402Z ✔ current-selection startup and new-instance commands honor the current project selected profile (2.984207ms)
2026-10-04T06:46:28.9800023Z ✔ changing a startup profile preserves its start-without-debugging action (1.428915ms)
2026-10-04T06:46:29.0589908Z ✔ independent areas, browsers and performance all finish after earlier failures without downgrading them (5.28027ms)
2026-10-04T06:46:29.0596383Z ✔ stage selection runs only the selected scopes and preserves browser deadlines and capture-only results (3.630051ms)
2026-10-04T06:46:29.0599919Z ✔ a scope settles and is checkpointed before the next independent scope starts (0.512917ms)
2026-10-04T06:46:29.0601756Z ✔ setup errors remain fatal before any scope starts (0.718951ms)
2026-10-04T06:46:29.0612419Z ✔ a thrown error carrying exit zero remains a failed outcome and a nonzero aggregate (0.419773ms)
2026-10-04T06:46:29.0614823Z ✔ an unsupported lazy-evaluation engine remains an independent failure after all earlier scopes finish (0.682002ms)
2026-10-04T06:46:29.1277102Z ✔ malformed editor JSON fails before any capture starts (9.227161ms)
2026-10-04T06:46:29.1458559Z ✔ both baseline schemas are checked before any capture starts (18.178649ms)
2026-10-04T06:46:29.5418783Z ✔ known editor browser, OS, architecture, Node and CPU mismatches fail before capture (395.722799ms)
2026-10-04T06:46:29.5880521Z ✔ model-only or another browser backend cannot be used as the editor baseline (46.237604ms)
2026-10-04T06:46:29.6356207Z ✔ known workbench runner mismatches fail before editor captures (47.59765ms)
2026-10-04T06:46:29.6390955Z ✔ Python OS and architecture aliases match corresponding known Node runner facts (3.550619ms)
2026-10-04T06:46:29.6408137Z ✔ missing and outside-checkout baseline files fail before capture (1.555733ms)
2026-10-04T06:46:29.6428129Z ✔ empty inputs retain capture mode and the 22-minute outer browser deadline (1.754613ms)
2026-10-04T06:46:29.6460636Z ✔ compatible baselines are read once before capture and reused for comparison (3.206101ms)
2026-10-04T06:46:29.7170730Z ✔ both permitted comparative stages require verification before baseline paths become active (11.489542ms)
2026-10-04T06:46:29.7175028Z ✔ ordinary create nonces keep empty baselines and perform no profile file reads (0.354922ms)
2026-10-04T06:46:29.7180230Z ✔ reserved profile requests reject other runners, engines and non-performance stages (0.533566ms)
2026-10-04T06:46:29.7183768Z ✔ unknown and malformed compare prefixes never fall back to capture-only (0.448757ms)
2026-10-04T06:46:29.7229059Z ✔ each pinned report and source envelope rejects same-length altered bytes (5.441981ms)
2026-10-04T06:46:29.7264074Z ✔ missing and changed-size pinned files reject activation instead of dropping a baseline (3.553238ms)
2026-10-04T06:46:29.7266717Z ✔ activation also rejects unsupported direct profile requests and manual-event substitution (0.4504ms)
2026-10-04T06:46:29.7350496Z ✔ pinned schemas activate independently of this machine; existing preflight rejects incompatible live hosts (8.254948ms)
2026-10-04T06:46:29.7400169Z ✔ performance host rejection remains an independent scope failure after other all-stage scopes (5.130049ms)
2026-10-04T06:46:29.7443147Z ✔ the original comparators still reject changed browser versions, fixtures and relative regressions (4.333363ms)
2026-10-04T06:46:29.8108889Z ✔ each explicit platform, engine and stage resolves without running a capture (2.504812ms)
2026-10-04T06:46:29.8113236Z ✔ default create events discard baseline and dispatch-style overrides (0.237694ms)
2026-10-04T06:46:29.8118168Z ✔ manual dispatch preserves defaults and exact supplied baseline paths (0.326108ms)
2026-10-04T06:46:29.8122503Z ✔ unrelated creates, tag creates and unsupported event types cannot qualify (0.623143ms)
2026-10-04T06:46:29.8127649Z ✔ the complete branch grammar rejects malformed selection and unsafe or oversized nonces (0.402731ms)
2026-10-04T06:46:29.8131570Z ✔ event and full ref identity must agree for created and manually selected refs (0.446864ms)
2026-10-04T06:46:29.8136701Z ✔ a mutable name, missing SHA or different checked-out commit cannot pass immutable source validation (0.338471ms)
2026-10-04T06:46:29.8141013Z ✔ allocated runner and manual choice values are validated before output (0.392633ms)
2026-10-04T06:46:29.8148020Z ✔ baseline data cannot inject Actions environment records (0.689646ms)
2026-10-04T06:46:29.8203648Z ✔ oversized or malformed event files fail before writing any Actions environment output (12.998146ms)
2026-10-04T06:46:30.3023321Z ✔ deleting a project in the same workspace clears only its profiles and persists a consistent startup snapshot (12.709317ms)
2026-10-04T06:46:30.3028506Z ✔ removing a virtual-default profile selection clears it without requiring a materialized profile map (0.300731ms)
2026-10-04T06:46:31.2465096Z ✔ source Main(string[]) receives flat program argv and defaults to an empty array (97.095496ms)
2026-10-04T06:46:31.2470875Z ✔ source a parameterless entry accepts process argv without injecting method parameters (4.62661ms)
2026-10-04T06:46:31.2472084Z ✔ source top-level args are forwarded through the generated startup wrapper (5.608301ms)
2026-10-04T06:46:31.2475529Z ✔ source module initializers run once before argv forwarding into Main (44.410191ms)
2026-10-04T06:46:31.2478772Z ✔ source async Main retains argv and its integer exit code across an await (17.761832ms)
2026-10-04T06:46:31.2481851Z ✔ source argument arrays survive collection and caller mutation after construction (11.316018ms)
2026-10-04T06:46:31.2485169Z ✔ cil Main(string[]) receives flat program argv and defaults to an empty array (29.007199ms)
2026-10-04T06:46:31.2488026Z ✔ cil a parameterless entry accepts process argv without injecting method parameters (4.511315ms)
2026-10-04T06:46:31.2493868Z ✔ cil top-level args are forwarded through the generated startup wrapper (5.665759ms)
2026-10-04T06:46:31.2496964Z ✔ cil module initializers run once before argv forwarding into Main (15.41262ms)
2026-10-04T06:46:31.2499071Z ✔ cil async Main retains argv and its integer exit code across an await (15.913855ms)
2026-10-04T06:46:31.2905864Z ✔ cil argument arrays survive collection and caller mutation after construction (49.506627ms)
2026-10-04T06:46:31.2907148Z ✔ raw CIL methodToken invocations retain their numeric parameter contract (6.12208ms)
2026-10-04T06:46:31.2908692Z ✔ independently authored CIL string-array entry receives argv without a compiler-specific payload (4.810994ms)
2026-10-04T06:46:32.1587032Z ✔ source reads only its explicit environment, preserving empty values and case-sensitive names (94.854907ms)
2026-10-04T06:46:32.1594822Z ✔ source separate runtimes copy environment values and never observe another application (7.899756ms)
2026-10-04T06:46:32.1598264Z ✔ source a null environment variable name raises a managed ArgumentNullException (4.381413ms)
2026-10-04T06:46:32.1601942Z ✔ cil reads only its explicit environment, preserving empty values and case-sensitive names (23.870897ms)
2026-10-04T06:46:32.1604096Z ✔ cil separate runtimes copy environment values and never observe another application (12.302037ms)
2026-10-04T06:46:32.1607415Z ✔ cil a null environment variable name raises a managed ArgumentNullException (6.096692ms)
2026-10-04T06:46:32.1612848Z ✔ environment mutation and OS target overloads report unsupported source members (15.788391ms)
2026-10-04T06:46:32.1616966Z ✔ independent managed CIL resolves the registered process environment signature and refuses mutation (3.741119ms)
2026-10-04T06:46:32.2516783Z ✔ default runtime timers schedule and cancel pump, animation and occupancy work on their global owner (3.097649ms)
2026-10-04T06:46:32.2522218Z ✔ default capture timers tolerate the first runtime UI event and preserve pause, resume and disposal (1.365127ms)
2026-10-04T06:46:32.2528132Z ✔ injected runtime scheduler callbacks retain their existing owner receiver (0.398193ms)
2026-10-04T06:46:32.6515033Z ✔ program argument normalization copies and freezes strings including empty and Unicode values (1.914456ms)
2026-10-04T06:46:32.6518961Z ✔ argument count, individual size, total size, primitive type and null bytes have explicit limits (0.728791ms)
2026-10-04T06:46:32.6523965Z ✔ environment normalization has private storage and never inherits host or prototype entries (0.380721ms)
2026-10-04T06:46:32.6529257Z ✔ environment names, types, prototypes, per-entry and total sizes reject before launch (2.023509ms)
2026-10-04T06:46:32.6533647Z ✔ process argv cannot replace raw parameters of an explicitly selected method (0.477151ms)
2026-10-04T06:46:32.6542193Z ✔ launch profiles use the same bounds and advertise only the implemented environment capability (0.528497ms)
2026-10-04T06:46:33.1642870Z ✔ injected RuntimeTools keeps existing profile grants and target launches do not inherit the active app settings (12.79928ms)
2026-10-04T06:46:33.1646114Z ✔ profile settings apply to the next project launch only without rebuilding or mutating existing apps (4.943923ms)
2026-10-04T06:46:33.1649664Z ✔ session settings remain scoped through active-app switches and only take effect on that app restart (3.525609ms)
2026-10-04T06:46:33.1652322Z ✔ profile and session revocation stop only the explicitly associated applications (4.901734ms)
2026-10-04T06:46:33.1657243Z ✔ settings requests capture the chosen app and do not fall back to a foreign active session (2.799086ms)
2026-10-04T06:46:33.1741645Z ✔ late metrics cannot repaint a newly selected settings target (10.961997ms)
2026-10-04T06:46:33.1745369Z ✔ target selector values are stable and invalid settings do not change any target (1.456584ms)
2026-10-04T06:46:33.1747411Z ✔ only an actual loose-source language change schedules its project compilation (1.084962ms)
2026-10-04T06:46:33.1750632Z ✔ legacy hosts retain the RuntimeTools API with explicitly isolated default settings (0.476047ms)
2026-10-04T06:46:34.4161101Z ✔ real source worker consumes a complete launch profile (536.150951ms)
2026-10-04T06:46:34.9546789Z ✔ real source workers isolate argv, environment and stop commands despite equal local serials (542.568955ms)
2026-10-04T06:46:35.3885256Z ✔ real source worker rejects malformed replacement settings without retiring its paused session (434.849997ms)
2026-10-04T06:46:35.8065505Z ✔ real direct CIL worker consumes a complete launch profile (417.347471ms)
2026-10-04T06:46:36.3089468Z ✔ real direct CIL workers isolate argv, environment and stop commands despite equal local serials (503.106126ms)
2026-10-04T06:46:36.7267899Z ✔ real direct CIL worker rejects malformed replacement settings without retiring its paused session (422.308623ms)
2026-10-04T06:46:37.2430922Z ✔ session recovery exports only deterministic startup and non-executable profile metadata (16.248397ms)
2026-10-04T06:46:37.2435319Z ✔ ZIP and extracted-folder manifests retain metadata while dropping hostile executable fields (6.169717ms)
2026-10-04T06:46:37.2439683Z ✔ invalid recovery projects, libraries, selections and profile references fail before either live owner changes (2.952101ms)
2026-10-04T06:46:37.2447793Z ✔ recovery staging is immutable, single-use and notifies observers only after both owners commit (1.848074ms)
2026-10-04T06:46:37.2450205Z ✔ prospective recovery validates before workspace replacement and commits only to that loaded project set (2.041684ms)
2026-10-04T06:46:37.2452217Z ✔ legacy records without session metadata are no-ops, while malformed versions, paths and bounds are rejected (1.14307ms)
2026-10-04T06:46:37.3114962Z ✔ session state lint detects direct, computed, compound, destructuring and prefix writes (3.272578ms)
2026-10-04T06:46:37.3120087Z ✔ session state lint excludes reads, equality, strings, comments and unrelated state properties (0.880421ms)
2026-10-04T06:46:37.3125882Z ✔ session state lint accepts only explicitly inventoried owners and includes stable diagnostics (0.461019ms)
2026-10-04T06:46:37.8076406Z ✔ Processes row controls affect only that row across active-application changes (19.883009ms)
2026-10-04T06:46:37.8082167Z ✔ Debug Location process/thread/frame selection owns its locals and does not navigate a background app (3.932548ms)
2026-10-04T06:46:37.8086907Z ✔ status and title announce a meaning change once and ignore repeated output/state events (1.819961ms)
2026-10-04T06:46:38.0333503Z ✔ status updates read model positions and EOL metadata without flattening a 100 MB document (1.985219ms)
2026-10-04T06:46:38.0335679Z ✔ status visual columns distinguish tabs, CJK, zero-width clusters and UTF-16 characters (2.262245ms)
2026-10-04T06:46:38.0578892Z ✔ status uses cancellable exact model columns and ignores stale carets without flattening source (5.019794ms)
2026-10-04T06:46:38.0581140Z ✔ reading one setting preserves workspace null overrides without cloning unrelated layouts (1.756072ms)
2026-10-04T06:46:38.0582766Z ✔ Solution Explorer filtering never reads document content synchronously (1.758548ms)
2026-10-04T06:46:38.0599568Z ✔ definition range reads stay bounded at a caret near the end of a large indexed document (1.273903ms)
2026-10-04T06:46:38.0601284Z ✔ Explorer content searches retain actual worker URI matches and reject stale or cancelled results (1.08963ms)
2026-10-04T06:46:38.0603216Z ✔ automatic recovery and bookmark construction never materialize a 100 MB model-backed file (0.905437ms)
2026-10-04T06:46:38.0605786Z ✔ existing recovery is retained until the user restores or discards it (0.476678ms)
2026-10-04T06:46:38.0607375Z ✔ bookmark edit transformation handles several pre-edit coordinates and wraps across files (7.999867ms)
2026-10-04T06:46:38.0608961Z ✔ Output filters project and session identity from shared channel entries (0.851797ms)
2026-10-04T06:46:38.0610560Z ✔ Find Results changes retained project or session scope without requesting another search (0.346345ms)
2026-10-04T06:46:38.0612130Z ✔ locked result windows remain bounded without silently discarding retained results (1.875655ms)
2026-10-04T06:46:38.0614562Z ✔ regex replacement retains lookbehind, named captures and original string substitutions (1.90516ms)
2026-10-04T06:46:38.0618048Z ✔ keyboard removal applies to default ids before conflict calculation (1.186742ms)
2026-10-04T06:46:38.0622534Z ✔ provider failures terminate queued test state instead of leaving a run in progress (0.820929ms)
2026-10-04T06:46:38.1450594Z ✔ menu palette and command window share contextual enablement and the same handler (4.526063ms)
2026-10-04T06:46:38.1454787Z ✔ when parser handles precedence and rejects malformed executable input and nesting (0.528705ms)
2026-10-04T06:46:38.1459086Z ✔ command contributions rollback conflicts and restore replaced handlers (0.549594ms)
2026-10-04T06:46:38.1463522Z ✔ command parser preserves quoted arguments without evaluating expressions (0.769514ms)
2026-10-04T06:46:38.1471471Z ✔ 10000 hidden output invalidations produce no render or scheduled frame (1.025782ms)
2026-10-04T06:46:38.1472893Z ✔ performance records exact per-session percentiles and enforces relative budgets (1.084691ms)
2026-10-04T06:46:38.1475297Z ✔ lazy activation cancellation never resolves a mount and successful module loads cache once (0.714521ms)
2026-10-04T06:46:38.1481421Z ✔ two concurrent tasks cancel independently and keep truthful cancelling state (1.620921ms)
2026-10-04T06:46:38.6495318Z ✔ workbench inventory matches every registered shell window and command (19.965122ms)
2026-10-04T06:46:38.6500550Z ✔ performance budget comparison fails absolute and twenty-percent p95 regressions (1.934956ms)
2026-10-04T06:46:38.6505070Z ✔ performance comparison rejects absent, duplicate and unreported metric obligations (0.839965ms)
2026-10-04T06:46:38.6509454Z ✔ performance comparison rejects invalid or fabricated statistics and mismatched captures (1.62624ms)
2026-10-04T06:46:38.6512416Z ✔ capture-only performance assessment never invents a relative regression verdict (0.60665ms)
2026-10-04T06:46:38.7327477Z ✔ recent workspace remembering retains metadata and never enumerates source or disk records (2.047616ms)
2026-10-04T06:46:38.7331413Z ✔ opening the current workspace activates it without reading recovery or requiring permission (0.47764ms)
2026-10-04T06:46:38.7336043Z ✔ recovery preparation preserves file bytes, encoding, BOM and unsaved source metadata (1.990619ms)
2026-10-04T06:46:38.7339503Z ✔ recent opening uses the matching previous recovery and confirms actual workspace identity (0.597323ms)
2026-10-04T06:46:38.7342977Z ✔ samples require a provider-confirmed open instead of treating an unchanged workspace as success (0.766137ms)
2026-10-04T06:46:38.7346879Z ✔ missing recent files request permission explicitly and cancellation preserves the pinned MRU (0.635895ms)
2026-10-04T06:46:38.7349237Z ✔ recovery bounds, corrupt data and cancelled providers fail before recent success is published (0.988933ms)
2026-10-04T06:46:39.0062652Z ✔ search supports captures literal metacharacters exact versions whole words and bounded empty regex matches (4.155859ms)
2026-10-04T06:46:39.0067908Z ✔ replacement preview skips changed documents and preserves unchecked matches as one batch per document (1.563239ms)
2026-10-04T06:46:39.0071640Z ✔ worker cancellation terminates a pathological query without affecting a second results instance (0.913977ms)
2026-10-04T06:46:39.0074275Z ✔ workspace symbol results reject superseded requests and changed document versions (0.506837ms)
2026-10-04T06:46:39.0077776Z ✔ Error List combines source scope severity search and sort over 5000 real diagnostic records (4.197918ms)
2026-10-04T06:46:39.0082240Z ✔ Output model bounds 100000 line inputs and compiler message links preserve location (69.149134ms)
2026-10-04T06:46:39.0088779Z ✔ bookmarks move with source insertions and locked reference results remain unchanged (1.44044ms)
2026-10-04T06:46:39.2235857Z ✔ old settings migrate once and corrupt settings notify then recover defaults (2.756927ms)
2026-10-04T06:46:39.2237948Z ✔ settings transaction rejects invalid data and persistence failure before publishing (1.991047ms)
2026-10-04T06:46:39.2241214Z ✔ line-ending normalization stays opt-in across theme changes and rejects invalid settings (0.825661ms)
2026-10-04T06:46:39.2244118Z ✔ workspace preferences override user scope and exported profiles omit secrets recursively (1.192466ms)
2026-10-04T06:46:39.2248018Z ✔ keyboard conflicts include default bindings and distinguish scopes (1.202294ms)
2026-10-04T06:46:39.2251639Z ✔ keyboard Options shares native chord-prefix conflicts and shifted punctuation notation (0.567309ms)
2026-10-04T06:46:39.2257382Z ✔ configuration manager applies release selection only to enabled project mappings (1.495472ms)
2026-10-04T06:46:39.2258926Z ✔ recent files retain pinning and prune missing sources (0.74999ms)
2026-10-04T06:46:39.2261331Z ✔ notifications survive toast expiry and unread/dismissal are independent (2.121301ms)
2026-10-04T06:46:39.2295649Z ✔ external change prompts once per disk version and recovery contains only document data (1.265513ms)
2026-10-04T06:46:39.2306343Z ✔ dropped file import bounds count and total bytes (0.600531ms)
2026-10-04T06:46:39.2957062Z ✔ theme gate detects hex and numeric functional colors inside declarations, fallbacks, gradients and nested rules (3.981433ms)
2026-10-04T06:46:39.2963918Z ✔ theme gate ignores selectors, comments, strings, URL fragments and identifiers that are not color tokens (0.314397ms)
2026-10-04T06:46:39.2966597Z ✔ only explicit token files may define literal palette values; token files cannot hide painted rules (0.319256ms)
2026-10-04T06:46:39.2973554Z ✔ theme gate fails closed on malformed CSS and validates empty and non-string input boundaries (0.531172ms)
2026-10-04T06:46:39.3690201Z ✔ all Studio styles pass the color gate and extracted paint and token styles have explicit cascade order (76.490306ms)
2026-10-04T06:46:39.3938945Z ✔ the migration preserves every legacy dark/light paint value, geometry declaration and ordered override (24.279571ms)
2026-10-04T06:46:39.4149190Z ✔ Light keeps its authored palette, Blue keeps syntax distinctions, and contrast modes resolve every legacy token (20.973228ms)
2026-10-04T06:46:39.4157823Z ✔ system theme follows OS changes immediately and disposal removes its media listener (0.482561ms)
2026-10-04T06:46:39.7246787Z ✔ Task List scans real C# comment trivia and ignores literal task words (7.853513ms)
2026-10-04T06:46:39.7248181Z ✔ class hierarchy attaches members to their actual project and namespace (0.49279ms)
2026-10-04T06:46:39.7352151Z ✔ Object Browser uses actual registered List metadata and method signatures (68.774605ms)
2026-10-04T06:46:39.7353780Z ✔ test provider subset runs emit incremental states and produce hierarchical results (1.961843ms)
2026-10-04T06:46:39.7355766Z ✔ test cancellation signals only its current provider operation and preserves terminal results (0.450612ms)
2026-10-04T06:46:39.7359107Z ✔ call hierarchy expands lazily and rejects changed source versions (1.117647ms)
2026-10-04T06:46:39.7361573Z ✔ diagnostic session timelines remain separate and heap diffs use actual census data (0.987484ms)
2026-10-04T06:46:39.7368486Z ✔ toolbox providers select the actual active document kind (0.462353ms)
2026-10-04T06:46:39.8228660Z ✔ packager binds classic format to lazily allocated closed worker URLs, including nested workers (22.724177ms)
2026-10-04T06:46:40.3116598Z ✔ both main menu surfaces expose startup configuration, a new instance, and Stop All (4.576173ms)
2026-10-04T06:46:40.3119188Z ✔ configuration aliases and auxiliary session commands reuse their registered host actions (1.518926ms)
2026-10-04T06:46:40.3121766Z ✔ explicit project invocation overrides ambient selection without changing startup or launch profiles (1.204429ms)
2026-10-04T06:46:40.3124117Z ✔ a host without an execution override still launches the explicit project using its selected profile (0.710738ms)
2026-10-04T06:46:40.3127877Z ✔ library, missing and empty targets cannot silently fall back to the startup project (1.790543ms)
2026-10-04T06:46:40.3131440Z ✔ new-instance availability refreshes native, Hot Reload and pending-launch explanations (0.896514ms)
2026-10-04T06:46:40.3135802Z ✔ Stop All is enabled for live sessions or pending launches and uses the host cancellation path (0.732397ms)
2026-10-04T06:46:40.3137667Z ✔ startup configuration is disabled when no projects remain (0.65922ms)
2026-10-04T06:46:40.3140098Z ✔ Explorer solution and project menus route the exact selected node through the public aliases (2.437261ms)
2026-10-04T06:46:40.3144091Z ✔ Explorer uses current registry reasons and preserves native build, restore and evaluate availability (0.897747ms)
2026-10-04T06:46:40.3146516Z ✔ aborted invocations do not start and disposal restores a previously registered command (0.781489ms)
2026-10-04T06:46:40.8224976Z ✔ startup modes validate libraries/unknown projects and serialize in deterministic order (3.023712ms)
2026-10-04T06:46:40.8229698Z ✔ profiles isolate project settings, return copies and exclude grants/environment from exported preferences (1.31429ms)
2026-10-04T06:46:40.8233964Z ✔ startup builds dependencies once, preserves configured order and starts independent roots after one failure (8.711387ms)
2026-10-04T06:46:40.8238137Z ✔ two successful startup roots keep independent session resources and restart commands use explicit context (4.783534ms)
2026-10-04T06:46:40.8243486Z ✔ workbench disposal terminates every owned worker without closing another workbench (2.767794ms)
2026-10-04T06:46:40.8246300Z ✔ default build snapshots use current shared document revisions without changing source descriptors (1.508264ms)
2026-10-04T06:46:40.8252443Z ✔ source and managed IL profiles forward program argv separately from method parameters (3.51043ms)
2026-10-04T06:46:40.8254200Z ✔ an explicitly restricted external launch target refuses unsupported profile capabilities (1.610841ms)
2026-10-04T06:46:40.8256234Z ✔ concurrent starts queue one shared project build and keep independent application instances (1.737202ms)
2026-10-04T06:46:40.8258106Z ✔ failed startup preference storage leaves the previous configuration intact (0.46531ms)
2026-10-04T06:46:41.3321677Z ✔ Set as Startup Project preserves both selected profiles and the toolbar agrees with the next F5 launch (22.605939ms)
2026-10-04T06:46:41.3328473Z ✔ Set as Startup Project uses the real default profile when no per-project choice exists (4.168742ms)
2026-10-04T06:46:41.3332027Z ✔ invalid or library startup targets leave the selected project and profile unchanged (3.384239ms)
2026-10-04T06:46:41.3980638Z ✔ session state lint detects direct, computed, compound, destructuring and prefix writes (3.159239ms)
2026-10-04T06:46:41.3985206Z ✔ session state lint excludes reads, equality, strings, comments and unrelated state properties (0.884446ms)
2026-10-04T06:46:41.3999323Z ✔ session state lint accepts only explicitly inventoried owners and includes stable diagnostics (0.456684ms)
2026-10-04T06:46:41.6300977Z ✔ all Studio modules keep direct debug-state writes inside session owners (234.354541ms)
2026-10-04T06:46:41.7108085Z ✔ static named/re-export graph initializes dependencies first and lazy graph stays cold until one microtask (17.79454ms)
2026-10-04T06:46:41.7162057Z ✔ lexical transforms leave literal/comment/regex text unchanged and handle nested template expressions (5.506037ms)
2026-10-04T06:46:41.7212029Z ✔ dynamic cycles are deferred and repeated evaluation failures keep their original error identity (5.115611ms)
2026-10-04T06:46:41.7248569Z ✔ the known Node worker adapter cannot trigger dynamic code loading from a browser bundle (3.404917ms)
2026-10-04T06:46:41.7420014Z ✔ computed/unresolved imports, mutable exports, static cycles and missing or ambiguous names fail at build time (17.20146ms)
2026-10-04T06:46:41.7449451Z ✔ graph containment checks real paths, including symlinks (2.848301ms)
2026-10-04T06:46:41.7637423Z ✔ standalone hashes exact code and lazily embeds actual worker dependencies, including nested workers (18.487167ms)
2026-10-04T06:46:41.7694261Z ✔ recursive worker graphs and worker URLs outside the asset root are rejected before packaging (5.813355ms)
2026-10-04T06:46:41.9816307Z ✔ actual TaskCenter Cancel aborts its whole two-project queue and leaves an independent queue running (12.343653ms)
2026-10-04T06:46:41.9849789Z ✔ a queued second operation for the same project survives cancellation of the first captured queue (3.119316ms)
2026-10-04T06:46:41.9911390Z ✔ a completed task callback cannot cancel the next project or a later build with the same project id (3.426421ms)
2026-10-04T06:46:41.9915351Z ✔ TaskCenter cancellation during its started notification sends no request and skips the rest of the queue (1.974443ms)
2026-10-04T06:46:41.9953135Z ✔ standalone build cancellation preserves the other worker and disposal settles only tracked operations (5.424147ms)
2026-10-04T06:46:41.9967454Z ✔ build task quota cancels only the untrackable queue and reports the refusal (1.675926ms)
2026-10-04T06:46:43.0112123Z ✔ Studio preflight and worker preserve default compiler bounds without reading lazy oversized text (2.368949ms)
2026-10-04T06:46:43.0115835Z ✔ eligibility reads published preview roots and observes ordinary silent transactions immediately (19.777028ms)
2026-10-04T06:46:43.0121508Z ✔ an unrelated oversized project does not disable bounded project analysis or rename (166.053188ms)
2026-10-04T06:46:43.0125338Z ✔ shared/dependent rename and solution Fix All explicitly refuse a required oversized project (22.150375ms)
2026-10-04T06:46:43.0130673Z ✔ a small linked view respects its explicit oversized project without disabling its other bounded owner (20.701863ms)
2026-10-04T06:46:43.0132786Z ✔ automatic work refuses the actual selected project and explicit requests retain the precise error (24.640569ms)
2026-10-04T06:46:43.6189859Z ✔ startup toolbar selection changes the explicit compiler project while background work retains it (16.78665ms)
2026-10-04T06:46:43.6193597Z ✔ Studio routes language requests by document membership without selecting background projects (2.998693ms)
2026-10-04T06:46:43.6197466Z ✔ workspace replacement clears former project memberships, sessions and launch profiles (6.466792ms)
2026-10-04T06:46:43.6199385Z ✔ Studio language providers preserve originating versions and resolve the requested target document (7.37176ms)
2026-10-04T06:46:43.6201292Z ✔ workspace record metadata does not read source text and explicit reads retain the captured snapshot (3.731139ms)
2026-10-04T06:46:43.6203222Z ✔ partial disk saves acknowledge only written snapshots and keep edits made during I/O dirty (4.177572ms)
2026-10-04T06:46:43.6207219Z ✔ start new instance keeps existing applications and launches the selected profile (4.542963ms)
2026-10-04T06:46:43.6211067Z ✔ silent Studio builds leave large documents available without sending them to the compiler (54.551468ms)
2026-10-04T06:46:43.6215182Z ✔ Studio source policy admits 501 files and a 200 MiB buffer and rejects bounded overflow (0.893838ms)
2026-10-04T06:46:43.6218930Z ✔ launch fields preserve literal arguments and equals signs and reject invalid or duplicate environment entries (0.644682ms)
2026-10-04T06:46:43.6222771Z ✔ breakpoint remapping applies several ordered source changes against their captured versions (2.04823ms)
2026-10-04T06:46:44.1601574Z ✔ actual project loading publishes warnings into Error List without failing a build or leaking to project B (12.905892ms)
2026-10-04T06:46:44.1605630Z ✔ loader errors block only their project and appear once under their producer; reevaluation removes only obsolete entries (10.748488ms)
2026-10-04T06:46:44.1610544Z ✔ real designer source synchronization publishes protected-expression warnings and errors under the captured source owner (22.927153ms)
2026-10-04T06:46:44.1614646Z ✔ source edits, project removal and disposal invalidate designer reports without erasing other producers (3.175533ms)
2026-10-04T06:46:44.1618801Z ✔ an asynchronous designer failure cannot replace a new link or attribute the old failure to its new project (12.274414ms)
2026-10-04T06:46:44.4120738Z ✔ A19 utf-8 observation uses the granted handle and preserves encoding through reload and the next save (45.435855ms)
2026-10-04T06:46:44.4392910Z ✔ A19 utf-16le observation uses the granted handle and preserves encoding through reload and the next save (27.634694ms)
2026-10-04T06:46:44.4670673Z ✔ A19 utf-16be observation uses the granted handle and preserves encoding through reload and the next save (27.572357ms)
2026-10-04T06:46:44.4838034Z ✔ A19 a Save As target overrides the original workspace handle and receives the accepted baseline (16.478805ms)
2026-10-04T06:46:44.4893091Z ✔ A19 an empty no-BOM UTF-16 observation remains an editable zero-byte source after reload (5.627736ms)
2026-10-04T06:46:44.4950927Z ✔ A19 same-URI workspace replacement and later editor edits both invalidate an old observation (5.625863ms)
2026-10-04T06:46:44.5051822Z ✔ A19 confirmation cannot overwrite a replacement document, a later edit, or a changed target (10.045036ms)
2026-10-04T06:46:44.5127081Z ✔ A19 declined confirmation and read-only models leave both document and disk baselines intact (7.432323ms)
2026-10-04T06:46:44.5215995Z ✔ A19 disk changes occurring after a prompt are rechecked before changing the editor (8.91617ms)
2026-10-04T06:46:44.5355402Z ✔ A19 postcommit listener errors report committed state and preserve the matching save baseline (13.728787ms)
2026-10-04T06:46:44.5394334Z ✔ A19 disposed and cancelled observers do not publish a pending handle read or reload prompt (3.907889ms)
2026-10-04T06:46:44.5417480Z ✔ A19 a replaced target or record during decoding returns no stale observation (2.293618ms)
2026-10-04T06:46:44.5440939Z ✔ A19 cancellation during a decoded chunk prevents observation publication and leaves the document unchanged (2.271507ms)
2026-10-04T06:46:44.7367021Z ✔ A19 watch reads admit exactly 8,000,000 decoded characters and reject larger or invalid encodings (192.440605ms)
2026-10-04T06:46:44.7854902Z ✔ A19 automatic reads reject an oversized byte descriptor without slicing or reading lazy editor text (48.814758ms)
2026-10-04T06:46:44.8630581Z ✔ initial document sync activates the selected primary view and opens other tabs in the background (3.052854ms)
2026-10-04T06:46:44.8635729Z ✔ dirty document sync preserves its active secondary view and a different URI explicitly changes it (2.169777ms)
2026-10-04T06:46:44.8643695Z ✔ background document sync preserves selected application or tool without changing group selection (0.696779ms)
2026-10-04T06:46:44.8648321Z ✔ removing the active document returns to a surviving source and unregisters its secondary views (0.919225ms)
2026-10-04T06:46:44.8651277Z ✔ initial restore keeps the persisted secondary document selection (2.140903ms)
2026-10-04T06:46:45.0879579Z ✔ horizontal host split creates one bottom group beside the original, with no intermediate vertical or empty group (12.68482ms)
2026-10-04T06:46:45.0882818Z ✔ vertical host split and default New Window retain one right-hand shared view (2.562951ms)
2026-10-04T06:46:45.0888887Z ✔ new views anchor to the requested source group instead of the first document group (1.610995ms)
2026-10-04T06:46:45.0892632Z ✔ Vim split filename opens that workspace source and moves its exact panel beside the original once (1.36165ms)
2026-10-04T06:46:45.0896957Z ✔ a split path naming the current source clones its view and does not perform an unnecessary open (0.995197ms)
2026-10-04T06:46:45.0901218Z ✔ invalid or non-workspace split paths fail before any open, group change or new view (1.059516ms)
2026-10-04T06:46:45.0905353Z ✔ a cancelled or failing workspace opener creates no split (1.414598ms)
2026-10-04T06:46:45.0910382Z ✔ invalid split axes and missing original groups cannot allocate secondary views (1.011055ms)
2026-10-04T06:46:45.0913830Z ✔ removing the original group during an asynchronous source open reports the stale target without an extra view (1.048245ms)
2026-10-04T06:46:45.5951331Z ✔ actual Explorer rows expose multiple startup, running, paused and building states with descriptive accessible names (22.880166ms)
2026-10-04T06:46:45.5955858Z ✔ background session changes preserve tree selection and unchanged statistics do not redraw rows or read source records (5.274568ms)
2026-10-04T06:46:45.5961190Z ✔ a normal Explorer tree rebuild retains current badges and disposing the adapter releases every subscription (3.316777ms)
2026-10-04T06:46:45.5965764Z ✔ current-selection startup decorations follow the actual active document membership without selecting another project (2.660753ms)
2026-10-04T06:46:45.5969557Z ✔ recycled ordinary tree rows remove a former project accessible label (2.134271ms)
2026-10-04T06:46:46.1153214Z ✔ an Explorer host commit retains unchanged models and their saved baselines, including unsaved siblings (35.035858ms)
2026-10-04T06:46:46.1328467Z ✔ dirty Explorer rename and undo preserve source roots, baseline history, active tabs and breakpoints (18.639666ms)
2026-10-04T06:46:46.1398047Z ✔ document reset subscribers observe the same project XML, membership and active source as the Explorer commit (6.829468ms)
2026-10-04T06:46:46.1461320Z ✔ Explorer opening guard preserves edits made during asynchronous workspace preflight (6.43374ms)
2026-10-04T06:46:46.1512610Z ✔ Explorer host rejects a superseding workspace revision before adopting its staged source models (6.118392ms)
2026-10-04T06:46:46.6453228Z ✔ a cancelled late JSON file read cannot acquire a newer ticket or replace the succeeding workspace (19.577826ms)
2026-10-04T06:46:46.6567019Z ✔ bundle import retains source overrides, encoding/BOM, folders and zero-length binary entries (9.971239ms)
2026-10-04T06:46:46.6570186Z ✔ sample reset observers see the matching source, workspace metadata and cleared old artifacts (3.545203ms)
2026-10-04T06:46:46.6685659Z ✔ stale assembly completion cannot replace a workspace opened during compiler import (3.484479ms)
2026-10-04T06:46:46.6689546Z ✔ successful assembly reset never pairs imported documents with previous build artifacts (2.418521ms)
2026-10-04T06:46:46.6691812Z ✔ metadata reads use the captured browser handle or native client and return actual bounded bytes (1.273685ms)
2026-10-04T06:46:46.6694115Z ✔ a browser metadata read rejects after its owning disk changes while getFile is pending (1.043016ms)
2026-10-04T06:46:46.6696079Z ✔ pending native metadata rejects a change to native client (1.013991ms)
2026-10-04T06:46:46.6698319Z ✔ pending native metadata rejects a change to backend mode (0.989707ms)
2026-10-04T06:46:46.6703983Z ✔ pending native metadata rejects a change to workspace epoch (1.07253ms)
2026-10-04T06:46:46.6706798Z ✔ metadata cancellation and advertised byte limits stop before consuming an oversized file (1.249059ms)
2026-10-04T06:46:46.9377450Z ✔ public shortcut utilities share native event normalization with the Options recorder (2.122178ms)
2026-10-04T06:46:46.9379690Z ✔ invalid keyboard assignments, removal syntax and profile IDs never replace active state (26.351289ms)
2026-10-04T06:46:46.9381308Z ✔ custom commands override defaults exactly once and remain visible to command menus (8.499623ms)
2026-10-04T06:46:46.9383526Z ✔ removing one native chord leaves other chords sharing its prefix available (7.502403ms)
2026-10-04T06:46:46.9387632Z ✔ a removed global exact key does not intercept an editor chord using its prefix (3.95116ms)
2026-10-04T06:46:46.9390627Z ✔ a removal follows command and scope across profile changes without suppressing a different command on the key (7.538792ms)
2026-10-04T06:46:46.9393775Z ✔ dynamic binding disposers remain valid after atomic table swaps and reject duplicate IDs (7.113248ms)
2026-10-04T06:46:46.9396825Z ✔ keyboard conflict data excludes removed defaults and includes cross-scope prefix overlap (3.397818ms)
2026-10-04T06:46:46.9398850Z ✔ popup installation handles global shortcuts once, releases listeners and leaves dialogs alone (2.295101ms)
2026-10-04T06:46:46.9402827Z ✔ attached command availability is explicit without an editor and closing a view detaches its filter (2.982002ms)
2026-10-04T06:46:47.9036619Z ✔ Studio direct ownership excludes dependency-only membership and retains genuine linked-file owners (15.690366ms)
2026-10-04T06:46:47.9040123Z ✔ composed project Fix All changes owned sources through real compiler validation without editing a dependency (128.998946ms)
2026-10-04T06:46:47.9044913Z ✔ composed solution Fix All deduplicates linked sources and preserves preview-only ownership (35.221554ms)
2026-10-04T06:46:47.9049644Z ✔ reference and test lenses compose while test resolve/run use the actual owning provider and TaskCenter (7.852055ms)
2026-10-04T06:46:47.9053258Z ✔ explicit linked-file context runs only its selected test owner, while ambiguous inferred ownership remains hidden (5.013892ms)
2026-10-04T06:46:47.9056969Z ✔ non-test lens commands forward the real host command and its argument without running a test (1.556454ms)
2026-10-04T06:46:47.9061761Z ✔ cancelling pending semantic lenses prevents the test provider from publishing combined results (5.062993ms)
2026-10-04T06:46:47.9065720Z ✔ removed test providers and changed direct ownership cannot execute retained CodeLens commands (5.260532ms)
2026-10-04T06:46:50.8598784Z ✔ actual 200 MiB File import preserves siblings and refuses all compiler snapshots before text materialization (2135.388767ms)
2026-10-04T06:46:50.8606573Z ✔ cancelled real source import retains the previous document and never enters compilation (6.046881ms)
2026-10-04T06:46:50.8611224Z ✔ compiler eligibility never lifts Studio ingress budgets or explicit smaller reader bounds (1.33552ms)
2026-10-04T06:46:50.9895908Z ✔ cold Studio registers every facade without importing tools or activating native integration (5.768602ms)
2026-10-04T06:46:50.9908530Z ✔ first commands and panels instantiate each actual controller once and share native settings (3.383256ms)
2026-10-04T06:46:50.9923202Z ✔ visible restored panels activate only their feature and repeated layout events do not rerender (1.280807ms)
2026-10-04T06:46:50.9940005Z ✔ loading coalesces latest mount and disposal prevents late construction or DOM changes (1.608949ms)
2026-10-04T06:46:50.9963660Z ✔ module failure presents an actionable retry and a successful retry mounts the real controller (1.225675ms)
2026-10-04T06:46:50.9966698Z ✔ capability presence permits only native first activation; canonical client still validates the token (0.594668ms)
2026-10-04T06:46:50.9970213Z ✔ designer automation waits for first activation and preserves synchronous loaded document calls (0.593186ms)
2026-10-04T06:46:51.5263316Z ✔ actual view disposal and shell listeners preserve replacement model ownership at New.cs (32.589566ms)
2026-10-04T06:46:51.5355105Z ✔ actual view disposal and shell listeners preserve replacement model ownership at Old.cs (8.864984ms)
2026-10-04T06:46:51.5358254Z ✔ a genuine membership listener failure remains observable after the view ownership correction (2.949148ms)
2026-10-04T06:46:51.6121453Z ✔ actual focused view wins while dock activation is ahead of Studio editor installation (5.128599ms)
2026-10-04T06:46:51.6128174Z ✔ nested open callbacks add one departure and one actual jump, retaining view identity (1.535493ms)
2026-10-04T06:46:51.6133890Z ✔ ordinary caret movement does not create a jump and a failed open does not add a destination (1.355677ms)
2026-10-04T06:46:51.6137399Z ✔ direct window navigation and toolbar navigation replay the same history without recording activation (1.710318ms)
2026-10-04T06:46:51.6142063Z ✔ dropdown entries replay the shared history and clear invalidates in-progress tokens (1.446276ms)
2026-10-04T06:46:51.6807679Z ✔ five actual Studio preview opens reuse one tab and retain ordered jump history (8.518157ms)
2026-10-04T06:46:51.6817275Z ✔ failed preview destinations do not enter history or block the next valid navigation (1.727771ms)
2026-10-04T06:46:52.1595014Z ✔ background build failure never reveals a tool or changes user intent (9.318028ms)
2026-10-04T06:46:52.1658504Z ✔ an explicit build reveals its errors only while the initiating navigation remains current (10.24714ms)
2026-10-04T06:46:52.1681637Z ✔ an explicit build cannot reveal results for a project that is no longer selected (2.018683ms)
2026-10-04T06:46:52.1731565Z ✔ late launch completion and stop-on-entry navigation respect a newer tool selection (5.29545ms)
2026-10-04T06:46:52.1905102Z ✔ a pending new-instance launch cannot replace an explicitly selected existing application (2.549903ms)
2026-10-04T06:46:52.1907658Z ✔ a current launch may reveal its source and application without invalidating its own ticket (1.846301ms)
2026-10-04T06:46:52.1909851Z ✔ faults, exits and verified-symbol source cannot override later user navigation (2.12974ms)
2026-10-04T06:46:52.1912662Z ✔ current active-session faults may reveal output while foreign owners and worker serials are rejected (2.405905ms)
2026-10-04T06:46:52.1915420Z ✔ continuing after navigation captures a new action without reviving earlier paused events (2.123518ms)
2026-10-04T06:46:52.1918328Z ✔ restart follows the new epoch while the previous worker identity remains unable to reveal (2.126584ms)
2026-10-04T06:46:52.1921683Z ✔ registered debug commands refresh follow intent; cancelled or unavailable commands do not authorize reveals (2.046214ms)
2026-10-04T06:46:52.1924042Z ✔ main and detached document navigation invalidate pending reveals and listeners are disposed (0.821912ms)
2026-10-04T06:46:52.1927007Z ✔ an explicit target starts even when the selected build project is a library (1.317857ms)
2026-10-04T06:46:52.1945529Z ✔ stopping a pending launch revokes its later reveal without leaving an activation callback in worker options (4.321364ms)
2026-10-04T06:46:53.5916656Z ✔ Studio source VM launch delivers UI reset, breakpoint, step and capture with browser timer receivers (627.248562ms)
2026-10-04T06:46:54.6045728Z ✔ Studio source VM timers preserve two live applications across targeted stop and restart (1023.87396ms)
2026-10-04T06:46:55.1105549Z ✔ Studio direct CIL launch delivers UI reset, breakpoint, step and capture with browser timer receivers (504.608083ms)
2026-10-04T06:46:56.0703327Z ✔ Studio direct CIL timers preserve two live applications across targeted stop and restart (968.287803ms)
2026-10-04T06:46:56.5887768Z ✔ Studio bulk save follows the successful Save As handle and leaves the original file untouched (32.023278ms)
2026-10-04T06:46:56.5996259Z ✔ bulk I/O cannot reconcile a replacement document with the same URI and version (7.707112ms)
2026-10-04T06:46:56.6000293Z ✔ disposing StudioSave cancels an outstanding picker without retaining targets or refreshing documents (1.977918ms)
2026-10-04T06:46:56.6002363Z ✔ native workspaces reject browser Save As before asking for a destination (1.766614ms)
2026-10-04T06:46:56.6016035Z ✔ document save acquires its picker synchronously and commits the exact asynchronously normalized capture (3.768658ms)
2026-10-04T06:46:57.0990204Z ✔ file picker opens synchronously exactly once and passes its original ticket into real workspace adoption (20.519981ms)
2026-10-04T06:46:57.1073464Z ✔ a superseded picker late change cannot invoke import or acquire a newer ticket (9.368318ms)
2026-10-04T06:46:57.1134100Z ✔ an uncancellable late reader keeps the original ticket and cannot replace a newer workspace (6.244024ms)
2026-10-04T06:46:57.1185046Z ✔ cancel removes the abort listener, releases an owned ticket, and permits a new picker (4.246592ms)
2026-10-04T06:46:57.1188386Z ✔ cancelling a borrowed ticket leaves ownership with the caller and creates no duplicate picker ticket (1.262753ms)
2026-10-04T06:46:57.1207319Z ✔ disposal rejects an open picker and removes all input and ticket listeners before late events (2.006007ms)
2026-10-04T06:46:57.1228227Z ✔ a direct nonempty input change begins once without opening a second native picker (2.496451ms)
2026-10-04T06:46:57.1272337Z ✔ an empty unsolicited change cannot supersede an independent pending workspace operation (1.22913ms)
2026-10-04T06:46:57.1274979Z ✔ read-only ownership rejects before opening the browser picker (2.357602ms)
2026-10-04T06:46:57.1278809Z ✔ consumer failure reports the actual error and releases its ticket without changing documents (1.176842ms)
2026-10-04T06:46:57.6627690Z ✔ workspace replacement publishes one valid layout before real retained content is resolved (44.804073ms)
2026-10-04T06:46:57.6738998Z ✔ same-URI replacement refreshes primary and split view content even when the layout is unchanged (11.610832ms)
2026-10-04T06:46:57.6892963Z ✔ incremental replacement removes split, floating, popout and closed source views without replacing surviving owners (15.813772ms)
2026-10-04T06:46:57.6997130Z ✔ an empty source workspace retains its selected tool and does not resolve a removed document (8.023729ms)
2026-10-04T06:46:57.6999463Z ✔ metadata-only sync refreshes a retained tab dirty affordance without a document-service event (2.237379ms)
2026-10-04T06:46:57.7126211Z ✔ a real replacement content failure stays visible and the committed layout can render after its cause is corrected (9.125612ms)
2026-10-04T06:46:57.7129770Z ✔ normal popout return keeps its default reopen, render, DOM identity and owner-focus behavior (2.83422ms)
2026-10-04T06:46:57.7132967Z ✔ explicit popout render deferral leaves a closed panel closed until the caller completes its update (2.133344ms)
2026-10-04T06:46:58.2403346Z ✔ production Watch storage initializes before a real File import without an error toast (31.500437ms)
2026-10-04T06:46:58.2409558Z ✔ the registered v1 key restores Watch expressions through the actual installation boundary (2.849318ms)
2026-10-04T06:46:58.2415018Z ✔ registering Watch storage preserves the exact allowlist and exposes corrupt persisted payloads (0.944179ms)
2026-10-04T06:46:58.2417212Z ✔ real storage quota failures retain previous Watch state and remain explicit (0.40261ms)
2026-10-04T06:46:58.7399295Z ✔ Watch 2 is an executable user command with independent expressions/results and explicit application scope (15.542717ms)
2026-10-04T06:46:58.7478940Z ✔ Watch controls add, scope and remove expressions while asynchronous values retain the input node (11.288592ms)
2026-10-04T06:46:58.8715340Z ✔ pending application/frame results are aborted and never replace a newer window scope (4.133802ms)
2026-10-04T06:46:58.8717044Z ✔ hidden Watch windows do no evaluation or DOM writes for background output (112.589242ms)
2026-10-04T06:46:58.8719171Z ✔ factory registration before restore recreates exact Watch identity, layout and saved expressions (5.544289ms)
2026-10-04T06:46:58.8722492Z ✔ closing retains the controller and explicit unregister/dispose releases it before reopening (2.362352ms)
2026-10-04T06:46:58.8725967Z ✔ corrupt, oversized, duplicate and failed persisted writes are explicit and atomic (0.551117ms)
2026-10-04T06:46:58.9518457Z ✔ saved tool layout applies across document sets without closing or reopening documents (4.354663ms)
2026-10-04T06:46:58.9521870Z ✔ saved layouts support legacy payloads, stable slots, rename, delete and rejected persistence (1.503822ms)
2026-10-04T06:46:58.9528340Z ✔ reset requires an explicit positive choice (0.394365ms)
2026-10-04T06:46:58.9530413Z ✔ navigation retains group, view and popout identities and rejects malformed locations (0.505972ms)
2026-10-04T06:46:58.9533587Z ✔ navigation returns moved tab to its original existing document group (2.245784ms)
2026-10-04T06:46:58.9537628Z ✔ tool factories create independent instances and restore exact identities (0.981709ms)
2026-10-04T06:46:58.9543033Z ✔ Window command descriptors include layout slots and keyboard-only management (0.46213ms)
2026-10-04T06:46:59.1473307Z ✔ closed embedded assets declare classic format; borrowed strings and normal URLs remain ESM (2.175543ms)
2026-10-04T06:46:59.1477494Z ✔ compiler and runtime clients pass declared format and URL identity through injected factories and restart (2.191212ms)
2026-10-04T06:46:59.1482859Z ✔ worker errors retain native cause, source coordinates, generation, and original opaque details (1.634585ms)
2026-10-04T06:46:59.1489115Z ✔ synchronous Worker construction errors retain their cause and borrowed module attribution (0.564712ms)
2026-10-04T06:46:59.1492274Z ✔ worker metadata excludes URL capability queries, fragments, and credentials (0.526882ms)
2026-10-04T06:46:59.3527621Z ✔ worker requests preserve the protocol and reject errors without leaking pending requests (2.895825ms)
2026-10-04T06:46:59.3529813Z ✔ worker errors reject all requests and only explicit restart admits new work (1.007647ms)
2026-10-04T06:46:59.3533668Z ✔ restart generations suppress late replies and events from the terminated worker (0.460889ms)
2026-10-04T06:46:59.3617750Z ✔ timeout, abort, quota and disposal all clean up their pending requests (11.147859ms)
2026-10-04T06:46:59.3621986Z ✔ constructor request middleware is explicit and preserves input objects (0.540297ms)
2026-10-04T06:46:59.3624661Z ✔ event delivery is ordered under reentrancy and unsubscribe during dispatch (0.313253ms)
2026-10-04T06:46:59.4558693Z ✔ a slow earlier read cannot replace a later workspace, even after the later ticket finishes (4.70704ms)
2026-10-04T06:46:59.4560401Z ✔ an old finally cannot release or cancel the current request (0.557409ms)
2026-10-04T06:46:59.4562125Z ✔ nested readers share the original ticket instead of beginning after their await (0.795181ms)
2026-10-04T06:46:59.4565859Z ✔ external cancellation rejects adoption and retains the original cancellation cause (0.813816ms)
2026-10-04T06:46:59.4568967Z ✔ an already-cancelled request cannot begin reading or leave ownership behind (0.794901ms)
2026-10-04T06:46:59.4575918Z ✔ ownership check cancels after document edit without undoing the current workspace (0.81071ms)
2026-10-04T06:46:59.4578008Z ✔ ownership check cancels after document replacement without undoing the current workspace (0.603133ms)
2026-10-04T06:46:59.4580059Z ✔ ownership check cancels after workspace epoch without undoing the current workspace (0.395838ms)
2026-10-04T06:46:59.4582646Z ✔ ownership check cancels after native backend without undoing the current workspace (0.474844ms)
2026-10-04T06:46:59.4585568Z ✔ ownership check cancels after read-only transition without undoing the current workspace (0.52612ms)
2026-10-04T06:46:59.4594199Z ✔ ownership check cancels after document disposal without undoing the current workspace (0.315498ms)
2026-10-04T06:46:59.4595957Z ✔ begin rejects a locked workspace and a disposed document service (0.36001ms)
2026-10-04T06:46:59.4597284Z ✔ disposal cancels pending I/O, prevents adoption, and is idempotent (0.449177ms)
2026-10-04T06:46:59.4598755Z ✔ finish detaches external cancellation and a finished ticket cannot be reused (0.813997ms)
2026-10-04T06:46:59.4600075Z ✔ independent Studio instances do not cancel each other (0.337569ms)
2026-10-04T06:46:59.4603403Z ✔ a reentrant abort listener cannot restore an older owner over a newer request (0.398212ms)
2026-10-04T06:46:59.4607309Z ✔ invalid arguments do not supersede a valid pending request (0.367835ms)
2026-10-04T06:46:59.6602155Z ✔ initial model places all panels closed with persistent empty document group (2.280299ms)
2026-10-04T06:46:59.6604890Z ✔ open activate close reopen retains unique placement (1.737847ms)
2026-10-04T06:46:59.6607334Z ✔ edge dock left (0.680428ms)
2026-10-04T06:46:59.6609606Z ✔ edge dock right (0.321088ms)
2026-10-04T06:46:59.6614036Z ✔ edge dock top (0.36985ms)
2026-10-04T06:46:59.6618324Z ✔ edge dock bottom (0.258933ms)
2026-10-04T06:46:59.6625489Z ✔ tab reorder is deterministic (0.296422ms)
2026-10-04T06:46:59.6626788Z ✔ float redock cleans empty floating nodes (0.497627ms)
2026-10-04T06:46:59.6629599Z ✔ auto hide pin close and reopen move one panel (0.992078ms)
2026-10-04T06:46:59.6631678Z ✔ documents cannot auto hide (0.615517ms)
2026-10-04T06:46:59.6635214Z ✔ nonclosable panels cannot close (3.426875ms)
2026-10-04T06:46:59.6637384Z ✔ layout JSON restore roundtrips split auto hide and floats (0.760407ms)
2026-10-04T06:46:59.6639972Z ✔ invalid restore is atomic s=>s.root.active='missing' (0.247831ms)
2026-10-04T06:46:59.6641410Z ✔ invalid restore is atomic s=>s.closed.push('output') (0.307974ms)
2026-10-04T06:46:59.6645006Z ✔ invalid restore is atomic s=>s.root.id='' (0.246409ms)
2026-10-04T06:46:59.6648685Z ✔ invalid restore is atomic s=>s.version=999 (0.190555ms)
2026-10-04T06:46:59.6652632Z ✔ invalid restore is atomic s=>s.closed.pop() (0.158395ms)
2026-10-04T06:46:59.6656978Z ✔ invalid restore is atomic s=>s.autoHide.left.push('unknown') (0.193741ms)
2026-10-04T06:46:59.6662397Z ✔ invalid restore is atomic s=>s.floating.push({id:'f',x:0,y:0,width:-1,height:100,root:createGroup('g',[])}) (0.242512ms)
2026-10-04T06:46:59.6665450Z ✔ invalid operation rolls back model (0.310068ms)
2026-10-04T06:46:59.6669538Z ✔ undo redo restore correct placements (0.371782ms)
2026-10-04T06:46:59.6672726Z ✔ split resize validates finite ratio and clamps keyboard movement (0.347087ms)
2026-10-04T06:46:59.6675928Z ✔ closing final document keeps a docking target (0.184022ms)
2026-10-04T06:46:59.6688758Z ✔ history bound and subscriptions can unsubscribe (0.595189ms)
2026-10-04T06:46:59.6715948Z ✔ register and unregister document panels preserve invariants (0.276345ms)
2026-10-04T06:46:59.6717019Z ✔ duplicate tree identifiers are rejected (0.195093ms)
2026-10-04T06:46:59.6717971Z ✔ randomized moves maintain uniqueness and valid round trips (123.929936ms)
2026-10-04T06:46:59.9313392Z ✔ 08 preview mutation batches preflight before replacing workspace buffers (3.367434ms)
2026-10-04T06:46:59.9319309Z ✔ 08 preview rename/copy/delete undo restores data and editor metadata (1.243026ms)
2026-10-04T06:46:59.9320565Z ✔ 08 preview undo refuses subsequent user edits (0.557148ms)
2026-10-04T06:46:59.9322132Z ✔ 08 pending file command cannot cross a workspace switch (0.23653ms)
2026-10-04T06:46:59.9325617Z ✔ 08 planning a project change detects concurrent project source changes (0.423418ms)
2026-10-04T06:46:59.9328697Z ✔ 08 native planning reads unsaved project buffers, not an old disk snapshot (0.281123ms)
2026-10-04T06:46:59.9332346Z ✔ 08 cross-project source copy explicitly includes files with defaults disabled (4.484034ms)
2026-10-04T06:46:59.9337616Z ✔ 08 readonly explorer rejects file mutations before prompting (1.01975ms)
2026-10-04T06:46:59.9339855Z ✔ 08 overlapping explorer dialogs cannot start a second mutation (0.470055ms)
2026-10-04T06:46:59.9342902Z ✔ 08 solution project removal preserves comment and neighboring configuration (0.693312ms)
2026-10-04T06:46:59.9346782Z ✔ 08 solution removal also removes literal dependency on the removed member (0.305018ms)
2026-10-04T06:46:59.9352079Z ✔ 08 package reference authoring escapes metadata and does not invent relative package IDs (0.514329ms)
2026-10-04T06:46:59.9353832Z ✔ 08 path rewrites leave commented-out references and CDATA byte-identical (0.494611ms)
2026-10-04T06:46:59.9357590Z ✔ 08 adding compile membership removes default match before explicit include (0.598024ms)
2026-10-04T06:46:59.9360006Z ✔ 08 Visual Studio modifier-only keys do not eat an active keyboard chord (14.073771ms)
2026-10-04T06:46:59.9362933Z ✔ 08 editor declares Visual Studio default and six distinct profiles without a DOM (0.721173ms)
2026-10-04T06:46:59.9592552Z ✔ 08 native XML write undo restores original encoding and byte hash (31.754261ms)
2026-10-04T06:46:59.9603771Z ✔ 08 native XML syntax validation precedes every batch mutation (1.263865ms)
2026-10-04T06:46:59.9618027Z ✔ 08 native overlapping parent/child operations fail preflight instead of breaking undo (1.252433ms)
2026-10-04T06:46:59.9690688Z ✔ 08 native XML write followed by undo rejects later disk edits (7.221364ms)
2026-10-04T06:47:00.0188646Z ✔ 08 actual loopback explorer APIs enforce auth/origin and preserve binary bytes (49.530839ms)
2026-10-04T06:47:00.0559119Z ℹ tests 807
2026-10-04T06:47:00.0559503Z ℹ suites 0
2026-10-04T06:47:00.0559764Z ℹ pass 807
2026-10-04T06:47:00.0559977Z ℹ fail 0
2026-10-04T06:47:00.0560191Z ℹ cancelled 0
2026-10-04T06:47:00.0560422Z ℹ skipped 0
2026-10-04T06:47:00.0560627Z ℹ todo 0
2026-10-04T06:47:00.0560881Z ℹ duration_ms 54424.298391
2026-10-04T06:47:00.2380311Z Discovered 61 Node test files and 4 Python suites in 1 area manifests. Node reports executed test counts below.
2026-10-04T06:47:00.5320010Z ▶ VS Code shortcuts apply independently specified text, caret, view and host results
2026-10-04T06:47:00.5321326Z   ✔ ArrowLeft (19.287795ms)
2026-10-04T06:47:00.5322103Z   ✔ Shift+ArrowLeft (2.410671ms)
2026-10-04T06:47:00.5322840Z   ✔ ArrowRight (1.529439ms)
2026-10-04T06:47:00.5323663Z   ✔ Shift+ArrowRight (2.913157ms)
2026-10-04T06:47:00.5326672Z   ✔ ArrowUp (1.710817ms)
2026-10-04T06:47:00.5327570Z   ✔ Shift+ArrowUp (1.153348ms)
2026-10-04T06:47:00.5329090Z   ✔ ArrowDown (1.131699ms)
2026-10-04T06:47:00.5332315Z   ✔ Shift+ArrowDown (1.376565ms)
2026-10-04T06:47:00.5336820Z   ✔ Home (1.761101ms)
2026-10-04T06:47:00.5338941Z   ✔ Shift+Home (1.793662ms)
2026-10-04T06:47:00.5341188Z   ✔ End (1.5457ms)
2026-10-04T06:47:00.5352959Z   ✔ Shift+End (0.878597ms)
2026-10-04T06:47:00.5353620Z   ✔ Mod+Home (0.829435ms)
2026-10-04T06:47:00.5354295Z   ✔ Mod+Shift+Home (1.000755ms)
2026-10-04T06:47:00.5355329Z   ✔ Mod+End (1.128763ms)
2026-10-04T06:47:00.5356310Z   ✔ Mod+Shift+End (1.166083ms)
2026-10-04T06:47:00.5357204Z   ✔ Mod+ArrowLeft (1.483053ms)
2026-10-04T06:47:00.5361021Z   ✔ Mod+Shift+ArrowLeft (1.371235ms)
2026-10-04T06:47:00.5368539Z   ✔ Mod+ArrowRight (1.045428ms)
2026-10-04T06:47:00.5371645Z   ✔ Mod+Shift+ArrowRight (0.844934ms)
2026-10-04T06:47:00.5373031Z   ✔ PageUp (0.852529ms)
2026-10-04T06:47:00.5376127Z   ✔ Shift+PageUp (0.78353ms)
2026-10-04T06:47:00.5395416Z   ✔ PageDown (0.851196ms)
2026-10-04T06:47:00.5396223Z   ✔ Shift+PageDown (1.358982ms)
2026-10-04T06:47:00.5396989Z   ✔ Backspace (3.975136ms)
2026-10-04T06:47:00.5397697Z   ✔ Delete (1.243718ms)
2026-10-04T06:47:00.5399134Z   ✔ Mod+Backspace (1.538727ms)
2026-10-04T06:47:00.5400612Z   ✔ Mod+Delete (1.177885ms)
2026-10-04T06:47:00.5402682Z   ✔ Enter (1.27191ms)
2026-10-04T06:47:00.5405701Z   ✔ Tab (1.959691ms)
2026-10-04T06:47:00.5412136Z   ✔ Shift+Tab (1.386022ms)
2026-10-04T06:47:00.5436446Z   ✔ Mod+A (0.83181ms)
2026-10-04T06:47:00.5436990Z   ✔ Mod+X (1.450292ms)
2026-10-04T06:47:00.5455284Z   ✔ Mod+V (1.779926ms)
2026-10-04T06:47:00.5455779Z   ✔ Mod+C (0.857107ms)
2026-10-04T06:47:00.5456223Z   ✔ Mod+Z (0.980226ms)
2026-10-04T06:47:00.5456651Z   ✔ Mod+Y (1.556189ms)
2026-10-04T06:47:00.5457130Z   ✔ Mod+Shift+Z (0.936665ms)
2026-10-04T06:47:00.5457597Z   ✔ Mod+D (1.982153ms)
2026-10-04T06:47:00.5458034Z   ✔ Mod+Shift+L (1.669821ms)
2026-10-04T06:47:00.5476648Z   ✔ Mod+Shift+K (1.362488ms)
2026-10-04T06:47:00.5477538Z   ✔ Mod+L (1.06298ms)
2026-10-04T06:47:00.5478363Z   ✔ Mod+Enter (1.801364ms)
2026-10-04T06:47:00.5479277Z   ✔ Mod+Shift+Enter (1.026543ms)
2026-10-04T06:47:00.5480213Z   ✔ Alt+Shift+ArrowUp (1.252784ms)
2026-10-04T06:47:00.5481256Z   ✔ Alt+Shift+ArrowDown (1.066127ms)
2026-10-04T06:47:00.5482172Z   ✔ Alt+ArrowUp (1.554466ms)
2026-10-04T06:47:00.5483076Z   ✔ Alt+ArrowDown (1.026673ms)
2026-10-04T06:47:00.5483996Z   ✔ Mod+Alt+ArrowUp (1.554295ms)
2026-10-04T06:47:00.5485253Z   ✔ Mod+Alt+ArrowDown (1.388116ms)
2026-10-04T06:47:00.5486180Z   ✔ Mod+Shift+\ (1.383437ms)
2026-10-04T06:47:00.5487007Z   ✔ Mod+] (0.885831ms)
2026-10-04T06:47:00.5487800Z   ✔ Mod+[ (0.898064ms)
2026-10-04T06:47:00.5488610Z   ✔ Mod+ArrowUp (0.807675ms)
2026-10-04T06:47:00.5489929Z   ✔ Mod+ArrowDown (1.954011ms)
2026-10-04T06:47:00.5490872Z   ✔ Mod+Shift+[ (1.150594ms)
2026-10-04T06:47:00.5492812Z   ✔ Mod+Shift+] (0.856295ms)
2026-10-04T06:47:00.5512416Z   ✔ Mod+K Mod+0 (0.937276ms)
2026-10-04T06:47:00.5513484Z   ✔ Mod+K Mod+J (0.831258ms)
2026-10-04T06:47:00.5514566Z   ✔ Mod+K Mod+C (1.466011ms)
2026-10-04T06:47:00.5515407Z   ✔ Mod+K Mod+U (1.057992ms)
2026-10-04T06:47:00.5516158Z   ✔ Mod+/ (1.437258ms)
2026-10-04T06:47:00.5516786Z   ✔ Alt+Z (1.071907ms)
2026-10-04T06:47:00.5517547Z   ✔ Escape (1.10556ms)
2026-10-04T06:47:00.5518450Z   ✔ Insert (1.095181ms)
2026-10-04T06:47:00.5523968Z   ✔ Mod+= (1.081225ms)
2026-10-04T06:47:00.5525241Z   ✔ Mod+- (1.112593ms)
2026-10-04T06:47:00.5525932Z   ✔ Mod+0 (1.165672ms)
2026-10-04T06:47:00.5527392Z   ✔ Mod+P (1.559906ms)
2026-10-04T06:47:00.5528355Z   ✔ Mod+Shift+P (0.75195ms)
2026-10-04T06:47:00.5529148Z   ✔ F1 (0.715353ms)
2026-10-04T06:47:00.5529975Z   ✔ Mod+, (0.711716ms)
2026-10-04T06:47:00.5530791Z   ✔ Mod+K Mod+S (0.75662ms)
2026-10-04T06:47:00.5547489Z   ✔ Mod+S (0.677532ms)
2026-10-04T06:47:00.5555890Z   ✔ Mod+Shift+S (0.839354ms)
2026-10-04T06:47:00.5556766Z   ✔ Mod+F4 (1.470319ms)
2026-10-04T06:47:00.5557300Z   ✔ Ctrl+F6 (1.238708ms)
2026-10-04T06:47:00.5557873Z   ✔ Ctrl+Shift+F6 (1.012416ms)
2026-10-04T06:47:00.5560484Z   ✔ Mod+Alt+N (1.074603ms)
2026-10-04T06:47:00.5561004Z   ✔ Mod+Alt+O (0.988532ms)
2026-10-04T06:47:00.5561469Z   ✔ Mod+\ (1.208071ms)
2026-10-04T06:47:00.5561987Z   ✔ Alt+ArrowLeft (1.128522ms)
2026-10-04T06:47:00.5562901Z   ✔ Alt+ArrowRight (2.600836ms)
2026-10-04T06:47:00.5563468Z   ✔ F12 (1.435695ms)
2026-10-04T06:47:00.5569459Z   ✔ Shift+F12 (1.579113ms)
2026-10-04T06:47:00.5576472Z   ✔ Mod+Shift+F (1.361417ms)
2026-10-04T06:47:00.5577350Z   ✔ Mod+Shift+H (1.197932ms)
2026-10-04T06:47:00.5579117Z   ✔ Mod+F (0.871424ms)
2026-10-04T06:47:00.5580075Z   ✔ Mod+H (0.735882ms)
2026-10-04T06:47:00.5581020Z   ✔ F3 (0.697529ms)
2026-10-04T06:47:00.5582119Z   ✔ Shift+F3 (0.916958ms)
2026-10-04T06:47:00.5583193Z   ✔ Mod+Space (0.797395ms)
2026-10-04T06:47:00.5585497Z   ✔ Mod+Shift+Space (0.720503ms)
2026-10-04T06:47:00.5586526Z   ✔ Mod+K Mod+I (0.815088ms)
2026-10-04T06:47:00.5587323Z   ✔ Mod+. (0.87523ms)
2026-10-04T06:47:00.5607319Z   ✔ F2 (0.736442ms)
2026-10-04T06:47:00.5608129Z   ✔ Alt+Shift+F (1.429393ms)
2026-10-04T06:47:00.5609024Z   ✔ Alt+Shift+ArrowRight (0.719952ms)
2026-10-04T06:47:00.5609939Z   ✔ Alt+Shift+ArrowLeft (0.714682ms)
2026-10-04T06:47:00.5611429Z ✔ VS Code shortcuts apply independently specified text, caret, view and host results (150.035535ms)
2026-10-04T06:47:00.5613342Z ✔ normalizes platform modifiers and real shifted punctuation without intercepting AltGraph or IME (0.581864ms)
2026-10-04T06:47:00.5615453Z ✔ macOS profile editing uses Meta while physical Ctrl bindings remain distinct (1.033556ms)
2026-10-04T06:47:00.5617296Z ✔ context expressions are bounded boolean predicates without evaluation side effects (1.059103ms)
2026-10-04T06:47:00.5619116Z ✔ resolver honors scope, priority, predicates, disposal, and atomic replacement of invalid bindings (0.838722ms)
2026-10-04T06:47:00.5620822Z ✔ chord cancellation, failure and timeout leave no stale pending input (0.486416ms)
2026-10-04T06:47:00.5622514Z ✔ a higher-priority chord prefix suppresses a lower-priority destructive command even after timeout (0.339322ms)
2026-10-04T06:47:00.5624021Z ✔ all shipped profile bindings have executable command registrations (1.298209ms)
2026-10-04T06:47:00.5775826Z ✔ Visual Studio bindings and unbound known commands match the pinned inventory (46.548235ms)
2026-10-04T06:47:00.5777956Z ✔ readonly commands and editing aliases preserve text/history while navigation remains available (1.665503ms)
2026-10-04T06:47:00.5780586Z ✔ completion filter aliases call the implemented insight API with directions (1.301274ms)
2026-10-04T06:47:00.7429975Z ✔ profile switches preserve the authoritative model, undo, primary selection, view and native state (26.13426ms)
2026-10-04T06:47:00.7433612Z ✔ resuming Vim insert after a profile switch opens a new complete undo group (5.412353ms)
2026-10-04T06:47:00.7440724Z ✔ Emacs mark extends motion, exchanges ends and kills the marked region with one undo (3.636716ms)
2026-10-04T06:47:00.7442716Z ✔ Emacs successive kills append, yank cycles distinct entries, and unrelated commands end a yank chain (4.98673ms)
2026-10-04T06:47:00.7444825Z ✔ Emacs ring bounds and marks stay independent between views and track document edits (2.664384ms)
2026-10-04T06:47:00.7446802Z ✔ Sublime occurrences and split-line carets edit the actual model atomically (4.299961ms)
2026-10-04T06:47:00.7448748Z ✔ native text edits preserve CRLF and deduplicate two carets on one copied line (2.006989ms)
2026-10-04T06:47:00.7451019Z ✔ clipboard distributes multiline fragments, remembers line copy and undoes all caret pastes together (2.986234ms)
2026-10-04T06:47:00.7462058Z ▶ denied and stale clipboard requests never mutate text, history or selections
2026-10-04T06:47:00.7472580Z   ✔ Edit.Cut (1.791498ms)
2026-10-04T06:47:00.7473311Z   ✔ Edit.Paste (1.462214ms)
2026-10-04T06:47:00.7473792Z   ✔ selection (1.368961ms)
2026-10-04T06:47:00.7477343Z   ✔ document (1.552632ms)
2026-10-04T06:47:00.7480927Z   ✔ dispose (0.856746ms)
2026-10-04T06:47:00.7484808Z   ✔ profile (1.163618ms)
2026-10-04T06:47:00.7489971Z   ✔ readonly (0.86989ms)
2026-10-04T06:47:00.7492345Z ✔ denied and stale clipboard requests never mutate text, history or selections (10.227224ms)
2026-10-04T06:47:00.7495586Z ✔ CodeMirror protocol is a live model projection with operation undo and savepoint cleanliness (1.764808ms)
2026-10-04T06:47:00.7500364Z ✔ document marks follow edits, are cleared on model replacement, and dispose releases subscriptions (2.696644ms)
2026-10-04T06:47:01.5435868Z ✔ instance receiver signature help includes its accessible instance overloads, not same-name unrelated methods (122.97317ms)
2026-10-04T06:47:01.5438083Z ✔ this receiver uses its containing type, preserving private overloads accessible within that type (8.71472ms)
2026-10-04T06:47:01.5440575Z ✔ type receivers use static overloads and scoped receiver variables use their bound types (13.757633ms)
2026-10-04T06:47:01.5442928Z ✔ generic and inherited instance members display substituted parameter types (12.759341ms)
2026-10-04T06:47:01.5446890Z ✔ incomplete invocation recovery retains the bound this receiver before arguments or closing delimiters exist (5.591877ms)
2026-10-04T06:47:01.5449500Z ✔ nested delimiters and named argument mapping use actual syntax and the selected overload (9.76036ms)
2026-10-04T06:47:01.5453318Z ✔ unresolved receivers and stale worker snapshots never return unrelated method tips (4.86399ms)
2026-10-04T06:47:01.5467389Z ✔ worker uses syntax argument separators when a lexical hint counts a nested generic comma (6.188179ms)
2026-10-04T06:47:01.7643396Z ✔ A20 pre-cancelled and queued-cancelled disk saves do not start a read or write (17.181938ms)
2026-10-04T06:47:01.7681359Z ✔ A20 cancelling an acquired prepared baseline releases its private model and preserves the live source (4.278097ms)
2026-10-04T06:47:01.7843838Z ✔ A20 cancellation during permission and stream acquisition prevents any committed write (12.095995ms)
2026-10-04T06:47:01.7953771Z ✔ A20 a mid-stream cancellation aborts before close and retains the previous baseline/version (14.581269ms)
2026-10-04T06:47:01.8093097Z ✔ A20 close is the per-file commit boundary; cancellation prevents later files and preserves exact partial written results (14.648604ms)
2026-10-04T06:47:01.8170197Z ✔ A20 a cancellation after the final close starts does not falsely report an uncommitted file (7.842123ms)
2026-10-04T06:47:02.0554683Z ✔ model benchmark measures all five actual operations and preserves source correctness (25.767647ms)
2026-10-04T06:47:02.0562107Z ✔ model benchmark cancellation is explicit and produces no pretend successful report (0.887465ms)
2026-10-04T06:47:02.0573952Z ✔ memory runner refuses unavailable GC and preserves signed deltas (0.647537ms)
2026-10-04T06:47:02.0990928Z ✔ browser harness serves the real editor entry under a strict CSP and rejects malformed resource URLs (44.033116ms)
2026-10-04T06:47:02.1878146Z ✔ 200 MiB qualification is explicitly accepted without growing defaults or allocating a large fixture (2.497818ms)
2026-10-04T06:47:02.1902765Z ✔ browser readiness only uses evaluate and stops once the real API appears (4.240797ms)
2026-10-04T06:47:02.2029997Z ✔ browser readiness has a deadline even when evaluate hangs, and propagates page errors or cancellation (11.77222ms)
2026-10-04T06:47:02.3832315Z ✔ chunk boundaries preserve the shared matcher nonoverlap, case-fold and word-boundary semantics (23.421202ms)
2026-10-04T06:47:02.3838232Z ✔ cooperative search is cancellable between slices and reports progress without publishing partial success (1.741968ms)
2026-10-04T06:47:02.3840323Z ✔ persistent snapshots are read in bounded slices without materializing document text (12.346542ms)
2026-10-04T06:47:02.3844754Z ✔ global match limits remain exact when each chunk contains rejected whole-word matches (71.978065ms)
2026-10-04T06:47:02.4152649Z ✔ regex worker receives bounded chunks and cancellation terminates its isolated computation (35.493622ms)
2026-10-04T06:47:02.4988937Z ✔ real paste source triggers bounded range formatting and its own undo transaction (6.491585ms)
2026-10-04T06:47:02.4991832Z ✔ disabled paste/type/completion triggers and formatting recursion schedule no work (0.672074ms)
2026-10-04T06:47:02.5000604Z ✔ on-type formatting uses the registered provider and read-only editors cannot commit it (0.542491ms)
2026-10-04T06:47:02.7326156Z ✔ A20 shared-model locks update each pane, reject prepared edits, and preserve rollback and history (6.480444ms)
2026-10-04T06:47:02.7329600Z ✔ A20 read-only construction and subscription disposal do not change document revisions (0.850435ms)
2026-10-04T06:47:02.7334098Z ✔ A20 same-line offscreen edits reconcile wrap counts and zone mapping without visiting the line (11.032511ms)
2026-10-04T06:47:02.7347410Z ✔ A20 wrap measurement stays chunked after a large same-line-count replacement (1.205287ms)
2026-10-04T06:47:02.7349018Z ✔ A20 deleting a brace or region marker on one line refreshes the actual folding provider (7.788212ms)
2026-10-04T06:47:02.7350176Z ✔ A20 real workspace configuration applies ancestor sections, per-language overlays and ordinary EOL preservation (3.966917ms)
2026-10-04T06:47:02.7351391Z ✔ A20 EditorConfig input is bounded, model-aware, ordered, atomic and unaffected by unrelated root flags (0.941816ms)
2026-10-04T06:47:02.7352579Z ✔ A20 multi-caret deletion retains blocked carets and merges overlapping word deletions in one undo step (11.50336ms)
2026-10-04T06:47:02.7353553Z ✔ A20 invalid load chunk sizes reject before reading or replacing the document (1.588111ms)
2026-10-04T06:47:02.7358361Z ✔ A20 overlapping whole-line expansions transform every selected line once (1.498854ms)
2026-10-04T06:47:02.7361788Z ✔ A20 project/disk path-only records apply configuration without flattening source snapshots (0.401459ms)
2026-10-04T06:47:03.6080314Z ✔ compiler contribution reuses real language endpoints with explicit client aliases (101.451319ms)
2026-10-04T06:47:03.6086070Z ✔ diagnostic and semantic results are versioned, source faithful and reject stale snapshots (8.120832ms)
2026-10-04T06:47:03.6093431Z ✔ signature request uses provider symbols for nested invocations and preserves active argument (15.879821ms)
2026-10-04T06:47:03.6095502Z ✔ inlay hints share one bound implementation with the existing LSP contract (6.2478ms)
2026-10-04T06:47:03.6096929Z ✔ rename and refactoring requests return versioned edits without committing source (39.47752ms)
2026-10-04T06:47:03.6100110Z ✔ format selection/on-type adapt existing indentation edits and preserve unrelated lines (2.485335ms)
2026-10-04T06:47:03.6104650Z ✔ generated peek targets retain their own URI/version and are explicitly read-only (0.51516ms)
2026-10-04T06:47:03.8517588Z ✔ A20 shared-model locks update each pane, reject prepared edits, and preserve rollback and history (6.262467ms)
2026-10-04T06:47:03.8522208Z ✔ A20 read-only construction and subscription disposal do not change document revisions (0.881934ms)
2026-10-04T06:47:03.8528012Z ✔ A20 same-line offscreen edits reconcile wrap counts and zone mapping without visiting the line (11.378887ms)
2026-10-04T06:47:03.8531740Z ✔ A20 wrap measurement stays chunked after a large same-line-count replacement (1.049067ms)
2026-10-04T06:47:03.8536004Z ✔ A20 deleting a brace or region marker on one line refreshes the actual folding provider (9.150553ms)
2026-10-04T06:47:03.8540901Z ✔ A20 multi-caret deletion retains blocked carets and merges overlapping word deletions in one undo step (11.871345ms)
2026-10-04T06:47:03.8544176Z ✔ A20 invalid load chunk sizes reject before reading or replacing the document (1.31932ms)
2026-10-04T06:47:03.8548838Z ✔ A20 overlapping whole-line expansions transform every selected line once (1.666797ms)
2026-10-04T06:47:03.9903192Z ✔ nearest-rank percentiles preserve raw outliers and reject malformed samples (1.816227ms)
2026-10-04T06:47:03.9907907Z ✔ 100MB fixture uses exact byte/code-unit size with one deterministic middle search target (70.656207ms)
2026-10-04T06:47:03.9917564Z ✔ performance gate fails strictly above20percent p95 and passes exact20percent boundary (1.098258ms)
2026-10-04T06:47:03.9919272Z ✔ retained memory budgets bound each real component and preserve signed measurement noise (0.5628ms)
2026-10-04T06:47:03.9923613Z ✔ one regressed size/operation cannot be hidden by another faster row (0.343229ms)
2026-10-04T06:47:03.9927911Z ✔ gate rejects missing browser evidence, changed runners, tampered percentiles and failed correctness (0.644121ms)
2026-10-04T06:47:03.9932369Z ✔ zero baseline and missing/duplicate benchmark rows cannot silently pass (0.326158ms)
2026-10-04T06:47:04.1480362Z ✔ regex replacement with numbered and named groups spans open documents atomically (8.756868ms)
2026-10-04T06:47:04.1487359Z ✔ find selection scope retains the captured range, whole-word filters and preserve-case replacements (2.354811ms)
2026-10-04T06:47:04.1489003Z ✔ selection search counts only its captured scope and restores original regex capture coordinates (6.321858ms)
2026-10-04T06:47:04.1490609Z ✔ single-editor and selection snapshots stay lazy and reject replaced model identities (27.272703ms)
2026-10-04T06:47:04.1492639Z ✔ a newer search supersedes pending matches and an invalid pattern cannot reuse an older result (12.494878ms)
2026-10-04T06:47:04.1500148Z ✔ invalid regex and stale replace preview leave source unchanged and history stays bounded (1.826586ms)
2026-10-04T06:47:04.1504127Z ✔ side-by-side and inline rows share hunks and preserve line alignment around insertion and deletion (2.714942ms)
2026-10-04T06:47:04.1510674Z ✔ merge preserves unresolved conflict bytes until a chosen side, both or manual result is accepted (13.194713ms)
2026-10-04T06:47:04.1520720Z ✔ independent merge changes are accepted automatically and adjacent conflict offsets track replacement length (0.682032ms)
2026-10-04T06:47:04.2445689Z ✔ every declared service can be supplied by a standalone fake provider (3.022706ms)
2026-10-04T06:47:04.2459128Z ✔ RPC adapter advertises only pure registered methods and passes cancellation through (0.308695ms)
2026-10-04T06:47:04.2460885Z ✔ request generations reject older versions, edits at identical caret offsets and out-of-order results (1.194277ms)
2026-10-04T06:47:04.2462299Z ✔ guard propagates errors, isolates feature channels and cancels on dispose (0.395948ms)
2026-10-04T06:47:04.2464097Z ✔ guard retains persistent snapshot identities and compares target document versions independently (1.655257ms)
2026-10-04T06:47:04.2466104Z ✔ three-document edits commit before any subscriber and undo in one step per document (4.807875ms)
2026-10-04T06:47:04.2467767Z ✔ stale, overlapping, missing, readonly and invalid LSP edits fail before any mutation (1.347973ms)
2026-10-04T06:47:04.2470925Z ✔ LSP document changes and captured versions require an explicit host for resource operations (0.845327ms)
2026-10-04T06:47:04.2473039Z ✔ version change after preview blocks commit and an internal participant failure rolls back history (1.605764ms)
2026-10-04T06:47:04.2475315Z ✔ rename preview updates source without publishing then cancel restores exact bytes and undo state (1.195349ms)
2026-10-04T06:47:04.2477822Z ✔ diagnostic severities and semantic overlays are version checked and preserve lexical coverage (0.800853ms)
2026-10-04T06:47:04.4104991Z ✔ snippet placeholders, forward mirrors, variables, choices and final stop use UTF-16 offsets (2.507546ms)
2026-10-04T06:47:04.4107716Z ✔ nested snippet placeholders and escaped punctuation are retained (0.36475ms)
2026-10-04T06:47:04.4109590Z ✔ invalid, recursive, excessive and transform snippets fail explicitly (0.685719ms)
2026-10-04T06:47:04.4111489Z ✔ all builtin snippets expand and all required C# and surrounding templates are present (0.724842ms)
2026-10-04T06:47:04.4113478Z ✔ snippet primary edits and synchronous linked mirrors undo together through editor edit hooks (6.083223ms)
2026-10-04T06:47:04.4116005Z ✔ completion fuzzy matches prefer prefix, preserve match positions, support filters and use bounded MRU (0.543313ms)
2026-10-04T06:47:04.4118004Z ✔ signature nesting counts only commas in the active call and ignores literals (2.740149ms)
2026-10-04T06:47:04.4119912Z ✔ smart newline uses source EOL, indentation settings and a caret between empty braces (0.472681ms)
2026-10-04T06:47:04.6114627Z ✔ ordinary model switches retain selections, folding and scroll without transferring model ownership (6.239534ms)
2026-10-04T06:47:04.6121949Z ✔ a removed model cannot reinsert itself or overwrite folding state when its old view is disposed (0.706087ms)
2026-10-04T06:47:04.6125794Z ✔ an externally replaced model keeps its registry entry and cache when the previous view saves state (0.867918ms)
2026-10-04T06:47:04.6129328Z ✔ standalone explicit same-URI replacement discards state belonging to the previous model (0.829847ms)
2026-10-04T06:47:05.5216377Z ✔ document/project/solution Fix All batch exactly one selected action equivalence family (127.130697ms)
2026-10-04T06:47:05.5221896Z ✔ Fix All validates every source version and rejects forged, absent or ambiguous ownership (0.670521ms)
2026-10-04T06:47:05.5227874Z ✔ implicit type batches preserve nonexact numeric conversions, const locals and comments (9.43961ms)
2026-10-04T06:47:05.5229358Z ✔ solution Fix All uses real isolated compiler contexts, deduplicates shared source and does not commit (25.522974ms)
2026-10-04T06:47:05.5232783Z ✔ project Fix All does not broaden to an unrelated project (8.83403ms)
2026-10-04T06:47:05.5237279Z ✔ type rename reaches each dependent compiler context and returns one resource move (22.609659ms)
2026-10-04T06:47:05.5241507Z ✔ workspace action rejects a source mutation or ownership change while providers are answering (10.894744ms)
2026-10-04T06:47:05.5245335Z ✔ pre-cancelled solution action never returns a partial plan (1.434186ms)
2026-10-04T06:47:05.5250953Z ✔ solution Fix All and rename reject new project membership during the final semantic validation (20.836171ms)
2026-10-04T06:47:05.5254621Z ✔ conflicting shared edits or resources are refused before a preview can be committed (0.394256ms)
2026-10-04T06:47:05.6669731Z ✔ incremental forward search begins at a large origin and repeats beyond 10000 matches before wrapping (33.979851ms)
2026-10-04T06:47:05.6672096Z ✔ incremental reverse search selects the nearest preceding match and wraps from the actual caret (2.153197ms)
2026-10-04T06:47:05.6674665Z ✔ extending and shortening an incremental query always returns to the opening origin (1.786954ms)
2026-10-04T06:47:05.6679805Z ✔ cancel restores the opening range, while accepting preserves the selected match without edits (2.036228ms)
2026-10-04T06:47:05.6682523Z ✔ an explicit navigation budget failure leaves the original selection and displays the limit (0.896533ms)
2026-10-04T06:47:05.6796186Z ✔ an exhausted scope and an empty query display their result without moving the caret (3.331045ms)
2026-10-04T06:47:05.6798352Z ✔ a delayed incremental result is discarded after edit (2.68541ms)
2026-10-04T06:47:05.6800690Z ✔ a delayed incremental result is discarded after replace model (4.261631ms)
2026-10-04T06:47:05.6804051Z ✔ a newer incremental query supersedes a delayed search without stale navigation or status (0.776769ms)
2026-10-04T06:47:05.6806344Z ✔ close cancels a pending search and prevents subsequent late results (0.499812ms)
2026-10-04T06:47:05.6809238Z ✔ dispose cancels a pending search and prevents subsequent late results (0.307784ms)
2026-10-04T06:47:05.6817857Z ✔ host navigation failures are handled inside the incremental request and reported to the user (0.409183ms)
2026-10-04T06:47:05.6825952Z ✔ closing during asynchronous host navigation passes cancellation and suppresses a stale status (0.357397ms)
2026-10-04T06:47:05.8721027Z ✔ same-document insight navigation uses the host preview and awaits focus restoration (3.767198ms)
2026-10-04T06:47:05.8726210Z ✔ cross-document insight navigation preserves host group options and restores focus after failure (0.890912ms)
2026-10-04T06:47:06.5983508Z ✔ compilation semantic fallback retains diagnostics and bound trees without editor invocation records (104.615244ms)
2026-10-04T06:47:06.5986362Z ✔ a first post-build signature query captures privately once without mutating compilation queries or diagnostics (11.922401ms)
2026-10-04T06:47:06.5992573Z ✔ a source model created before compilation captures within its original bind and reuses it for signature help (4.755312ms)
2026-10-04T06:47:06.6013416Z ✔ invalid post-build signature requests do not capture or mutate the reused analysis (6.501338ms)
2026-10-04T06:47:06.8315963Z ✔ native editor chords use host receivers and preserve the real edit and undo result (22.057729ms)
2026-10-04T06:47:06.8319149Z ✔ Escape cancels the host timer without executing the pending chord or a later timeout (0.693704ms)
2026-10-04T06:47:06.8322145Z ✔ binding replacement cancels the old chord and the replacement still uses the host clock (0.633352ms)
2026-10-04T06:47:06.8324714Z ✔ disposing a pending chord clears the host timer and prevents further scheduling (0.586294ms)
2026-10-04T06:47:06.8328900Z ✔ default host timeout reports an incomplete chord and allows a fresh complete chord (1.021475ms)
2026-10-04T06:47:06.8331251Z ✔ a deferred exact binding executes once when its default host timer expires (2.272519ms)
2026-10-04T06:47:06.8334340Z ✔ injected clocks retain their own method receiver through replacement and disposal (0.639693ms)
2026-10-04T06:47:07.0728841Z ✔ host availability refuses custom providers before invocation and announces its explicit reason without an error toast (4.190618ms)
2026-10-04T06:47:07.0737267Z ✔ local document and project providers remain available when the host exempts them (18.317562ms)
2026-10-04T06:47:07.0742546Z ✔ eligibility preserves cancellation and does not revive requests after editor disposal (0.818828ms)
2026-10-04T06:47:07.1723820Z ✔ A20 disk defaults still reject source files or save text exceeding 2000000 bytes (11.195546ms)
2026-10-04T06:47:07.3432123Z ✔ A20 explicit readDirectory limits permit >2MB source save and survive the read/write boundary (186.044694ms)
2026-10-04T06:47:07.3510602Z ✔ A20 FileList limits propagate to DiskWorkspace and total encoded bytes preflight every write (8.160564ms)
2026-10-04T06:47:07.3533141Z ✔ A20 UTF-16 limits count encoded bytes including BOM and retain encoding on save (2.56233ms)
2026-10-04T06:47:07.3577082Z ✔ A20 serialized saves reject a queued stale version and permission-time conflicts before writing (4.421628ms)
2026-10-04T06:47:08.1537206Z ✔ actual C# worker supplies invocation commit characters for source and intrinsic methods only (115.482607ms)
2026-10-04T06:47:08.1539344Z ✔ typing a method invocation opener commits the selected real provider item and the opener in one undo step (8.604041ms)
2026-10-04T06:47:08.1546006Z ✔ suggestion mode keeps an invocation opener available to typing and Escape preserves the prefix (5.267117ms)
2026-10-04T06:47:08.1551175Z ✔ read-only completion does not consume a commit character or mutate the source (4.222637ms)
2026-10-04T06:47:08.3820161Z ✔ preview has a visual root but publishes original source without undo entries or change events (5.086138ms)
2026-10-04T06:47:08.3822189Z ✔ non-owner edits, history, checkpoint restores and competing previews reject without mutation (2.488933ms)
2026-10-04T06:47:08.3824240Z ✔ preview ownership epochs reject old prepared commits and editor rebinding after exact-root restoration (0.639333ms)
2026-10-04T06:47:08.3827652Z ✔ async preparation cannot cross a preview ownership cycle even when root and version are restored (0.989015ms)
2026-10-04T06:47:08.3830047Z ✔ saved markers survive preview cancellation and no-op save captures the committed root (0.916529ms)
2026-10-04T06:47:08.3833284Z ✔ ordinary atomic silent commits publish every root before the first model notification (1.598712ms)
2026-10-04T06:47:08.3838053Z ✔ disposal restores the published source and invalidates delayed preview capabilities (0.522915ms)
2026-10-04T06:47:08.3840467Z ✔ a low-level buffer mutation invalidates publication ownership without restoring over external text (0.505062ms)
2026-10-04T06:47:08.3843375Z ✔ a borrowed buffer remains externally owned and stale preview disposal preserves its advanced root (0.596252ms)
2026-10-04T06:47:08.3846798Z ✔ the preview owner cannot prepare a write over an independently advanced buffer (0.472601ms)
2026-10-04T06:47:08.3870014Z ✔ committed notification ownership survives preview acquisition but cannot be forged or replayed (0.446673ms)
2026-10-04T06:47:08.3871819Z ✔ preview restoration repaints every live view of its model and leaves different documents untouched (0.522494ms)
2026-10-04T06:47:08.5918573Z ✔ A20 prefixWorkspace rebases persistent source identity and leaves the input model caller-owned (9.237543ms)
2026-10-04T06:47:08.5982007Z ✔ A20 manifest extraction rebases source identities after validating all destination paths (6.428703ms)
2026-10-04T06:47:08.6037744Z ✔ A20 unchanged source paths preserve descriptors and model ownership without a rebase provider (2.62652ms)
2026-10-04T06:47:08.6042035Z ✔ A20 failed rebasing disposes only newly created models and preserves every original (2.698194ms)
2026-10-04T06:47:08.6065610Z ✔ A20 invalid manifest settings reject before any prepared source is rebased (2.187611ms)
2026-10-04T06:47:08.6202187Z ✔ A20 nested manifest rebasing keeps granted disk handles, source baselines and save versions aligned (14.15684ms)
2026-10-04T06:47:08.6321082Z ✔ A20 rebased disk sessions serialize with pending original saves and reject their stale baseline (12.390455ms)
2026-10-04T06:47:08.8395825Z ✔ A20 FileList→DiskWorkspace→ProjectSystem retains prepared descriptors and never reads lazy source text during discovery (12.819796ms)
2026-10-04T06:47:08.8480785Z ✔ A20 failed and cancelled FileList reads dispose their own completed models and publish no partial batch (7.010658ms)
2026-10-04T06:47:08.8529613Z ✔ A20 failed directory iteration disposes prepared models after traversal loses access (2.135594ms)
2026-10-04T06:47:08.8850647Z ✔ A20 prepared utf-8 source saves captured snapshots in chunks, preserving BOM, pairs and disk versions (34.304437ms)
2026-10-04T06:47:08.9052514Z ✔ A20 prepared utf-16le source saves captured snapshots in chunks, preserving BOM, pairs and disk versions (21.494639ms)
2026-10-04T06:47:08.9246473Z ✔ A20 prepared utf-16be source saves captured snapshots in chunks, preserving BOM, pairs and disk versions (20.570354ms)
2026-10-04T06:47:08.9261475Z ✔ A20 snapshot saves enforce encoded byte limits before write permission or stream creation (1.242478ms)
2026-10-04T06:47:08.9332003Z ✔ A20 prepared baseline checks detect permission-time external changes before any stream opens (7.18848ms)
2026-10-04T06:47:08.9419161Z ✔ A20 prepared save I/O failure aborts its stream and retains the prior baseline and disk version (8.439153ms)
2026-10-04T06:47:08.9491565Z ✔ A20 invalid source reader records are rejected and cleaned up without a lazy text read (1.131762ms)
2026-10-04T06:47:08.9494134Z ✔ A20 default binary-source handling remains intact while explicit reader limits reject before slicing (6.376395ms)
2026-10-04T06:47:08.9539131Z ✔ A20 public source encoding shares exact BOM/byte bounds and leaves stream commit ownership with the caller (4.740223ms)
2026-10-04T06:47:09.1585311Z ✔ ordinary diagnostics keep their immediate severity, range and empty-result behavior (3.870551ms)
2026-10-04T06:47:09.1587726Z ✔ latest pending analysis is normalized against committed source and flushed by actual preview restoration (2.339414ms)
2026-10-04T06:47:09.1590287Z ✔ an empty pending result clears earlier errors when the preview releases (0.993774ms)
2026-10-04T06:47:09.1593578Z ✔ preview release repaints a secondary shared view and flushes its own pending diagnostics (0.652647ms)
2026-10-04T06:47:09.1597083Z ✔ a replacement model with the same URI and version never receives a previous model pending result (1.154022ms)
2026-10-04T06:47:09.1599700Z ✔ a source committed before deferred delivery invalidates the captured pending result (1.787575ms)
2026-10-04T06:47:09.1602887Z ✔ a disposed presentation cannot flush or retain pending source diagnostics (0.85777ms)
2026-10-04T06:47:09.9410224Z ✔ text and resource rename produce one immutable complete host plan without editing live models first (3.407817ms)
2026-10-04T06:47:09.9412269Z ✔ workspace resource support is evaluated again when the host mode changes after preview (0.839857ms)
2026-10-04T06:47:09.9418566Z ✔ stale targets, resource collisions, readonly source and host failure leave source unchanged (3.035012ms)
2026-10-04T06:47:09.9420736Z ✔ unversioned and unsupported resource operations fail before the host receives any plan (0.638752ms)
2026-10-04T06:47:09.9423741Z ✔ real bound type rename preview restores original source, selection and undo after changing options (107.021163ms)
2026-10-04T06:47:09.9426987Z ✔ provider invalidation is scoped, explicitly disposable and does not fabricate source changes (0.981671ms)
2026-10-04T06:47:09.9430859Z ✔ rename preview refuses a newer low-level buffer revision even when external edits reproduce its displayed bytes (0.875142ms)
2026-10-04T06:47:09.9433469Z ✔ changing the active model restores only the captured rename preview and refuses another preview (0.495955ms)
2026-10-04T06:47:10.7912098Z ✔ live rename option changes never publish preview source into the monotonic bound workspace (118.843939ms)
2026-10-04T06:47:10.7916360Z ✔ committing an expanded preview publishes one atomic undo entry before background requests resume (12.946662ms)
2026-10-04T06:47:10.7919638Z ✔ request suspension aborts pending providers and independent leases release idempotently (3.295826ms)
2026-10-04T06:47:10.7923215Z ✔ disposing a visible rename restores exact source and releases provider ownership (7.203782ms)
2026-10-04T06:47:10.7929474Z ✔ same-model secondary views remain suspended through restored-source rename request windows (6.306119ms)
2026-10-04T06:47:10.7931418Z ✔ CodeLens commands and legacy references cannot dispatch from an active rename preview (6.604084ms)
2026-10-04T06:47:10.7935180Z ✔ model switch before a delayed update closes the captured rename without querying the new document (5.042032ms)
2026-10-04T06:47:10.7939268Z ✔ actual insights changed lifecycle cancels rename on same-URI model replacement (4.919434ms)
2026-10-04T06:47:10.7944197Z ✔ removing workspace ownership closes rename even while its old editor still references the model (4.741752ms)
2026-10-04T06:47:10.7948061Z ✔ a failed final commit closes the released capability and resumes normal requests (4.688543ms)
2026-10-04T06:47:10.7952225Z ✔ async resource Apply forwards real cancellation and its old finally cannot close a newer rename (4.426644ms)
2026-10-04T06:47:11.0640812Z ✔ ReSharper-like is a native profile with stable identity and preserves the Visual Studio default (16.293362ms)
2026-10-04T06:47:11.0642757Z ✔ duplicate edits every selected range in one model transaction and undo restores primary direction (8.629742ms)
2026-10-04T06:47:11.0644002Z ✔ line duplication and joining use native CRLF-aware commands (2.86863ms)
2026-10-04T06:47:11.0651565Z ✔ line and shifted-punctuation block comment shortcuts change the real model and remain reversible (3.261071ms)
2026-10-04T06:47:11.0653521Z ✔ ReSharper move-line gestures preserve the original line terminators and undo history (2.920636ms)
2026-10-04T06:47:11.0655908Z ✔ language and selection gestures invoke the supported provider contract exactly once (2.459075ms)
2026-10-04T06:47:11.0659626Z ✔ navigation and browser-alternative chords preserve query arguments, URI and caret at the host seam (2.533364ms)
2026-10-04T06:47:11.0661990Z ✔ a language provider can complete formatting and rename through the same model and shared undo stack (2.027059ms)
2026-10-04T06:47:11.0665126Z ✔ absent snippet providers report explicit unavailability and never edit the document (1.68944ms)
2026-10-04T06:47:11.0670332Z ✔ read-only, composing, AltGraph and disposed views cannot perform ReSharper edits (1.76452ms)
2026-10-04T06:47:11.0680077Z ✔ the portable Mac mapping uses Meta and retains browser chord alternatives (1.452769ms)
2026-10-04T06:47:11.0681003Z ✔ profile switches preserve model identity, undo, selections, folds, bookmarks and modal state (6.919312ms)
2026-10-04T06:47:11.2986016Z ✔ A20 Save As without a utf-8 BOM retains the encoding on both later baseline checks (28.024958ms)
2026-10-04T06:47:11.3215588Z ✔ A20 utf-8 output refuses unpaired surrogates before closing or downloading (25.841246ms)
2026-10-04T06:47:11.3230583Z ✔ A20 utf-8 disk preflight rejects lossy captured and legacy input before opening a stream (1.940148ms)
2026-10-04T06:47:11.3426269Z ✔ A20 Save As without a utf-16le BOM retains the encoding on both later baseline checks (17.184134ms)
2026-10-04T06:47:11.3643880Z ✔ A20 utf-16le output refuses unpaired surrogates before closing or downloading (23.981238ms)
2026-10-04T06:47:11.3667073Z ✔ A20 utf-16le disk preflight rejects lossy captured and legacy input before opening a stream (2.282797ms)
2026-10-04T06:47:11.3838092Z ✔ A20 Save As without a utf-16be BOM retains the encoding on both later baseline checks (15.593988ms)
2026-10-04T06:47:11.4021542Z ✔ A20 utf-16be output refuses unpaired surrogates before closing or downloading (19.736713ms)
2026-10-04T06:47:11.4053306Z ✔ A20 utf-16be disk preflight rejects lossy captured and legacy input before opening a stream (2.148185ms)
2026-10-04T06:47:11.4056145Z ✔ A20 direct source output reports a boundary high surrogate and leaves abort/close ownership to its caller (0.856247ms)
2026-10-04T06:47:11.4123447Z ✔ A20 the default disk reader retains an explicitly known no-BOM UTF-16 baseline (6.196274ms)
2026-10-04T06:47:11.4140654Z ✔ A20 source output rejects NUL and an ambiguous leading BOM character without committing or downloading (2.431204ms)
2026-10-04T06:47:11.4161224Z ✔ A20 rebasing retains the old encoded-byte baseline when the prepared source has changed (2.121336ms)
2026-10-04T06:47:11.4177360Z ✔ A20 unchanged rebasing keeps a provably current byte baseline without reading text (1.607548ms)
2026-10-04T06:47:12.9555491Z ✔ A20 a no-option save of an actual 200 MiB line is synchronous; enabled tail trim commits once without a whole-text view (1341.433962ms)
2026-10-04T06:47:13.3949161Z ✔ A20 trailing-whitespace scans use bounded backward windows and yield before finishing a long logical line (449.544356ms)
2026-10-04T06:47:13.5336165Z ✔ A20 save normalization matches terminator/trim semantics while preserving significant whitespace and one undo transaction (131.642318ms)
2026-10-04T06:47:13.5337333Z ✔ A20 aborted normalization leaves source, selections, dirty marker and undo history untouched (2.925626ms)
2026-10-04T06:47:13.5338319Z ✔ A20 changed source, replaced model and changed text options reject private normalization before commit (2.215772ms)
2026-10-04T06:47:13.5339320Z ✔ A20 private preparation rejects invalid limits and excessive edits without applying a partial line batch (0.942057ms)
2026-10-04T06:47:13.5469860Z ✔ A20 prepared commits use the latest view selections and the shared contribution transaction (13.878122ms)
2026-10-04T06:47:13.5471808Z ✔ A20 trimming before a requested final newline retains a content-end caret before that new terminator (0.572578ms)
2026-10-04T06:47:13.5581975Z ✔ A20 a shared read-only transition during preparation never changes the buffer (11.194347ms)
2026-10-04T06:47:13.7629908Z ✔ A20 Save As starts the picker before asynchronous preparation and writes only its exact replacement capture (9.112795ms)
2026-10-04T06:47:13.7633181Z ✔ A20 dismissing a picker never runs a normalization callback (0.687142ms)
2026-10-04T06:47:13.7637803Z ✔ A20 cancellation or a preparation rejection cannot open a write stream or download (1.026445ms)
2026-10-04T06:47:13.7649293Z ✔ A20 a replacement capture must retain URI and a current, consistent version before write acquisition (1.064064ms)
2026-10-04T06:47:13.7679249Z ✔ A20 download fallback prepares exactly once and still cannot report a confirmed native save (5.610053ms)
2026-10-04T06:47:13.8534641Z ✔ single-match navigation reaches forward and backward origins beyond 10000 earlier matches (4.585952ms)
2026-10-04T06:47:13.8542490Z ✔ navigation finds nearest overlapping matches and wrapped spans crossing the original origin (1.016976ms)
2026-10-04T06:47:13.9219213Z ✔ scalar matches survive chunk seams and origins inside UTF-16 pairs in either direction (34.954509ms)
2026-10-04T06:47:13.9224683Z ✔ navigation retains literal case folding, Unicode word boundaries and merged selection exclusions (4.085379ms)
2026-10-04T06:47:13.9228932Z ✔ a near-end origin in a virtual 200 MiB ASCII source requests only bounded nearby slices (1.762257ms)
2026-10-04T06:47:13.9230701Z ✔ cooperative navigation holds an immutable source snapshot while the original buffer changes (5.395262ms)
2026-10-04T06:47:13.9233118Z ✔ step and elapsed limits fail explicitly before an incomplete scan could report wrapping or no match (1.925862ms)
2026-10-04T06:47:13.9235545Z ✔ navigation honors cancellation before scanning and between cooperative chunks (1.148061ms)
2026-10-04T06:47:13.9239159Z ✔ navigation rejects invalid bounds and oversized exclusions without reading unbounded source text (1.888683ms)
2026-10-04T06:47:13.9242712Z ✔ Add Next Occurrence advances after the primary range beyond 10000 matches and wraps around selected ranges (3.746297ms)
2026-10-04T06:47:13.9245331Z ✔ Add Next Occurrence skips existing ranges and preserves the explicit 10000-selection capacity (18.366774ms)
2026-10-04T06:47:13.9247827Z ✔ Add Next Occurrence excludes a candidate containing an existing empty caret (0.75632ms)
2026-10-04T06:47:14.8882512Z ✔ source query model is cached per complete source/options revision (81.055175ms)
2026-10-04T06:47:14.8884181Z ✔ namespace-qualified class bases, interfaces and members build distinct Class View branches (10.393112ms)
2026-10-04T06:47:14.8888875Z ✔ bound reads, writes, declarations, compound updates and ref/out/in retain filterable metadata (35.653673ms)
2026-10-04T06:47:14.8892438Z ✔ a written property does not classify its receiver as written (14.37512ms)
2026-10-04T06:47:14.8896882Z ✔ tuple deconstruction writes are distinct from tuple reads (7.001998ms)
2026-10-04T06:47:14.8903224Z ✔ partial generic type rename covers aliases, constructors, arrays, qualified names and typeof (37.980292ms)
2026-10-04T06:47:14.8906382Z ✔ comment/string options use lexical spans and whole identifiers, including interpolation (19.015753ms)
2026-10-04T06:47:14.8910431Z ✔ rename refuses collisions, captures, generated targets and existing resource destinations (9.875227ms)
2026-10-04T06:47:14.8914743Z ✔ renaming Unicode source identifiers preserves UTF-16 offsets after an astral prefix (7.912156ms)
2026-10-04T06:47:14.8918232Z ✔ parameter hints follow the selected overload and omit explicitly named arguments (6.737896ms)
2026-10-04T06:47:14.8921192Z ✔ constructor and extension hints use parameter mapping without labeling the extension receiver (6.500813ms)
2026-10-04T06:47:14.8924785Z ✔ worker and LSP preparation accept source types and return read/write highlights (4.376963ms)
2026-10-04T06:47:14.8929243Z ✔ pure Outline worker routes the safe semantic reorder leaf and rejects stale versions (1.217561ms)
2026-10-04T06:47:14.8931339Z ✔ framework hover carries a structured callable target for metadata navigation (2.456972ms)
2026-10-04T06:47:14.8936365Z ✔ nameof and selected method-group conversions retain actual bound source references (17.777284ms)
2026-10-04T06:47:15.6504082Z ✔ first and repeated signature queries retain their document owner in a shared source model (108.086988ms)
2026-10-04T06:47:15.6508839Z ✔ exact opening lookup and caret lookup preserve nested-call boundaries through closing delimiters (6.336607ms)
2026-10-04T06:47:15.6518620Z ✔ unresolved inner invocations hide an outer tip only while the caret belongs to the inner call (10.367075ms)
2026-10-04T06:47:15.6529685Z ✔ a replacement source model has independent cached signatures while the captured revision remains readable (6.460949ms)
2026-10-04T06:47:16.0149193Z ✔ A20 prepared utf-8 ingress retains BOM and streaming decoder state at byte boundaries (159.923793ms)
2026-10-04T06:47:16.2371262Z ✔ A20 prepared utf-16le ingress retains BOM and streaming decoder state at byte boundaries (222.265748ms)
2026-10-04T06:47:16.4620378Z ✔ A20 prepared utf-16be ingress retains BOM and streaming decoder state at byte boundaries (222.95168ms)
2026-10-04T06:47:16.4790665Z ✔ A20 prepared empty and BOM-only files remain empty and editable without load history (11.214184ms)
2026-10-04T06:47:16.5049979Z ✔ A20 Studio reads >2 MB File inputs in bounded slices and retains a stable original snapshot (32.774884ms)
2026-10-04T06:47:16.5091577Z ✔ A20 source loading cancels before I/O and between chunks without returning a partial model (4.342528ms)
2026-10-04T06:47:16.5095075Z ✔ A20 invalid chunk bounds and resource limits fail before a File read (0.64872ms)
2026-10-04T06:47:16.5207396Z ✔ A20 malformed encodings, binary NUL, inconsistent chunks and I/O failures reject the staged load (11.150455ms)
2026-10-04T06:47:16.5600089Z ✔ A20 CodeEditor large-file policy adopts only a complete decoded model and detects disposed loads (39.402384ms)
2026-10-04T06:47:16.6576417Z ✔ Save As invokes the picker during the calling gesture before any source read (10.007313ms)
2026-10-04T06:47:16.6653002Z ✔ Save As preserves utf-8, BOM, split surrogate pairs, and CRLF (6.711597ms)
2026-10-04T06:47:16.6715632Z ✔ Save As preserves utf-16le, BOM, split surrogate pairs, and CRLF (7.816389ms)
2026-10-04T06:47:16.6755168Z ✔ Save As preserves utf-16be, BOM, split surrogate pairs, and CRLF (7.482053ms)
2026-10-04T06:47:17.7752730Z ✔ Save As writes the BOM for empty sources and supports captured legacy text data properties (4.324064ms)
2026-10-04T06:47:23.9422592Z ✔ Save As streams an actual 200 MiB ASCII source without retaining or reading whole text (7257.05517ms)
2026-10-04T06:47:23.9423879Z ✔ a cancelled native picker leaves the source unread and does not initiate an export (1.567878ms)
2026-10-04T06:47:23.9427344Z ✔ pre-cancellation skips the picker and cancellation while acquiring a stream aborts it unread (0.871167ms)
2026-10-04T06:47:23.9429557Z ✔ cancellation aborts a pending native write and never commits or writes a second chunk (1.755689ms)
2026-10-04T06:47:23.9452010Z ✔ a native save is not confirmed until close completes; late cancellation does not undo a committed save (1.819778ms)
2026-10-04T06:47:23.9453811Z ✔ a picker failure rejects, never exports, and aborts an acquired native stream (0.842133ms)
2026-10-04T06:47:23.9457698Z ✔ a createWritable failure rejects, never exports, and aborts an acquired native stream (0.273832ms)
2026-10-04T06:47:23.9460896Z ✔ a write failure rejects, never exports, and aborts an acquired native stream (0.336769ms)
2026-10-04T06:47:23.9492275Z ✔ a close failure rejects, never exports, and aborts an acquired native stream (1.666541ms)
2026-10-04T06:47:23.9498693Z ✔ encoded output caps, progress errors, and failed cleanup remain explicit failures (1.356854ms)
2026-10-04T06:47:23.9519140Z ✔ a byte cap after a completed chunk aborts staged output and does not close the destination (2.803305ms)
2026-10-04T06:47:23.9521198Z ✔ invalid native handles and streams report explicit errors, with cleanup when available (0.498711ms)
2026-10-04T06:47:23.9569033Z ✔ download fallback with no picker preserves binary encoding but cannot confirm a save (3.17558ms)
2026-10-04T06:47:23.9576689Z ✔ download fallback with read-only handle preserves binary encoding but cannot confirm a save (2.295727ms)
2026-10-04T06:47:23.9596569Z ✔ download fallback with unsupported writable preserves binary encoding but cannot confirm a save (0.998836ms)
2026-10-04T06:47:23.9635574Z ✔ download cancellation and unavailable hosts reject or cancel before falsely claiming an export (4.978036ms)
2026-10-04T06:47:23.9659899Z ✔ the browser fallback uses a binary Blob URL and removes its temporary download link (1.909726ms)
2026-10-04T06:47:23.9661215Z ✔ invalid source metadata and mutable or lazy-only sources fail before a picker opens (0.438489ms)
2026-10-04T06:47:23.9702842Z ✔ suggested names use URI basenames, including Windows paths and empty trailing components (4.217486ms)
2026-10-04T06:47:24.8073608Z ✔ a complete 501-file loose-source import stages without mutating existing sources (635.434552ms)
2026-10-04T06:47:24.8105068Z ✔ failed later source reads leave every existing input untouched and enforce encoding/path policy (2.749164ms)
2026-10-04T06:47:24.8109036Z ✔ legacy JSON project conversion retains settings and rejects invalid metadata before loading (1.178902ms)
2026-10-04T06:47:27.4476715Z ✔ 200 MiB File reaches the actual Studio workspace model through chunked ingress with automatic work bounded (2158.09557ms)
2026-10-04T06:47:27.4534668Z ✔ rejected settings and cancelled selection release new prepared models without changing the current workspace (7.980853ms)
2026-10-04T06:47:27.4628221Z ✔ adding prepared files retains current projects, dirty models and private launch settings (10.315026ms)
2026-10-04T06:47:27.4706588Z ✔ committed document callback errors still install matching project metadata and retain adopted models (3.688408ms)
2026-10-04T06:47:27.4710114Z ✔ bulk Studio save passes captured roots and preserves newer edits after partial disk completion (2.87443ms)
2026-10-04T06:47:27.4717690Z ✔ Save As download outcome retains dirty state and a replaced workspace cannot receive a late saved marker (2.279039ms)
2026-10-04T06:47:28.0012870Z ✔ whole workspace limits count actual UTF-16 encoded bytes across imported files (13.167425ms)
2026-10-04T06:47:28.0037029Z ✔ workspace budgets include binary file count and aggregate bytes (2.654631ms)
2026-10-04T06:47:28.0157111Z ✔ edited source roots are counted again instead of trusting original encoded metadata (3.391815ms)
2026-10-04T06:47:28.0161475Z ✔ empty binary recovery succeeds and recovery preflight errors are reported without escaping (6.842009ms)
2026-10-04T06:47:28.0272366Z ✔ a saved project-file selection cannot become a source document active URI (13.501598ms)
2026-10-04T06:47:28.2367603Z ✔ SF-A20-T25: region wrapping preserves LF body endings and does not indent later lines (7.188997ms)
2026-10-04T06:47:28.2369945Z ✔ SF-A20-T25: block wrapping uses configured two-space indentation with LF (1.755964ms)
2026-10-04T06:47:28.2372300Z ✔ SF-A20-T25: region wrapping preserves CRLF body endings and does not indent later lines (0.753185ms)
2026-10-04T06:47:28.2376260Z ✔ SF-A20-T25: block wrapping uses configured two-space indentation with CRLF (0.727476ms)
2026-10-04T06:47:28.2378836Z ✔ SF-A20-T25: region wrapping preserves CR body endings and does not indent later lines (0.644141ms)
2026-10-04T06:47:28.2383975Z ✔ SF-A20-T25: block wrapping uses configured two-space indentation with CR (0.588057ms)
2026-10-04T06:47:28.2386614Z ✔ SF-A20-T25: mixed body terminators are unchanged while new wrapper lines use configured EOL (0.544536ms)
2026-10-04T06:47:28.2389279Z ✔ SF-A20-T25: region preserves existing body indentation with indentation excluded from the selection (0.809529ms)
2026-10-04T06:47:28.2392159Z ✔ SF-A20-T25: block templates use tabs and preserve relative body tabs (0.735252ms)
2026-10-04T06:47:28.2398896Z ✔ SF-A20-T25: each selected-text placeholder follows its own indentation context (0.753786ms)
2026-10-04T06:47:28.2400568Z ✔ SF-A20-T25: selected snippet-looking text and empty lines remain literal (0.413591ms)
2026-10-04T06:47:28.2402109Z ✔ SF-A20-T25: read-only surrounding does not modify text or history (0.226132ms)
2026-10-04T06:47:28.2404948Z ✔ SF-A20-T25: template EOL adaptation includes CR and preserves the existing public literal-indent contract (0.302564ms)
2026-10-04T06:47:28.2407196Z ✔ SF-A20-T25: contextual variable formatting preserves placeholder ranges and rejects invalid formatter output (0.562219ms)
2026-10-04T06:47:28.3627261Z ✔ B01: Visual Studio Ctrl+K Ctrl+S reaches Surround With once and applies a production snippet in one undo (23.105098ms)
2026-10-04T06:47:28.3632445Z ✔ B01: a missing Surround With provider reports its absence without opening code actions (2.171459ms)
2026-10-04T06:47:28.5584880Z ✔ SF-A20-T41: untabify resets visual columns at every LF line (2.737956ms)
2026-10-04T06:47:28.5589653Z ✔ SF-A20-T41: tabify converts every LF indentation without changing terminators (0.431695ms)
2026-10-04T06:47:28.5593863Z ✔ SF-A20-T41: untabify resets visual columns at every CRLF line (0.239336ms)
2026-10-04T06:47:28.5598282Z ✔ SF-A20-T41: tabify converts every CRLF indentation without changing terminators (0.179585ms)
2026-10-04T06:47:28.5601848Z ✔ SF-A20-T41: untabify resets visual columns at every CR line (0.194914ms)
2026-10-04T06:47:28.5606274Z ✔ SF-A20-T41: tabify converts every CR indentation without changing terminators (0.149238ms)
2026-10-04T06:47:28.5611067Z ✔ SF-A20-T41: tab conversion preserves mixed EOL, blank lines and tab columns in mixed indentation (0.232644ms)
2026-10-04T06:47:28.5614246Z ✔ SF-A20-T41: disjoint multiline selections convert in one undo transaction and restore selection state (5.996513ms)
2026-10-04T06:47:28.5619666Z ✔ SF-A20-T41: read-only tab conversion leaves the model and history unchanged (0.457413ms)
2026-10-04T06:47:28.7905869Z ✔ source-indexed lenses are unresolved and lazy, ordered, project-owned and never materialize document text (3.598661ms)
2026-10-04T06:47:28.7907953Z ✔ actual editor service command runs only the selected registry test through TaskCenter and refreshes real status (3.043005ms)
2026-10-04T06:47:28.7909781Z ✔ real failed and skipped outcomes resolve with their observed state and do not fabricate timing (0.86863ms)
2026-10-04T06:47:28.7911527Z ✔ forged or stale source, span, test and project identities cannot resolve or execute (1.488385ms)
2026-10-04T06:47:28.7915182Z ✔ linked documents require exact stable project ownership; a display label never selects a project (0.65985ms)
2026-10-04T06:47:28.7919677Z ✔ discovery invalidates moved locations and captures omitted versions only on actual rediscovery (0.541891ms)
2026-10-04T06:47:28.7921988Z ✔ cancelling a lens run preserves an independent Test Explorer run and reports actual cancellation (0.980588ms)
2026-10-04T06:47:28.7928913Z ✔ unregistering a real provider aborts its run, invalidates lenses and cannot leave a clickable old action (0.83118ms)
2026-10-04T06:47:28.7937411Z ✔ disposing CodeLens cancels only its runs, removes refresh listeners and rejects later requests (0.874561ms)
2026-10-04T06:47:28.7940426Z ✔ an optional operation wrapper cannot bypass provider execution or reuse its delayed run after completion (0.51502ms)
2026-10-04T06:47:28.7943108Z ✔ deferred execution revalidates source and discovery ownership before starting the test (0.325637ms)
2026-10-04T06:47:28.7946119Z ✔ provider errors still emit final invalidation and resolve to the actual failed registry state (0.471199ms)
2026-10-04T06:47:28.7948731Z ✔ pre-aborted requests and malformed commands fail before starting provider work (0.459297ms)
2026-10-04T06:47:28.7951697Z ✔ document bounds and the editor lens cap reject unusable or excessive discoveries explicitly (11.027103ms)
2026-10-04T06:47:29.0059609Z ✔ A20 multi-caret editing commits one undo group and grapheme delete preserves boundaries (6.526178ms)
2026-10-04T06:47:29.0068904Z ✔ A20 deletion boundaries and smart newline at EOF are valid no-ops or atomic edits (1.397938ms)
2026-10-04T06:47:29.0070770Z ✔ A20 overtype never replaces a newline and virtual space is materialized only by typing (0.901432ms)
2026-10-04T06:47:29.0072804Z ✔ A20 advanced transforms preserve multi-caret atomicity and Unicode case expansion (1.693691ms)
2026-10-04T06:47:29.0075688Z ✔ A20 editorconfig precedence changes indentation per path and save applies EOL trim/final newline (2.155342ms)
2026-10-04T06:47:29.0077546Z ✔ A20 clipboard ring bounds entries and drag move preserves one undo transaction (0.667216ms)
2026-10-04T06:47:29.0078882Z ✔ A20 bookmarks and unsaved/saved/reverted change marks follow undo (1.221449ms)
2026-10-04T06:47:29.0201876Z ✔ A20 chunk loading commits once and cancellation or malformed UTF-8 keeps original model (13.6553ms)
2026-10-04T06:47:29.0207678Z ✔ A20 advanced caret transforms and disjoint line moves preserve EOLs and undo selections (4.45316ms)
2026-10-04T06:47:29.0209900Z ✔ A20 advanced sorting preserves CRLF and read-only rejects transforms (0.902815ms)
2026-10-04T06:47:29.7528258Z ✔ A20 incremental syntax reconverges within 200 lines in a 100000-line document (535.090058ms)
2026-10-04T06:47:29.7532798Z ✔ A20 incremental syntax matches full lexing after multiline literal and comment edits (6.444165ms)
2026-10-04T06:47:29.7537032Z ✔ A20 folding validates nesting and expands edits in hidden ranges (1.183729ms)
2026-10-04T06:47:29.7543891Z ✔ A20 folding state persists per document and fallback handles regions comments usings (3.124891ms)
2026-10-04T06:47:29.7547016Z ✔ A20 folding ignores stale and disposed language responses (0.815491ms)
2026-10-04T06:47:29.7550837Z ✔ A20 typed folding provider cancels older requests and restores saved collapsed state after discovery (0.620818ms)
2026-10-04T06:47:29.9735829Z ✔ A20 native clipboard retains per-caret fragments, line-copy metadata and malformed payload fallback (6.384884ms)
2026-10-04T06:47:29.9740704Z ✔ A20 view model adapter follows document switches and keeps view selections independent (0.408523ms)
2026-10-04T06:47:29.9745752Z ✔ A20 synthetic composition commits once, cancels safely and cannot cross document identity (0.965001ms)
2026-10-04T06:47:29.9751850Z ✔ A20 rename preview refreshes token/layout caches without publishing or recording edits (2.376795ms)
2026-10-04T06:47:30.2141077Z ✔ A20 line layout round trips grapheme offsets, tabs, CJK and emoji (3.47765ms)
2026-10-04T06:47:30.2144902Z ✔ A20 visual line map handles 500000 lines with wraps, hidden intervals and inverse lookup (7.56189ms)
2026-10-04T06:47:30.2147806Z ✔ A20 wrap covers source without splitting extended graphemes (0.73444ms)
2026-10-04T06:47:30.2152710Z ✔ A20 viewport bounds materialized rows and folds preserve logical line numbering (30.381771ms)
2026-10-04T06:47:30.2157621Z ✔ A20 whitespace changes only decoration data and overview endpoints are exact (0.507226ms)
2026-10-04T06:47:30.2160653Z ✔ A20 leading and inline zones retain row mapping through repeated layout resets (1.372561ms)
2026-10-04T06:47:30.2168514Z ✔ A20 long-line fragments clamp stale horizontal scroll and use bounded text reads (2.018476ms)
2026-10-04T06:47:30.3822880Z ✔ Vim block deletion uses display columns across partial tabs, wide graphemes, combining text and short lines (26.769541ms)
2026-10-04T06:47:30.3825456Z ✔ Vim block change types on every selected row and retains virtual space in one history group (5.218107ms)
2026-10-04T06:47:30.3830625Z ▶ Vim block insert, append and end-of-line append honor their distinct short-line behavior
2026-10-04T06:47:30.3831758Z   ✔ I ! Escape (2.405589ms)
2026-10-04T06:47:30.3834876Z   ✔ A ! Escape (6.658956ms)
2026-10-04T06:47:30.3837605Z   ✔ $ A ! Escape (2.233899ms)
2026-10-04T06:47:30.3839721Z   ✔ D (1.586471ms)
2026-10-04T06:47:30.3842961Z   ✔ C ! Escape (1.952082ms)
2026-10-04T06:47:30.3846579Z ✔ Vim block insert, append and end-of-line append honor their distinct short-line behavior (15.720794ms)
2026-10-04T06:47:30.3849427Z ✔ Vim block registers preserve rows on counted normal puts, visual puts and puts beyond the final line (4.168338ms)
2026-10-04T06:47:30.3851452Z ✔ Vim asynchronous clipboard keeps block metadata only while clipboard text still matches (2.316562ms)
2026-10-04T06:47:30.3855030Z ✔ Vim visual replacement splits tabs and fills virtual cells without splitting surrogate pairs (3.93335ms)
2026-10-04T06:47:30.3858205Z ▶ Vim block shifts use the left boundary, count, shift width and tab policy
2026-10-04T06:47:30.3859225Z   ✔ 2 > spaces=true (1.780913ms)
2026-10-04T06:47:30.3859903Z   ✔ < spaces=true (1.233251ms)
2026-10-04T06:47:30.3862631Z   ✔ 2 > spaces=false (1.281863ms)
2026-10-04T06:47:30.3864240Z ✔ Vim block shifts use the left boundary, count, shift width and tab policy (4.73773ms)
2026-10-04T06:47:30.3866828Z ✔ Vim normal vertical moves preserve display column and block corner switches preserve the selected rectangle (2.080742ms)
2026-10-04T06:47:30.3875464Z ▶ Vim visual aliases operate on the selected text rather than normal-mode single-character ranges
2026-10-04T06:47:30.3876834Z   ✔ x (1.364737ms)
2026-10-04T06:47:30.3877526Z   ✔ U (1.154143ms)
2026-10-04T06:47:30.3878235Z   ✔ u (1.441911ms)
2026-10-04T06:47:30.3884611Z   ✔ ~ (0.868321ms)
2026-10-04T06:47:30.3886842Z   ✔ r# (0.916571ms)
2026-10-04T06:47:30.3889052Z ✔ Vim visual aliases operate on the selected text rather than normal-mode single-character ranges (6.360228ms)
2026-10-04T06:47:30.3891542Z ✔ Vim block edits reject malformed metadata, excessive virtual replacement and locked models before mutation (1.355268ms)
2026-10-04T06:47:30.5927178Z ✔ selection normalization deterministically merges overlap and preserves primary direction and head alias (2.136166ms)
2026-10-04T06:47:30.5930611Z ✔ model stores operation undo independent of a 500 KB document and restores save points (58.584063ms)
2026-10-04T06:47:30.5933683Z ✔ five-caret typing is one undo step with exact selection restore; time/command coalescing has explicit boundaries (1.849551ms)
2026-10-04T06:47:30.5935698Z ✔ random operations undo and redo against retained string oracles (46.627866ms)
2026-10-04T06:47:30.5939102Z ✔ model prepares atomic workspace participants and rollback preserves document/history/selection/scroll (0.842402ms)
2026-10-04T06:47:30.5942171Z ✔ multi-caret commands add occurrences, remove newest and insert line-end carets (12.574203ms)
2026-10-04T06:47:30.5945068Z ✔ box typing splits partial tabs, uses wide visual columns and inserts virtual spaces (3.041195ms)
2026-10-04T06:47:30.5951216Z ✔ multicaret clipboard round-trips N fragments and rectangular pastes grow missing lines atomically (2.216025ms)
2026-10-04T06:47:30.5954170Z ✔ box deletion avoids manufacturing virtual spaces and insertion budgets reject before any model edit (0.700196ms)
2026-10-04T06:47:30.5959803Z ✔ explicit nested groups override per-command stops and selection jumps while preserving saved state identity (0.769786ms)
2026-10-04T06:47:30.8355267Z ▶ Vim counts multiply operators, motions and line ranges and each edit undoes as one operation
2026-10-04T06:47:30.8359273Z   ✔ 2d2w (23.29092ms)
2026-10-04T06:47:30.8359807Z   ✔ 2dd (2.810825ms)
2026-10-04T06:47:30.8361423Z   ✔ Gdd (2.160721ms)
2026-10-04T06:47:30.8364966Z   ✔ de (1.837218ms)
2026-10-04T06:47:30.8369017Z   ✔ dw (2.383778ms)
2026-10-04T06:47:30.8374107Z   ✔ D (1.209507ms)
2026-10-04T06:47:30.8378392Z   ✔ J (1.316085ms)
2026-10-04T06:47:30.8382814Z   ✔ gJ (1.567435ms)
2026-10-04T06:47:30.8387488Z ✔ Vim counts multiply operators, motions and line ranges and each edit undoes as one operation (38.432804ms)
2026-10-04T06:47:30.8390919Z ✔ Vim normal movements, finds and character deletes stay at grapheme and CRLF line boundaries (6.378442ms)
2026-10-04T06:47:30.8397335Z ▶ Vim word-end, backward-end, find/till, paragraph, line and document motions have expected offsets
2026-10-04T06:47:30.8398236Z   ✔ 2w at 0 (1.046242ms)
2026-10-04T06:47:30.8400905Z   ✔ ge at 8 (0.875384ms)
2026-10-04T06:47:30.8406196Z   ✔ 2ge at 8 (1.482106ms)
2026-10-04T06:47:30.8410266Z   ✔ 2e at 0 (0.693915ms)
2026-10-04T06:47:30.8416216Z   ✔ W at 0 (0.655703ms)
2026-10-04T06:47:30.8421239Z   ✔ fc at 0 (0.7559ms)
2026-10-04T06:47:30.8426192Z   ✔ tc at 0 (0.751712ms)
2026-10-04T06:47:30.8429204Z   ✔ Fa at 6 (0.86861ms)
2026-10-04T06:47:30.8430863Z   ✔ tB at 0 (0.985449ms)
2026-10-04T06:47:30.8434795Z   ✔ } at 0 (0.880824ms)
2026-10-04T06:47:30.8442736Z   ✔ ^ at 5 (0.812957ms)
2026-10-04T06:47:30.8445931Z   ✔ 0 at 6 (0.77151ms)
2026-10-04T06:47:30.8449211Z   ✔ G at 0 (0.662315ms)
2026-10-04T06:47:30.8452588Z   ✔ gg at 12 (0.628233ms)
2026-10-04T06:47:30.8457646Z   ✔ 2G at 0 (0.576085ms)
2026-10-04T06:47:30.8459374Z ✔ Vim word-end, backward-end, find/till, paragraph, line and document motions have expected offsets (14.590643ms)
2026-10-04T06:47:30.8462727Z ▶ Vim change, insert, replace and open-line sessions share one explicit history group
2026-10-04T06:47:30.8463702Z   ✔ c w N E W Escape (2.156434ms)
2026-10-04T06:47:30.8465038Z   ✔ i a b c Escape (0.992301ms)
2026-10-04T06:47:30.8470062Z   ✔ R X Y Escape (0.955322ms)
2026-10-04T06:47:30.8495345Z   ✔ r 😀 (0.807958ms)
2026-10-04T06:47:30.8496200Z   ✔ o X Escape (1.068574ms)
2026-10-04T06:47:30.8496974Z   ✔ O X Escape (1.788347ms)
2026-10-04T06:47:30.8497793Z   ✔ c c X Escape (1.009865ms)
2026-10-04T06:47:30.8499361Z ✔ Vim change, insert, replace and open-line sessions share one explicit history group (9.501971ms)
2026-10-04T06:47:30.8501166Z ▶ Vim text objects use half-open word, quote, nested bracket, sentence and paragraph ranges
2026-10-04T06:47:30.8502320Z   ✔ diw (0.956304ms)
2026-10-04T06:47:30.8503053Z   ✔ daw (0.867649ms)
2026-10-04T06:47:30.8503786Z   ✔ di" (0.781138ms)
2026-10-04T06:47:30.8504708Z   ✔ di( (0.831732ms)
2026-10-04T06:47:30.8505453Z   ✔ 2da( (0.738147ms)
2026-10-04T06:47:30.8506191Z   ✔ dis (0.736294ms)
2026-10-04T06:47:30.8508026Z   ✔ dip (0.732707ms)
2026-10-04T06:47:30.8509804Z ✔ Vim text objects use half-open word, quote, nested bracket, sentence and paragraph ranges (6.33446ms)
2026-10-04T06:47:30.8511676Z ✔ Vim visual character, line and block operators edit the real multi-selection model (5.883839ms)
2026-10-04T06:47:30.8514139Z ✔ Vim visual put replaces the selected range instead of inserting beside it (1.518604ms)
2026-10-04T06:47:30.8517721Z ✔ Vim indent, case operators, matching pairs and repeated find use their native command ranges (3.602262ms)
2026-10-04T06:47:30.8519475Z ✔ Vim named, appended, yank, numbered and black-hole registers preserve their contracts (2.301815ms)
2026-10-04T06:47:30.8528216Z ✔ Vim marks track buffer edits, retain profile state and route cross-document jumps through the host (3.69278ms)
2026-10-04T06:47:30.8535156Z ✔ Vim macros, repeated changes and insertion replay use one undo group per replay (3.279209ms)
2026-10-04T06:47:30.8537780Z ✔ Vim search uses bounded regex with wraparound, counts and reverse direction (28.868658ms)
2026-10-04T06:47:30.8539368Z ✔ Ex substitution captures, line scopes, flags and bounded failures are atomic (3.4511ms)
2026-10-04T06:47:30.8557538Z ✔ Ex settings and workspace requests use the common host and honor failed saves (1.694041ms)
2026-10-04T06:47:30.8560441Z ✔ Vim denied system-register delete and paste leave the model unchanged (0.949812ms)
2026-10-04T06:47:30.8584122Z ✔ Vim delayed clipboard and prompt responses reject stale or disposed editor state (1.327777ms)
2026-10-04T06:47:30.8585679Z ✔ Vim read-only mode and browser composition preserve the text and undo state (1.575129ms)
2026-10-04T06:47:30.8587545Z ﹣ Unsupported target: shell commands and external filters (0.075772ms) # The browser editor has no shell or process-execution authority.
2026-10-04T06:47:30.8589879Z ﹣ Unsupported target: Vimscript and plugin loading (0.066925ms) # The native modal adapter is not a Vimscript interpreter or plugin runtime.
2026-10-04T06:47:30.8591489Z ﹣ Unsupported target: terminal buffers (0.051796ms) # Terminal emulation is outside the editor document and keymap scope.
2026-10-04T06:47:30.8592699Z ﹣ Unsupported target: native Vim regex extensions (0.045245ms) # Search uses the documented bounded regex engine rather than Vim magic expressions.
2026-10-04T06:47:30.8594770Z ﹣ Unsupported target: operating-system primary selection (0.058399ms) # The injected asynchronous clipboard API exposes ordinary clipboard text.
2026-10-04T06:47:30.8597079Z ﹣ Unsupported target: unlimited recursive macros (0.045495ms) # Native macros have explicit recursion, key-count and register-memory budgets.
2026-10-04T06:47:30.8599148Z ﹣ Unsupported target: desktop Vim executable parity (0.041878ms) # Node fixtures qualify this native model; no installed desktop Vim is used as an oracle.
2026-10-04T06:47:30.8601518Z ﹣ Unsupported target: browser key interception and assistive technology (0.065472ms) # Operating-system/browser key delivery and screen readers need browser/manual qualification.
2026-10-04T06:47:31.8668047Z ✔ 0.5 refactor: introduce whole initializer preserves side effects once (115.036414ms)
2026-10-04T06:47:31.8675284Z ✔ 0.5 refactor: introduce return expression stays inside block (14.024529ms)
2026-10-04T06:47:31.8676305Z ✔ 0.5 refactor: introduce local avoids existing names (9.570509ms)
2026-10-04T06:47:31.8680248Z ✔ 0.5 refactor: no extraction from conditional branch or call argument (7.529038ms)
2026-10-04T06:47:31.8682474Z ✔ 0.5 refactor: no extraction from a for initializer (6.32921ms)
2026-10-04T06:47:31.8685412Z ✔ 0.5 refactor: inline immutable literal preserves type and all references (7.862041ms)
2026-10-04T06:47:31.8688032Z ✔ 0.5 refactor: mutable local is not offered for inline (2.684759ms)
2026-10-04T06:47:31.8692165Z ✔ 0.5 refactor: overload-affecting literal widening is not inlined (2.822457ms)
2026-10-04T06:47:31.8694263Z ✔ 0.5 refactor: invert if keeps one condition evaluation (10.089126ms)
2026-10-04T06:47:31.8697897Z ✔ 0.5 refactor: expand initialized auto-property preserves get/set execution (30.424881ms)
2026-10-04T06:47:31.8703308Z ✔ 0.5 refactor: expansion preserves static initializer and private setter (20.319275ms)
2026-10-04T06:47:31.8705030Z ✔ 0.5 refactor: getter-only constructor property is not expanded unsafely (4.655657ms)
2026-10-04T06:47:31.8708386Z ✔ 0.5 refactor: stale structural edit fails atomically (2.30413ms)
2026-10-04T06:47:31.8711474Z ✔ 0.5 editor: bracket pairs ignore comments and escaped string punctuation (0.792048ms)
2026-10-04T06:47:31.8714284Z ✔ 0.5 editor: unmatched delimiters are not paired across mismatch (0.216484ms)
2026-10-04T06:47:31.8717905Z ✔ 0.5 editor: lexical insertion contexts include EOF comments and incomplete strings (0.730904ms)
2026-10-04T06:47:31.8720278Z ✔ 0.5 editor: literal replacement honors UTF-16, word and case constraints (1.719097ms)
2026-10-04T06:47:31.8724037Z ✔ 0.5 editor: search text is literal rather than regex (0.343ms)
2026-10-04T06:47:31.8727266Z ✔ 0.5 editor: replacement preflights result and match limits (9.240482ms)
2026-10-04T06:47:31.8730740Z ✔ 0.5 editor: duplicate selected whole lines excludes trailing newline (0.228627ms)
2026-10-04T06:47:31.8735198Z ✔ 0.5 editor: duplicate last line upward and validate ranges (0.161341ms)
2026-10-04T06:47:33.5606294Z ✔ 0.6 highlight: indexed source preserves all UTF-16 and trivia characters (5.038061ms)
2026-10-04T06:47:33.5608018Z ✔ 0.6 highlight: scrolling large files renders a bounded line window (522.823431ms)
2026-10-04T06:47:33.5609517Z ✔ 0.6 highlight: lexical fallback still renders only the viewport (0.438638ms)
2026-10-04T06:47:33.5613293Z ✔ 0.6 highlight: huge-line token budget preserves text without thousands of nodes (53.02877ms)
2026-10-04T06:47:33.5615605Z ✔ 0.6 highlight: multiline comment clipping remains classified as comment (0.391901ms)
2026-10-04T06:47:33.5620309Z ✔ 0.6 highlight: invalid viewport arguments fail without loops (0.777761ms)
2026-10-04T06:47:33.5622094Z ✔ 0.6 selection: nesting strictly grows and retains UTF-16 positions (7.880574ms)
2026-10-04T06:47:33.5624242Z ✔ 0.6 refactoring: make int const (126.735734ms)
2026-10-04T06:47:33.5627175Z ✔ 0.6 refactoring: make var const (17.522797ms)
2026-10-04T06:47:33.5637552Z ✔ 0.6 refactoring: make string const (17.64786ms)
2026-10-04T06:47:33.5638845Z ✔ 0.6 refactoring: conditional return evaluation (34.20701ms)
2026-10-04T06:47:33.5639872Z ✔ 0.6 refactoring: conditional return CRLF (14.756165ms)
2026-10-04T06:47:33.5640844Z ✔ 0.6 refactoring: expression body method (26.83274ms)
2026-10-04T06:47:33.5642164Z ✔ 0.6 refactoring: expression body void (14.535192ms)
2026-10-04T06:47:33.5643581Z ✔ 0.6 refactoring: scoped using (25.33235ms)
2026-10-04T06:47:33.5646330Z ✔ 0.6 refactoring: scoped using names remain bounded (20.637258ms)
2026-10-04T06:47:33.5648776Z ✔ 0.6 refactoring: mutable/nonexact/already const no make-const int x=1;x++;Console.WriteLine(x); (4.130768ms)
2026-10-04T06:47:33.5652790Z ✔ 0.6 refactoring: mutable/nonexact/already const no make-const int x=1;x+=2;Console.WriteLine(x); (2.870166ms)
2026-10-04T06:47:33.5659262Z ✔ 0.6 refactoring: mutable/nonexact/already const no make-const int x=1;x=2;Console.WriteLine(x); (2.976443ms)
2026-10-04T06:47:33.5661097Z ✔ 0.6 refactoring: mutable/nonexact/already const no make-const double x=1;Console.WriteLine(x); (1.979433ms)
2026-10-04T06:47:33.5663005Z ✔ 0.6 refactoring: mutable/nonexact/already const no make-const const int x=1;Console.WriteLine(x); (1.710652ms)
2026-10-04T06:47:33.5664762Z ✔ 0.6 refactoring: does not delete comments Use expression-bodied (1.959656ms)
2026-10-04T06:47:33.5669321Z ✔ 0.6 refactoring: does not delete comments Use conditional return (2.599811ms)
2026-10-04T06:47:33.5684048Z ✔ 0.6 refactoring: does not delete comments Use scoped using (3.846848ms)
2026-10-04T06:47:33.5685730Z ✔ 0.6 refactoring: make-const stale edit is rejected atomically (1.550924ms)
2026-10-04T06:47:33.5687113Z ✔ 0.6 navigation: bidirectional document locations preserve selections (0.304218ms)
2026-10-04T06:47:33.5688435Z ✔ 0.6 navigation: origin cursor refresh does not create phantom jumps (0.154779ms)
2026-10-04T06:47:33.5689323Z ✔ 0.6 navigation: new jump truncates forward history and deduplicates (0.795424ms)
2026-10-04T06:47:33.5692019Z ✔ 0.6 navigation: retained history is bounded and immutable (0.167683ms)
2026-10-04T06:47:33.5715348Z ✔ 0.6 navigation: invalid locations and limits rejected (0.288869ms)
2026-10-04T06:47:34.8829440Z ✔ piece table: 100000 deterministic mixed-EOL/UTF-16 edits match a string oracle (409.536417ms)
2026-10-04T06:47:34.8832973Z ✔ piece table: reading a 100 MB buffer boundary materializes only the requested slice (694.331309ms)
2026-10-04T06:47:34.8838179Z ✔ line index: CRLF seams, CR/LF splits and all coordinate boundaries remain exact (0.9213ms)
2026-10-04T06:47:34.8842919Z ✔ text buffer: multi-edits are one immutable version with inverse coordinates and exact ranges (1.265211ms)
2026-10-04T06:47:34.8845403Z ✔ text buffer: prepare/commit is atomic; overlap, stale versions and disposed changes fail explicitly (0.679178ms)
2026-10-04T06:47:34.8847509Z ✔ text buffer: indexed EOL metadata and UTF encodings preserve BOM, mixed endings and final newline (1.140848ms)
2026-10-04T06:47:34.8852653Z ✔ text buffer: start/middle/end edits in one million lines remain indexed and below a 2 ms p95 budget (99.633222ms)
2026-10-04T06:47:34.8855282Z ℹ [{"region":"start","median":0.012474000000111118,"p95":0.017672999999831518},{"region":"middle","median":0.011782000000039261,"p95":0.020417999999835956},{"region":"end","median":0.003927999999859821,"p95":0.005699999999933425}]
2026-10-04T06:47:35.1449813Z ✔ cooperative preparation matches synchronous UTF-16 ranges and publishes only at its explicit commit (17.699882ms)
2026-10-04T06:47:35.2489672Z ✔ cooperative large inverse construction yields while retaining one model undo operation (164.593192ms)
2026-10-04T06:47:35.2492180Z ✔ cooperative preparation honors cancellation, disposal and snapshot identity without publishing partial changes (2.8041ms)
2026-10-04T06:47:35.2497596Z ✔ cooperative ordered edit input validates bounds, ordering, edit count and chunk controls (0.860114ms)
2026-10-04T06:47:35.2879737Z ✔ cooperative insertion normalizes CRLF across single-unit windows and keeps the one-version contract (37.07081ms)
2026-10-04T06:47:35.2881691Z ✔ adjacent deletions and a replacement retain an unambiguous inverse transaction (1.371949ms)
2026-10-04T06:47:35.2884002Z ✔ prepared model binding enforces ownership, current revisions and read-only state (0.651054ms)
2026-10-04T06:47:35.4158850Z ✔ Myers diff: randomized scripts round-trip and match the dynamic-programming minimum (48.791801ms)
2026-10-04T06:47:35.4163948Z ✔ line diff retains CRLF offsets and bounded character/word refinement (1.386335ms)
2026-10-04T06:47:35.4170589Z ✔ diff limits return an exact replacement fallback and cancellation remains explicit (1.00838ms)
2026-10-04T06:47:35.4174066Z ✔ merge3 automatically combines independent edits and identical changes (8.095789ms)
2026-10-04T06:47:35.4182048Z ✔ merge3 conflicts carry exact stable branch/base/result ranges and preserve dominant EOL (1.505969ms)
2026-10-04T06:47:35.5774762Z ✔ bounded regex matches the native safe-fixture oracle: a+/ (4.183212ms)
2026-10-04T06:47:35.5776586Z ✔ bounded regex matches the native safe-fixture oracle: a+?/ (0.451752ms)
2026-10-04T06:47:35.5779255Z ✔ bounded regex matches the native safe-fixture oracle: a{2,4}/ (0.473734ms)
2026-10-04T06:47:35.5782573Z ✔ bounded regex matches the native safe-fixture oracle: (?:ab|a)+/ (0.631578ms)
2026-10-04T06:47:35.5787619Z ✔ bounded regex matches the native safe-fixture oracle: (a|b)\1/ (0.598216ms)
2026-10-04T06:47:35.5794266Z ✔ bounded regex matches the native safe-fixture oracle: (?<word>\w+):(?<number>\d+)/ (0.681351ms)
2026-10-04T06:47:35.5796206Z ✔ bounded regex matches the native safe-fixture oracle: foo(?=bar)/ (0.285592ms)
2026-10-04T06:47:35.5810699Z ✔ bounded regex matches the native safe-fixture oracle: foo(?!bar)/ (0.349042ms)
2026-10-04T06:47:35.5816483Z ✔ bounded regex matches the native safe-fixture oracle: (?<=foo)bar/ (0.885231ms)
2026-10-04T06:47:35.5818170Z ✔ bounded regex matches the native safe-fixture oracle: (?<!foo)bar/ (0.443006ms)
2026-10-04T06:47:35.5819896Z ✔ bounded regex matches the native safe-fixture oracle: ^(\w+)\r?$/m (0.540107ms)
2026-10-04T06:47:35.5822615Z ✔ bounded regex matches the native safe-fixture oracle: a.*b/s (0.265946ms)
2026-10-04T06:47:35.5824269Z ✔ bounded regex matches the native safe-fixture oracle: [a-z]+/i (0.567018ms)
2026-10-04T06:47:35.5826201Z ✔ bounded regex matches the native safe-fixture oracle: [^0-9]+/ (0.320517ms)
2026-10-04T06:47:35.5827716Z ✔ bounded regex matches the native safe-fixture oracle: a*/ (0.196076ms)
2026-10-04T06:47:35.5829221Z ✔ bounded regex matches the native safe-fixture oracle: (?=(aa))/ (0.281294ms)
2026-10-04T06:47:35.5830739Z ✔ bounded regex matches the native safe-fixture oracle: (a?)*/ (0.211605ms)
2026-10-04T06:47:35.5832239Z ✔ bounded regex matches the native safe-fixture oracle: \p{L}+/ (1.463369ms)
2026-10-04T06:47:35.5836392Z ✔ bounded regex matches the native safe-fixture oracle: \u{1F600}/ (0.266607ms)
2026-10-04T06:47:35.5848841Z ✔ bounded regex matches the native safe-fixture oracle: \bfoo\b/ (0.241551ms)
2026-10-04T06:47:35.5852942Z ✔ bounded regex matches the native safe-fixture oracle: (a(b)?)+/ (0.205624ms)
2026-10-04T06:47:35.5855247Z ✔ literal search preserves Unicode folding, UTF-16 spans and whole-word semantics (1.968011ms)
2026-10-04T06:47:35.5858428Z ✔ regex replacement expands captures, names, escapes and multiline patterns atomically (1.148402ms)
2026-10-04T06:47:35.5862413Z ✔ invalid/unsupported patterns report stable positions instead of native engine errors (0.608415ms)
2026-10-04T06:47:35.5876293Z ✔ pathological regex is interrupted inside the interpreter and a process watchdog remains a second boundary (68.363749ms)
2026-10-04T06:47:35.5878016Z ✔ search cancellation, result limits and empty-match advancement are bounded (0.709904ms)
2026-10-04T06:47:35.6759623Z ✔ grapheme movement keeps clusters intact: "áb" (2.347348ms)
2026-10-04T06:47:35.6765046Z ✔ grapheme movement keeps clusters intact: "👩‍👩‍👧‍👦!" (0.551939ms)
2026-10-04T06:47:35.6772481Z ✔ grapheme movement keeps clusters intact: "🇵🇱🇯🇵x" (0.369199ms)
2026-10-04T06:47:35.6773828Z ✔ grapheme movement keeps clusters intact: "👍🏽👍" (0.18219ms)
2026-10-04T06:47:35.6775229Z ✔ grapheme movement keeps clusters intact: "\r\nX" (0.328873ms)
2026-10-04T06:47:35.6777625Z ✔ grapheme movement keeps clusters intact: "각각" (0.239217ms)
2026-10-04T06:47:35.6780959Z ✔ grapheme movement keeps clusters intact: "क्‍ष" (0.164216ms)
2026-10-04T06:47:35.6784090Z ✔ word/subword navigation handles acronym humps, digits, underscores and CJK (12.813518ms)
2026-10-04T06:47:35.6787648Z ✔ visual columns distinguish UTF-16 characters, graphemes, tabs, wide characters and virtual space (2.13418ms)
2026-10-04T06:47:36.9227993Z ✔ pinned segmentation passes every Unicode 16.0 extended-grapheme conformance row (17.395975ms)
2026-10-04T06:47:36.9231181Z ﹣ default and explicit native segmentation retain Unicode 16.0 host compatibility (0.291283ms) # The native comparison is pinned to a Unicode 16.0 Intl runtime
2026-10-04T06:47:36.9232950Z ✔ existing editor grapheme fixtures agree with the actual host Intl segmenter (10.543735ms)
2026-10-04T06:47:36.9235853Z ✔ chunked columns agree at every UTF-16 position, including split graphemes, pairs, tabs and CRLF (39.191366ms)
2026-10-04T06:47:37.6327902Z ✔ a 200 MiB single line yields, stays chunk bounded, and supports exact subsequent cached lookups (1806.232488ms)
2026-10-04T06:47:38.1770412Z ✔ an unfinished multi-megabyte combining cluster retains only numeric state across chunks (83.251617ms)
2026-10-04T06:47:38.1772785Z ✔ edits reuse the indexed prefix and invalidate changed answers, including surrogate and combining seams (469.67455ms)
2026-10-04T06:47:38.1775381Z ✔ unaffected line checkpoints relocate across earlier edits and joined or split lines never reuse wrong columns (1.574247ms)
2026-10-04T06:47:38.1777202Z ✔ model columns survive undo/redo, invalidate silent rollback, and retain shared read-only behavior (3.324222ms)
2026-10-04T06:47:38.1847160Z ✔ cancel, stale text and disposal reject promptly and release pending work (2.620649ms)
2026-10-04T06:47:38.1848748Z ✔ checkpoint, result, line and pending budgets are enforced without a document-length cutoff (5.564812ms)
2026-10-04T06:47:38.1999744Z ℹ tests 722
2026-10-04T06:47:38.2000226Z ℹ suites 0
2026-10-04T06:47:38.2000622Z ℹ pass 713
2026-10-04T06:47:38.2001002Z ℹ fail 0
2026-10-04T06:47:38.2001382Z ℹ cancelled 0
2026-10-04T06:47:38.2001811Z ℹ skipped 9
2026-10-04T06:47:38.2002200Z ℹ todo 0
2026-10-04T06:47:38.2002696Z ℹ duration_ms 37928.295457
2026-10-04T06:47:40.1413976Z A19 docking browser: nine pointer targets, retained focus/state, floating groups, flyout pin, popout F5 and reattach passed
2026-10-04T06:47:45.8110396Z [
2026-10-04T06:47:45.8110796Z   {
2026-10-04T06:47:45.8111270Z     "scenario": "menu-mnemonics-arrows-focus-restore",
2026-10-04T06:47:45.8111792Z     "passed": true
2026-10-04T06:47:45.8112102Z   },
2026-10-04T06:47:45.8112371Z   {
2026-10-04T06:47:45.8112745Z     "scenario": "searchable-options-cancel",
2026-10-04T06:47:45.8113568Z     "passed": true
2026-10-04T06:47:45.8113872Z   },
2026-10-04T06:47:45.8114127Z   {
2026-10-04T06:47:45.8115026Z     "scenario": "theme-text-contrast",
2026-10-04T06:47:45.8115521Z     "theme": "dark",
2026-10-04T06:47:45.8115866Z     "ratios": [
2026-10-04T06:47:45.8116148Z       {
2026-10-04T06:47:45.8116484Z         "foreground": "--wb-fg",
2026-10-04T06:47:45.8116911Z         "background": "--wb-panel",
2026-10-04T06:47:45.8117582Z         "ratio": 13.128242551287334
2026-10-04T06:47:45.8117958Z       },
2026-10-04T06:47:45.8118223Z       {
2026-10-04T06:47:45.8118537Z         "foreground": "--wb-fg",
2026-10-04T06:47:45.8118966Z         "background": "--wb-raised",
2026-10-04T06:47:45.8119413Z         "ratio": 11.05341484495638
2026-10-04T06:47:45.8119786Z       },
2026-10-04T06:47:45.8120053Z       {
2026-10-04T06:47:45.8120373Z         "foreground": "--wb-fg",
2026-10-04T06:47:45.8120786Z         "background": "--wb-selected",
2026-10-04T06:47:45.8121232Z         "ratio": 7.625848352516812
2026-10-04T06:47:45.8121575Z       },
2026-10-04T06:47:45.8121857Z       {
2026-10-04T06:47:45.8122175Z         "foreground": "--wb-muted",
2026-10-04T06:47:45.8122615Z         "background": "--wb-panel",
2026-10-04T06:47:45.8123035Z         "ratio": 7.60217856912121
2026-10-04T06:47:45.8123384Z       }
2026-10-04T06:47:45.8123654Z     ],
2026-10-04T06:47:45.8123946Z     "passed": true
2026-10-04T06:47:45.8124245Z   },
2026-10-04T06:47:45.8124711Z   {
2026-10-04T06:47:45.8125063Z     "scenario": "theme-text-contrast",
2026-10-04T06:47:45.8125468Z     "theme": "light",
2026-10-04T06:47:45.8125783Z     "ratios": [
2026-10-04T06:47:45.8126074Z       {
2026-10-04T06:47:45.8126398Z         "foreground": "--wb-fg",
2026-10-04T06:47:45.8126805Z         "background": "--wb-panel",
2026-10-04T06:47:45.8127276Z         "ratio": 17.64189221851225
2026-10-04T06:47:45.8140034Z       },
2026-10-04T06:47:45.8140386Z       {
2026-10-04T06:47:45.8140742Z         "foreground": "--wb-fg",
2026-10-04T06:47:45.8141192Z         "background": "--wb-raised",
2026-10-04T06:47:45.8141628Z         "ratio": 15.129008503189796
2026-10-04T06:47:45.8141992Z       },
2026-10-04T06:47:45.8142252Z       {
2026-10-04T06:47:45.8142585Z         "foreground": "--wb-fg",
2026-10-04T06:47:45.8143025Z         "background": "--wb-selected",
2026-10-04T06:47:45.8143463Z         "ratio": 14.367676325434495
2026-10-04T06:47:45.8143818Z       },
2026-10-04T06:47:45.8144085Z       {
2026-10-04T06:47:45.8144680Z         "foreground": "--wb-muted",
2026-10-04T06:47:45.8145111Z         "background": "--wb-panel",
2026-10-04T06:47:45.8145527Z         "ratio": 7.847154678273723
2026-10-04T06:47:45.8145883Z       }
2026-10-04T06:47:45.8146134Z     ],
2026-10-04T06:47:45.8146421Z     "passed": true
2026-10-04T06:47:45.8146726Z   },
2026-10-04T06:47:45.8146976Z   {
2026-10-04T06:47:45.8147320Z     "scenario": "theme-text-contrast",
2026-10-04T06:47:45.8147722Z     "theme": "blue",
2026-10-04T06:47:45.8148043Z     "ratios": [
2026-10-04T06:47:45.8148341Z       {
2026-10-04T06:47:45.8148670Z         "foreground": "--wb-fg",
2026-10-04T06:47:45.8149078Z         "background": "--wb-panel",
2026-10-04T06:47:45.8149510Z         "ratio": 11.892856924816419
2026-10-04T06:47:45.8149868Z       },
2026-10-04T06:47:45.8150130Z       {
2026-10-04T06:47:45.8150440Z         "foreground": "--wb-fg",
2026-10-04T06:47:45.8150849Z         "background": "--wb-raised",
2026-10-04T06:47:45.8151267Z         "ratio": 8.875891841560621
2026-10-04T06:47:45.8151626Z       },
2026-10-04T06:47:45.8151893Z       {
2026-10-04T06:47:45.8152207Z         "foreground": "--wb-fg",
2026-10-04T06:47:45.8152625Z         "background": "--wb-selected",
2026-10-04T06:47:45.8153034Z         "ratio": 6.225007303392024
2026-10-04T06:47:45.8153378Z       },
2026-10-04T06:47:45.8153650Z       {
2026-10-04T06:47:45.8153987Z         "foreground": "--wb-muted",
2026-10-04T06:47:45.8154664Z         "background": "--wb-panel",
2026-10-04T06:47:45.8155100Z         "ratio": 8.39700165630076
2026-10-04T06:47:45.8155703Z       }
2026-10-04T06:47:45.8155965Z     ],
2026-10-04T06:47:45.8156236Z     "passed": true
2026-10-04T06:47:45.8156537Z   },
2026-10-04T06:47:45.8156789Z   {
2026-10-04T06:47:45.8157121Z     "scenario": "theme-text-contrast",
2026-10-04T06:47:45.8157537Z     "theme": "high-contrast",
2026-10-04T06:47:45.8157912Z     "ratios": [
2026-10-04T06:47:45.8158202Z       {
2026-10-04T06:47:45.8158522Z         "foreground": "--wb-fg",
2026-10-04T06:47:45.8159126Z         "background": "--wb-panel",
2026-10-04T06:47:45.8159513Z         "ratio": 21
2026-10-04T06:47:45.8159808Z       },
2026-10-04T06:47:45.8160082Z       {
2026-10-04T06:47:45.8160401Z         "foreground": "--wb-fg",
2026-10-04T06:47:45.8160822Z         "background": "--wb-raised",
2026-10-04T06:47:45.8161222Z         "ratio": 21
2026-10-04T06:47:45.8161525Z       },
2026-10-04T06:47:45.8161803Z       {
2026-10-04T06:47:45.8162130Z         "foreground": "--wb-fg",
2026-10-04T06:47:45.8162545Z         "background": "--wb-selected",
2026-10-04T06:47:45.8162974Z         "ratio": 12.853635274157462
2026-10-04T06:47:45.8163338Z       },
2026-10-04T06:47:45.8163590Z       {
2026-10-04T06:47:45.8163909Z         "foreground": "--wb-muted",
2026-10-04T06:47:45.8164528Z         "background": "--wb-panel",
2026-10-04T06:47:45.8164928Z         "ratio": 21
2026-10-04T06:47:45.8165235Z       }
2026-10-04T06:47:45.8165504Z     ],
2026-10-04T06:47:45.8165778Z     "passed": true
2026-10-04T06:47:45.8166080Z   },
2026-10-04T06:47:45.8166348Z   {
2026-10-04T06:47:45.8166673Z     "scenario": "tool-window-mounts",
2026-10-04T06:47:45.8167067Z     "passed": true
2026-10-04T06:47:45.8167366Z   },
2026-10-04T06:47:45.8167618Z   {
2026-10-04T06:47:45.8168010Z     "scenario": "narrow-dialog-focus-forced-colors",
2026-10-04T06:47:45.8168474Z     "passed": true
2026-10-04T06:47:45.8168759Z   },
2026-10-04T06:47:45.8169004Z   {
2026-10-04T06:47:45.8169396Z     "scenario": "named-controls-and-bounded-grid",
2026-10-04T06:47:45.8169867Z     "passed": true
2026-10-04T06:47:45.8170160Z   }
2026-10-04T06:47:45.8170436Z ]
2026-10-04T06:47:52.9826374Z {
2026-10-04T06:47:52.9826907Z   "target": "production-studio-real-workers",
2026-10-04T06:47:52.9827428Z   "status": "passed",
2026-10-04T06:47:52.9827768Z   "engine": "chromium",
2026-10-04T06:47:52.9828097Z   "checks": [
2026-10-04T06:47:52.9828393Z     {
2026-10-04T06:47:52.9828917Z       "name": "solution import uses Studio project and compiler services",
2026-10-04T06:47:52.9829518Z       "passed": true
2026-10-04T06:47:52.9829831Z     },
2026-10-04T06:47:52.9830096Z     {
2026-10-04T06:47:52.9830712Z       "name": "toolbar retains the selected launch profile separately for each project",
2026-10-04T06:47:52.9831368Z       "passed": true
2026-10-04T06:47:52.9831664Z     },
2026-10-04T06:47:52.9831918Z     {
2026-10-04T06:47:52.9832566Z       "name": "Start toolbar launches two actual WinUI applications with isolated profile output",
2026-10-04T06:47:52.9833254Z       "passed": true,
2026-10-04T06:47:52.9833587Z       "resources": [
2026-10-04T06:47:52.9833892Z         {
2026-10-04T06:47:52.9834226Z           "worker": "running",
2026-10-04T06:47:52.9835384Z           "generation": 1,
2026-10-04T06:47:52.9835781Z           "pendingRequests": 0,
2026-10-04T06:47:52.9836246Z           "heapBytes": 998,
2026-10-04T06:47:52.9836605Z           "heapObjects": 13,
2026-10-04T06:47:52.9837007Z           "engine": "source-vm"
2026-10-04T06:47:52.9837353Z         },
2026-10-04T06:47:52.9837649Z         {
2026-10-04T06:47:52.9837978Z           "worker": "running",
2026-10-04T06:47:52.9838362Z           "generation": 1,
2026-10-04T06:47:52.9838763Z           "pendingRequests": 0,
2026-10-04T06:47:52.9839141Z           "heapBytes": 988,
2026-10-04T06:47:52.9839501Z           "heapObjects": 13,
2026-10-04T06:47:52.9839892Z           "engine": "source-vm"
2026-10-04T06:47:52.9840226Z         }
2026-10-04T06:47:52.9840487Z       ]
2026-10-04T06:47:52.9840738Z     },
2026-10-04T06:47:52.9840992Z     {
2026-10-04T06:47:52.9841881Z       "name": "Process selector and Stop toolbar affect only the selected application",
2026-10-04T06:47:52.9842520Z       "passed": true
2026-10-04T06:47:52.9842823Z     },
2026-10-04T06:47:52.9843079Z     {
2026-10-04T06:47:52.9843814Z       "name": "failing background project build preserves active project, application, output and diagnostics",
2026-10-04T06:47:52.9844789Z       "passed": true
2026-10-04T06:47:52.9845088Z     },
2026-10-04T06:47:52.9845336Z     {
2026-10-04T06:47:52.9846261Z       "name": "Start New Instance retains the selected profile and Stop All releases every application lock",
2026-10-04T06:47:52.9847033Z       "passed": true
2026-10-04T06:47:52.9847336Z     }
2026-10-04T06:47:52.9847585Z   ],
2026-10-04T06:47:52.9847842Z   "failure": null,
2026-10-04T06:47:52.9848147Z   "pageErrors": [],
2026-10-04T06:47:52.9848471Z   "milliseconds": 6978.33
2026-10-04T06:47:52.9848788Z }
2026-10-04T06:47:57.8288507Z A19 lazy tools: cold graph excludes all five controllers; first activation succeeds using local built assets
2026-10-04T06:48:03.5395797Z {
2026-10-04T06:48:03.5396300Z   "suite": "browser_vs_workflows_test",
2026-10-04T06:48:03.5396783Z   "mode": "http",
2026-10-04T06:48:03.5397113Z   "engine": "chromium",
2026-10-04T06:48:03.5397448Z   "passed": true,
2026-10-04T06:48:03.5397911Z   "sourceSha": "25ef23b0fb86eb3be4151492c2ef6bbc51f0a82e",
2026-10-04T06:48:03.5398576Z   "sourceTree": "a0922a5f98e4ce38cd377d109a083a1da77df9a1",
2026-10-04T06:48:03.5399066Z   "checks": [
2026-10-04T06:48:03.5399382Z     {
2026-10-04T06:48:03.5399749Z       "scenario": "create-console-project",
2026-10-04T06:48:03.5400197Z       "passed": true,
2026-10-04T06:48:03.5400590Z       "emptyNameRejected": true
2026-10-04T06:48:03.5400953Z     },
2026-10-04T06:48:03.5401216Z     {
2026-10-04T06:48:03.5401609Z       "scenario": "edit-and-build-shared-document",
2026-10-04T06:48:03.5402073Z       "passed": true
2026-10-04T06:48:03.5402366Z     },
2026-10-04T06:48:03.5402615Z     {
2026-10-04T06:48:03.5402990Z       "scenario": "breakpoint-step-continue",
2026-10-04T06:48:03.5403434Z       "passed": true,
2026-10-04T06:48:03.5403769Z       "backend": "ECMA-335",
2026-10-04T06:48:03.5404134Z       "runtimeStatistics": {
2026-10-04T06:48:03.5404849Z         "artifactFormat": "ECMA-335",
2026-10-04T06:48:03.5405252Z         "assembly": {
2026-10-04T06:48:03.5405567Z           "bytes": 4096,
2026-10-04T06:48:03.5405928Z           "loadMs": 14.89999999999418,
2026-10-04T06:48:03.5406308Z           "decodeMs": 4.5,
2026-10-04T06:48:03.5406726Z           "verificationMs": 10.39999999999418
2026-10-04T06:48:03.5407116Z         },
2026-10-04T06:48:03.5407412Z         "instructions": 14,
2026-10-04T06:48:03.5407799Z         "elapsedMs": 2.499999999970896,
2026-10-04T06:48:03.5408192Z         "frames": 0,
2026-10-04T06:48:03.5408499Z         "heap": {
2026-10-04T06:48:03.5408839Z           "allocatedBytes": 0,
2026-10-04T06:48:03.5409247Z           "hostStrongHandles": 0,
2026-10-04T06:48:03.5409662Z           "hostWeakHandles": 0,
2026-10-04T06:48:03.5410035Z           "rootsScanned": 0,
2026-10-04T06:48:03.5410385Z           "edgesScanned": 0,
2026-10-04T06:48:03.5410733Z           "markedObjects": 0,
2026-10-04T06:48:03.5411087Z           "maxPauseMs": 0,
2026-10-04T06:48:03.5411405Z           "markMs": 0,
2026-10-04T06:48:03.5411718Z           "sweepMs": 0,
2026-10-04T06:48:03.5412041Z           "liveBytes": 0,
2026-10-04T06:48:03.5412383Z           "liveObjects": 0,
2026-10-04T06:48:03.5412722Z           "allocations": 0,
2026-10-04T06:48:03.5413138Z           "collections": 0,
2026-10-04T06:48:03.5413484Z           "freedObjects": 0,
2026-10-04T06:48:03.5413833Z           "freedBytes": 0,
2026-10-04T06:48:03.5414166Z           "lastPauseMs": 0,
2026-10-04T06:48:03.5414761Z           "totalPauseMs": 0,
2026-10-04T06:48:03.5415109Z           "peakBytes": 0,
2026-10-04T06:48:03.5415476Z           "maxBytes": 33554432,
2026-10-04T06:48:03.5415853Z           "threshold": 65536
2026-10-04T06:48:03.5416190Z         }
2026-10-04T06:48:03.5416782Z       }
2026-10-04T06:48:03.5417035Z     },
2026-10-04T06:48:03.5417292Z     {
2026-10-04T06:48:03.5417666Z       "scenario": "designer-edit-undo-redo-save",
2026-10-04T06:48:03.5418125Z       "passed": true
2026-10-04T06:48:03.5418419Z     },
2026-10-04T06:48:03.5418668Z     {
2026-10-04T06:48:03.5419034Z       "scenario": "export-project-and-design",
2026-10-04T06:48:03.5419473Z       "passed": true
2026-10-04T06:48:03.5419788Z     }
2026-10-04T06:48:03.5420046Z   ],
2026-10-04T06:48:03.5420525Z   "navigation": {
2026-10-04T06:48:03.5420841Z     "mode": "http",
2026-10-04T06:48:03.5421232Z     "url": "http://127.0.0.1:45517/",
2026-10-04T06:48:03.5421629Z     "offline": false
2026-10-04T06:48:03.5421917Z   },
2026-10-04T06:48:03.5422188Z   "httpAttempts": [],
2026-10-04T06:48:03.5422516Z   "pageErrors": [],
2026-10-04T06:48:03.5422822Z   "browser": "153.0.8010.12"
2026-10-04T06:48:03.5423137Z }
2026-10-04T06:48:08.5570206Z {
2026-10-04T06:48:08.5570767Z   "suite": "browser_vs_workflows_standalone_test",
2026-10-04T06:48:08.5571345Z   "mode": "file",
2026-10-04T06:48:08.5571716Z   "engine": "chromium",
2026-10-04T06:48:08.5572092Z   "passed": true,
2026-10-04T06:48:08.5572616Z   "sourceSha": "25ef23b0fb86eb3be4151492c2ef6bbc51f0a82e",
2026-10-04T06:48:08.5573342Z   "sourceTree": "a0922a5f98e4ce38cd377d109a083a1da77df9a1",
2026-10-04T06:48:08.5573796Z   "checks": [
2026-10-04T06:48:08.5573989Z     {
2026-10-04T06:48:08.5574245Z       "scenario": "create-console-project",
2026-10-04T06:48:08.5575147Z       "passed": true,
2026-10-04T06:48:08.5575419Z       "emptyNameRejected": true
2026-10-04T06:48:08.5575666Z     },
2026-10-04T06:48:08.5575842Z     {
2026-10-04T06:48:08.5576103Z       "scenario": "edit-and-build-shared-document",
2026-10-04T06:48:08.5576417Z       "passed": true
2026-10-04T06:48:08.5576616Z     },
2026-10-04T06:48:08.5576790Z     {
2026-10-04T06:48:08.5577023Z       "scenario": "breakpoint-step-continue",
2026-10-04T06:48:08.5577312Z       "passed": true,
2026-10-04T06:48:08.5577542Z       "backend": "ECMA-335",
2026-10-04T06:48:08.5577783Z       "runtimeStatistics": {
2026-10-04T06:48:08.5578068Z         "artifactFormat": "ECMA-335",
2026-10-04T06:48:08.5578341Z         "assembly": {
2026-10-04T06:48:08.5578586Z           "bytes": 4096,
2026-10-04T06:48:08.5578834Z           "loadMs": 14.800000000017462,
2026-10-04T06:48:08.5579119Z           "decodeMs": 4.400000000023283,
2026-10-04T06:48:08.5579422Z           "verificationMs": 10.39999999999418
2026-10-04T06:48:08.5579689Z         },
2026-10-04T06:48:08.5579881Z         "instructions": 14,
2026-10-04T06:48:08.5580142Z         "elapsedMs": 2.1999999999825377,
2026-10-04T06:48:08.5580397Z         "frames": 0,
2026-10-04T06:48:08.5580596Z         "heap": {
2026-10-04T06:48:08.5580823Z           "allocatedBytes": 0,
2026-10-04T06:48:08.5581090Z           "hostStrongHandles": 0,
2026-10-04T06:48:08.5581356Z           "hostWeakHandles": 0,
2026-10-04T06:48:08.5581595Z           "rootsScanned": 0,
2026-10-04T06:48:08.5581821Z           "edgesScanned": 0,
2026-10-04T06:48:08.5582059Z           "markedObjects": 0,
2026-10-04T06:48:08.5582302Z           "maxPauseMs": 0,
2026-10-04T06:48:08.5582522Z           "markMs": 0,
2026-10-04T06:48:08.5582729Z           "sweepMs": 0,
2026-10-04T06:48:08.5582944Z           "liveBytes": 0,
2026-10-04T06:48:08.5583164Z           "liveObjects": 0,
2026-10-04T06:48:08.5583389Z           "allocations": 0,
2026-10-04T06:48:08.5583613Z           "collections": 0,
2026-10-04T06:48:08.5583839Z           "freedObjects": 0,
2026-10-04T06:48:08.5584070Z           "freedBytes": 0,
2026-10-04T06:48:08.5584550Z           "lastPauseMs": 0,
2026-10-04T06:48:08.5584927Z           "totalPauseMs": 0,
2026-10-04T06:48:08.5585167Z           "peakBytes": 0,
2026-10-04T06:48:08.5585420Z           "maxBytes": 33554432,
2026-10-04T06:48:08.5585663Z           "threshold": 65536
2026-10-04T06:48:08.5585881Z         }
2026-10-04T06:48:08.5586056Z       }
2026-10-04T06:48:08.5586225Z     },
2026-10-04T06:48:08.5586394Z     {
2026-10-04T06:48:08.5586961Z       "scenario": "designer-edit-undo-redo-save",
2026-10-04T06:48:08.5587267Z       "passed": true
2026-10-04T06:48:08.5587465Z     },
2026-10-04T06:48:08.5587632Z     {
2026-10-04T06:48:08.5587881Z       "scenario": "export-project-and-design",
2026-10-04T06:48:08.5588183Z       "passed": true
2026-10-04T06:48:08.5588389Z     }
2026-10-04T06:48:08.5588556Z   ],
2026-10-04T06:48:08.5588733Z   "navigation": {
2026-10-04T06:48:08.5588930Z     "mode": "file",
2026-10-04T06:48:08.5589542Z     "url": "file:///home/runner/work/SharpForge/SharpForge/artifacts/SharpForge-standalone.html",
2026-10-04T06:48:08.5590023Z     "offline": true,
2026-10-04T06:48:08.5590477Z     "artifact": "/home/runner/work/SharpForge/SharpForge/artifacts/SharpForge-standalone.html",
2026-10-04T06:48:08.5591135Z     "artifactSha256": "da60ffe742f3b723d4b1286fc279c6510067570a7cc54b6550d68e2fcfb855a9",
2026-10-04T06:48:08.5591565Z     "bytes": 16419776,
2026-10-04T06:48:08.5591774Z     "policy": {
2026-10-04T06:48:08.5592974Z       "value": "default-src 'self'; script-src 'self' 'wasm-unsafe-eval' 'sha256-jJQsEbozXtUHEdHTFIjFNgcvlOgyf8B3HxTN7xghfLM='; worker-src 'self' blob:; style-src 'self' 'unsafe-inline'; img-src 'self' data: blob:; connect-src 'self'; object-src 'none'; base-uri 'self'; form-action 'self'",
2026-10-04T06:48:08.5594077Z       "transport": "meta"
2026-10-04T06:48:08.5595192Z     }
2026-10-04T06:48:08.5595444Z   },
2026-10-04T06:48:08.5595641Z   "httpAttempts": [],
2026-10-04T06:48:08.5595902Z   "pageErrors": [],
2026-10-04T06:48:08.5596123Z   "browser": "153.0.8010.12",
2026-10-04T06:48:08.5596360Z   "lazyTools": [
2026-10-04T06:48:08.5596558Z     {
2026-10-04T06:48:08.5596747Z       "tool": "assembly",
2026-10-04T06:48:08.5596971Z       "passed": true,
2026-10-04T06:48:08.5597184Z       "mountedHosts": 1,
2026-10-04T06:48:08.5597412Z       "reopened": true
2026-10-04T06:48:08.5597610Z     },
2026-10-04T06:48:08.5597778Z     {
2026-10-04T06:48:08.5597972Z       "tool": "disassembly",
2026-10-04T06:48:08.5598205Z       "passed": true,
2026-10-04T06:48:08.5598411Z       "mountedHosts": 1,
2026-10-04T06:48:08.5598635Z       "reopened": true
2026-10-04T06:48:08.5598829Z     },
2026-10-04T06:48:08.5598997Z     {
2026-10-04T06:48:08.5599175Z       "tool": "msbuild",
2026-10-04T06:48:08.5599391Z       "passed": true,
2026-10-04T06:48:08.5599596Z       "mountedHosts": 1,
2026-10-04T06:48:08.5599808Z       "reopened": true
2026-10-04T06:48:08.5600011Z     },
2026-10-04T06:48:08.5600175Z     {
2026-10-04T06:48:08.5600356Z       "tool": "wizard",
2026-10-04T06:48:08.5600571Z       "passed": true,
2026-10-04T06:48:08.5600773Z       "reopened": true
2026-10-04T06:48:08.5600968Z     },
2026-10-04T06:48:08.5601140Z     {
2026-10-04T06:48:08.5601314Z       "tool": "designer",
2026-10-04T06:48:08.5601533Z       "passed": true,
2026-10-04T06:48:08.5601734Z       "mountedHosts": 1,
2026-10-04T06:48:08.5601945Z       "reopened": true,
2026-10-04T06:48:08.5602188Z       "documentRetained": true
2026-10-04T06:48:08.5602426Z     }
2026-10-04T06:48:08.5602594Z   ],
2026-10-04T06:48:08.5602775Z   "lazyMeasurement": {
2026-10-04T06:48:08.5603185Z     "controllerConstructionCount": "unavailable: no public construction counter",
2026-10-04T06:48:08.5603770Z     "scriptEvaluationReduction": "not measured by this correctness workflow"
2026-10-04T06:48:08.5604145Z   }
2026-10-04T06:48:08.5604562Z }
2026-10-04T06:48:11.1452785Z {
2026-10-04T06:48:11.1453291Z   "status": "passed",
2026-10-04T06:48:11.1453802Z   "engine": "chromium",
2026-10-04T06:48:11.1454564Z   "passed": 12,
2026-10-04T06:48:11.1455007Z   "checks": [
2026-10-04T06:48:11.1455731Z     "completion renders kind/filter/docs and applies selected text",
2026-10-04T06:48:11.1456626Z     "completion Escape preserves typed text",
2026-10-04T06:48:11.1457454Z     "snippet fields mirror while typing and Tab advances without losing source",
2026-10-04T06:48:11.1458456Z     "inline rename previews/cancels exactly and commits across three real models",
2026-10-04T06:48:11.1459368Z     "code action preview is exact and does not mutate until Apply",
2026-10-04T06:48:11.1460258Z     "Quick Info combines signature, safe documentation and diagnostic quick fix",
2026-10-04T06:48:11.1460874Z     "parameter info highlights active argument and cycles overloads",
2026-10-04T06:48:11.1461476Z     "Peek Definition edits the target model and navigates multiple results",
2026-10-04T06:48:11.1462179Z     "native Find history combobox preserves source until regex capture replacement is applied",
2026-10-04T06:48:11.1462970Z     "incremental search restores its original caret on Escape",
2026-10-04T06:48:11.1463566Z     "inlay hints retain source offsets and CodeLens resolves once with actionable UI",
2026-10-04T06:48:11.1464203Z     "disposal removes every popup and produces no uncaught browser errors"
2026-10-04T06:48:11.1464956Z   ],
2026-10-04T06:48:11.1465163Z   "failure": null
2026-10-04T06:48:11.1465383Z }
2026-10-04T06:48:14.7464846Z {
2026-10-04T06:48:14.7465287Z   "status": "passed",
2026-10-04T06:48:14.7465701Z   "engine": "chromium",
2026-10-04T06:48:14.7466042Z   "passed": 3,
2026-10-04T06:48:14.7466352Z   "checks": [
2026-10-04T06:48:14.7466994Z     "selected Fix All family previews the complete batch and applies exact source edits",
2026-10-04T06:48:14.7468048Z     "bound type/comment/string live preview cancels to exact UTF-16/CRLF source and undo state",
2026-10-04T06:48:14.7469112Z     "parameter hints and provider invalidation preserve real source offsets and caret"
2026-10-04T06:48:14.7469772Z   ],
2026-10-04T06:48:14.7470071Z   "failure": null
2026-10-04T06:48:14.7470366Z }
2026-10-04T06:48:17.7323468Z {
2026-10-04T06:48:17.7323806Z   "status": "passed",
2026-10-04T06:48:17.7324133Z   "engine": "chromium",
2026-10-04T06:48:17.7324881Z   "passed": 9,
2026-10-04T06:48:17.7325169Z   "checks": [
2026-10-04T06:48:17.7325699Z     "native keydown/beforeinput edits the authoritative model and preserves graphemes",
2026-10-04T06:48:17.7326476Z     "500000 lines render bounded source-faithful rows with a bounded native input",
2026-10-04T06:48:17.7327215Z     "wrap, whitespace and zoom retain source while sharing layout metrics",
2026-10-04T06:48:17.7327935Z     "outlining hides logical ranges, navigation reveals them and margins track edits",
2026-10-04T06:48:17.7328716Z     "split views share undo/text, preserve independent carets and publish each edit once",
2026-10-04T06:48:17.7329401Z     "synthetic DOM composition stays transient and commits once",
2026-10-04T06:48:17.7330138Z     "native DOM bidi geometry supplies visual selections and caret movement",
2026-10-04T06:48:17.7330837Z     "ARIA diagnostics, forced colors, reduced motion and read-only state are wired",
2026-10-04T06:48:17.7331555Z     "complete disposal removes view/input/widgets with no uncaught browser errors"
2026-10-04T06:48:17.7332035Z   ],
2026-10-04T06:48:17.7332253Z   "failure": null,
2026-10-04T06:48:17.7332539Z   "nativeImeCertified": false,
2026-10-04T06:48:17.7332873Z   "screenReaderCertified": false
2026-10-04T06:48:17.7333166Z }
2026-10-04T06:48:18.0282259Z Node model 1024 bytes
2026-10-04T06:48:18.0809147Z Node model 1048576 bytes
2026-10-04T06:48:18.6552924Z Node model 10485760 bytes
2026-10-04T06:48:24.0095746Z Node model 104857600 bytes
2026-10-04T06:49:17.4427562Z Node retained memory 1024 bytes
2026-10-04T06:49:17.5535743Z Node retained memory 1048576 bytes
2026-10-04T06:49:17.9053746Z Node retained memory 10485760 bytes
2026-10-04T06:49:18.0850109Z Node retained memory 104857600 bytes
2026-10-04T06:49:19.9531365Z chromium DOM 1024 bytes
2026-10-04T06:49:28.8311760Z chromium DOM 1048576 bytes
2026-10-04T06:49:40.3138257Z chromium DOM 10485760 bytes
2026-10-04T06:49:56.1193283Z chromium DOM 104857600 bytes
2026-10-04T06:51:10.4018304Z chromium DOM 209715200 bytes
2026-10-04T06:53:50.6377272Z {
2026-10-04T06:53:50.6377711Z   "summary": [
2026-10-04T06:53:50.6378088Z     {
2026-10-04T06:53:50.6378442Z       "name": "cold-app-startup",
2026-10-04T06:53:50.6378974Z       "sessionId": "workbench",
2026-10-04T06:53:50.6379403Z       "count": 3,
2026-10-04T06:53:50.6380140Z       "p50": 2551.5,
2026-10-04T06:53:50.6380538Z       "p95": 2602.0999999999767,
2026-10-04T06:53:50.6380974Z       "p99": 2602.0999999999767
2026-10-04T06:53:50.6381356Z     },
2026-10-04T06:53:50.6381650Z     {
2026-10-04T06:53:50.6382018Z       "name": "workspace-startup",
2026-10-04T06:53:50.6382495Z       "sessionId": "workbench",
2026-10-04T06:53:50.6382894Z       "count": 3,
2026-10-04T06:53:50.6383142Z       "p50": 2155.5,
2026-10-04T06:53:50.6383561Z       "p95": 2157.3000000000466,
2026-10-04T06:53:50.6383836Z       "p99": 2157.3000000000466
2026-10-04T06:53:50.6384061Z     },
2026-10-04T06:53:50.6384238Z     {
2026-10-04T06:53:50.6385122Z       "name": "document-switch",
2026-10-04T06:53:50.6385415Z       "sessionId": "workbench",
2026-10-04T06:53:50.6385803Z       "count": 60,
2026-10-04T06:53:50.6386050Z       "p50": 100.90000000002328,
2026-10-04T06:53:50.6386310Z       "p95": 139.69999999995343,
2026-10-04T06:53:50.6386567Z       "p99": 163.40000000002328
2026-10-04T06:53:50.6386805Z     },
2026-10-04T06:53:50.6386981Z     {
2026-10-04T06:53:50.6387203Z       "name": "tool-activation",
2026-10-04T06:53:50.6387484Z       "sessionId": "workbench",
2026-10-04T06:53:50.6387723Z       "count": 60,
2026-10-04T06:53:50.6387948Z       "p50": 33.300000000046566,
2026-10-04T06:53:50.6388201Z       "p95": 55.40000000002328,
2026-10-04T06:53:50.6388434Z       "p99": 83.5
2026-10-04T06:53:50.6388628Z     }
2026-10-04T06:53:50.6388808Z   ],
2026-10-04T06:53:50.6389003Z   "mode": "compare",
2026-10-04T06:53:50.6389233Z   "absolutePassed": true,
2026-10-04T06:53:50.6389492Z   "regressionVerdict": true,
2026-10-04T06:53:50.6389735Z   "failures": []
2026-10-04T06:53:50.6389935Z }
2026-10-04T06:54:11.1387269Z {
2026-10-04T06:54:11.1387699Z   "captureStatus": "completed",
2026-10-04T06:54:11.1388016Z   "assessment": {
2026-10-04T06:54:11.1388270Z     "absolutePassed": true,
2026-10-04T06:54:11.1388536Z     "failures": [],
2026-10-04T06:54:11.1388799Z     "regressionVerdict": null,
2026-10-04T06:54:11.1389159Z     "physicalFrameRateCertified": false,
2026-10-04T06:54:11.1389484Z     "safariCertified": false
2026-10-04T06:54:11.1389735Z   },
2026-10-04T06:54:11.1389935Z   "failure": null,
2026-10-04T06:54:11.1390492Z   "trace": "/home/runner/work/SharpForge/SharpForge/artifacts/results/project16/editor-ui-budgets.json"
2026-10-04T06:54:11.1391033Z }
2026-10-04T06:54:33.5881466Z {
2026-10-04T06:54:33.5881956Z   "status": "passed",
2026-10-04T06:54:33.5882380Z   "issue": 1513,
2026-10-04T06:54:33.5882739Z   "engine": "chromium",
2026-10-04T06:54:33.5883150Z   "host": "Linux-6.17.0-1022-azure-x86_64-with-glibc2.39",
2026-10-04T06:54:33.5883885Z   "sourceSha": "25ef23b0fb86eb3be4151492c2ef6bbc51f0a82e",
2026-10-04T06:54:33.5884970Z   "sourceTree": "a0922a5f98e4ce38cd377d109a083a1da77df9a1",
2026-10-04T06:54:33.5885752Z   "input": "synthetic File/Blob assigned through DataTransfer to the real Studio file-input change handler",
2026-10-04T06:54:33.5886363Z   "limits": [
2026-10-04T06:54:33.5886740Z     "No OS file chooser or native file permission claim",
2026-10-04T06:54:33.5887181Z     "No physical disk throughput claim",
2026-10-04T06:54:33.5887566Z     "No cross-application clipboard claim",
2026-10-04T06:54:33.5888160Z     "Functional case; latency budgets belong to the existing editor benchmark"
2026-10-04T06:54:33.5888624Z   ],
2026-10-04T06:54:33.5888844Z   "pageErrors": [],
2026-10-04T06:54:33.5889107Z   "consoleErrors": [],
2026-10-04T06:54:33.5889452Z   "browserVersion": "153.0.8010.12",
2026-10-04T06:54:33.5889753Z   "fixture": {
2026-10-04T06:54:33.5889992Z     "sizeBytes": 209715200,
2026-10-04T06:54:33.5890278Z     "originalSourceCount": 2,
2026-10-04T06:54:33.5890576Z     "expectedSourceCount": 3,
2026-10-04T06:54:33.5890869Z     "expectedLines": 204803,
2026-10-04T06:54:33.5891183Z     "reusedChunkBytes": 262144,
2026-10-04T06:54:33.5891476Z     "blobPartCount": 802
2026-10-04T06:54:33.5891727Z   },
2026-10-04T06:54:33.5891936Z   "opened": {
2026-10-04T06:54:33.5892510Z     "elapsedMs": 7278.899999999907,
2026-10-04T06:54:33.5892806Z     "sourceCount": 3,
2026-10-04T06:54:33.5893070Z     "byteLength": 209715200,
2026-10-04T06:54:33.5893373Z     "sourceLength": 209715200,
2026-10-04T06:54:33.5893657Z     "lineCount": 204803,
2026-10-04T06:54:33.5893959Z     "uri": "A20StudioLargeFile.cs",
2026-10-04T06:54:33.5894617Z     "active": "A20StudioLargeFile.cs",
2026-10-04T06:54:33.5895026Z     "encoding": "utf-8",
2026-10-04T06:54:33.5895291Z     "bom": false,
2026-10-04T06:54:33.5895729Z     "originalSource": true,
2026-10-04T06:54:33.5896020Z     "ownedSource": true,
2026-10-04T06:54:33.5896268Z     "sharedModel": true,
2026-10-04T06:54:33.5896488Z     "versionMatches": true,
2026-10-04T06:54:33.5896722Z     "retainedSiblings": true,
2026-10-04T06:54:33.5896971Z     "prefixMatches": true,
2026-10-04T06:54:33.5897198Z     "suffixMatches": true,
2026-10-04T06:54:33.5897446Z     "textMaterialized": false,
2026-10-04T06:54:33.5897679Z     "largeFile": true,
2026-10-04T06:54:33.5897898Z     "dirty": false,
2026-10-04T06:54:33.5898116Z     "selectionConsumed": true
2026-10-04T06:54:33.5898348Z   },
2026-10-04T06:54:33.5898524Z   "viewports": [
2026-10-04T06:54:33.5898713Z     {
2026-10-04T06:54:33.5898892Z       "end": false,
2026-10-04T06:54:33.5899104Z       "offset": 0,
2026-10-04T06:54:33.5899309Z       "caret": 0,
2026-10-04T06:54:33.5899514Z       "targetLine": 0,
2026-10-04T06:54:33.5899731Z       "firstLine": 0,
2026-10-04T06:54:33.5899942Z       "lastLine": 29,
2026-10-04T06:54:33.5900168Z       "targetVisible": true,
2026-10-04T06:54:33.5900395Z       "rows": 30,
2026-10-04T06:54:33.5900633Z       "renderedCharacters": 29694,
2026-10-04T06:54:33.5900886Z       "scrollTop": 0,
2026-10-04T06:54:33.5901123Z       "nativeContextLength": 1024,
2026-10-04T06:54:33.5901399Z       "viewportVisible": true,
2026-10-04T06:54:33.5901664Z       "textMaterialized": false
2026-10-04T06:54:33.5901898Z     },
2026-10-04T06:54:33.5902074Z     {
2026-10-04T06:54:33.5902247Z       "end": true,
2026-10-04T06:54:33.5902455Z       "offset": 209715174,
2026-10-04T06:54:33.5902673Z       "caret": 209715174,
2026-10-04T06:54:33.5903040Z       "targetLine": 204801,
2026-10-04T06:54:33.5903483Z       "firstLine": 204790,
2026-10-04T06:54:33.5915094Z       "lastLine": 204802,
2026-10-04T06:54:33.5915371Z       "targetVisible": true,
2026-10-04T06:54:33.5915683Z       "rows": 13,
2026-10-04T06:54:33.5916121Z       "renderedCharacters": 11224,
2026-10-04T06:54:33.5916492Z       "scrollTop": 4505485,
2026-10-04T06:54:33.5916911Z       "nativeContextLength": 1050,
2026-10-04T06:54:33.5917277Z       "viewportVisible": true,
2026-10-04T06:54:33.5917569Z       "textMaterialized": false
2026-10-04T06:54:33.5917814Z     }
2026-10-04T06:54:33.5917990Z   ],
2026-10-04T06:54:33.5918169Z   "editing": {
2026-10-04T06:54:33.5918365Z     "edited": {
2026-10-04T06:54:33.5918579Z       "length": 209715201,
2026-10-04T06:54:33.5918800Z       "version": 2,
2026-10-04T06:54:33.5919001Z       "dirty": true,
2026-10-04T06:54:33.5919222Z       "insertion": "X/",
2026-10-04T06:54:33.5919449Z       "sameModel": true,
2026-10-04T06:54:33.5919671Z       "sameRecord": true,
2026-10-04T06:54:33.5919932Z       "textMaterialized": false
2026-10-04T06:54:33.5920171Z     },
2026-10-04T06:54:33.5920350Z     "restored": {
2026-10-04T06:54:33.5920552Z       "length": 209715200,
2026-10-04T06:54:33.5920767Z       "version": 3,
2026-10-04T06:54:33.5920967Z       "dirty": false,
2026-10-04T06:54:33.5921187Z       "suffixMatches": true,
2026-10-04T06:54:33.5921435Z       "prefixMatches": true,
2026-10-04T06:54:33.5921668Z       "sourceCount": 3,
2026-10-04T06:54:33.5921886Z       "sameModel": true,
2026-10-04T06:54:33.5922127Z       "textMaterialized": false
2026-10-04T06:54:33.5922354Z     },
2026-10-04T06:54:33.5922543Z     "undoKey": "Control+z"
2026-10-04T06:54:33.5922761Z   },
2026-10-04T06:54:33.5922937Z   "disposal": {
2026-10-04T06:54:33.5923166Z     "documentsDisposed": true,
2026-10-04T06:54:33.5923412Z     "editorDisposed": true,
2026-10-04T06:54:33.5923882Z     "records": 0,
2026-10-04T06:54:33.5924077Z     "models": 0,
2026-10-04T06:54:33.5924269Z     "views": 0,
2026-10-04T06:54:33.5924846Z     "renderedRows": 0,
2026-10-04T06:54:33.5925124Z     "disposedModelRejectsMutation": true
2026-10-04T06:54:33.5925400Z   }
2026-10-04T06:54:33.5925568Z }
2026-10-04T06:56:17.0717618Z {
2026-10-04T06:56:17.0718101Z   "captureStatus": "completed",
2026-10-04T06:56:17.0718586Z   "assessment": {
2026-10-04T06:56:17.0718955Z     "passed": true,
2026-10-04T06:56:17.0719612Z     "budgetPercent": 1,
2026-10-04T06:56:17.0719952Z     "overheadPercent": -0.5070874313119528,
2026-10-04T06:56:17.0720315Z     "enabledMs": 25310.399999997113,
2026-10-04T06:56:17.0720636Z     "disabledMs": 25439.399999998277,
2026-10-04T06:56:17.0720955Z     "deltaMs": -129.00000000116415,
2026-10-04T06:56:17.0721240Z     "pairs": [
2026-10-04T06:56:17.0721454Z       {
2026-10-04T06:56:17.0721659Z         "pair": 0,
2026-10-04T06:56:17.0721928Z         "enabledMs": 2137.6999999999534,
2026-10-04T06:56:17.0722267Z         "disabledMs": 2169.2000000003027,
2026-10-04T06:56:17.0722591Z         "deltaMs": -31.500000000349246,
2026-10-04T06:56:17.0722926Z         "overheadPercent": -1.4521482574379887
2026-10-04T06:56:17.0723224Z       },
2026-10-04T06:56:17.0723419Z       {
2026-10-04T06:56:17.0723615Z         "pair": 1,
2026-10-04T06:56:17.0723871Z         "enabledMs": 2139.1999999999534,
2026-10-04T06:56:17.0724188Z         "disabledMs": 2114.79999999993,
2026-10-04T06:56:17.0724918Z         "deltaMs": 24.400000000023283,
2026-10-04T06:56:17.0725280Z         "overheadPercent": 1.153773406469836
2026-10-04T06:56:17.0725614Z       },
2026-10-04T06:56:17.0725806Z       {
2026-10-04T06:56:17.0726001Z         "pair": 2,
2026-10-04T06:56:17.0726284Z         "enabledMs": 2160.899999999674,
2026-10-04T06:56:17.0726633Z         "disabledMs": 2129.6999999997206,
2026-10-04T06:56:17.0726963Z         "deltaMs": 31.199999999953434,
2026-10-04T06:56:17.0727330Z         "overheadPercent": 1.4649950697261362
2026-10-04T06:56:17.0727632Z       },
2026-10-04T06:56:17.0727820Z       {
2026-10-04T06:56:17.0728018Z         "pair": 3,
2026-10-04T06:56:17.0728277Z         "enabledMs": 2180.6000000002095,
2026-10-04T06:56:17.0728602Z         "disabledMs": 2127.899999999325,
2026-10-04T06:56:17.0728925Z         "deltaMs": 52.700000000884756,
2026-10-04T06:56:17.0729250Z         "overheadPercent": 2.4766201419663276
2026-10-04T06:56:17.0729540Z       },
2026-10-04T06:56:17.0729733Z       {
2026-10-04T06:56:17.0729930Z         "pair": 4,
2026-10-04T06:56:17.0730156Z         "enabledMs": 2108.699999999255,
2026-10-04T06:56:17.0730442Z         "disabledMs": 2134.600000000093,
2026-10-04T06:56:17.0730720Z         "deltaMs": -25.90000000083819,
2026-10-04T06:56:17.0731010Z         "overheadPercent": -1.2133420781803177
2026-10-04T06:56:17.0731275Z       },
2026-10-04T06:56:17.0731442Z       {
2026-10-04T06:56:17.0731620Z         "pair": 5,
2026-10-04T06:56:17.0731848Z         "enabledMs": 2066.7999999994645,
2026-10-04T06:56:17.0732128Z         "disabledMs": 2116.399999999674,
2026-10-04T06:56:17.0732403Z         "deltaMs": -49.60000000020955,
2026-10-04T06:56:17.0732689Z         "overheadPercent": -2.3436023436126057
2026-10-04T06:56:17.0732947Z       },
2026-10-04T06:56:17.0733111Z       {
2026-10-04T06:56:17.0733288Z         "pair": 6,
2026-10-04T06:56:17.0733510Z         "enabledMs": 2058.6999999997206,
2026-10-04T06:56:17.0733786Z         "disabledMs": 2059.099999999744,
2026-10-04T06:56:17.0734066Z         "deltaMs": -0.40000000002328306,
2026-10-04T06:56:17.0734643Z         "overheadPercent": -0.019425962800414396
2026-10-04T06:56:17.0734930Z       },
2026-10-04T06:56:17.0735102Z       {
2026-10-04T06:56:17.0735271Z         "pair": 7,
2026-10-04T06:56:17.0735494Z         "enabledMs": 2071.0000000001164,
2026-10-04T06:56:17.0735772Z         "disabledMs": 2125.7999999998137,
2026-10-04T06:56:17.0736051Z         "deltaMs": -54.79999999969732,
2026-10-04T06:56:17.0736336Z         "overheadPercent": -2.577853043546059
2026-10-04T06:56:17.0736820Z       },
2026-10-04T06:56:17.0736988Z       {
2026-10-04T06:56:17.0737158Z         "pair": 8,
2026-10-04T06:56:17.0737419Z         "enabledMs": 2146.099999999744,
2026-10-04T06:56:17.0737695Z         "disabledMs": 2182.900000000489,
2026-10-04T06:56:17.0738015Z         "deltaMs": -36.80000000074506,
2026-10-04T06:56:17.0738301Z         "overheadPercent": -1.685830775607532
2026-10-04T06:56:17.0738560Z       },
2026-10-04T06:56:17.0738725Z       {
2026-10-04T06:56:17.0738895Z         "pair": 9,
2026-10-04T06:56:17.0739242Z         "enabledMs": 2117.099999999278,
2026-10-04T06:56:17.0739528Z         "disabledMs": 2108.29999999993,
2026-10-04T06:56:17.0739830Z         "deltaMs": 8.799999999348074,
2026-10-04T06:56:17.0740123Z         "overheadPercent": 0.41739790349325834
2026-10-04T06:56:17.0740404Z       },
2026-10-04T06:56:17.0740577Z       {
2026-10-04T06:56:17.0740753Z         "pair": 10,
2026-10-04T06:56:17.0740980Z         "enabledMs": 2066.900000000256,
2026-10-04T06:56:17.0741253Z         "disabledMs": 2088.599999999511,
2026-10-04T06:56:17.0741537Z         "deltaMs": -21.699999999254942,
2026-10-04T06:56:17.0741849Z         "overheadPercent": -1.0389734750196313
2026-10-04T06:56:17.0742130Z       },
2026-10-04T06:56:17.0742317Z       {
2026-10-04T06:56:17.0742507Z         "pair": 11,
2026-10-04T06:56:17.0742735Z         "enabledMs": 2056.6999999994878,
2026-10-04T06:56:17.0743042Z         "disabledMs": 2082.099999999744,
2026-10-04T06:56:17.0743317Z         "deltaMs": -25.400000000256114,
2026-10-04T06:56:17.0743632Z         "overheadPercent": -1.2199221939512626
2026-10-04T06:56:17.0743908Z       }
2026-10-04T06:56:17.0744073Z     ],
2026-10-04T06:56:17.0744255Z     "diagnostics": [
2026-10-04T06:56:17.0744732Z       {
2026-10-04T06:56:17.0744948Z         "operation": "startup",
2026-10-04T06:56:17.0745236Z         "enabled": {
2026-10-04T06:56:17.0745472Z           "p50Ms": 1358.5,
2026-10-04T06:56:17.0745831Z           "p95Ms": 1408.2000000000698,
2026-10-04T06:56:17.0746320Z           "p99Ms": 1408.2000000000698,
2026-10-04T06:56:17.0746633Z           "minMs": 1329.7999999999302,
2026-10-04T06:56:17.0746900Z           "maxMs": 1408.2000000000698,
2026-10-04T06:56:17.0747163Z           "count": 12
2026-10-04T06:56:17.0747377Z         },
2026-10-04T06:56:17.0747560Z         "disabled": {
2026-10-04T06:56:17.0747787Z           "p50Ms": 1365.7999999999302,
2026-10-04T06:56:17.0748081Z           "p95Ms": 1427.9000000000233,
2026-10-04T06:56:17.0748361Z           "p99Ms": 1427.9000000000233,
2026-10-04T06:56:17.0748635Z           "minMs": 1329.1999999999534,
2026-10-04T06:56:17.0748920Z           "maxMs": 1427.9000000000233,
2026-10-04T06:56:17.0749185Z           "count": 12
2026-10-04T06:56:17.0749384Z         },
2026-10-04T06:56:17.0749634Z         "enabledTotalMs": 16404.999999999884,
2026-10-04T06:56:17.0749966Z         "disabledTotalMs": 16486.499999999884,
2026-10-04T06:56:17.0750302Z         "overheadPercent": -0.49434385709520257,
2026-10-04T06:56:17.0750628Z         "zeroDenominator": false
2026-10-04T06:56:17.0750881Z       },
2026-10-04T06:56:17.0751057Z       {
2026-10-04T06:56:17.0751292Z         "operation": "document-switch",
2026-10-04T06:56:17.0751569Z         "enabled": {
2026-10-04T06:56:17.0751798Z           "p50Ms": 18.599999999976717,
2026-10-04T06:56:17.0752082Z           "p95Ms": 25.199999999953434,
2026-10-04T06:56:17.0752366Z           "p99Ms": 33.199999999953434,
2026-10-04T06:56:17.0752631Z           "minMs": 15.099999999976717,
2026-10-04T06:56:17.0752924Z           "maxMs": 39.40000000002328,
2026-10-04T06:56:17.0753164Z           "count": 384
2026-10-04T06:56:17.0753364Z         },
2026-10-04T06:56:17.0753543Z         "disabled": {
2026-10-04T06:56:17.0753769Z           "p50Ms": 18.699999999953434,
2026-10-04T06:56:17.0754039Z           "p95Ms": 25.900000000023283,
2026-10-04T06:56:17.0754546Z           "p99Ms": 31.20000000006985,
2026-10-04T06:56:17.0754804Z           "minMs": 15.5,
2026-10-04T06:56:17.0755046Z           "maxMs": 39.199999999953434,
2026-10-04T06:56:17.0755454Z           "count": 384
2026-10-04T06:56:17.0755648Z         },
2026-10-04T06:56:17.0755868Z         "enabledTotalMs": 7341.2999999983,
2026-10-04T06:56:17.0756168Z         "disabledTotalMs": 7400.799999999581,
2026-10-04T06:56:17.0756504Z         "overheadPercent": -0.8039671387050581,
2026-10-04T06:56:17.0756811Z         "zeroDenominator": false
2026-10-04T06:56:17.0757064Z       },
2026-10-04T06:56:17.0757250Z       {
2026-10-04T06:56:17.0757472Z         "operation": "tool-activation",
2026-10-04T06:56:17.0757866Z         "enabled": {
2026-10-04T06:56:17.0758101Z           "p50Ms": 12.79999999993015,
2026-10-04T06:56:17.0758365Z           "p95Ms": 14.70000000006985,
2026-10-04T06:56:17.0758623Z           "p99Ms": 14.900000000023283,
2026-10-04T06:56:17.0758859Z           "minMs": 10,
2026-10-04T06:56:17.0759119Z           "maxMs": 14.900000000023283,
2026-10-04T06:56:17.0759357Z           "count": 36
2026-10-04T06:56:17.0759550Z         },
2026-10-04T06:56:17.0759725Z         "disabled": {
2026-10-04T06:56:17.0759979Z           "p50Ms": 13.29999999993015,
2026-10-04T06:56:17.0760261Z           "p95Ms": 14.79999999993015,
2026-10-04T06:56:17.0760505Z           "p99Ms": 15.5,
2026-10-04T06:56:17.0760760Z           "minMs": 9.900000000023283,
2026-10-04T06:56:17.0761000Z           "maxMs": 15.5,
2026-10-04T06:56:17.0761208Z           "count": 36
2026-10-04T06:56:17.0761420Z         },
2026-10-04T06:56:17.0761670Z         "enabledTotalMs": 453.79999999993015,
2026-10-04T06:56:17.0762006Z         "disabledTotalMs": 470.90000000037253,
2026-10-04T06:56:17.0762341Z         "overheadPercent": -3.6313442345357507,
2026-10-04T06:56:17.0762657Z         "zeroDenominator": false
2026-10-04T06:56:17.0762906Z       },
2026-10-04T06:56:17.0763079Z       {
2026-10-04T06:56:17.0763309Z         "operation": "command",
2026-10-04T06:56:17.0763561Z         "enabled": {
2026-10-04T06:56:17.0763792Z           "p50Ms": 0.09999999997671694,
2026-10-04T06:56:17.0764093Z           "p95Ms": 0.19999999995343387,
2026-10-04T06:56:17.0764587Z           "p99Ms": 0.5,
2026-10-04T06:56:17.0764805Z           "minMs": 0,
2026-10-04T06:56:17.0765058Z           "maxMs": 0.7000000000698492,
2026-10-04T06:56:17.0765302Z           "count": 768
2026-10-04T06:56:17.0765527Z         },
2026-10-04T06:56:17.0765707Z         "disabled": {
2026-10-04T06:56:17.0765926Z           "p50Ms": 0,
2026-10-04T06:56:17.0766171Z           "p95Ms": 0.10000000009313226,
2026-10-04T06:56:17.0766442Z           "p99Ms": 0.5,
2026-10-04T06:56:17.0766651Z           "minMs": 0,
2026-10-04T06:56:17.0766900Z           "maxMs": 0.6999999999534339,
2026-10-04T06:56:17.0767161Z           "count": 768
2026-10-04T06:56:17.0767372Z         },
2026-10-04T06:56:17.0767596Z         "enabledTotalMs": 48.69999999983702,
2026-10-04T06:56:17.0767910Z         "disabledTotalMs": 45,
2026-10-04T06:56:17.0768206Z         "overheadPercent": 8.222222221860042,
2026-10-04T06:56:17.0768528Z         "zeroDenominator": false
2026-10-04T06:56:17.0768781Z       },
2026-10-04T06:56:17.0768950Z       {
2026-10-04T06:56:17.0769196Z         "operation": "trusted-key-input",
2026-10-04T06:56:17.0769501Z         "enabled": {
2026-10-04T06:56:17.0769727Z           "p50Ms": 2,
2026-10-04T06:56:17.0769960Z           "p95Ms": 3.599999999976717,
2026-10-04T06:56:17.0770249Z           "p99Ms": 22.600000000093132,
2026-10-04T06:56:17.0770539Z           "minMs": 1.400000000023283,
2026-10-04T06:56:17.0770822Z           "maxMs": 23.399999999906868,
2026-10-04T06:56:17.0771090Z           "count": 384
2026-10-04T06:56:17.0771287Z         },
2026-10-04T06:56:17.0771486Z         "disabled": {
2026-10-04T06:56:17.0771706Z           "p50Ms": 2,
2026-10-04T06:56:17.0771949Z           "p95Ms": 3.599999999976717,
2026-10-04T06:56:17.0772211Z           "p99Ms": 22.699999999953434,
2026-10-04T06:56:17.0772476Z           "minMs": 1.5,
2026-10-04T06:56:17.0772705Z           "maxMs": 23,
2026-10-04T06:56:17.0772926Z           "count": 384
2026-10-04T06:56:17.0773121Z         },
2026-10-04T06:56:17.0773364Z         "enabledTotalMs": 1061.5999999991618,
2026-10-04T06:56:17.0773847Z         "disabledTotalMs": 1036.19999999844,
2026-10-04T06:56:17.0774179Z         "overheadPercent": 2.4512642347770712,
2026-10-04T06:56:17.0774728Z         "zeroDenominator": false
2026-10-04T06:56:17.0774966Z       }
2026-10-04T06:56:17.0775159Z     ],
2026-10-04T06:56:17.0775577Z     "gate": "ratio of paired sums of the identical measured workload; strictly less than 1%",
2026-10-04T06:56:17.0776486Z     "interpretation": "One bounded shared-host observation; not statistical proof. All raw samples retained."
2026-10-04T06:56:17.0777023Z   }
2026-10-04T06:56:17.0777191Z }
2026-10-04T06:57:31.5297668Z {
2026-10-04T06:57:31.5298167Z   "captureStatus": "completed",
2026-10-04T06:57:31.5298600Z   "assessment": {
2026-10-04T06:57:31.5298834Z     "passed": true,
2026-10-04T06:57:31.5299322Z     "gate": "paired aggregate eager ScriptDuration is strictly greater than lazy ScriptDuration",
2026-10-04T06:57:31.5299802Z     "eagerMs": 1615.513,
2026-10-04T06:57:31.5300081Z     "lazyMs": 1588.0179999999998,
2026-10-04T06:57:31.5300342Z     "savedMs": 27.49500000000012,
2026-10-04T06:57:31.5300624Z     "reductionPercent": 1.701936165168595,
2026-10-04T06:57:31.5300894Z     "pairs": [
2026-10-04T06:57:31.5301088Z       {
2026-10-04T06:57:31.5301270Z         "pair": 0,
2026-10-04T06:57:31.5301497Z         "lazyMs": 137.87199999999999,
2026-10-04T06:57:31.5301799Z         "eagerMs": 130.932,
2026-10-04T06:57:31.5302097Z         "savedMs": -6.939999999999998,
2026-10-04T06:57:31.5302426Z         "reductionPercent": -5.300461308159959
2026-10-04T06:57:31.5302714Z       },
2026-10-04T06:57:31.5302888Z       {
2026-10-04T06:57:31.5303065Z         "pair": 1,
2026-10-04T06:57:31.5303267Z         "lazyMs": 134.45,
2026-10-04T06:57:31.5303493Z         "eagerMs": 137.231,
2026-10-04T06:57:31.5303756Z         "savedMs": 2.781000000000006,
2026-10-04T06:57:31.5304052Z         "reductionPercent": 2.026510045106431
2026-10-04T06:57:31.5304527Z       },
2026-10-04T06:57:31.5304713Z       {
2026-10-04T06:57:31.5304898Z         "pair": 2,
2026-10-04T06:57:31.5305102Z         "lazyMs": 128.413,
2026-10-04T06:57:31.5305354Z         "eagerMs": 130.36700000000002,
2026-10-04T06:57:31.5305632Z         "savedMs": 1.9540000000000077,
2026-10-04T06:57:31.5305919Z         "reductionPercent": 1.4988455667461915
2026-10-04T06:57:31.5306183Z       },
2026-10-04T06:57:31.5306352Z       {
2026-10-04T06:57:31.5306524Z         "pair": 3,
2026-10-04T06:57:31.5306727Z         "lazyMs": 138.997,
2026-10-04T06:57:31.5306958Z         "eagerMs": 139.417,
2026-10-04T06:57:31.5307207Z         "savedMs": 0.4199999999999875,
2026-10-04T06:57:31.5307497Z         "reductionPercent": 0.3012545098517308
2026-10-04T06:57:31.5307753Z       },
2026-10-04T06:57:31.5307921Z       {
2026-10-04T06:57:31.5308094Z         "pair": 4,
2026-10-04T06:57:31.5308299Z         "lazyMs": 130.163,
2026-10-04T06:57:31.5308515Z         "eagerMs": 134.486,
2026-10-04T06:57:31.5308759Z         "savedMs": 4.322999999999979,
2026-10-04T06:57:31.5309055Z         "reductionPercent": 3.2144609847865055
2026-10-04T06:57:31.5309313Z       },
2026-10-04T06:57:31.5309478Z       {
2026-10-04T06:57:31.5309653Z         "pair": 5,
2026-10-04T06:57:31.5309849Z         "lazyMs": 130.66,
2026-10-04T06:57:31.5310065Z         "eagerMs": 142.657,
2026-10-04T06:57:31.5310307Z         "savedMs": 11.997000000000014,
2026-10-04T06:57:31.5310590Z         "reductionPercent": 8.40968196443218
2026-10-04T06:57:31.5310851Z       },
2026-10-04T06:57:31.5311015Z       {
2026-10-04T06:57:31.5311191Z         "pair": 6,
2026-10-04T06:57:31.5311385Z         "lazyMs": 127.187,
2026-10-04T06:57:31.5311654Z         "eagerMs": 133.09099999999998,
2026-10-04T06:57:31.5311930Z         "savedMs": 5.903999999999982,
2026-10-04T06:57:31.5312219Z         "reductionPercent": 4.436062543673113
2026-10-04T06:57:31.5312474Z       },
2026-10-04T06:57:31.5312639Z       {
2026-10-04T06:57:31.5312808Z         "pair": 7,
2026-10-04T06:57:31.5313051Z         "lazyMs": 136.73499999999999,
2026-10-04T06:57:31.5313654Z         "eagerMs": 129.212,
2026-10-04T06:57:31.5313926Z         "savedMs": -7.522999999999996,
2026-10-04T06:57:31.5314223Z         "reductionPercent": -5.822214654985602
2026-10-04T06:57:31.5314661Z       },
2026-10-04T06:57:31.5314828Z       {
2026-10-04T06:57:31.5314999Z         "pair": 8,
2026-10-04T06:57:31.5315198Z         "lazyMs": 131.246,
2026-10-04T06:57:31.5315441Z         "eagerMs": 138.127,
2026-10-04T06:57:31.5315674Z         "savedMs": 6.881,
2026-10-04T06:57:31.5316103Z         "reductionPercent": 4.981647324563626
2026-10-04T06:57:31.5316390Z       },
2026-10-04T06:57:31.5316559Z       {
2026-10-04T06:57:31.5316734Z         "pair": 9,
2026-10-04T06:57:31.5316957Z         "lazyMs": 137.97799999999998,
2026-10-04T06:57:31.5317231Z         "eagerMs": 133.692,
2026-10-04T06:57:31.5317503Z         "savedMs": -4.285999999999973,
2026-10-04T06:57:31.5317820Z         "reductionPercent": -3.2058761930407
2026-10-04T06:57:31.5318094Z       },
2026-10-04T06:57:31.5318258Z       {
2026-10-04T06:57:31.5318460Z         "pair": 10,
2026-10-04T06:57:31.5318703Z         "lazyMs": 125.29399999999998,
2026-10-04T06:57:31.5318989Z         "eagerMs": 127.62299999999999,
2026-10-04T06:57:31.5319290Z         "savedMs": 2.3290000000000077,
2026-10-04T06:57:31.5319599Z         "reductionPercent": 1.8249061689507438
2026-10-04T06:57:31.5319880Z       },
2026-10-04T06:57:31.5320091Z       {
2026-10-04T06:57:31.5320297Z         "pair": 11,
2026-10-04T06:57:31.5320542Z         "lazyMs": 129.023,
2026-10-04T06:57:31.5320813Z         "eagerMs": 138.678,
2026-10-04T06:57:31.5321105Z         "savedMs": 9.655000000000001,
2026-10-04T06:57:31.5321442Z         "reductionPercent": 6.962171360994534
2026-10-04T06:57:31.5321746Z       }
2026-10-04T06:57:31.5321939Z     ],
2026-10-04T06:57:31.5322127Z     "dispersion": {
2026-10-04T06:57:31.5322345Z       "positivePairs": 9,
2026-10-04T06:57:31.5322575Z       "zeroPairs": 0,
2026-10-04T06:57:31.5322804Z       "negativePairs": 3,
2026-10-04T06:57:31.5323106Z       "minMs": -7.522999999999996,
2026-10-04T06:57:31.5323403Z       "maxMs": 11.997000000000014,
2026-10-04T06:57:31.5323676Z       "meanMs": 2.29125000000001,
2026-10-04T06:57:31.5323960Z       "medianMs": 2.555000000000007,
2026-10-04T06:57:31.5324504Z       "populationStandardDeviationMs": 5.883058050098886
2026-10-04T06:57:31.5324842Z     },
2026-10-04T06:57:31.5325943Z     "uncertainty": "Untrimmed single shared-host observation; positive aggregate is not statistical proof. CDP/OS clock quantization is unknown; no zero/noise observations are discarded. No historical, worker CPU, paint, or wall-startup speedup claim."
2026-10-04T06:57:31.5327005Z   }
2026-10-04T06:57:31.5327174Z }
2026-10-04T06:57:31.6028130Z ##[error]Process completed with exit code 1.
2026-10-04T06:57:31.6080936Z ##[group]Run import json
2026-10-04T06:57:31.6081249Z [36;1mimport json[0m
2026-10-04T06:57:31.6081465Z [36;1mimport os[0m
2026-10-04T06:57:31.6081685Z [36;1mfrom pathlib import Path[0m
2026-10-04T06:57:31.6082016Z [36;1moutput = Path(os.environ['SHARPFORGE_RESULTS_DIR'])[0m
2026-10-04T06:57:31.6082408Z [36;1moutput.mkdir(parents=True, exist_ok=True)[0m
2026-10-04T06:57:31.6082753Z [36;1m(output / 'source.json').write_text(json.dumps({[0m
2026-10-04T06:57:31.6083126Z [36;1m    'sourceSha': os.environ['QUALIFICATION_SOURCE_SHA'],[0m
2026-10-04T06:57:31.6083529Z [36;1m    'sourceTree': os.environ['QUALIFICATION_SOURCE_TREE'],[0m
2026-10-04T06:57:31.6083931Z [36;1m    'trigger': os.environ['QUALIFICATION_TRIGGER_EVENT'],[0m
2026-10-04T06:57:31.6084989Z [36;1m    'triggerRef': os.environ['QUALIFICATION_TRIGGER_REF'],[0m
2026-10-04T06:57:31.6085500Z [36;1m    'triggerNonce': os.environ['QUALIFICATION_TRIGGER_NONCE'] or None,[0m
2026-10-04T06:57:31.6086025Z [36;1m    'captureOnly': os.environ['QUALIFICATION_CAPTURE_ONLY'] == 'true',[0m
2026-10-04T06:57:31.6086531Z [36;1m    'baselineProfile': os.environ['QUALIFICATION_BASELINE_PROFILE'] or None,[0m
2026-10-04T06:57:31.6086996Z [36;1m    'workflowRunId': os.environ['GITHUB_RUN_ID'],[0m
2026-10-04T06:57:31.6087547Z [36;1m    'stage': os.environ['QUALIFICATION_STAGE'],[0m
2026-10-04T06:57:31.6087911Z [36;1m    'engine': os.environ['SHARPFORGE_BROWSER_ENGINE'],[0m
2026-10-04T06:57:31.6088256Z [36;1m    'runner': os.environ['RUNNER_OS'],[0m
2026-10-04T06:57:31.6088596Z [36;1m    'runnerLabel': os.environ['QUALIFICATION_RUNNER'],[0m
2026-10-04T06:57:31.6089027Z [36;1m    'editorBaseline': os.environ['SHARPFORGE_EDITOR_BASELINE'] or None,[0m
2026-10-04T06:57:31.6089561Z [36;1m    'workbenchBaseline': os.environ['SHARPFORGE_WORKBENCH_BASELINE'] or None,[0m
2026-10-04T06:57:31.6089987Z [36;1m}, indent=2) + '\n', encoding='utf8')[0m
2026-10-04T06:57:31.6091724Z shell: /opt/hostedtoolcache/Python/3.12.14/x64/bin/python {0}
2026-10-04T06:57:31.6092064Z env:
2026-10-04T06:57:31.6092301Z   SHARPFORGE_RESULTS_DIR: artifacts/results/project16
2026-10-04T06:57:31.6092616Z   QUALIFICATION_TRIGGER_EVENT: create
2026-10-04T06:57:31.6093124Z   QUALIFICATION_TRIGGER_REF: refs/heads/codex/project16/qualify-ubuntu-chromium-all-compare-a5-20261004-a6
2026-10-04T06:57:31.6093691Z   QUALIFICATION_TRIGGER_NONCE: compare-a5-20261004-a6
2026-10-04T06:57:31.6094080Z   QUALIFICATION_SOURCE_SHA: 25ef23b0fb86eb3be4151492c2ef6bbc51f0a82e
2026-10-04T06:57:31.6094838Z   QUALIFICATION_SOURCE_TREE: a0922a5f98e4ce38cd377d109a083a1da77df9a1
2026-10-04T06:57:31.6095215Z   QUALIFICATION_RUNNER: ubuntu-latest
2026-10-04T06:57:31.6095505Z   QUALIFICATION_STAGE: all
2026-10-04T06:57:31.6095742Z   QUALIFICATION_CAPTURE_ONLY: false
2026-10-04T06:57:31.6096000Z   QUALIFICATION_BASELINE_PROFILE: a5
2026-10-04T06:57:31.6096257Z   SHARPFORGE_BROWSER_ENGINE: chromium
2026-10-04T06:57:31.6096655Z   SHARPFORGE_EDITOR_BASELINE: docs/evidence/project16-hosted/a5/editor-browser.json
2026-10-04T06:57:31.6097252Z   SHARPFORGE_WORKBENCH_BASELINE: docs/evidence/project16-hosted/a5/workbench-large-trace.json
2026-10-04T06:57:31.6097787Z   pythonLocation: /opt/hostedtoolcache/Python/3.12.14/x64
2026-10-04T06:57:31.6098203Z   PKG_CONFIG_PATH: /opt/hostedtoolcache/Python/3.12.14/x64/lib/pkgconfig
2026-10-04T06:57:31.6098620Z   Python_ROOT_DIR: /opt/hostedtoolcache/Python/3.12.14/x64
2026-10-04T06:57:31.6098988Z   Python2_ROOT_DIR: /opt/hostedtoolcache/Python/3.12.14/x64
2026-10-04T06:57:31.6099364Z   Python3_ROOT_DIR: /opt/hostedtoolcache/Python/3.12.14/x64
2026-10-04T06:57:31.6099748Z   LD_LIBRARY_PATH: /opt/hostedtoolcache/Python/3.12.14/x64/lib
2026-10-04T06:57:31.6100364Z   SHARPFORGE_PLAYWRIGHT_MODULE: /opt/hostedtoolcache/Python/3.12.14/x64/lib/python3.12/site-packages/playwright/driver/package
2026-10-04T06:57:31.6100918Z ##[endgroup]
2026-10-04T06:57:31.6451352Z ##[group]Run actions/upload-artifact@ea165f8d65b6e75b540449e92b4886f43607fa02
2026-10-04T06:57:31.6451795Z with:
2026-10-04T06:57:31.6452028Z   name: project16-ubuntu-latest-chromium-all
2026-10-04T06:57:31.6452348Z   path: artifacts/results/project16/
2026-10-04T06:57:31.6452624Z   if-no-files-found: error
2026-10-04T06:57:31.6452861Z   compression-level: 6
2026-10-04T06:57:31.6453086Z   overwrite: false
2026-10-04T06:57:31.6453306Z   include-hidden-files: false
2026-10-04T06:57:31.6453534Z env:
2026-10-04T06:57:31.6453815Z   SHARPFORGE_RESULTS_DIR: artifacts/results/project16
2026-10-04T06:57:31.6454156Z   QUALIFICATION_TRIGGER_EVENT: create
2026-10-04T06:57:31.6454997Z   QUALIFICATION_TRIGGER_REF: refs/heads/codex/project16/qualify-ubuntu-chromium-all-compare-a5-20261004-a6
2026-10-04T06:57:31.6455607Z   QUALIFICATION_TRIGGER_NONCE: compare-a5-20261004-a6
2026-10-04T06:57:31.6456021Z   QUALIFICATION_SOURCE_SHA: 25ef23b0fb86eb3be4151492c2ef6bbc51f0a82e
2026-10-04T06:57:31.6456529Z   QUALIFICATION_SOURCE_TREE: a0922a5f98e4ce38cd377d109a083a1da77df9a1
2026-10-04T06:57:31.6456918Z   QUALIFICATION_RUNNER: ubuntu-latest
2026-10-04T06:57:31.6457184Z   QUALIFICATION_STAGE: all
2026-10-04T06:57:31.6457424Z   QUALIFICATION_CAPTURE_ONLY: false
2026-10-04T06:57:31.6457699Z   QUALIFICATION_BASELINE_PROFILE: a5
2026-10-04T06:57:31.6457969Z   SHARPFORGE_BROWSER_ENGINE: chromium
2026-10-04T06:57:31.6458578Z   SHARPFORGE_EDITOR_BASELINE: docs/evidence/project16-hosted/a5/editor-browser.json
2026-10-04T06:57:31.6459217Z   SHARPFORGE_WORKBENCH_BASELINE: docs/evidence/project16-hosted/a5/workbench-large-trace.json
2026-10-04T06:57:31.6459763Z   pythonLocation: /opt/hostedtoolcache/Python/3.12.14/x64
2026-10-04T06:57:31.6460210Z   PKG_CONFIG_PATH: /opt/hostedtoolcache/Python/3.12.14/x64/lib/pkgconfig
2026-10-04T06:57:31.6460643Z   Python_ROOT_DIR: /opt/hostedtoolcache/Python/3.12.14/x64
2026-10-04T06:57:31.6461031Z   Python2_ROOT_DIR: /opt/hostedtoolcache/Python/3.12.14/x64
2026-10-04T06:57:31.6461429Z   Python3_ROOT_DIR: /opt/hostedtoolcache/Python/3.12.14/x64
2026-10-04T06:57:31.6461822Z   LD_LIBRARY_PATH: /opt/hostedtoolcache/Python/3.12.14/x64/lib
2026-10-04T06:57:31.6462479Z   SHARPFORGE_PLAYWRIGHT_MODULE: /opt/hostedtoolcache/Python/3.12.14/x64/lib/python3.12/site-packages/playwright/driver/package
2026-10-04T06:57:31.6474822Z ##[endgroup]
2026-10-04T06:57:31.8305837Z (node:9023) [DEP0040] DeprecationWarning: The `punycode` module is deprecated. Please use a userland alternative instead.
2026-10-04T06:57:31.8307534Z (Use `node --trace-deprecation ...` to show where the warning was created)
2026-10-04T06:57:31.8490438Z With the provided path, there will be 56 files uploaded
2026-10-04T06:57:31.8496606Z Artifact name is valid!
2026-10-04T06:57:31.8497363Z Root directory input is valid!
2026-10-04T06:57:32.0313463Z Beginning upload of artifact content to blob storage
2026-10-04T06:57:32.2326277Z (node:9023) [DEP0169] DeprecationWarning: `url.parse()` behavior is not standardized and prone to errors that have security implications. Use the WHATWG URL API instead. CVEs are not issued for `url.parse()` vulnerabilities.
2026-10-04T06:57:32.3349194Z Uploaded bytes 1402514
2026-10-04T06:57:32.3487934Z Finished uploading artifact content to blob storage!
2026-10-04T06:57:32.3489390Z SHA256 digest of uploaded artifact zip is 4d18d06390e92f13c47194e89926a85a674c2ed0249405656491571583b2d74f
2026-10-04T06:57:32.3490897Z Finalizing artifact upload
2026-10-04T06:57:32.5516819Z Artifact project16-ubuntu-latest-chromium-all.zip successfully finalized. Artifact ID 11296302001
2026-10-04T06:57:32.5518191Z Artifact project16-ubuntu-latest-chromium-all has been successfully uploaded! Final size is 1402514 bytes. Artifact ID is 11296302001
2026-10-04T06:57:32.5519467Z Artifact download URL: https://github.com/wieslawsoltes/SharpForge/actions/runs/37183721322/artifacts/11296302001
2026-10-04T06:57:32.5717542Z Post job cleanup.
2026-10-04T06:57:32.6569681Z [command]/usr/bin/git version
2026-10-04T06:57:32.6615229Z git version 2.55.0
2026-10-04T06:57:32.6650703Z Temporarily overriding HOME='/home/runner/work/_temp/93605c47-5063-490e-8fdb-dff6513b532e' before making global git config changes
2026-10-04T06:57:32.6652191Z Adding repository directory to the temporary git global config as a safe directory
2026-10-04T06:57:32.6656026Z [command]/usr/bin/git config --global --add safe.directory /home/runner/work/SharpForge/SharpForge
2026-10-04T06:57:32.6687466Z Removing SSH command configuration
2026-10-04T06:57:32.6693067Z [command]/usr/bin/git config --local --name-only --get-regexp core\.sshCommand
2026-10-04T06:57:32.6728628Z [command]/usr/bin/git submodule foreach --recursive sh -c "git config --local --name-only --get-regexp 'core\.sshCommand' && git config --local --unset-all 'core.sshCommand' || :"
2026-10-04T06:57:32.6969719Z Removing HTTP extra header
2026-10-04T06:57:32.6975234Z [command]/usr/bin/git config --local --name-only --get-regexp http\.https\:\/\/github\.com\/\.extraheader
2026-10-04T06:57:32.7009366Z [command]/usr/bin/git submodule foreach --recursive sh -c "git config --local --name-only --get-regexp 'http\.https\:\/\/github\.com\/\.extraheader' && git config --local --unset-all 'http.https://github.com/.extraheader' || :"
2026-10-04T06:57:32.7244190Z Removing includeIf entries pointing to credentials config files
2026-10-04T06:57:32.7250546Z [command]/usr/bin/git config --local --name-only --get-regexp ^includeIf\.gitdir:
2026-10-04T06:57:32.7279126Z includeif.gitdir:/home/runner/work/SharpForge/SharpForge/.git.path
2026-10-04T06:57:32.7280323Z includeif.gitdir:/home/runner/work/SharpForge/SharpForge/.git/worktrees/*.path
2026-10-04T06:57:32.7281288Z includeif.gitdir:/github/workspace/.git.path
2026-10-04T06:57:32.7282124Z includeif.gitdir:/github/workspace/.git/worktrees/*.path
2026-10-04T06:57:32.7288875Z [command]/usr/bin/git config --local --get-all includeif.gitdir:/home/runner/work/SharpForge/SharpForge/.git.path
2026-10-04T06:57:32.7310937Z /home/runner/work/_temp/git-credentials-6f47c7a3-01cf-4080-bde5-ab41735be2fc.config
2026-10-04T06:57:32.7321234Z [command]/usr/bin/git config --local --unset includeif.gitdir:/home/runner/work/SharpForge/SharpForge/.git.path \/home\/runner\/work\/_temp\/git\-credentials\-6f47c7a3\-01cf\-4080\-bde5\-ab41735be2fc\.config
2026-10-04T06:57:32.7355721Z [command]/usr/bin/git config --local --get-all includeif.gitdir:/home/runner/work/SharpForge/SharpForge/.git/worktrees/*.path
2026-10-04T06:57:32.7379319Z /home/runner/work/_temp/git-credentials-6f47c7a3-01cf-4080-bde5-ab41735be2fc.config
2026-10-04T06:57:32.7390137Z [command]/usr/bin/git config --local --unset includeif.gitdir:/home/runner/work/SharpForge/SharpForge/.git/worktrees/*.path \/home\/runner\/work\/_temp\/git\-credentials\-6f47c7a3\-01cf\-4080\-bde5\-ab41735be2fc\.config
2026-10-04T06:57:32.7423566Z [command]/usr/bin/git config --local --get-all includeif.gitdir:/github/workspace/.git.path
2026-10-04T06:57:32.7445197Z /github/runner_temp/git-credentials-6f47c7a3-01cf-4080-bde5-ab41735be2fc.config
2026-10-04T06:57:32.7453104Z [command]/usr/bin/git config --local --unset includeif.gitdir:/github/workspace/.git.path \/github\/runner_temp\/git\-credentials\-6f47c7a3\-01cf\-4080\-bde5\-ab41735be2fc\.config
2026-10-04T06:57:32.7485175Z [command]/usr/bin/git config --local --get-all includeif.gitdir:/github/workspace/.git/worktrees/*.path
2026-10-04T06:57:32.7506560Z /github/runner_temp/git-credentials-6f47c7a3-01cf-4080-bde5-ab41735be2fc.config
2026-10-04T06:57:32.7517121Z [command]/usr/bin/git config --local --unset includeif.gitdir:/github/workspace/.git/worktrees/*.path \/github\/runner_temp\/git\-credentials\-6f47c7a3\-01cf\-4080\-bde5\-ab41735be2fc\.config
2026-10-04T06:57:32.7550423Z [command]/usr/bin/git submodule foreach --recursive git config --local --show-origin --name-only --get-regexp remote.origin.url
2026-10-04T06:57:32.7792826Z Removing credentials config '/home/runner/work/_temp/git-credentials-6f47c7a3-01cf-4080-bde5-ab41735be2fc.config'
2026-10-04T06:57:32.7945819Z Cleaning up orphan processes
2026-10-04T06:57:32.8243351Z ##[warning]Node.js 20 is deprecated. The following actions target Node.js 20 but are being forced to run on Node.js 24: actions/setup-node@49933ea5288caeca8642d1e84afbd3f7d6820020, actions/upload-artifact@ea165f8d65b6e75b540449e92b4886f43607fa02. For more information see: https://github.blog/changelog/2025-09-19-deprecation-of-node-20-on-github-actions-runners/
