
> sharpforge@0.14.0 test
> node scripts/run.js test

Discovered 84 Node test files and 17 Python suites in 30 area manifests. Node reports executed test counts below.
✔ 50 seeded concurrent claim races have exactly one owner and no loser field writes (1684.613458ms)
✔ project pagination reads/writes items beyond 100 and clears all lease fields (9.9295ms)
✔ unknown project fields, choices and invalid lease inputs fail without acquiring ownership (0.706167ms)
✔ parents, closed tasks, and tasks not Ready cannot be claimed (0.51ms)
✔ owner-only heartbeat extends exact expiry; comments are throttled per hour (1.207667ms)
✔ shared lock races name holder, release frees locks and branch remains untouched (159.370166ms)
✔ expired lease remains owned; reaper is idempotent; reconciler must provide audit reason (2.076334ms)
✔ partial project update keeps claim reserved and explicit release recovers (0.785709ms)
✔ failed lock field update is recovered by scanning lock refs on release (0.823583ms)
✔ secondary rate limit retry is bounded and hard failures preserve distinct exit code (0.397958ms)
✔ audit reconstructs complete claim-heartbeat-lock-unlock-release and flags missing claim (12.160083ms)
✔ fake REST/GraphQL transport also exposes an actual HTTP server (28.99525ms)
✔ GraphQL resource limits shrink page size and surface permanent node overflow (0.84ms)
✔ recorded live Project 4 fields support text, date and single-select projections (2.270666ms)
✔ reaper discovers an expired authoritative claim after the first Agent field write failed (1.324792ms)
✔ ambiguous DELETE response never deletes a replacement mutex owner (1.145125ms)
✔ transport owns a total five-attempt read budget; mutation 5xx/network failures fail closed (1.19325ms)
✔ partial GraphQL mutation data with rate-limit errors is never replayed (0.478542ms)
✔ digest binds TAP bytes, commit, command and exact target/status proof (3.44325ms)
✔ capture refuses dirty passing changes over a failing committed tree before running any command (510.334875ms)
✔ capture rejects tracked/untracked mutations and even a clean changed HEAD after execution (1901.983833ms)
✔ only command-emitted proof for the exact target/status verifies; generic TAP is not parity (1563.301833ms)
✔ skipped/TODO/ambiguous or absent TAP results cannot qualify a pass, and stderr cannot spoof TAP (3090.786375ms)
✔ unknown and unsupported proofs retain their reasons and never verify as pass (1771.908375ms)
✔ fake HTTP handoff plus fresh real clone reproduces results; WIP commands are retested at the new commit (4481.447584ms)
✔ resume detects command mutations and stops before later commands (2300.772458ms)
✔ a real failed target remains verified failure and cannot be relabeled pass (502.537709ms)
✔ incomplete or contradictory TAP statistics never qualify a passing target (0.342292ms)
✔ V8 parses escaped, multiline and re-export imports without executing modules or matching comments (200.940458ms)
✔ graph resolves workspaces, recursive outside-root-directory dependencies and every JS including package bins (294.377167ms)
✔ reverse consumer selection covers transitive compiler runtime debugger, docs none, deleted modules conservative (0.83525ms)
✔ real impacted-test CLI awaits asynchronous manifest discovery and selects actual consumers (1130.641042ms)
✔ contract removal needs label and relevant version bump; append passes; duplicate IDs never pass (1.669875ms)
✔ schema constraints cannot hide as additive keys or exclusive-union array appends; revisions cannot be repointed (0.593292ms)
✔ gate emits every check including failure and stops on prior cancellation (85.089416ms)
✔ dependency grammar accepts legacy Markdown and multiline requirements, rejects malformed IDs (3.162417ms)
✔ diamond readiness requires actual merged evidence; cycles and unresolved IDs block (0.62275ms)
✔ leaf readiness inherits parent requirements; explicit contracts require qualified versions (0.599875ms)
✔ task identity cross-checks branch, body, and project field; missing identity fails (0.398875ms)
✔ ownership rejects cross-area writes and accepts only enumerated exceptions or held locks (108.955917ms)
✔ hot-file growth budgets enforce both net lines and byte growth (0.574042ms)
✔ catalog has all 30 areas, explicit overlap accounting, deterministic CODEOWNERS (117.0445ms)
✔ path collisions require common declared lock, distinct siblings pass (0.8485ms)
✔ backlog lint names each violating issue and duplicate ID (0.817917ms)
✔ bootstrap apply is idempotent and dry-run writes nothing; incompatible fields fail (1.801708ms)
✔ snapshot preserves merged evidence and deterministic order; graph yields critical path (15.17675ms)
✔ dependency ancestors cannot bypass readiness; absent or cyclic parents fail closed (0.5235ms)
✔ ready-label sync changes only mismatched current labels and second run is a no-op (1.974083ms)
✔ directory ownership intersects children and live project lock fields serialize overlaps (0.261625ms)
✔ project item snapshot preserves numeric parity including zero (0.783334ms)
✔ ownership CLI checks deleted rename source and contracts must exist in default-branch tree (1187.254542ms)
✔ two actual Git branches each append a distinct contract at the same ID; combined tree fails (1020.072375ms)
✔ released framework and bytecode IDs are unchanged (59.337584ms)
✔ golden checker reports the first changed id and accepts appends (110.880459ms)
✔ reserved contributions have the same IDs in either load order (5.47875ms)
✔ legacy contribution modules validate as a single transaction (18.281334ms)
✔ duplicate type rolls back the entire contribution (0.288958ms)
✔ duplicate member rolls back the entire contribution (0.119875ms)
✔ unknown owner rolls back the entire contribution (0.076292ms)
✔ unknown parameter rolls back the entire contribution (0.093208ms)
✔ block overflow rolls back the entire contribution (0.094083ms)
✔ malformed member rolls back the entire contribution (0.126583ms)
✔ cancellation rolls back and separate registries do not leak state (0.160916ms)
✔ overlapping, negative, duplicate and exhausted reservations reject (0.154959ms)
✔ builtin contributions append atomically and never shift framework offsets (0.479208ms)
✔ implementation regression gate detects either engine losing a handler (0.126709ms)
✔ every real source/CIL dispatch result meets the committed reachability baseline (741.482333ms)
✔ released contribution order is pinned while new area order remains independent (2.142875ms)
✔ inventory obligations produce distinct fractions and unknown prevents parent complete (28.132416ms)
✔ reopen, stale commit and altered proof each invalidate previous pass (2.304959ms)
✔ missing revision, duplicate identities, parent cycles and absent denominator fail closed (2.648334ms)
✔ report bytes are deterministic, numeric parity updates are changed-only and include zero (7.003875ms)
✔ rollup reads relative inputs from the requested root and invalid artifact paths remain unknown (252.45125ms)
✔ publishing rejects impossible percentages and ambiguous epic targets before project writes (13.55475ms)
✔ ABI fixture empty-array (6.054167ms)
✔ ABI fixture identity-and-surrogates (0.45675ms)
✔ ABI fixture leases (0.387792ms)
✔ ABI fixture million-array (6686.777917ms)
✔ ABI fixture nan-payloads (0.390083ms)
✔ ABI fixture scalar-boundaries (1.087667ms)
✔ ABI fixture stale-handle (0.073917ms)
✔ ABI malformed buffers and versions fail with typed diagnostics (0.392959ms)
✔ schema scalar negatives agree with codec bounds (0.519958ms)
✔ ABI nested structs fail with typed depth limit (0.508375ms)
✔ ABI floating width and signed zero apply inside structs and heap arrays (0.219042ms)
✔ ABI fixture empty-array (2.36025ms)
✔ ABI fixture identity-and-surrogates (0.447625ms)
✔ ABI fixture leases (0.370167ms)
✔ ABI fixture million-array (6917.084084ms)
✔ ABI fixture nan-payloads (0.501708ms)
✔ ABI fixture scalar-boundaries (2.058375ms)
✔ ABI fixture stale-handle (0.361208ms)
✔ ABI malformed buffers and versions fail with typed diagnostics (1.40725ms)
✔ schema scalar negatives agree with codec bounds (0.843291ms)
✔ ABI nested structs fail with typed depth limit (0.445792ms)
✔ ABI floating width and signed zero apply inside structs and heap arrays (0.221625ms)
✔ A00 inventory reproducible and all result carriers documented (1.047083ms)
✔ A00 version registry equals public source constants (0.726375ms)
✔ A00 source constant drift fails before version negotiation (6.300458ms)
✔ A00 version reader follows explicit re-exports and rejects cycles (1.024666ms)
✔ released framework and bytecode IDs are unchanged (86.548375ms)
✔ golden checker reports the first changed id and accepts appends (84.0565ms)
✔ reserved contributions have the same IDs in either load order (7.804125ms)
✔ legacy contribution modules validate as a single transaction (32.446959ms)
✔ duplicate type rolls back the entire contribution (0.928833ms)
✔ duplicate member rolls back the entire contribution (0.213292ms)
✔ unknown owner rolls back the entire contribution (0.337375ms)
✔ unknown parameter rolls back the entire contribution (0.647708ms)
✔ block overflow rolls back the entire contribution (0.291542ms)
✔ malformed member rolls back the entire contribution (0.164375ms)
✔ cancellation rolls back and separate registries do not leak state (0.218125ms)
✔ overlapping, negative, duplicate and exhausted reservations reject (0.341916ms)
✔ builtin contributions append atomically and never shift framework offsets (1.772791ms)
✔ implementation regression gate detects either engine losing a handler (0.432166ms)
✔ every real source/CIL dispatch result meets the committed reachability baseline (759.933208ms)
✔ released contribution order is pinned while new area order remains independent (1.7505ms)
✔ two independent tools start and a failed third batch restores the container (1.975167ms)
✔ container preflights duplicates, reports disposal errors and rolls back cancellation (0.260541ms)
✔ commands preserve handler behavior and reject duplicate registrations (1.586541ms)
✔ tools append menu items without global state or editing Studio (1.669834ms)
✔ each mount has independent state and DOM, and failed render cleans up (0.269958ms)
✔ automation contributions preserve the complete pre-extraction key surface (8.0005ms)
✔ automation duplicate batches roll back and namespaces dispose cleanly (0.708333ms)
✔ storage preserves v1 payloads, versions and quota failures (1.979375ms)
✔ every worker message has a handler seam and unknown messages fail structurally (0.388916ms)
✔ Studio has no command branches, direct persistence or inline automation literal (61.494291ms)
✔ real compiler and runtime workers dispatch known requests and return structured unknown errors (227.85975ms)
✔ A00 force GC at safepoints in both actual VMs (99.641333ms)
✔ A00 root provider manifest guards new sites (7.650083ms)
✔ A00 source snapshot projection, owner isolation and stable frame IDs (4.714167ms)
✔ A00 source faults, nested finally and fatal budget transfer (2.4815ms)
✔ A00 source actual host callback roots and rejection (6.763334ms)
✔ A00 source cancel, dispose and late completion boundaries (1.231333ms)
✔ A00 source ignored abort currently permits late success (0.789375ms)
✔ A00 cil snapshot projection, owner isolation and stable frame IDs (1.877791ms)
✔ A00 cil faults, nested finally and fatal budget transfer (8.705416ms)
✔ A00 cil actual host callback roots and rejection (12.022958ms)
✔ A00 cil cancel, dispose and late completion boundaries (1.854042ms)
✔ A00 cil ignored abort currently permits late success (2.866084ms)
✔ source roots a resumed async exception through forced collection before dispatch (34.219625ms)
✔ cil roots a resumed async exception through forced collection before dispatch (24.007625ms)
✔ A00 all golden schemas regenerate byte-identically (82.860416ms)
✔ A00 forty type/signature identities and every canonical registered type (31.403125ms)
✔ A00 symbols resolve overloads, generics, explicit members and scoped declarations (0.287417ms)
✔ A00 both engines export three example bodies and source spans (23.9625ms)
✔ A00 external Portable PDB and UTF-16 source spans share schema (1.381042ms)
✔ A00 actual PE #SF stream follows includeDebug contract (1.330125ms)
✔ A00 schema malformed/version/unknown-keyword errors remain distinct (0.361959ms)
✔ A00 examples corpus produced images satisfy schema; flow errors remain verifier-only (235.557583ms)
✔ A00 typed neutral IR resolves both engines: native-callback (43.777084ms)
✔ A00 typed neutral IR resolves both engines: nested-finally (6.377709ms)
✔ A00 typed neutral IR resolves both engines: parked-frame (10.709083ms)
✔ A00 normalized loop operations and declared types do not depend on encoding (5.824417ms)
✔ A00 source type propagation rejects conflicting branch joins (0.907917ms)
✔ A00 CIL type propagation rejects conflicting branch joins (1.084667ms)
✔ A00 malformed branches, handlers, signatures and unsupported instructions fail closed (1.086959ms)
✔ A00 serialized executable IR rejects falsified types and flow edges (1.539875ms)
✔ A00 null/reference joins resolve and incorrect stores/calls are rejected (1.199625ms)
✔ A00 floating constant hints and signature-directed widening stay typed (3.994125ms)
✔ A00 T06 strict schema validates all thirty manifests and rejects unknown fields and invalid boundaries (102.547458ms)
✔ A00 T06 discovery assigns files once and includes nested contract/conformance suites (62.143292ms)
✔ A00 T06 missing, duplicate, stale, unsafe and mismatched manifest entries fail with offending paths (73.557625ms)
✔ A00 T06 overlapping globs in one area are duplicate ownership and helpers are not runnable suites (16.4805ms)
✔ A00 T06 runner executes only the selected area, propagates failures, and handles empty areas (671.047ms)
✔ A00 T06 schema-checked CI matrix is consumed by a dry-run workflow fixture for each nonempty area (366.050333ms)
✔ A00 T06 every historical npm name dispatches to its original commands with literal arguments (3080.250708ms)
✔ A00 T06 new tasks need no root script edit and reject duplicate tasks, cycles and malformed commands (119.495334ms)
✔ A00 T06 contributed stylesheet bytes and worker order retain the original build exactly (53.664958ms)
✔ A00 T06 build contributions discover new styles/assets and reject duplicate and escaping paths (18.420167ms)
✔ A00 T06 workspace discovery accepts the next package without a verifier edit and validates exact tarball identities (131.677625ms)
✔ A00 T06 twenty-six contributed packages pack, install offline, and run their own smoke modules (2800.159542ms)
✔ 50 seeded concurrent claim races have exactly one owner and no loser field writes (1532.235125ms)
✔ project pagination reads/writes items beyond 100 and clears all lease fields (9.908042ms)
✔ unknown project fields, choices and invalid lease inputs fail without acquiring ownership (0.501708ms)
✔ parents, closed tasks, and tasks not Ready cannot be claimed (0.341875ms)
✔ owner-only heartbeat extends exact expiry; comments are throttled per hour (1.033333ms)
✔ shared lock races name holder, release frees locks and branch remains untouched (160.9795ms)
✔ expired lease remains owned; reaper is idempotent; reconciler must provide audit reason (3.276209ms)
✔ partial project update keeps claim reserved and explicit release recovers (0.726167ms)
✔ failed lock field update is recovered by scanning lock refs on release (1.762833ms)
✔ secondary rate limit retry is bounded and hard failures preserve distinct exit code (2.0515ms)
✔ audit reconstructs complete claim-heartbeat-lock-unlock-release and flags missing claim (11.33475ms)
✔ fake REST/GraphQL transport also exposes an actual HTTP server (25.185959ms)
✔ GraphQL resource limits shrink page size and surface permanent node overflow (0.380208ms)
✔ recorded live Project 4 fields support text, date and single-select projections (5.333125ms)
✔ reaper discovers an expired authoritative claim after the first Agent field write failed (1.040709ms)
✔ ambiguous DELETE response never deletes a replacement mutex owner (1.245125ms)
✔ transport owns a total five-attempt read budget; mutation 5xx/network failures fail closed (2.583167ms)
✔ partial GraphQL mutation data with rate-limit errors is never replayed (0.316916ms)
✔ dependency grammar accepts legacy Markdown and multiline requirements, rejects malformed IDs (1.971667ms)
✔ diamond readiness requires actual merged evidence; cycles and unresolved IDs block (0.517208ms)
✔ leaf readiness inherits parent requirements; explicit contracts require qualified versions (0.184584ms)
✔ task identity cross-checks branch, body, and project field; missing identity fails (0.345208ms)
✔ ownership rejects cross-area writes and accepts only enumerated exceptions or held locks (65.504208ms)
✔ hot-file growth budgets enforce both net lines and byte growth (0.196792ms)
✔ catalog has all 30 areas, explicit overlap accounting, deterministic CODEOWNERS (81.36725ms)
✔ path collisions require common declared lock, distinct siblings pass (0.823083ms)
✔ backlog lint names each violating issue and duplicate ID (0.92975ms)
✔ bootstrap apply is idempotent and dry-run writes nothing; incompatible fields fail (1.386917ms)
✔ snapshot preserves merged evidence and deterministic order; graph yields critical path (11.760375ms)
✔ dependency ancestors cannot bypass readiness; absent or cyclic parents fail closed (0.412125ms)
✔ ready-label sync changes only mismatched current labels and second run is a no-op (2.129875ms)
✔ directory ownership intersects children and live project lock fields serialize overlaps (0.564208ms)
✔ project item snapshot preserves numeric parity including zero (1.003416ms)
✔ ownership CLI checks deleted rename source and contracts must exist in default-branch tree (1051.505083ms)
✔ two actual Git branches each append a distinct contract at the same ID; combined tree fails (759.587041ms)
✔ V8 parses escaped, multiline and re-export imports without executing modules or matching comments (111.7825ms)
✔ graph resolves workspaces, recursive outside-root-directory dependencies and every JS including package bins (293.572334ms)
✔ reverse consumer selection covers transitive compiler runtime debugger, docs none, deleted modules conservative (1.553709ms)
✔ real impacted-test CLI awaits asynchronous manifest discovery and selects actual consumers (964.699041ms)
✔ contract removal needs label and relevant version bump; append passes; duplicate IDs never pass (1.046875ms)
✔ schema constraints cannot hide as additive keys or exclusive-union array appends; revisions cannot be repointed (0.274416ms)
✔ gate emits every check including failure and stops on prior cancellation (87.08025ms)
✔ digest binds TAP bytes, commit, command and exact target/status proof (2.521583ms)
✔ capture refuses dirty passing changes over a failing committed tree before running any command (395.505916ms)
✔ capture rejects tracked/untracked mutations and even a clean changed HEAD after execution (1853.00575ms)
✔ only command-emitted proof for the exact target/status verifies; generic TAP is not parity (1495.931625ms)
✔ skipped/TODO/ambiguous or absent TAP results cannot qualify a pass, and stderr cannot spoof TAP (3091.659ms)
✔ unknown and unsupported proofs retain their reasons and never verify as pass (1388.556917ms)
✔ fake HTTP handoff plus fresh real clone reproduces results; WIP commands are retested at the new commit (4217.013875ms)
✔ resume detects command mutations and stops before later commands (2251.423542ms)
✔ a real failed target remains verified failure and cannot be relabeled pass (478.713875ms)
✔ incomplete or contradictory TAP statistics never qualify a passing target (0.302958ms)
✔ inventory obligations produce distinct fractions and unknown prevents parent complete (11.5635ms)
✔ reopen, stale commit and altered proof each invalidate previous pass (1.330042ms)
✔ missing revision, duplicate identities, parent cycles and absent denominator fail closed (1.682042ms)
✔ report bytes are deterministic, numeric parity updates are changed-only and include zero (3.138792ms)
✔ rollup reads relative inputs from the requested root and invalid artifact paths remain unknown (129.288375ms)
✔ publishing rejects impossible percentages and ambiguous epic targets before project writes (3.128458ms)
✔ Animation source: sampling and Stop restore changed base (7.630667ms)
✔ Animation reload: sampling and Stop restore changed base (3.724458ms)
✔ Animation cil: sampling and Stop restore changed base (6.676958ms)
✔ Animation reassembled: sampling and Stop restore changed base (6.3455ms)
✔ Animation source: deferred BeginTime runs before first active frame (0.615083ms)
✔ Animation reload: deferred BeginTime runs before first active frame (1.599834ms)
✔ Animation cil: deferred BeginTime runs before first active frame (1.076875ms)
✔ Animation reassembled: deferred BeginTime runs before first active frame (2.002333ms)
✔ Animation source: pause resume and seek (16.191084ms)
✔ Animation reload: pause resume and seek (5.547458ms)
✔ Animation cil: pause resume and seek (4.723042ms)
✔ Animation reassembled: pause resume and seek (19.847708ms)
✔ Animation source: zero duration fills immediately (0.400875ms)
✔ Animation reload: zero duration fills immediately (1.317ms)
✔ Animation cil: zero duration fills immediately (9.54775ms)
✔ Animation reassembled: zero duration fills immediately (4.702125ms)
✔ Animation source: repeat and auto reverse (0.435667ms)
✔ Animation reload: repeat and auto reverse (4.291292ms)
✔ Animation cil: repeat and auto reverse (1.633292ms)
✔ Animation reassembled: repeat and auto reverse (5.672333ms)
✔ Animation source: stop fill restores unmodified local (6.953417ms)
✔ Animation reload: stop fill restores unmodified local (3.236375ms)
✔ Animation cil: stop fill restores unmodified local (9.236625ms)
✔ Animation reassembled: stop fill restores unmodified local (1.675625ms)
✔ Animation source: nested storyboard speed and offset (0.328ms)
✔ Animation reload: nested storyboard speed and offset (1.1085ms)
✔ Animation cil: nested storyboard speed and offset (3.671875ms)
✔ Animation reassembled: nested storyboard speed and offset (6.492834ms)
✔ Animation source: quadratic ease in (4.6385ms)
✔ Animation reload: quadratic ease in (3.901709ms)
✔ Animation cil: quadratic ease in (4.800416ms)
✔ Animation reassembled: quadratic ease in (7.774458ms)
✔ Animation source: transform target path (0.539ms)
✔ Animation reload: transform target path (2.656375ms)
✔ Animation cil: transform target path (3.8955ms)
✔ Animation reassembled: transform target path (2.700167ms)
✔ Animation source: attached canvas target (0.314042ms)
✔ Animation reload: attached canvas target (1.083708ms)
✔ Animation cil: attached canvas target (6.417583ms)
✔ Animation reassembled: attached canvas target (2.479666ms)
✔ Animation source: name binding requires unique live target (0.847917ms)
✔ Animation reload: name binding requires unique live target (1.259375ms)
✔ Animation cil: name binding requires unique live target (3.964541ms)
✔ Animation reassembled: name binding requires unique live target (4.428417ms)
✔ Animation source: based-on style mutation while animated restores latest base (1.16225ms)
✔ Animation reload: based-on style mutation while animated restores latest base (1.573208ms)
✔ Animation cil: based-on style mutation while animated restores latest base (1.077875ms)
✔ Animation reassembled: based-on style mutation while animated restores latest base (3.028625ms)
✔ Animation source: garbage collection keeps active timelines/targets (2.158667ms)
✔ Animation reload: garbage collection keeps active timelines/targets (2.864917ms)
✔ Animation cil: garbage collection keeps active timelines/targets (2.024625ms)
✔ Animation reassembled: garbage collection keeps active timelines/targets (4.584542ms)
✔ Animation source: invalid target does not replace running animation (0.800375ms)
✔ Animation reload: invalid target does not replace running animation (1.428334ms)
✔ Animation cil: invalid target does not replace running animation (5.305875ms)
✔ Animation reassembled: invalid target does not replace running animation (2.88425ms)
✔ Animation source: wrap panel contracts and attached spans (0.869459ms)
✔ Animation reload: wrap panel contracts and attached spans (2.158708ms)
✔ Animation cil: wrap panel contracts and attached spans (0.676625ms)
✔ Animation reassembled: wrap panel contracts and attached spans (1.125708ms)
✔ AnimationClock pending root BeginTime still drives the clock (0.168083ms)
✔ AnimationClock snapshot restores all clocks, bases and completion state (0.473375ms)
✔ AnimationClock latest storyboard takes precedence; stopping reveals earlier clock then base (0.065375ms)
✔ AnimationClock Begin validation leaves previous state untouched (7.301292ms)
✔ AnimationClock rejects cycles, huge trees, and invalid speed (0.407042ms)
✔ AnimationClock repeat-duration and fractional repeats keep correct final value (0.245167ms)
✔ Easing symmetry and endpoints across all supported families (0.353625ms)
✔ BCL source: list initializer, index update and foreach (7.974583ms)
✔ BCL reload: list initializer, index update and foreach (4.326125ms)
✔ BCL cil: list initializer, index update and foreach (4.358083ms)
✔ BCL reassembled: list initializer, index update and foreach (12.743708ms)
✔ BCL source: indexer receiver and key evaluate once (2.193792ms)
✔ BCL reload: indexer receiver and key evaluate once (5.356833ms)
✔ BCL cil: indexer receiver and key evaluate once (3.061583ms)
✔ BCL reassembled: indexer receiver and key evaluate once (4.773542ms)
✔ BCL source: collection foreach break and continue (0.348292ms)
✔ BCL reload: collection foreach break and continue (1.1885ms)
✔ BCL cil: collection foreach break and continue (0.804459ms)
✔ BCL reassembled: collection foreach break and continue (1.342542ms)
✔ BCL source: versioned iterator mutation throws with cleanup (0.393ms)
✔ BCL reload: versioned iterator mutation throws with cleanup (0.98525ms)
✔ BCL cil: versioned iterator mutation throws with cleanup (2.277167ms)
✔ BCL reassembled: versioned iterator mutation throws with cleanup (2.56ms)
✔ BCL source: dictionary key equality, duplicate, remove and snapshots (0.432875ms)
✔ BCL reload: dictionary key equality, duplicate, remove and snapshots (5.979042ms)
✔ BCL cil: dictionary key equality, duplicate, remove and snapshots (0.834917ms)
✔ BCL reassembled: dictionary key equality, duplicate, remove and snapshots (1.388625ms)
✔ BCL source: dictionary null and missing reject (0.606334ms)
✔ BCL reload: dictionary null and missing reject (0.905417ms)
✔ BCL cil: dictionary null and missing reject (0.956917ms)
✔ BCL reassembled: dictionary null and missing reject (1.378958ms)
✔ BCL source: list copy is independent, insert/remove/reverse/sort (0.90375ms)
✔ BCL reload: list copy is independent, insert/remove/reverse/sort (2.953583ms)
✔ BCL cil: list copy is independent, insert/remove/reverse/sort (1.070792ms)
✔ BCL reassembled: list copy is independent, insert/remove/reverse/sort (11.238958ms)
✔ BCL source: list range/capacity transactional failure (0.284084ms)
✔ BCL reload: list range/capacity transactional failure (13.290333ms)
✔ BCL cil: list range/capacity transactional failure (9.224208ms)
✔ BCL reassembled: list range/capacity transactional failure (1.236041ms)
✔ BCL source: HashSet set operations (0.231208ms)
✔ BCL reload: HashSet set operations (0.733ms)
✔ BCL cil: HashSet set operations (0.440916ms)
✔ BCL reassembled: HashSet set operations (1.116625ms)
✔ BCL source: queue stack order and empty error (0.337708ms)
✔ BCL reload: queue stack order and empty error (6.428916ms)
✔ BCL cil: queue stack order and empty error (0.72175ms)
✔ BCL reassembled: queue stack order and empty error (13.545792ms)
✔ BCL source: boxed list roots retain custom objects through GC (0.513875ms)
✔ BCL reload: boxed list roots retain custom objects through GC (3.800833ms)
✔ BCL cil: boxed list roots retain custom objects through GC (1.794666ms)
✔ BCL reassembled: boxed list roots retain custom objects through GC (2.313458ms)
✔ BCL source: string dictionary heap roots survive collection (4.905959ms)
✔ BCL reload: string dictionary heap roots survive collection (4.057916ms)
✔ BCL cil: string dictionary heap roots survive collection (5.959167ms)
✔ BCL reassembled: string dictionary heap roots survive collection (12.402541ms)
✔ BCL source: StringBuilder chunk append length and range (0.342917ms)
✔ BCL reload: StringBuilder chunk append length and range (0.711667ms)
✔ BCL cil: StringBuilder chunk append length and range (0.395792ms)
✔ BCL reassembled: StringBuilder chunk append length and range (0.767792ms)
✔ BCL source: StringBuilder repeated append and GC (3.050542ms)
✔ BCL reload: StringBuilder repeated append and GC (1.310708ms)
✔ BCL cil: StringBuilder repeated append and GC (2.377583ms)
✔ BCL reassembled: StringBuilder repeated append and GC (4.343042ms)
✔ BCL source: StringBuilder formatting and capacity bounds (0.55125ms)
✔ BCL reload: StringBuilder formatting and capacity bounds (0.789875ms)
✔ BCL cil: StringBuilder formatting and capacity bounds (0.528708ms)
✔ BCL reassembled: StringBuilder formatting and capacity bounds (0.962917ms)
✔ BCL source: string ordinal editing and null helpers (0.128625ms)
✔ BCL reload: string ordinal editing and null helpers (0.504792ms)
✔ BCL cil: string ordinal editing and null helpers (0.285459ms)
✔ BCL reassembled: string ordinal editing and null helpers (3.784583ms)
✔ BCL source: string bounds and split remainder (0.636625ms)
✔ BCL reload: string bounds and split remainder (1.087708ms)
✔ BCL cil: string bounds and split remainder (1.166916ms)
✔ BCL reassembled: string bounds and split remainder (2.451958ms)
✔ BCL source: interpolation evaluated once, alignment and braces (0.206542ms)
✔ BCL reload: interpolation evaluated once, alignment and braces (0.72275ms)
✔ BCL cil: interpolation evaluated once, alignment and braces (0.784333ms)
✔ BCL reassembled: interpolation evaluated once, alignment and braces (1.846708ms)
✔ BCL source: verbatim interpolation escapes and nested calls (0.119708ms)
✔ BCL reload: verbatim interpolation escapes and nested calls (1.227792ms)
✔ BCL cil: verbatim interpolation escapes and nested calls (0.295375ms)
✔ BCL reassembled: verbatim interpolation escapes and nested calls (0.729625ms)
✔ BCL source: interpolation selected expression and braces in string (0.115584ms)
✔ BCL reload: interpolation selected expression and braces in string (0.493459ms)
✔ BCL cil: interpolation selected expression and braces in string (0.333292ms)
✔ BCL reassembled: interpolation selected expression and braces in string (0.790083ms)
✔ BCL source: composite formatting null and literal braces (0.101292ms)
✔ BCL reload: composite formatting null and literal braces (0.359375ms)
✔ BCL cil: composite formatting null and literal braces (0.230167ms)
✔ BCL reassembled: composite formatting null and literal braces (0.884166ms)
✔ BCL source: extra Math contracts coexist with old builtins (0.119333ms)
✔ BCL reload: extra Math contracts coexist with old builtins (0.692042ms)
✔ BCL cil: extra Math contracts coexist with old builtins (0.812417ms)
✔ BCL reassembled: extra Math contracts coexist with old builtins (2.506667ms)
✔ C# rejects invalid collection/interpolation: foreach(var n in new List<int>(){1}){n=2;} (0.474083ms)
✔ C# rejects invalid collection/interpolation: var a=new List<int>();a.Add("x"); (0.141459ms)
✔ C# rejects invalid collection/interpolation: var d=new Dictionary<string,int>();d[1]=2; (0.128958ms)
✔ C# rejects invalid collection/interpolation: var a=new List<P>(); (0.108542ms)
✔ C# rejects invalid collection/interpolation: Console.WriteLine($"{1,variable}"); (0.12625ms)
✔ C# rejects invalid collection/interpolation: Console.WriteLine($"{1"); (0.099417ms)
✔ CLI: default .dll artifact, runtime configuration, disassembly and exec (565.232541ms)
✔ CLI: legacy IR remains an explicit option (278.272416ms)
✔ CLI: invalid format and missing option values fail cleanly (248.770916ms)
✔ CIL execution: hello (14.815542ms)
✔ CIL execution: precedence (3.944917ms)
✔ CIL execution: Int32 wrap (4.467958ms)
✔ CIL execution: Int32 multiplication (2.493459ms)
✔ CIL execution: integer division (3.78875ms)
✔ CIL execution: floating division (1.100875ms)
✔ CIL execution: minimum int (0.987375ms)
✔ CIL execution: bitwise (0.950042ms)
✔ CIL execution: boolean (0.82225ms)
✔ CIL execution: short circuit (1.957416ms)
✔ CIL execution: if else (1.800875ms)
✔ CIL execution: for (1.108333ms)
✔ CIL execution: while continue break (1.348417ms)
✔ CIL execution: do while (1.202625ms)
✔ CIL execution: for continue (1.468542ms)
✔ CIL execution: ternary (0.850917ms)
✔ CIL execution: coalescing (2.050416ms)
✔ CIL execution: array foreach (3.552083ms)
✔ CIL execution: implicit array (3.553334ms)
✔ CIL execution: default array (1.863292ms)
✔ CIL execution: array assignment receiver evaluated once (3.199959ms)
✔ CIL execution: postfix (1.95775ms)
✔ CIL execution: prefix (1.650291ms)
✔ CIL execution: method calls (1.208583ms)
✔ CIL execution: recursion (17.357625ms)
✔ CIL execution: expression body (2.997583ms)
✔ CIL execution: overloads (3.716ms)
✔ CIL execution: objects constructor fields (1.742875ms)
✔ CIL execution: object initializer (4.47925ms)
✔ CIL execution: static initializer dependency (2.73825ms)
✔ CIL execution: string value equality (0.936ms)
✔ CIL execution: object identity (1.079083ms)
✔ CIL execution: string library (2.798625ms)
✔ CIL execution: length (0.703375ms)
✔ CIL execution: numeric parse (0.712625ms)
✔ CIL execution: round-to-even conversion (0.933ms)
✔ CIL execution: array sort (1.106ms)
✔ CIL execution: caught division (9.584834ms)
✔ CIL execution: throw exception (8.459125ms)
✔ CIL execution: cross-frame catch (4.053042ms)
✔ CIL execution: rethrow (2.725666ms)
✔ CIL execution: Main args (4.8705ms)
✔ CIL execution: definite assignment both branches (0.905334ms)
✔ CIL sample: particles (52.502833ms)
✔ CIL sample: gc (5.527542ms)
✔ CIL sample: recursion (15.34775ms)
✔ CIL sample: exceptions (8.60775ms)
✔ CIL sample: arrays (3.150291ms)
✔ CIL sample: partial (2.210084ms)
✔ CIL sample: switch (6.34ms)
✔ CIL sample: conversions (1.133958ms)
✔ CIL sample: null-assignment (4.295792ms)
✔ CIL sample: call-hierarchy (0.757583ms)
✔ CIL sample: guarded-calls (3.055167ms)
✔ CIL sample: short-circuit (3.634958ms)
✔ CIL sample: nameof (0.714041ms)
✔ CIL sample: properties (5.272792ms)
✔ CIL sample: readonly-properties (3.643542ms)
✔ CIL sample: finally (2.306542ms)
✔ CIL sample: finally-loop (1.593917ms)
✔ CIL sample: structural-refactoring (3.207542ms)
✔ CIL sample: safe-watches (9.196583ms)
✔ CIL sample: analyzer-tasks (1.691625ms)
✔ CIL sample: checked-arithmetic (3.780417ms)
✔ CIL sample: using-resources (3.006416ms)
✔ CIL sample: using-failure (7.683167ms)
✔ CIL sample: constant-patterns (4.273083ms)
✔ CIL sample: refactor-safe06 (6.725041ms)
✔ CIL sample: immutable-schema (3.045834ms)
✔ CIL sample: unreachable-analyzer (2.191917ms)
✔ CIL sample: reversible-storage (1.025167ms)
✔ CIL sample: breakpoint-workbench (0.84825ms)
✔ CIL sample: editor-keymaps (1.24675ms)
✔ CIL sample: explorer-members (2.588916ms)
✔ CIL sample: debug-exact (0.492708ms)
✔ CIL sample: debug-callsite (1.525334ms)
✔ CIL sample: debug-conditions (0.715708ms)
✔ CIL sample: debug-function (0.740375ms)
✔ CIL sample: debug-exception (2.984208ms)
✔ CIL sample: async-stacks (9.775708ms)
✔ CIL sample: logical-threads (3.72475ms)
✔ CIL sample: hot-reload (1.620292ms)
✔ CIL sample: set-next (0.583708ms)
✔ CIL sample: function-evaluation (5.651167ms)
✔ CIL sample: portable-symbols (12.687834ms)
✔ CIL sample: winui-counter (10.674292ms)
✔ CIL sample: winui-controls (18.329959ms)
✔ CIL sample: winui-graphics (36.068833ms)
✔ CIL sample: winui-async (9.154334ms)
✔ CIL sample: designer-canvas (13.821083ms)
✔ CIL sample: designer-grid (37.260625ms)
✔ CIL sample: winui-shared-styles (21.510042ms)
✔ CIL sample: winui-expanded-controls (16.221ms)
✔ CIL sample: edit-continue-structure (1.197458ms)
✔ CIL sample: designer-csharp-sync (15.673042ms)
✔ CIL sample: winui-storyboards (58.45675ms)
✔ CIL sample: winui-wrap-panels (10.937708ms)
✔ CIL sample: animation-style-precedence (20.645292ms)
✔ CIL sample: bcl-collections (14.7345ms)
✔ CIL sample: bcl-dictionary (17.758666ms)
✔ CIL sample: bcl-stringbuilder (4.548542ms)
✔ CIL sample: csharp-interpolation (3.481667ms)
✔ CIL sample: csharp-modern-properties (2.196333ms)
✔ CIL sample: csharp-preview-collections (2.057416ms)
✔ CIL sample: bcl-json-document (7.06025ms)
✔ CIL sample: bcl-array-random (1.813292ms)
✔ CIL sample: simd-vector-math (4.116625ms)
✔ CIL sample: parallel-compute (114.504292ms)
✔ CIL sample: network-http-client (49.120333ms)
✔ CIL sample: winui-compute-monitor (21.05775ms)
✔ CIL: emitted bytes contain real PE/CLI headers and real opcodes (4.779625ms)
✔ CIL: deterministic full artifact (0.701125ms)
✔ CIL: code is decoded from IL, not from embedded source (0.409708ms)
✔ CIL: int Main entry signature and result are preserved (1.475375ms)
✔ CIL: typed literal 7.0 remains ldc.r8 instead of ldc.i4 (0.490333ms)
✔ CIL regression: mixed numeric conditional (0.492583ms)
✔ CIL regression: typed assignment expression (1.256417ms)
✔ CIL regression: double method arguments (1.334292ms)
✔ CIL regression: return in protected region (0.485459ms)
✔ CIL regression: void return in catch (3.438833ms)
✔ CIL regression: break crossing protected region (5.623916ms)
✔ CIL regression: continue crossing protected region (0.848125ms)
✔ CIL regression: empty string and Unicode (1.123333ms)
✔ CIL regression: all boolean operations (5.737875ms)
✔ CIL regression: string mixed concat (0.676459ms)
✔ CIL regression: floating NaN comparisons (0.930625ms)
✔ CIL: emit native-only assembly without debug stream (0.497583ms)
✔ CIL: source-free profile is still executable and debuggable (0.414792ms)
✔ CIL: CLR-compatible constructor wrappers and raw allocator have distinct signatures (1.685958ms)
✔ CIL: catch regions carry real CLI exception metadata (1.355875ms)
✔ CIL: source stepping, watches and reverse snapshots survive IL predecoding (6.376958ms)
✔ CIL: invalid headers and every truncated prefix are rejected (1.372667ms)
✔ CIL: modified CIL instruction is rejected before execution (1.643667ms)
✔ CIL: unsupported opcode is rejected, not silently interpreted (0.967167ms)
✔ CIL: compressed unsigned integer boundaries roundtrip (0.790291ms)
✔ CIL/CLR semantic fixture: entry point (5.799375ms)
✔ CIL/CLR semantic fixture: integer precedence (3.638458ms)
✔ CIL/CLR semantic fixture: signed less-or-equal (2.837792ms)
✔ CIL/CLR semantic fixture: signed greater-or-equal (1.187416ms)
✔ CIL/CLR semantic fixture: signed strict comparisons (1.680083ms)
✔ CIL/CLR semantic fixture: Int32 wrap (1.058084ms)
✔ CIL/CLR semantic fixture: Int32 multiply (0.726416ms)
✔ CIL/CLR semantic fixture: Int32 division (0.616458ms)
✔ CIL/CLR semantic fixture: double literal division (0.617208ms)
✔ CIL/CLR semantic fixture: numeric conditional (0.683708ms)
✔ CIL/CLR semantic fixture: typed assignment (1.727667ms)
✔ CIL/CLR semantic fixture: for loop (3.317167ms)
✔ CIL/CLR semantic fixture: continue and break (1.389959ms)
✔ CIL/CLR semantic fixture: do while (0.938792ms)
✔ CIL/CLR semantic fixture: boolean bitwise (0.662125ms)
✔ CIL/CLR semantic fixture: short circuit (0.839125ms)
✔ CIL/CLR semantic fixture: null coalescing (6.96925ms)
✔ CIL/CLR semantic fixture: array foreach (2.567417ms)
✔ CIL/CLR semantic fixture: bool array default (0.915625ms)
✔ CIL/CLR semantic fixture: array assignment receiver (1.835333ms)
✔ CIL/CLR semantic fixture: prefix and postfix (0.76125ms)
✔ CIL/CLR semantic fixture: recursion (1.079ms)
✔ CIL/CLR semantic fixture: overloads (0.87225ms)
✔ CIL/CLR semantic fixture: object constructor (3.883708ms)
✔ CIL/CLR semantic fixture: object initializer (1.972208ms)
✔ CIL/CLR semantic fixture: static initializer (1.894625ms)
✔ CIL/CLR semantic fixture: object identity (2.411834ms)
✔ CIL/CLR semantic fixture: UTF16 string length (1.785ms)
✔ CIL/CLR semantic fixture: double method arguments (1.607167ms)
✔ CIL/CLR semantic fixture: try return (0.919375ms)
✔ CIL/CLR semantic fixture: caught division (0.705ms)
✔ CIL/CLR semantic fixture: cross-frame exception (0.741ms)
✔ CIL/CLR semantic fixture: throw exception (0.635417ms)
✔ CIL/CLR semantic fixture: rethrow (0.69975ms)
✔ CIL/CLR semantic fixture: return in catch (0.682917ms)
✔ CIL/CLR semantic fixture: break leaves try (7.325584ms)
✔ CIL/CLR semantic fixture: continue leaves try (6.510334ms)
✔ CIL/CLR semantic fixture: NaN comparisons (1.068584ms)
✔ CIL/CLR semantic fixture: shift count masking (0.615167ms)
✔ CIL/CLR semantic fixture: Int32 division overflow (0.679417ms)
✔ CIL/CLR semantic fixture: typed field assignment (0.888375ms)
✔ CIL/CLR semantic fixture: typed array assignment (0.833708ms)
✔ CIL/CLR semantic fixture: nested object fields (1.048166ms)
✔ CIL/CLR semantic fixture: array of references (1.47175ms)
✔ CIL/CLR semantic fixture: Main string args (1.710292ms)
✔ CIL/CLR semantic fixture: definite assignment (3.274917ms)
✔ CIL API: errors block binary emission (0.803917ms)
✔ CIL API: backend errors become diagnostics (0.511667ms)
✔ CIL API: ArrayBuffer executes directly (1.5885ms)
✔ CIL API: direct debugger construction accepts DLL bytes (1.528292ms)
✔ CIL inspection: standard opcodes and metadata names (1.275542ms)
✔ CIL runtime configuration: explicit host policy (0.145416ms)
✔ CIL front end remains light: ordinary compile does not emit an assembly (0.101125ms)
✔ Workspace cache includes assembly-related compilation options (0.293959ms)
✔ CIL metadata: genuine four-byte string and blob heap indexes (2.779833ms)
✔ execution: hello (9.964334ms)
✔ execution: precedence (0.885459ms)
✔ execution: Int32 wrap (2.02025ms)
✔ execution: Int32 multiplication (0.723292ms)
✔ execution: integer division (0.631209ms)
✔ execution: floating division (0.579875ms)
✔ execution: minimum int (0.535333ms)
✔ execution: bitwise (0.667834ms)
✔ execution: boolean (0.5595ms)
✔ execution: short circuit (1.044125ms)
✔ execution: if else (1.706541ms)
✔ execution: for (0.545291ms)
✔ execution: while continue break (0.46675ms)
✔ execution: do while (4.473333ms)
✔ execution: for continue (1.513042ms)
✔ execution: ternary (3.10675ms)
✔ execution: coalescing (0.220375ms)
✔ execution: array foreach (2.752583ms)
✔ execution: implicit array (1.125708ms)
✔ execution: default array (0.436791ms)
✔ execution: array assignment receiver evaluated once (0.324ms)
✔ execution: postfix (0.16325ms)
✔ execution: prefix (1.253292ms)
✔ execution: method calls (4.411792ms)
✔ execution: recursion (9.682125ms)
✔ execution: expression body (4.818667ms)
✔ execution: overloads (3.409666ms)
✔ execution: objects constructor fields (3.895833ms)
✔ execution: object initializer (0.279958ms)
✔ execution: static initializer dependency (0.53875ms)
✔ execution: string value equality (0.185917ms)
✔ execution: object identity (0.209125ms)
✔ execution: string library (6.715583ms)
✔ execution: length (2.026792ms)
✔ execution: numeric parse (3.593833ms)
✔ execution: round-to-even conversion (1.589792ms)
✔ execution: array sort (5.515583ms)
✔ execution: caught division (1.910167ms)
✔ execution: throw exception (1.987917ms)
✔ execution: cross-frame catch (0.45725ms)
✔ execution: rethrow (0.305792ms)
✔ execution: Main args (0.176209ms)
✔ execution: definite assignment both branches (0.146625ms)
✔ diagnostic: type mismatch (0.203167ms)
✔ diagnostic: unassigned (0.114542ms)
✔ diagnostic: short circuit definite assignment (0.23975ms)
✔ diagnostic: branch definite assignment (0.105208ms)
✔ diagnostic: unknown name (0.350458ms)
✔ diagnostic: duplicate type (0.348833ms)
✔ diagnostic: duplicate member (0.374625ms)
✔ diagnostic: multiple Main (0.107166ms)
✔ diagnostic: missing return (0.143541ms)
✔ diagnostic: break outside loop (0.061333ms)
✔ diagnostic: rethrow outside catch (0.051291ms)
✔ diagnostic: unknown type (0.059959ms)
✔ diagnostic: double to int (0.069708ms)
✔ diagnostic: const write (0.098125ms)
✔ diagnostic: no entry (0.045167ms)
✔ diagnostic: unsupported long (0.062084ms)
✔ diagnostic: unsupported float literal (0.407333ms)
✔ diagnostic: invalid condition (0.383208ms)
✔ profile: unsupported syntax blocks emission class A<T>{}Console.WriteLine(1); (1.49275ms)
✔ profile: unsupported syntax blocks emission class A{public int X{get;init;}}Console. (0.728333ms)
✔ profile: unsupported syntax blocks emission class B{}class A:B{}Console.WriteLine(1) (0.624875ms)
✔ profile: unsupported syntax blocks emission class A{static async void Main(){}} (0.925042ms)
✔ profile: unsupported syntax blocks emission try{Console.WriteLine(1);}catch(Exceptio (0.533042ms)
✔ profile: unsupported syntax blocks emission Console.WriteLine(1m); (0.493875ms)
✔ compiler: references resolve across source files (2.296916ms)
✔ compiler: int Main exit code survives startup (0.572375ms)
✔ bytecode: serialize and verify roundtrip (0.885834ms)
✔ bytecode: rejects corrupt version and stack underflow (0.563ms)
✔ bytecode: rejects invalid branch target (0.096417ms)
✔ sample: particles (2.627209ms)
✔ sample: gc (1.012333ms)
✔ sample: recursion (3.149708ms)
✔ sample: exceptions (0.521875ms)
✔ sample: arrays (1.69175ms)
✔ sample: errors (0.418125ms)
✔ sample: partial (0.505709ms)
✔ sample: switch (0.7265ms)
✔ sample: conversions (0.293792ms)
✔ sample: null-assignment (0.352542ms)
✔ sample: call-hierarchy (0.200666ms)
✔ sample: guarded-calls (0.317584ms)
✔ sample: short-circuit (0.218875ms)
✔ sample: nameof (0.143875ms)
✔ sample: properties (0.592084ms)
✔ sample: readonly-properties (1.664042ms)
✔ sample: finally (0.536875ms)
✔ sample: finally-loop (0.266875ms)
✔ sample: structural-refactoring (0.329583ms)
✔ sample: safe-watches (0.3555ms)
✔ sample: analyzer-tasks (0.12775ms)
✔ sample: checked-arithmetic (0.559583ms)
✔ sample: using-resources (0.714666ms)
✔ sample: using-failure (0.527208ms)
✔ sample: constant-patterns (0.372333ms)
✔ sample: refactor-safe06 (0.4495ms)
✔ sample: immutable-schema (0.727958ms)
✔ sample: unreachable-analyzer (0.128209ms)
✔ sample: reversible-storage (0.328125ms)
✔ sample: breakpoint-workbench (0.273166ms)
✔ sample: editor-keymaps (0.113667ms)
✔ sample: explorer-members (0.321375ms)
✔ sample: debug-exact (0.13625ms)
✔ sample: debug-callsite (0.158667ms)
✔ sample: debug-conditions (0.158625ms)
✔ sample: debug-function (0.222625ms)
✔ sample: debug-exception (0.20925ms)
✔ sample: async-stacks (3.014416ms)
✔ sample: logical-threads (1.854458ms)
✔ sample: hot-reload (0.602375ms)
✔ sample: set-next (0.347166ms)
✔ sample: function-evaluation (0.89475ms)
✔ sample: portable-symbols (0.573583ms)
✔ sample: winui-counter (7.287ms)
✔ sample: winui-controls (5.735833ms)
✔ sample: winui-graphics (11.074458ms)
✔ sample: winui-async (18.435334ms)
✔ sample: designer-canvas (29.572958ms)
✔ sample: designer-grid (8.128084ms)
✔ sample: winui-shared-styles (5.204791ms)
✔ sample: winui-expanded-controls (6.088125ms)
✔ sample: edit-continue-structure (0.382375ms)
✔ sample: designer-csharp-sync (7.5655ms)
✔ sample: winui-storyboards (2.505417ms)
✔ sample: winui-wrap-panels (10.650125ms)
✔ sample: animation-style-precedence (11.677333ms)
✔ sample: bcl-collections (12.474375ms)
✔ sample: bcl-dictionary (3.15925ms)
✔ sample: bcl-stringbuilder (2.577625ms)
✔ sample: csharp-interpolation (1.532625ms)
✔ sample: csharp-modern-properties (2.048666ms)
✔ sample: csharp-preview-collections (1.065583ms)
✔ sample: bcl-json-document (5.464709ms)
✔ sample: bcl-array-random (5.114791ms)
✔ sample: simd-vector-math (2.478375ms)
✔ sample: parallel-compute (114.6415ms)
✔ sample: network-http-client (13.681584ms)
✔ sample: winui-compute-monitor (7.691459ms)
✔ compiler: empty file set reports a missing entry point (0.224792ms)
✔ SIMD scalar equivalence Int32Array length 0 (1.27325ms)
✔ SIMD scalar equivalence Int32Array length 1 (0.145125ms)
✔ SIMD scalar equivalence Int32Array length 2 (0.086833ms)
✔ SIMD scalar equivalence Int32Array length 3 (0.071833ms)
✔ SIMD scalar equivalence Int32Array length 4 (0.079292ms)
✔ SIMD scalar equivalence Int32Array length 5 (0.074458ms)
✔ SIMD scalar equivalence Int32Array length 7 (0.089375ms)
✔ SIMD scalar equivalence Int32Array length 8 (0.071459ms)
✔ SIMD scalar equivalence Int32Array length 31 (0.113417ms)
✔ SIMD scalar equivalence Int32Array length 1024 (3.068417ms)
✔ SIMD scalar equivalence Float64Array length 0 (0.2085ms)
✔ SIMD scalar equivalence Float64Array length 1 (0.062625ms)
✔ SIMD scalar equivalence Float64Array length 2 (0.088416ms)
✔ SIMD scalar equivalence Float64Array length 3 (0.03875ms)
✔ SIMD scalar equivalence Float64Array length 4 (0.045375ms)
✔ SIMD scalar equivalence Float64Array length 5 (0.04125ms)
✔ SIMD scalar equivalence Float64Array length 7 (0.032375ms)
✔ SIMD scalar equivalence Float64Array length 8 (0.032375ms)
✔ SIMD scalar equivalence Float64Array length 31 (0.045333ms)
✔ SIMD scalar equivalence Float64Array length 1024 (3.425792ms)
✔ SIMD IEEE special values and signed zero (0.204667ms)
✔ SIMD actual WebAssembly backend and growing memory (0.312125ms)
✔ SIMD invalid options {"backend":"bad"} (0.123125ms)
✔ SIMD invalid options {"maxElements":0} (0.028917ms)
✔ SIMD invalid options {"maxElements":2000000000} (0.024459ms)
✔ SIMD rejects type, shape, unsupported operation, and element limit (0.564208ms)
✔ worker compute uses distinct real Node workers with SIMD (62.145041ms)
✔ worker snapshots own inputs, transfers preserve caller buffer, scalar fallback (26.968792ms)
✔ worker cancel queued job, dispose pending, and reject new work (33.267209ms)
✔ worker bounded queue and deadlines (30.159375ms)
✔ worker queued/active input byte budget is released after cancellation and completion (29.400125ms)
✔ source cooperative: async Main, parameters and a value across await (28.940542ms)
✔ source cooperative: async starts synchronously and returns at suspension (5.88975ms)
✔ source cooperative: nested await preserves live operand and argument order (6.07325ms)
✔ source cooperative: parallel tasks keep distinct parameter captures (6.473667ms)
✔ source cooperative: fault propagation and finally after await (2.460708ms)
✔ source cooperative: instance capture keeps receiver and managed string rooted (1.952167ms)
✔ source cooperative: Task.Run and await value (3.284417ms)
✔ source cooperative: completed tasks and synchronous FromResult (1.655667ms)
✔ source cooperative: Task.Yield yields before continuation (1.471541ms)
✔ source cooperative: WhenAll and two pending tasks (2.088917ms)
✔ source cooperative: WhenAny and no duplicate completion (3.861833ms)
✔ source cooperative: Thread.Start, name and Join (3.150041ms)
✔ source cooperative: loop with repeated suspension (1.532625ms)
✔ source cooperative: async return cleanup retains computed return value (1.48325ms)
✔ source cooperative: async Task<int> entry point (2.704916ms)
✔ source cooperative: cooperative worker sees shared statics (1.370667ms)
✔ reload cooperative: async Main, parameters and a value across await (8.617042ms)
✔ reload cooperative: async starts synchronously and returns at suspension (2.420791ms)
✔ reload cooperative: nested await preserves live operand and argument order (7.223583ms)
✔ reload cooperative: parallel tasks keep distinct parameter captures (3.375958ms)
✔ reload cooperative: fault propagation and finally after await (2.307167ms)
✔ reload cooperative: instance capture keeps receiver and managed string rooted (6.166458ms)
✔ reload cooperative: Task.Run and await value (5.309875ms)
✔ reload cooperative: completed tasks and synchronous FromResult (1.135917ms)
✔ reload cooperative: Task.Yield yields before continuation (1.35825ms)
✔ reload cooperative: WhenAll and two pending tasks (4.896625ms)
✔ reload cooperative: WhenAny and no duplicate completion (2.492166ms)
✔ reload cooperative: Thread.Start, name and Join (2.325375ms)
✔ reload cooperative: loop with repeated suspension (2.50225ms)
✔ reload cooperative: async return cleanup retains computed return value (2.06075ms)
✔ reload cooperative: async Task<int> entry point (1.265958ms)
✔ reload cooperative: cooperative worker sees shared statics (1.319416ms)
✔ cil cooperative: async Main, parameters and a value across await (10.678208ms)
✔ cil cooperative: async starts synchronously and returns at suspension (2.997834ms)
✔ cil cooperative: nested await preserves live operand and argument order (1.7345ms)
✔ cil cooperative: parallel tasks keep distinct parameter captures (1.236667ms)
✔ cil cooperative: fault propagation and finally after await (1.880291ms)
✔ cil cooperative: instance capture keeps receiver and managed string rooted (1.178209ms)
✔ cil cooperative: Task.Run and await value (0.6325ms)
✔ cil cooperative: completed tasks and synchronous FromResult (0.475959ms)
✔ cil cooperative: Task.Yield yields before continuation (0.723083ms)
✔ cil cooperative: WhenAll and two pending tasks (2.892375ms)
✔ cil cooperative: WhenAny and no duplicate completion (1.275875ms)
✔ cil cooperative: Thread.Start, name and Join (1.80325ms)
✔ cil cooperative: loop with repeated suspension (1.903333ms)
✔ cil cooperative: async return cleanup retains computed return value (0.6735ms)
✔ cil cooperative: async Task<int> entry point (0.326667ms)
✔ cil cooperative: cooperative worker sees shared statics (0.538208ms)
✔ source: querying waiting contexts never destroys their suspended frames (4.950541ms)
✔ source: snapshot while all tasks wait restores all frames and precise GC roots (1.471833ms)
✔ source: freezing a ready context prevents instruction execution (0.614625ms)
✔ source: pending awaited exception is retained through snapshots (1.030917ms)
✔ source: cancellation terminates all live cooperative contexts (0.617708ms)
✔ source: validation errors remain managed exceptions (7.907542ms)
✔ reload: querying waiting contexts never destroys their suspended frames (1.517792ms)
✔ reload: snapshot while all tasks wait restores all frames and precise GC roots (1.798125ms)
✔ reload: freezing a ready context prevents instruction execution (0.866375ms)
✔ reload: pending awaited exception is retained through snapshots (1.237958ms)
✔ reload: cancellation terminates all live cooperative contexts (0.705166ms)
✔ reload: validation errors remain managed exceptions (1.393458ms)
✔ cil: querying waiting contexts never destroys their suspended frames (0.984375ms)
✔ cil: snapshot while all tasks wait restores all frames and precise GC roots (0.655959ms)
✔ cil: freezing a ready context prevents instruction execution (3.374167ms)
✔ cil: pending awaited exception is retained through snapshots (2.288875ms)
✔ cil: cancellation terminates all live cooperative contexts (1.066209ms)
✔ cil: validation errors remain managed exceptions (1.392417ms)
✔ source: debugger lists real suspended frames, local values and await relationships (2.726166ms)
✔ source: source breakpoint after await stops before the statement (6.713042ms)
✔ source: Hot Reload validates locals in suspended async frames (3.249334ms)
✔ CIL: debugger lists real suspended frames, local values and await relationships (2.717875ms)
✔ CIL: source breakpoint after await stops before the statement (4.316417ms)
✔ CIL: Hot Reload validates locals in suspended async frames (3.810334ms)
✔ async profile uses real IL and survives editable IL roundtrip (3.642583ms)
✔ async void Main and unsupported task type are diagnosed rather than approximated (0.486541ms)
✔ SDK, compiler bytes and reference assemblies are exact pins (0.868334ms)
✔ hosted image drift fails while local image limits remain explicit (0.249833ms)
✔ fixture identity includes source bytes and language boundary (22.6685ms)
✔ expected schema rejects unknown, malformed, stale, wrong-oracle and wrong-path evidence (25.576458ms)
✔ expected store writes canonical bytes twice and rejects corrupt/stale data (49.313958ms)
✔ command modes are explicit and cannot accidentally update expected outputs (0.279375ms)
✔ native process cancellation, timeout, overflow, start failure and limit boundaries (153.259583ms)
✔ unsupported WinUI is recorded without requiring an unrelated local SDK (168.548166ms)
✔ workflow pins SDK/container/image and always publishes qualification evidence (2.657125ms)
✔ checkout guard rejects tracked, staged and untracked mutations, permits ignored evidence (543.386625ms)
✔ stable gate rejects failed, cancelled, skipped, missing and malformed prerequisites (0.437542ms)
✔ environment capture records unavailable/failed probes instead of claiming installed versions (0.136ms)
✔ results path creates custom directories including spaces and defaults outside tracked docs (3.598541ms)
✔ CLI output accepts a symlinked ancestor, but rejects links at or inside the output root (7.038084ms)
✔ browser matrix covers each discovered entry point and every OS without fail-fast (7.445167ms)
✔ managed Int32 process exits use Windows DWORD and POSIX low-byte representations (1.062959ms)
✔ checkout attributes override autocrlf for executable/example text without altering binary bytes (584.153334ms)
✔ ordinary PRs have one core job while full qualification and releases remain explicit (2.825125ms)
✔ release inventory verifies exact bytes and fails changed, missing or added payloads (26.309ms)
✔ action updater pins reviewed references and refuses unknown or changed versions (1.857583ms)
✔ vendor gate rejects changed bytes even if the distributed hash is re-recorded (52.488041ms)
✔ asset gate rejects unlisted assets, disallowed licenses, absent notices and changed bytes (14.348542ms)
✔ secret scanner detects constructed fake tokens and entropy without returning matched values (1.562125ms)
✔ secret scan covers a planted token in a separate fixture Git branch and built bundles (455.569208ms)
✔ tree scans and reads enforce path, count, byte and cancellation boundaries (62.256417ms)
✔ build seal binds source revision and exact downloaded payload membership/content (741.956333ms)
✔ attestation policy binds repository, signer workflow, source commit, tag and hosted runner (0.377875ms)
✔ secret scanner indexes large line sets, preserves leading placeholders and caps findings (0.596917ms)
✔ SBOM inventories actual package/browser bytes and independently reconstructs vendor bodies (369.518959ms)
✔ attestation subjects bind exact payload bytes and reject changed commits before invoking gh (542.312542ms)
✔ payload and vendor boundaries reject linked directory roots and ancestors (8.262ms)
✔ source: explicit function calls preserve paused stack and control flow (67.629084ms)
✔ source: methods, constructors, initializers, getters and setters execute real target code (10.573458ms)
✔ source: effectful expression receiver/argument order and GC roots (103.425583ms)
✔ source: evaluation rollback restores target state, output and history (75.095208ms)
✔ source: throwing evaluation and instruction exhaustion roll back (16.207125ms)
✔ source: cancellation, syntax and budget failures are nonmutating (2.891625ms)
✔ source: checked expressions and short circuits apply to called results (12.549042ms)
✔ source: Set Next Statement skips a write and preserves live values (1.986375ms)
✔ source: Set Next Statement rejects another method and stale stop (25.559667ms)
✔ source: Set Next Statement cannot escape protected cleanup (6.799375ms)
✔ source: Hot Reload replaces inactive bodies without restarting heap (14.832333ms)
✔ source: Hot Reload literal update in active method retains local values (20.086375ms)
✔ source: rude edits reject without losing old program or breakpoints (10.467333ms)
✔ CIL: explicit function calls preserve paused stack and control flow (45.469625ms)
✔ CIL: methods, constructors, initializers, getters and setters execute real target code (23.05725ms)
✔ CIL: effectful expression receiver/argument order and GC roots (8.011458ms)
✔ CIL: evaluation rollback restores target state, output and history (7.137167ms)
✔ CIL: throwing evaluation and instruction exhaustion roll back (10.690333ms)
✔ CIL: cancellation, syntax and budget failures are nonmutating (4.929709ms)
✔ CIL: checked expressions and short circuits apply to called results (15.786166ms)
✔ CIL: Set Next Statement skips a write and preserves live values (3.977417ms)
✔ CIL: Set Next Statement rejects another method and stale stop (4.144083ms)
✔ CIL: Set Next Statement cannot escape protected cleanup (1.18325ms)
✔ CIL: Hot Reload replaces inactive bodies without restarting heap (5.802375ms)
✔ CIL: Hot Reload literal update in active method retains local values (2.830917ms)
✔ CIL: rude edits reject without losing old program or breakpoints (3.742917ms)
✔ source: Set Next Statement rejects skipped definite assignment (2.845792ms)
✔ CIL: Set Next Statement rejects entering a nonempty-stack expression (2.598708ms)
✔ debugger: entry, step over, step in and step out use source points (9.462708ms)
✔ debugger: step over does not enter called method (0.883459ms)
✔ debugger: bound breakpoints, conditions and hit counts (1.427834ms)
✔ debugger: logpoints continue without pausing (0.471375ms)
✔ debugger: invalid breakpoints report unverified locations (0.630292ms)
✔ debugger: disabled breakpoints do not stop (0.383ms)
✔ debugger: function breakpoints stop in callee (0.511667ms)
✔ debugger: data breakpoint fires on local write (0.311625ms)
✔ debugger: side-effect-free watches cannot invoke or mutate (2.120834ms)
✔ debugger: local edits affect continuation and validate types (1.190583ms)
✔ debugger: const locals cannot be edited (0.323375ms)
✔ debugger: arrays and object children expose actual values (2.951709ms)
✔ debugger: exception break happens before catch and resumes into handler (0.705541ms)
✔ debugger: uncaught-only exception mode ignores caught exceptions (0.478541ms)
✔ debugger: reverse snapshots restore locals and output (1.527958ms)
✔ debugger: reverse snapshots retain objects across later collection (0.841208ms)
✔ debugger: recording is bounded and optional (1.082667ms)
✔ debugger: pause/stop are cooperative and invalidate frames (0.432708ms)
✔ source: shipped designer example designer-canvas (13.408458ms)
✔ canonical: shipped designer example designer-canvas (17.407542ms)
✔ cil: shipped designer example designer-canvas (47.13725ms)
✔ reassembled: shipped designer example designer-canvas (82.445375ms)
✔ source: shipped designer example designer-grid (15.56575ms)
✔ canonical: shipped designer example designer-grid (27.760542ms)
✔ cil: shipped designer example designer-grid (14.572292ms)
✔ reassembled: shipped designer example designer-grid (18.43125ms)
✔ source: shipped designer example winui-shared-styles (3.846125ms)
✔ canonical: shipped designer example winui-shared-styles (10.725042ms)
✔ cil: shipped designer example winui-shared-styles (9.121042ms)
✔ reassembled: shipped designer example winui-shared-styles (14.645083ms)
✔ source: shipped designer example winui-expanded-controls (1.920667ms)
✔ canonical: shipped designer example winui-expanded-controls (11.394417ms)
✔ cil: shipped designer example winui-expanded-controls (12.285375ms)
✔ reassembled: shipped designer example winui-expanded-controls (14.678375ms)
✔ source: shipped designer example edit-continue-structure (0.948375ms)
✔ canonical: shipped designer example edit-continue-structure (2.043875ms)
✔ cil: shipped designer example edit-continue-structure (1.330084ms)
✔ reassembled: shipped designer example edit-continue-structure (1.239042ms)
✔ designer example ZIP loads a complete solution: CanvasCounter (30.087917ms)
✔ designer example ZIP loads a complete solution: GridWorkspace (20.271667ms)
✔ designer example ZIP loads a complete solution: SharedStyles (10.631541ms)
✔ designer example ZIP loads a complete solution: ControlGallery (12.8735ms)
✔ designer example ZIP loads a complete solution: EditContinue (2.825666ms)
✔ C# source reader imports generated graph, resources and variables without executing it (16.394416ms)
✔ no-op source roundtrip is byte-identical including comments/newlines (28.828792ms)
✔ C# scalar/property/attached/event edits only touch the mapped expressions (5.526583ms)
✔ reading edited C# updates designer geometry/text without rewriting source (1.279292ms)
✔ C# syntax errors leave synchronized baseline unchanged (2.764ms)
✔ stale source update and optimistic session commits are rejected (5.673959ms)
✔ structural updates preserve hand-written handler bodies, identifiers and comments (63.707292ms)
✔ generated view structural updates compile and preserve names of existing fields (43.81525ms)
✔ new scalar property inserts before Activate and is available in the preview (3.297083ms)
✔ clear object initializer property Name (26.654667ms)
✔ clear object initializer property Content (5.065167ms)
✔ clear object initializer property Width (2.822125ms)
✔ clear object initializer property Height (2.711ms)
✔ clearing every object initializer remains syntactically valid (7.283375ms)
✔ dynamic expressions are never executed or overwritten and unrelated properties remain editable (2.125084ms)
✔ unknown statements block structural edits but retain minimal property editing (1.974916ms)
✔ multiple same-control event subscriptions are never silently collapsed on writeback (0.947959ms)
✔ shared styles, BasedOn and template factories survive structural sync (39.365083ms)
✔ C# Grid definitions and spans are read and updated (30.606083ms)
✔ UTF16 unicode and CRLF offsets produce minimal correct edits (9.087583ms)
✔ structural sync does not activate a returned Window because of a comment or a method named Main (12.585042ms)
✔ source sync records all wrap-grid attached spans without confusing Grid row/column spans (7.217ms)
✔ explicit non-Button resource target types survive unused-resource and structural source round trips (7.420583ms)
✔ design documents round-trip independently and default project uses real generated source (17.083708ms)
✔ property validation covers typed layout values and inherited properties (0.274583ms)
✔ design rejects invalid Button.Width -1 (0.216917ms)
✔ design rejects invalid Button.Opacity 2 (0.069916ms)
✔ design rejects invalid Button.Grid "bad" (0.214209ms)
✔ design rejects invalid Button.IsEnabled "true" (0.078542ms)
✔ design rejects invalid Button.RowSpan 0 (0.075ms)
✔ design rejects invalid Button.Row 1.5 (0.068125ms)
✔ design rejects invalid Button.Row 2147483648 (0.078916ms)
✔ design rejects invalid Button.Width null (0.124292ms)
✔ design rejects invalid TextBox.Text 42 (0.091875ms)
✔ design rejects invalid Border.Padding "1,2,3" (0.068541ms)
✔ design rejects invalid Button.Background "red" (0.060292ms)
✔ design rejects invalid Button.ActualWidth 20 (0.055333ms)
✔ Grid track parsing Auto (0.112125ms)
✔ Grid track parsing * (0.063791ms)
✔ Grid track parsing 3* (0.030833ms)
✔ Grid track parsing 48 (0.029333ms)
✔ Grid track parsing 0 (0.029833ms)
✔ Grid tracks reject nonfinite and negative dimensions (0.064417ms)
✔ design validation is transactional: cycle (1.242375ms)
✔ design validation is transactional: missing child (2.652417ms)
✔ design validation is transactional: multiple parents (3.395333ms)
✔ design validation is transactional: unparented node (1.306292ms)
✔ design validation is transactional: unsafe event (1.151708ms)
✔ design validation is transactional: resource code injection (0.940875ms)
✔ design validation is transactional: duplicate name (1.074583ms)
✔ design validation is transactional: window child (2.705958ms)
✔ design validation is transactional: resource cycle (3.197125ms)
✔ design validation is transactional: incorrect target (3.195375ms)
✔ document edit versions, no-op edits, undo and redo preserve selection (8.191791ms)
✔ empty selection safely falls back to root (2.380458ms)
✔ duplicate subtree has unique names, no runtime bindings and independent properties (8.654709ms)
✔ copy/paste imports referenced resources without overwriting incompatible destination resources (61.253958ms)
✔ Canvas grouping/ungrouping preserves coordinates with undo (6.368167ms)
✔ reparent moves are atomic and reject visual cycles or content overfill (17.078625ms)
✔ styles respect BasedOn, implicit exact target and local precedence with clear (2.353917ms)
✔ template preview instantiates distinct parts and reflects owner properties (13.798542ms)
✔ templates reject invalid target, mismatched bindings and duplicate part IDs (2.415041ms)
✔ codegen rejects identifiers which alias after C# encoding (1.269958ms)
✔ toolbox ContentControl generates, compiles and executes real C# (52.6215ms)
✔ toolbox Page generates, compiles and executes real C# (43.65575ms)
✔ toolbox UserControl generates, compiles and executes real C# (44.743083ms)
✔ toolbox Button generates, compiles and executes real C# (38.032834ms)
✔ toolbox CheckBox generates, compiles and executes real C# (23.138708ms)
✔ toolbox ToggleSwitch generates, compiles and executes real C# (29.996791ms)
✔ toolbox TextBox generates, compiles and executes real C# (12.025375ms)
✔ toolbox PasswordBox generates, compiles and executes real C# (37.462833ms)
✔ toolbox TextBlock generates, compiles and executes real C# (34.046875ms)
✔ toolbox Border generates, compiles and executes real C# (44.01375ms)
✔ toolbox Grid generates, compiles and executes real C# (31.743583ms)
✔ toolbox Canvas generates, compiles and executes real C# (22.987125ms)
✔ toolbox ScrollViewer generates, compiles and executes real C# (71.626167ms)
✔ toolbox Slider generates, compiles and executes real C# (25.39875ms)
✔ toolbox ProgressBar generates, compiles and executes real C# (35.826458ms)
✔ toolbox ProgressRing generates, compiles and executes real C# (32.651834ms)
✔ toolbox ComboBox generates, compiles and executes real C# (36.629375ms)
✔ toolbox ListView generates, compiles and executes real C# (32.289625ms)
✔ toolbox ComboBoxItem generates, compiles and executes real C# (36.07275ms)
✔ toolbox ListViewItem generates, compiles and executes real C# (29.151541ms)
✔ toolbox Image generates, compiles and executes real C# (18.142208ms)
✔ toolbox HyperlinkButton generates, compiles and executes real C# (34.639042ms)
✔ toolbox Expander generates, compiles and executes real C# (44.861167ms)
✔ toolbox MenuFlyoutItem generates, compiles and executes real C# (18.8865ms)
✔ toolbox MenuFlyout generates, compiles and executes real C# (12.524042ms)
✔ toolbox NavigationView generates, compiles and executes real C# (18.22425ms)
✔ toolbox NavigationViewItem generates, compiles and executes real C# (16.14825ms)
✔ toolbox DrawingSurface generates, compiles and executes real C# (53.279417ms)
✔ toolbox Rectangle generates, compiles and executes real C# (25.642625ms)
✔ toolbox Ellipse generates, compiles and executes real C# (9.638584ms)
✔ toolbox Line generates, compiles and executes real C# (14.782416ms)
✔ toolbox ToggleButton generates, compiles and executes real C# (19.943041ms)
✔ toolbox RadioButton generates, compiles and executes real C# (9.984292ms)
✔ toolbox NumberBox generates, compiles and executes real C# (15.190458ms)
✔ toolbox AutoSuggestBox generates, compiles and executes real C# (10.522458ms)
✔ toolbox CalendarDatePicker generates, compiles and executes real C# (22.104458ms)
✔ toolbox TimePicker generates, compiles and executes real C# (18.303ms)
✔ toolbox InfoBar generates, compiles and executes real C# (31.135375ms)
✔ toolbox ContentPresenter generates, compiles and executes real C# (19.605417ms)
✔ toolbox Viewbox generates, compiles and executes real C# (12.274417ms)
✔ toolbox TabView generates, compiles and executes real C# (38.668541ms)
✔ toolbox TabViewItem generates, compiles and executes real C# (41.211209ms)
✔ toolbox AppBarButton generates, compiles and executes real C# (19.394375ms)
✔ toolbox CommandBar generates, compiles and executes real C# (12.781667ms)
✔ toolbox ToolTip generates, compiles and executes real C# (38.208625ms)
✔ toolbox ContentDialog generates, compiles and executes real C# (26.202958ms)
✔ toolbox Separator generates, compiles and executes real C# (22.810459ms)
✔ toolbox WrapGrid generates, compiles and executes real C# (40.0515ms)
✔ toolbox VariableSizedWrapGrid generates, compiles and executes real C# (18.311208ms)
✔ toolbox ItemsWrapGrid generates, compiles and executes real C# (18.024959ms)
✔ toolbox StackPanel generates, compiles and executes real C# (15.372042ms)
✔ source: styled/templated designer code executes with valid IL and survives GC (28.463ms)
✔ reload: styled/templated designer code executes with valid IL and survives GC (28.970667ms)
✔ cil: styled/templated designer code executes with valid IL and survives GC (18.845ms)
✔ reassembled: styled/templated designer code executes with valid IL and survives GC (31.880041ms)
✔ source: live property/style patch retains user text, control identity and managed callbacks (19.48875ms)
✔ source: new live controls retain scalar Content, reparent and Grid track edits apply (21.130583ms)
✔ source: template-only live edits preserve original C# handlers (18.081708ms)
✔ source: invalid live patch restores heap, UI, stopped execution and revision (15.194625ms)
✔ source: live revision and stale object checks precede mutations (12.618166ms)
✔ source: aliased live bindings and unsupported new handlers are rejected (20.879667ms)
✔ CIL: live property/style patch retains user text, control identity and managed callbacks (21.266417ms)
✔ CIL: new live controls retain scalar Content, reparent and Grid track edits apply (21.328ms)
✔ CIL: template-only live edits preserve original C# handlers (33.833958ms)
✔ CIL: invalid live patch restores heap, UI, stopped execution and revision (22.732875ms)
✔ CIL: live revision and stale object checks precede mutations (8.334666ms)
✔ CIL: aliased live bindings and unsupported new handlers are rejected (44.977583ms)
✔ initial model places all panels closed with persistent empty document group (1.799083ms)
✔ open activate close reopen retains unique placement (1.187792ms)
✔ edge dock left (0.592459ms)
✔ edge dock right (0.523125ms)
✔ edge dock top (0.299875ms)
✔ edge dock bottom (0.267417ms)
✔ tab reorder is deterministic (1.201875ms)
✔ float redock cleans empty floating nodes (0.465958ms)
✔ auto hide pin close and reopen move one panel (0.586125ms)
✔ documents cannot auto hide (2.264125ms)
✔ nonclosable panels cannot close (0.430917ms)
✔ layout JSON restore roundtrips split auto hide and floats (8.497708ms)
✔ invalid restore is atomic s=>s.root.active='missing' (0.16225ms)
✔ invalid restore is atomic s=>s.closed.push('output') (0.075ms)
✔ invalid restore is atomic s=>s.root.id='' (0.539542ms)
✔ invalid restore is atomic s=>s.version=999 (4.05825ms)
✔ invalid restore is atomic s=>s.closed.pop() (0.118625ms)
✔ invalid restore is atomic s=>s.autoHide.left.push('unknown') (0.059208ms)
✔ invalid restore is atomic s=>s.floating.push({id:'f',x:0,y:0,width:-1,height:100,root:createGroup('g',[])}) (0.066208ms)
✔ invalid operation rolls back model (1.574292ms)
✔ undo redo restore correct placements (0.471791ms)
✔ split resize validates finite ratio and clamps keyboard movement (0.419ms)
✔ closing final document keeps a docking target (1.122708ms)
✔ history bound and subscriptions can unsubscribe (0.192875ms)
✔ register and unregister document panels preserve invariants (0.08625ms)
✔ duplicate tree identifiers are rejected (0.075709ms)
✔ randomized moves maintain uniqueness and valid round trips (110.495209ms)
✔ EnC adds and reorders methods while preserving IDs and active caller state (21.863625ms)
✔ EnC supports multiple generations without method identity drift (16.871125ms)
✔ EnC inserts a new active local after a surviving source statement (4.397583ms)
✔ EnC remaps active locals and write breakpoint descriptors after inserting an earlier local (1.878042ms)
✔ EnC never guesses skipped initialization needed after the target checkpoint (1.737083ms)
✔ EnC rejects changes to an active statement without mutating its value or location (4.784458ms)
✔ EnC appends fields to existing objects with defaults and initializes newly created instances (4.134125ms)
✔ EnC adds types and methods used after a safe active checkpoint (3.940292ms)
✔ EnC preserves existing statics through reordering and adds default-valued storage (7.503375ms)
✔ EnC rejects incompatible field reorder before mutating the running image (1.703417ms)
✔ EnC rejects incompatible field type before mutating the running image (1.355292ms)
✔ EnC rejects incompatible remove field before mutating the running image (1.676208ms)
✔ EnC rejects incompatible remove type before mutating the running image (2.683208ms)
✔ EnC rejects a signature change even when the method is currently inactive (1.216792ms)
✔ EnC observes the heap budget before appended-field mutation (1.157666ms)
✔ EnC preserves live delegates when a new declaration shifts compiler method indexes (2.486291ms)
✔ EnC updates inactive helpers while real async frames are suspended (8.824666ms)
✔ EnC clears reverse snapshots across a successful generation, not a rejected one (12.022875ms)
✔ release13 source: Designer · C# two-way editing (8.363125ms)
✔ release13 reload: Designer · C# two-way editing (27.342459ms)
✔ release13 cil: Designer · C# two-way editing (20.792209ms)
✔ release13 reassembled: Designer · C# two-way editing (30.548333ms)
✔ release13 source: WinUI · storyboard playback (4.649041ms)
✔ release13 reload: WinUI · storyboard playback (19.753958ms)
✔ release13 cil: WinUI · storyboard playback (15.527959ms)
✔ release13 reassembled: WinUI · storyboard playback (31.696042ms)
✔ release13 source: WinUI · wrapping panels and spans (20.701792ms)
✔ release13 reload: WinUI · wrapping panels and spans (7.02825ms)
✔ release13 cil: WinUI · wrapping panels and spans (12.942958ms)
✔ release13 reassembled: WinUI · wrapping panels and spans (5.46925ms)
✔ release13 source: WinUI · animation and style precedence (3.450667ms)
✔ release13 reload: WinUI · animation and style precedence (5.837458ms)
✔ release13 cil: WinUI · animation and style precedence (4.569416ms)
✔ release13 reassembled: WinUI · animation and style precedence (5.078167ms)
✔ release13 source: BCL · lists, sets, queues and stacks (0.699667ms)
✔ release13 reload: BCL · lists, sets, queues and stacks (1.109709ms)
✔ release13 cil: BCL · lists, sets, queues and stacks (0.761542ms)
✔ release13 reassembled: BCL · lists, sets, queues and stacks (2.542959ms)
✔ release13 source: BCL · dictionary inventory (0.415625ms)
✔ release13 reload: BCL · dictionary inventory (2.325583ms)
✔ release13 cil: BCL · dictionary inventory (3.368708ms)
✔ release13 reassembled: BCL · dictionary inventory (3.265042ms)
✔ release13 source: BCL · text and StringBuilder (0.659833ms)
✔ release13 reload: BCL · text and StringBuilder (0.700167ms)
✔ release13 cil: BCL · text and StringBuilder (0.442125ms)
✔ release13 reassembled: BCL · text and StringBuilder (0.761458ms)
✔ release13 source: C# · interpolation and numeric formats (0.270875ms)
✔ release13 reload: C# · interpolation and numeric formats (0.761333ms)
✔ release13 cil: C# · interpolation and numeric formats (0.578958ms)
✔ release13 reassembled: C# · interpolation and numeric formats (2.720041ms)
✔ source-sync Studio sample maps declarations and preserves user handlers after structural edits (94.610666ms)
✔ release14 sample csharp-modern-properties: source (25.66825ms)
✔ release14 sample csharp-modern-properties: reload (15.657458ms)
✔ release14 sample csharp-modern-properties: cil (10.729292ms)
✔ release14 sample csharp-modern-properties: reassembled (12.484875ms)
✔ release14 sample csharp-preview-collections: source (17.508ms)
✔ release14 sample csharp-preview-collections: reload (6.847042ms)
✔ release14 sample csharp-preview-collections: cil (5.414042ms)
✔ release14 sample csharp-preview-collections: reassembled (7.180125ms)
✔ release14 sample bcl-json-document: source (15.213291ms)
✔ release14 sample bcl-json-document: reload (5.932041ms)
✔ release14 sample bcl-json-document: cil (9.558375ms)
✔ release14 sample bcl-json-document: reassembled (7.844375ms)
✔ release14 sample bcl-array-random: source (3.485042ms)
✔ release14 sample bcl-array-random: reload (2.52025ms)
✔ release14 sample bcl-array-random: cil (2.861708ms)
✔ release14 sample bcl-array-random: reassembled (6.919166ms)
✔ release14 sample simd-vector-math: source (6.793208ms)
✔ release14 sample simd-vector-math: reload (22.364208ms)
✔ release14 sample simd-vector-math: cil (36.855042ms)
✔ release14 sample simd-vector-math: reassembled (14.202084ms)
✔ release14 sample parallel-compute: source (45.36825ms)
✔ release14 sample parallel-compute: reload (52.645625ms)
✔ release14 sample parallel-compute: cil (53.977542ms)
✔ release14 sample parallel-compute: reassembled (37.97425ms)
✔ release14 sample network-http-client: source (18.348375ms)
✔ release14 sample network-http-client: reload (22.014209ms)
✔ release14 sample network-http-client: cil (14.582125ms)
✔ release14 sample network-http-client: reassembled (19.595709ms)
✔ release14 sample winui-compute-monitor: source (12.412375ms)
✔ release14 sample winui-compute-monitor: reload (22.175ms)
✔ release14 sample winui-compute-monitor: cil (8.169375ms)
✔ release14 sample winui-compute-monitor: reassembled (15.294291ms)
✔ C# language additions on IR, strict IL and direct CIL: cast int (36.929875ms)
✔ C# language additions on IR, strict IL and direct CIL: cast double (4.917666ms)
✔ C# language additions on IR, strict IL and direct CIL: typed defaults (4.626834ms)
✔ C# language additions on IR, strict IL and direct CIL: switch grouped (9.041833ms)
✔ C# language additions on IR, strict IL and direct CIL: string switch (11.824709ms)
✔ C# language additions on IR, strict IL and direct CIL: null switch (10.255ms)
✔ C# language additions on IR, strict IL and direct CIL: negative pattern (5.401792ms)
✔ C# language additions on IR, strict IL and direct CIL: switch expression (12.016417ms)
✔ C# language additions on IR, strict IL and direct CIL: numeric switch expression (12.836709ms)
✔ C# language additions on IR, strict IL and direct CIL: nested switch continue (10.724084ms)
✔ C# language additions on IR, strict IL and direct CIL: null coalescing assignment once (7.377ms)
✔ C# language additions on IR, strict IL and direct CIL: null coalescing field (14.925125ms)
✔ C# language additions on IR, strict IL and direct CIL: unchecked overflow (1.85925ms)
✔ C# language additions on IR, strict IL and direct CIL: unchecked block (3.898666ms)
✔ C# diagnostics: duplicate switch (0.458916ms)
✔ C# diagnostics: fallthrough (0.321292ms)
✔ C# diagnostics: nonconstant switch (0.382458ms)
✔ C# diagnostics: invalid cast (0.351292ms)
✔ C# nonexhaustive switch expression warns and throws for unmatched value (1.997417ms)
✔ Generators: build-info source participates in binding and execution (1.225125ms)
✔ Generators: source/additional/options snapshots invalidate input cache (4.504375ms)
✔ Generators: cache reused when compiler-only options change (0.50025ms)
✔ Generators: JSON schema classes are usable by source (0.477375ms)
✔ Generators: failure rolls back partial output and blocks emission (0.217833ms)
✔ Generators: Promise callbacks explicitly refused (0.186292ms)
✔ Generators: duplicate paths and traversal rejected (0.412333ms)
✔ Generators: generated-document API cannot be edited as user source (0.225916ms)
✔ Generators: output budgets reject oversized generators (0.121875ms)
✔ Analyzers: unreferenced locals and empty catches use actual source spans (0.324208ms)
✔ Analyzers: severity overrides can suppress or block compilation (0.137708ms)
✔ Extensions: cancellation precedes callback execution (0.086458ms)
✔ Refactoring: bound var to explicit type applies transactionally (1.399291ms)
✔ Refactoring: stale, overlapping and malformed multi-file edits never partially apply (0.514709ms)
✔ Refactoring: successful project rejects a rewrite that introduces compile errors (0.206291ms)
✔ Refactoring: rename updates bound references, not strings or comments (1.787583ms)
✔ Formatting: indentation preserves literal and comment text (2.026334ms)
✔ Folding and selection ranges are nested and ignore braces inside literals (1.888584ms)
✔ LSP: new capabilities correspond to actual handlers (1.421583ms)
✔ LSP: code actions carry versions and type hints use inferred types (0.556875ms)
✔ LSP: versioned rename WorkspaceEdit when client supports documentChanges (0.501667ms)
✔ workspace: unchanged compilation returns cached identity (10.303666ms)
✔ workspace: edit retains other document tree and reparses only changed file (2.637417ms)
✔ workspace: rejects stale changes (0.10375ms)
✔ workspace: incremental UTF-16 document changes (0.518916ms)
✔ workspace: pre-cancelled request aborts (0.389459ms)
✔ workspace: limits and atomic project imports (0.694959ms)
✔ workspace: export/import roundtrip (3.235917ms)
✔ language: member completion on unfinished file (2.344791ms)
✔ language: local type-aware array completion (3.09425ms)
✔ language: definitions, bound references, hover and rename (0.959ms)
✔ language: rename collision rejected (0.249875ms)
✔ language: no unbound text replacements during rename (0.185209ms)
✔ language: cross-file method definition (0.518667ms)
✔ language: document symbols and semantic tokens (0.36325ms)
✔ language14 source: field-backed mixed accessors and initialization (5.630292ms)
✔ language14 reload: field-backed mixed accessors and initialization (4.5145ms)
✔ language14 cil: field-backed mixed accessors and initialization (6.009417ms)
✔ language14 reassembled: field-backed mixed accessors and initialization (10.745875ms)
✔ language14 source: field-backed explicit getter and setter (0.393542ms)
✔ language14 reload: field-backed explicit getter and setter (6.719542ms)
✔ language14 cil: field-backed explicit getter and setter (0.590042ms)
✔ language14 reassembled: field-backed explicit getter and setter (2.976791ms)
✔ language14 source: field escape resolves user field (0.493708ms)
✔ language14 reload: field escape resolves user field (1.61175ms)
✔ language14 cil: field escape resolves user field (1.599167ms)
✔ language14 reassembled: field escape resolves user field (5.032958ms)
✔ language14 source: target typed parameters returns and field initializers (0.783625ms)
✔ language14 reload: target typed parameters returns and field initializers (2.547667ms)
✔ language14 cil: target typed parameters returns and field initializers (1.543417ms)
✔ language14 reassembled: target typed parameters returns and field initializers (3.130542ms)
✔ language14 source: null conditional property skips receiver RHS (0.202709ms)
✔ language14 reload: null conditional property skips receiver RHS (5.535292ms)
✔ language14 cil: null conditional property skips receiver RHS (11.893792ms)
✔ language14 reassembled: null conditional property skips receiver RHS (3.248584ms)
✔ language14 source: null conditional array skips index and RHS (1.245917ms)
✔ language14 reload: null conditional array skips index and RHS (1.162167ms)
✔ language14 cil: null conditional array skips index and RHS (1.268458ms)
✔ language14 reassembled: null conditional array skips index and RHS (1.176041ms)
✔ language14 source: null conditional compound accessor order (0.098625ms)
✔ language14 reload: null conditional compound accessor order (0.883375ms)
✔ language14 cil: null conditional compound accessor order (0.497ms)
✔ language14 reassembled: null conditional compound accessor order (1.249959ms)
✔ language14 source: collection expression empty array and list (0.120416ms)
✔ language14 reload: collection expression empty array and list (1.386708ms)
✔ language14 cil: collection expression empty array and list (0.492417ms)
✔ language14 reassembled: collection expression empty array and list (1.3505ms)
✔ language14 source: collection expressions spread array and lists (0.553375ms)
✔ language14 reload: collection expressions spread array and lists (1.486875ms)
✔ language14 cil: collection expressions spread array and lists (1.441708ms)
✔ language14 reassembled: collection expressions spread array and lists (10.720292ms)
✔ language14 source: spread hash set preserves uniqueness (0.617083ms)
✔ language14 reload: spread hash set preserves uniqueness (0.907958ms)
✔ language14 cil: spread hash set preserves uniqueness (0.494958ms)
✔ language14 reassembled: spread hash set preserves uniqueness (0.951541ms)
✔ language14 source: collection returns and arguments (0.116542ms)
✔ language14 reload: collection returns and arguments (0.656167ms)
✔ language14 cil: collection returns and arguments (0.392417ms)
✔ language14 reassembled: collection returns and arguments (0.943083ms)
✔ language14 source: collection expression evaluation order (0.142667ms)
✔ language14 reload: collection expression evaluation order (8.438917ms)
✔ language14 cil: collection expression evaluation order (6.06325ms)
✔ language14 reassembled: collection expression evaluation order (3.365666ms)
✔ language14 source: C#15 capacity arguments (0.262292ms)
✔ language14 reload: C#15 capacity arguments (3.192042ms)
✔ language14 cil: C#15 capacity arguments (0.808375ms)
✔ language14 reassembled: C#15 capacity arguments (1.886208ms)
✔ language14 source: C#15 labeled continue and break (0.125083ms)
✔ language14 reload: C#15 labeled continue and break (0.675042ms)
✔ language14 cil: C#15 labeled continue and break (6.071583ms)
✔ language14 reassembled: C#15 labeled continue and break (1.636416ms)
✔ language14 source: C#15 labeled jumps execute finally (0.963458ms)
✔ language14 reload: C#15 labeled jumps execute finally (1.148625ms)
✔ language14 cil: C#15 labeled jumps execute finally (3.21225ms)
✔ language14 reassembled: C#15 labeled jumps execute finally (0.71775ms)
✔ language14 source: escape E C#13 (0.065084ms)
✔ language14 reload: escape E C#13 (0.361459ms)
✔ language14 cil: escape E C#13 (0.115917ms)
✔ language14 reassembled: escape E C#13 (0.337667ms)
✔ language14 rejects: field version (1.447292ms)
✔ language14 rejects: null conditional version (0.254708ms)
✔ language14 rejects: collection version (0.151333ms)
✔ language14 rejects: target new version (0.105834ms)
✔ language14 rejects: capacity requires preview (0.127708ms)
✔ language14 rejects: named jump requires preview (0.143958ms)
✔ language14 rejects: collection requires target (0.074ms)
✔ language14 rejects: new requires target (3.037625ms)
✔ language14 rejects: spread requires enumerable (0.288083ms)
✔ language14 rejects: unknown jump (0.141084ms)
✔ language14 rejects: continue switch disallowed (0.376583ms)
✔ language14 rejects: array with capacity disallowed (0.122625ms)
✔ language14 rejects: unknown capacity argument (0.113708ms)
✔ language14 rejects: null assignment increment disallowed (0.133916ms)
✔ language14 rejects: field local shadow rejected (12.55575ms)
✔ language version 14 (0.080917ms)
✔ language version 14.0 (0.023791ms)
✔ language version latest (0.023917ms)
✔ language version default (0.020625ms)
✔ language version preview (0.018542ms)
✔ language rejects version 15 (0.109708ms)
✔ language rejects version latest-but-not-real (0.032708ms)
✔ language rejects version 0 (0.027875ms)
✔ language rejects version 99 (0.02225ms)
Rewritten assemblies are unsigned. #SF debug maps were invalidated. Metadata and resources were preserved; method bodies came only from IL text.
✔ Managed DLL without #SF: int output (13.469625ms)
✔ Managed DLL without #SF: double (3.343792ms)
✔ Managed DLL without #SF: loop (6.356583ms)
✔ Managed DLL without #SF: call (4.898833ms)
✔ Managed DLL without #SF: object (7.267167ms)
✔ Managed DLL without #SF: array (7.016209ms)
✔ Managed DLL without #SF: throw catch (5.632208ms)
✔ Managed DLL without #SF: null catch (3.058ms)
✔ Managed DLL without #SF: bool boxing (3.113625ms)
✔ Managed DLL without #SF: empty catch (7.997875ms)
✔ Managed DLL without #SF: string ops (5.391709ms)
✔ Managed DLL without #SF: ceil (3.243291ms)
✔ Independent managed DLL: methods can be invoked without an entry point (1.116583ms)
✔ Independent managed DLL: 64-bit arithmetic stays exact (0.221792ms)
✔ Independent managed DLL: short floating literal and conversion (0.173667ms)
✔ Independent managed DLL: switch table dispatch (0.38675ms)
✔ Independent managed DLL: managed address into local (0.303708ms)
✔ Independent managed DLL: static initializer executes exactly once (0.226833ms)
✔ Independent managed DLL: finally executes on leave (0.252166ms)
✔ Independent managed DLL: checked overflow becomes a managed fault (0.214791ms)
✔ Independent managed DLL: unsigned division uses unsigned operands (0.124209ms)
✔ Direct CIL: hard instruction limit (0.8955ms)
✔ Direct CIL: hard output limit (1.186ms)
✔ Direct CIL: unknown external method is refused before output (0.641041ms)
✔ Direct CIL: native pointer instructions remain inspectable, not executable (1.609958ms)
✔ Direct CIL: invalid local slot and stack underflow rejected (1.493625ms)
✔ Direct CIL: host arguments use strict declared types and arity (1.490458ms)
✔ IL text: every method rebuilt; changed constants actually execute (2.496042ms)
✔ IL text: IL from a debug-profile binary loses stale profile metadata (4.675041ms)
✔ IL text: long, branch and switch round trips (2.08375ms)
✔ IL text: catches round trip (6.171417ms)
✔ IL text: omitted or duplicate methods are never read from image fallback (0.981666ms)
✔ IL text: undefined labels and invalid opcodes are rejected (0.834166ms)
✔ Decompiler: simple independently authored Add is reconstructable C# (4.554792ms)
✔ Decompiler: mutable local loads captured before writes (1.021042ms)
✔ Decompiler: EH returns full IL and explicit fallback, not fake C# (9.827875ms)
✔ Decoder: i64, r4 and standard two-byte operations (0.096291ms)
✔ Decoder: branch into operand rejected (0.085792ms)
✔ Metadata: generic method spec signature uses its blob column (0.537083ms)
✔ Metadata: generic variables, arrays, byrefs and function pointers inspect (0.078042ms)
✔ PE: inspection rejects malformed and truncated user DLLs (0.244083ms)
✔ GC: strong handles retain; weak handles clear after strong release (0.29325ms)
✔ GC: scratch marks reused; foreign handles rejected (0.093834ms)
✔ CLI: inspect, invoke, decompile, editable IL, assemble, exec ordinary DLL (650.86025ms)
✔ Direct CIL storage: byte local truncates and extends (0.43525ms)
✔ Direct CIL storage: sbyte local truncates and extends (0.241083ms)
✔ Direct CIL storage: ushort local truncates and extends (0.19475ms)
✔ Direct CIL storage: short local truncates and extends (0.162542ms)
✔ Direct CIL storage: ldelem.u1 array extends correctly (0.217708ms)
✔ Direct CIL storage: ldelem.i1 array extends correctly (0.159375ms)
✔ Direct CIL storage: indirect byte store truncates before unsigned load (0.169708ms)
✔ Direct CIL host result keeps uint identity (0.160542ms)
✔ Direct CIL host result keeps ulong identity (0.141167ms)
✔ Direct CIL host result keeps bool identity (0.119292ms)
✔ Direct CIL: string[] Main defaults to an empty argument array (0.169209ms)
✔ CLI: no dummy arguments required for method decompilation or string[] entry point (283.447958ms)
✔ MSBuild contract supports build (2.047542ms)
✔ MSBuild contract supports rebuild (0.39775ms)
✔ MSBuild contract supports clean (0.165666ms)
✔ MSBuild contract supports restore (0.145958ms)
✔ MSBuild contract supports pack (0.2005ms)
✔ MSBuild contract supports publish (0.172625ms)
✔ MSBuild contract supports test (0.150167ms)
✔ MSBuild contract supports target (0.170083ms)
✔ MSBuild contract supports evaluate (0.081334ms)
✔ MSBuild contract supports preprocess (0.11425ms)
✔ MSBuild contract supports targets (0.055459ms)
✔ MSBuild rejects invalid workspace path "../outside.csproj" (0.16325ms)
✔ MSBuild rejects invalid workspace path "/tmp/X.csproj" (0.033625ms)
✔ MSBuild rejects invalid workspace path "C:\\X.csproj" (0.03025ms)
✔ MSBuild rejects invalid workspace path "a/../X.csproj" (0.026625ms)
✔ MSBuild rejects invalid workspace path "a//X.csproj" (0.025958ms)
✔ MSBuild rejects invalid workspace path "a/./X.csproj" (0.035667ms)
✔ MSBuild rejects invalid workspace path "-something.csproj" (0.02275ms)
✔ MSBuild rejects invalid workspace path "https://x.csproj" (0.023ms)
✔ MSBuild rejects invalid workspace path "a\u0000.csproj" (0.0275ms)
✔ MSBuild rejects invalid workspace path "" (0.024292ms)
✔ MSBuild request rejects {"action":"exec"} (0.048125ms)
✔ MSBuild request rejects {"project":"input.cs"} (0.031542ms)
✔ MSBuild request rejects {"properties":[]} (0.028583ms)
✔ MSBuild request rejects {"maxNodes":0} (0.047292ms)
✔ MSBuild request rejects {"maxNodes":65} (0.049959ms)
✔ MSBuild request rejects {"maxNodes":1.2} (0.039ms)
✔ MSBuild request rejects {"verbosity":"verbose"} (0.037333ms)
✔ MSBuild request rejects {"arguments":["not-a-switch"]} (0.062458ms)
✔ MSBuild request rejects {"arguments":["-p:X=a\nb"]} (0.085875ms)
✔ MSBuild request rejects {"targets":["x;Build"]} (0.06ms)
✔ MSBuild request rejects {"propertyNames":["A,B"]} (0.04725ms)
✔ MSBuild request rejects {"itemNames":["*"]} (0.037542ms)
✔ MSBuild request rejects {"trusted":"true"} (0.050083ms)
✔ MSBuild request rejects {"restore":1} (0.051375ms)
✔ MSBuild request rejects {"action":"target"} (0.030416ms)
✔ MSBuild request rejects {"properties":{"A":"1","a":"2"}} (0.093125ms)
✔ Global property parser preserves equals, spaces, Unicode, no shell interpretation (0.502792ms)
✔ Properties escape all MSBuild special characters without shell quoting (0.070959ms)
✔ Node invocation preserves actual engine and project path; build flags global properties (0.185875ms)
✔ MSBuild.exe engine omits dotnet subcommand and forwards advanced switches separately (0.053875ms)
✔ Evaluation emits JSON queries without targets, restore or graph execution by default (0.052125ms)
✔ Native build calls Build (0.058459ms)
✔ Native rebuild calls Rebuild (0.030375ms)
✔ Native restore calls Restore (0.02675ms)
✔ Native pack calls Pack (0.029458ms)
✔ Native publish calls Publish (0.037041ms)
✔ Native clean calls Clean (0.041375ms)
✔ Native test calls VSTest (0.024ms)
✔ custom targets and requested target results are explicit (0.038917ms)
✔ preprocessed and target listing files use the owner-provided job directory (0.056667ms)
✔ Parses diagnostic 1>C:\Code Dir\App.cs(12,7): error CS1002: ; expected [C:\Code Dir\App.csproj] (0.320542ms)
✔ Parses diagnostic /tmp/A.cs(3,4,3,8): warning CS0168: unused [/tmp/App.csproj] (0.157292ms)
✔ Parses diagnostic MSBUILD : error MSB1001: Unknown switch. (0.031833ms)
✔ Parses diagnostic App.csproj : error NU1101: Package unavailable (0.025125ms)
✔ Parses diagnostic CSC : warning CS2008: No source files specified. (0.024166ms)
✔ Non-diagnostic output is never promoted to an error (0.03475ms)
✔ MSBuild JSON parsing tolerates startup banner but rejects malformed/trailing logs (0.518167ms)
✔ Browser client uses same-origin bearer requests; token is not persisted in request URL (0.574708ms)
✔ Browser client strips only the fragment token and retains unrelated hash data (0.32225ms)
✔ Browser client propagates disk conflicts and rejects foreign endpoint origins (0.725375ms)
✔ MSBuild example XML syntax: IncrementalPipeline/Build.proj (3.031208ms)
✔ MSBuild example XML syntax: IncrementalPipeline/Inline.targets (1.369416ms)
✔ MSBuild example XML syntax: IncrementalPipeline/Pipeline.props (2.023666ms)
✔ MSBuild example XML syntax: LocalPackages/Consumer/Consumer.csproj (1.195417ms)
✔ MSBuild example XML syntax: LocalPackages/Directory.Packages.props (0.598334ms)
✔ MSBuild example XML syntax: LocalPackages/NuGet.config (0.768083ms)
✔ MSBuild example XML syntax: LocalPackages/Producer/Producer.csproj (0.753917ms)
✔ MSBuild example XML syntax: MultiTarget/MultiTarget.csproj (0.587458ms)
✔ MSBuild example XML syntax: SdkWorkspace/App/App.csproj (1.442958ms)
✔ MSBuild example XML syntax: SdkWorkspace/Directory.Build.props (2.1095ms)
✔ MSBuild example XML syntax: SdkWorkspace/Directory.Build.targets (1.881208ms)
✔ MSBuild example XML syntax: SdkWorkspace/Library/Library.csproj (0.719958ms)
✔ MSBuild example XML syntax: SdkWorkspace/NuGet.config (0.606875ms)
✔ MSBuild example XML syntax: SdkWorkspace/Workspace.slnx (1.099375ms)
✔ MSBuild example XML syntax: SdkWorkspace/shared/Version.props (0.913833ms)
✔ native example manifest entries all exist (7.755125ms)
✔ SDK solution references real projects and retains native build dependency (2.759416ms)
✔ Workspace scan lists build/source files, not outputs or ignored folders (50.634209ms)
✔ Native read returns content and SHA-256; existing saves use actual disk data (14.2635ms)
✔ Preflight checks all files before write on a multi-file conflict (9.493792ms)
✔ Missing hash, duplicate paths, invalid XML and invalid file types fail without writes (7.552ms)
✔ Create project files is exclusive and does not overwrite existing files (5.85075ms)
✔ Workspace APIs reject traversal and reserved paths (4.488792ms)
✔ Symlink files and ancestor folders are never followed by API reads/saves (8.3135ms)
✔ Native operations require host and request trust, including evaluation (6.012125ms)
✔ Real child-process transport collects UTF-8 logs, diagnostics and artifacts (simulated engine) (65.850667ms)
✔ Evaluation result and inspection files are exposed with actual invocation (simulator) (163.551875ms)
✔ Nonzero exit is failure even when output is otherwise valid (49.464125ms)
✔ Missing native executable is explicit; never substitutes the browser compiler (14.633042ms)
✔ Cancellation terminates an actual long-running child; second concurrent operation rejected (99.982417ms)
✔ Output limits cancel noisy child instead of unbounded capture (96.674334ms)
✔ Timeout cancels jobs and host shutdown prevents future launches (151.214083ms)
✔ Completed job retention is bounded and cursors do not repeat logs (191.751041ms)
✔ Loopback HTTP host authenticates APIs, enforces same-origin and does not leak token (78.722709ms)
✔ HTTP job start/poll/artifact and JSON file writes use real API routes (simulated engine) (84.940417ms)
✔ HTTP rejects non-JSON mutations, untrusted operations, invalid cursors and saves during a build (19.805666ms)
✔ Native saves preserve utf-8-bom bytes and SHA-256 (17.023834ms)
✔ Native saves preserve utf-16le bytes and SHA-256 (14.371875ms)
✔ Native saves preserve utf-16be bytes and SHA-256 (12.714209ms)
✔ Native MSBuild response files must be workspace files before process creation (142.721334ms)
✔ Terminal status is not visible before output discovery completes (80.704041ms)
✔ Native diagnostic resolves project basename diagnostic (5.34575ms)
✔ Native diagnostic resolves project-relative compiler filename (5.788625ms)
✔ Native diagnostic resolves project-relative generated file (4.248666ms)
✔ Native diagnostic resolves workspace-prefixed filename (5.993125ms)
✔ Native diagnostic resolves linked source in sibling directory (5.987375ms)
✔ Native diagnostic resolves target-framework project suffix (5.165084ms)
✔ Native diagnostic resolves external linked source remains not navigable (4.081667ms)
✔ SLNX structure retains folders, configuration and project build/deploy rules (2.825208ms)
✔ SLNX inspector rejects missing paths and invalid XML instead of guessing (0.228166ms)
✔ SLNX creation uses relative paths at Workspace.slnx (0.442833ms)
✔ SLNX creation uses relative paths at solutions/Workspace.slnx (0.096375ms)
✔ SLNX creation uses relative paths at App/Workspace.slnx (0.077292ms)
✔ Native UI reconciles earlier writes after a multi-file save failure (2.021791ms)
✔ Native UI preserves changes typed while a save is in flight (0.337583ms)
✔ Native UI passes target result requests without shell parsing (0.252375ms)
✔ network rejects grant * (0.585834ms)
✔ network rejects grant https://host/path (0.07775ms)
✔ network rejects grant https://user:password@host (0.0595ms)
✔ network rejects grant ftp://host (0.04775ms)
✔ network rejects grant https://host?q=1 (0.059125ms)
✔ network denied by default; exact origins and header restrictions (2.207958ms)
✔ HTTP real GET POST status and immutable safe headers (44.2705ms)
✔ HTTP refuses redirects and origin escalation (5.126791ms)
✔ HTTP bounded content length, streaming and request body (6.366958ms)
✔ HTTP timeout, external cancellation, queue limit and disposal (9.356709ms)
✔ real WebSocket text and binary echo, receive cancellation and closure (17.739583ms)
✔ WebSocket explicit origin, send size and receive deadline (9.7565ms)
✔ host CSP permits only explicitly named origins, wasm and Blob workers without JS eval (0.594042ms)
✔ symbols: SHA-1/SHA-256 independent crypto comparison (0 bytes) (2.47775ms)
✔ symbols: SHA-1/SHA-256 independent crypto comparison (1 bytes) (0.549709ms)
✔ symbols: SHA-1/SHA-256 independent crypto comparison (55 bytes) (0.330209ms)
✔ symbols: SHA-1/SHA-256 independent crypto comparison (56 bytes) (0.339083ms)
✔ symbols: SHA-1/SHA-256 independent crypto comparison (63 bytes) (0.301708ms)
✔ symbols: SHA-1/SHA-256 independent crypto comparison (64 bytes) (0.209541ms)
✔ symbols: SHA-1/SHA-256 independent crypto comparison (65 bytes) (0.114833ms)
✔ symbols: SHA-1/SHA-256 independent crypto comparison (127 bytes) (0.305542ms)
✔ symbols: SHA-1/SHA-256 independent crypto comparison (128 bytes) (0.160125ms)
✔ symbols: SHA-1/SHA-256 independent crypto comparison (100000 bytes) (14.480125ms)
✔ symbols: platform DEFLATE interoperability 0/0 (1.417708ms)
✔ symbols: platform DEFLATE interoperability 0/37 (0.301083ms)
✔ symbols: platform DEFLATE interoperability 0/70000 (3.605709ms)
✔ symbols: platform DEFLATE interoperability 4/0 (0.219458ms)
✔ symbols: platform DEFLATE interoperability 4/37 (0.223333ms)
✔ symbols: platform DEFLATE interoperability 4/70000 (7.221625ms)
✔ symbols: platform DEFLATE interoperability 2/0 (0.218083ms)
✔ symbols: platform DEFLATE interoperability 2/37 (0.140666ms)
✔ symbols: platform DEFLATE interoperability 2/70000 (16.195917ms)
✔ symbols: decompression size, trailing data and reserved blocks are rejected (0.979625ms)
✔ symbols: Microsoft fixture decodes thirteen case-sensitive documents and hidden points (2.702583ms)
✔ symbols: GUID mixed-endian layout agrees with standard C# GUID (0.232458ms)
✔ symbols: hidden, multi-document, negative and large sequence deltas round trip (0.283084ms)
✔ symbols: deterministic sidecar matches exact PE and canonical IL loader (29.997125ms)
✔ symbols: embedded PDB executes and debugs without any #SF stream (15.557125ms)
✔ symbols: explicit sidecar load and ArrayBuffer offsets validate source identities (11.941291ms)
✔ symbols: PDB tampering is rejected by checksum independently of identity (0.861333ms)
✔ symbols: missing symbols do not silently become trusted source (4.967708ms)
✔ symbols: imported SDK text checksum supports SHA-384/SHA-512 asynchronously (15.645125ms)
✔ symbols: scoped locals disappear after lexical scope and distinct names bind reused slots (8.566916ms)
✔ symbols: Source Link is explicit, escaped and credential-free HTTPS only (1.064167ms)
✔ symbols: all eight standard debug tables and unknown CDI are retained (0.346125ms)
✔ symbols: large external row indices and string/blob heaps are encoded with wide indices (13.998584ms)
✔ data-only condition: '10' > '2' (1.053125ms)
✔ data-only condition: '-3' < '2' (0.080167ms)
✔ data-only condition: '0x10' >= '16' (0.089625ms)
✔ data-only condition: '17.10.0.0' > '17.9.0.0' (0.138959ms)
✔ data-only condition: '1.0.0.0' == '1.0' (0.064ms)
✔ data-only condition: 'Debug' == 'debug' (0.057625ms)
✔ data-only condition: true Or false And false (0.0805ms)
✔ data-only condition: (true Or false) And false (0.060167ms)
✔ data-only condition: !false (0.058292ms)
✔ data-only condition: HasTrailingSlash('a\') (0.111292ms)
✔ data-only condition: '2' <= '1' (0.073208ms)
✔ data-only condition refuses 'cat' < 'dog' (0.125208ms)
✔ data-only condition refuses $([System.IO.File]::ReadAllText('x' (0.064875ms)
✔ data-only condition refuses true junk (0.034166ms)
✔ data-only condition refuses 'unterminated (0.037584ms)
✔ data-only condition refuses ((((((((((((((((((((((((((((((((((( (0.067125ms)
✔ imports apply in order and retain import origins (1.810708ms)
✔ nested imports resolve from imported file, Compile items from project directory (0.191083ms)
✔ intrinsic directories work for root and nested imports, items, and Exists (0.477667ms)
✔ wildcard imports use sorted order and unmatched wildcard is empty (0.205333ms)
✔ missing unconditional import is diagnostic; false conditioned missing import is skipped (0.115833ms)
✔ duplicate and cyclic imports have bounded evaluation with a warning (0.137459ms)
✔ Choose executes only first matched branch and supports nested choices (0.166709ms)
✔ Choose Otherwise applies when no When matched (0.096542ms)
✔ item group conditions see final properties and item definitions are defaults (0.165ms)
✔ explicit metadata overrides definitions and is expanded (0.111167ms)
✔ global properties cannot be overwritten by project or imported properties (0.082584ms)
✔ targets, tasks, packages and property functions remain explicit native requirements (0.119917ms)
✔ inherited props are before project and inherited targets are after (0.0755ms)
✔ project LangVersion 14 (8.196166ms)
✔ project LangVersion preview (0.287209ms)
✔ project LangVersion latest (0.12775ms)
✔ project LangVersion default (0.1045ms)
✔ project LangVersion 12 (0.117125ms)
✔ project preview compiles its capacity prefix; stable rejects it (32.01625ms)
✔ workspace ZIP preserves language, never network grants (1.957583ms)
✔ workspace rejects made-up numeric future language version (0.552042ms)
✔ CLI language SIMD pool and permissions options (810.287458ms)
✔ XML parses quoted >, namespaces, numeric entities, comments and CDATA (2.179959ms)
✔ reject malformed or unsafe XML <!DOCTYPE x><x/> (0.82675ms)
✔ reject malformed or unsafe XML <!ENTITY x "hi"><x/> (0.1075ms)
✔ reject malformed or unsafe XML <x>&evil;</x> (0.082625ms)
✔ reject malformed or unsafe XML <x>&oops</x> (0.090417ms)
✔ reject malformed or unsafe XML <x a="1" a="2"/> (0.058834ms)
✔ reject malformed or unsafe XML <x></y> (0.048542ms)
✔ reject malformed or unsafe XML <x/><y/> (0.097ms)
✔ reject malformed or unsafe XML <x> (0.062167ms)
✔ reject malformed or unsafe XML <x a="<"/> (0.106542ms)
✔ reject malformed or unsafe XML <x>&#0;</x> (0.072958ms)
✔ XML structural limits (0.102083ms)
✔ workspace paths normalize separators and internal parents (0.238958ms)
✔ reject unsafe workspace path "../../out" (0.092ms)
✔ reject unsafe workspace path "/tmp/x" (0.03ms)
✔ reject unsafe workspace path "C:\\x" (0.037209ms)
✔ reject unsafe workspace path "https://example/a" (0.028708ms)
✔ reject unsafe workspace path ".." (0.033417ms)
✔ reject unsafe workspace path "\u0000" (0.026208ms)
✔ glob matches zero or multiple directories, not partial filenames (0.183792ms)
✔ condition grammar implements comparison, boolean precedence and Exists (1.643208ms)
✔ SDK globs exclude bin obj hidden and files outside project (3.661708ms)
✔ Compile include exclude remove update links and disabled defaults (1.424792ms)
✔ duplicate implicit/explicit compile is a build error (0.295417ms)
✔ conditions use configuration globals and inherited properties (0.392334ms)
✔ SLNX folders preserve solution-relative paths and references in dependency order (0.3425ms)
✔ missing sibling project diagnostics explain folder granting (0.183792ms)
✔ project cycles are diagnosed and traversal terminates (0.11325ms)
✔ missing compile files and external root traversal are errors (0.117416ms)
✔ packages binaries analyzers and target execution are explicitly blocked (0.159291ms)
✔ unsupported condition is not treated as true (0.258041ms)
✔ create csproj and slnx round trip quoted names (0.217541ms)
✔ file input reads binary and preserves directory paths (2.077625ms)
✔ disk save checks every baseline before any write (0.908542ms)
✔ disk save writes explicit changes and updates baseline (1.464875ms)
✔ disk save partial I/O failure reports already-written files (0.333334ms)
✔ directory traversal retains handles and skips .git (0.241625ms)
✔ LSP: initialization advertises implemented UTF-16 capabilities (1.897834ms)
✔ LSP: versioned diagnostics publish on open and edit (8.396583ms)
✔ LSP: completion, rename and semantic tokens return protocol shapes (2.510833ms)
✔ LSP: unknown methods return method-not-found (0.123875ms)
✔ DAP: launch, stepping, inspection and repeated stopped events (6.984875ms)
✔ DAP: unsupported requests fail explicitly (0.195959ms)
✔ DAP: breakpoints can be configured before launch (4.135542ms)
✔ DAP: IL launch from Uint8Array retains source stepping and IL frame coordinates (19.012667ms)
✔ DAP: IL launch from ArrayBuffer retains source stepping and IL frame coordinates (7.733042ms)
✔ DAP: IL launch from JSON byte array retains source stepping and IL frame coordinates (4.962542ms)
✔ DAP: malformed assembly transport bytes are rejected rather than coerced (0.219541ms)
✔ 0.4 example exact output on IR / loader / direct CIL: partial (38.936208ms)
✔ 0.4 example exact output on IR / loader / direct CIL: switch (7.263541ms)
✔ 0.4 example exact output on IR / loader / direct CIL: conversions (5.842584ms)
✔ 0.4 example exact output on IR / loader / direct CIL: null-assignment (10.555333ms)
✔ 0.4 example exact output on IR / loader / direct CIL: call-hierarchy (5.4845ms)
✔ 0.4 example exact output on IR / loader / direct CIL: guarded-calls (10.695959ms)
✔ 0.4 example exact output on IR / loader / direct CIL: short-circuit (8.880375ms)
✔ 0.4 example exact output on IR / loader / direct CIL: nameof (3.791916ms)
✔ 0.4 example exact output on IR / loader / direct CIL: properties (9.239542ms)
✔ 0.4 example exact output on IR / loader / direct CIL: readonly-properties (3.120083ms)
✔ 0.4 example exact output on IR / loader / direct CIL: finally (13.936417ms)
✔ 0.4 example exact output on IR / loader / direct CIL: finally-loop (4.673792ms)
✔ 0.4 example exact output on IR / loader / direct CIL: structural-refactoring (5.621375ms)
✔ 0.4 example exact output on IR / loader / direct CIL: safe-watches (82.419459ms)
✔ 0.4 example exact output on IR / loader / direct CIL: analyzer-tasks (4.499833ms)
✔ 0.4 example exact output on IR / loader / direct CIL: checked-arithmetic (7.442666ms)
✔ 0.4 example exact output on IR / loader / direct CIL: using-resources (3.391625ms)
✔ 0.4 example exact output on IR / loader / direct CIL: using-failure (6.131542ms)
✔ 0.4 example exact output on IR / loader / direct CIL: constant-patterns (7.141708ms)
✔ 0.4 example exact output on IR / loader / direct CIL: refactor-safe06 (13.637959ms)
✔ 0.4 example exact output on IR / loader / direct CIL: immutable-schema (16.511125ms)
✔ 0.4 example exact output on IR / loader / direct CIL: unreachable-analyzer (1.694667ms)
✔ 0.4 example exact output on IR / loader / direct CIL: reversible-storage (6.882416ms)
✔ 0.4 example exact output on IR / loader / direct CIL: breakpoint-workbench (3.696042ms)
✔ 0.4 example exact output on IR / loader / direct CIL: editor-keymaps (2.297959ms)
✔ 0.4 example exact output on IR / loader / direct CIL: explorer-members (3.128125ms)
✔ 0.4 example exact output on IR / loader / direct CIL: debug-exact (2.799292ms)
✔ 0.4 example exact output on IR / loader / direct CIL: debug-callsite (5.884167ms)
✔ 0.4 example exact output on IR / loader / direct CIL: debug-conditions (7.480208ms)
✔ 0.4 example exact output on IR / loader / direct CIL: debug-function (6.391042ms)
✔ 0.4 example exact output on IR / loader / direct CIL: debug-exception (2.433ms)
✔ 0.4 example exact output on IR / loader / direct CIL: async-stacks (27.247042ms)
✔ 0.4 example exact output on IR / loader / direct CIL: logical-threads (5.503667ms)
✔ 0.4 example exact output on IR / loader / direct CIL: hot-reload (3.974292ms)
✔ 0.4 example exact output on IR / loader / direct CIL: set-next (1.011333ms)
✔ 0.4 example exact output on IR / loader / direct CIL: function-evaluation (22.763792ms)
✔ 0.4 example exact output on IR / loader / direct CIL: portable-symbols (2.18ms)
✔ 0.4 example exact output on IR / loader / direct CIL: edit-continue-structure (4.314708ms)
✔ 0.4 example exact output on IR / loader / direct CIL: animation-style-precedence (31.041ms)
✔ 0.4 example exact output on IR / loader / direct CIL: bcl-collections (5.261125ms)
✔ 0.4 example exact output on IR / loader / direct CIL: bcl-dictionary (8.4925ms)
✔ 0.4 example exact output on IR / loader / direct CIL: bcl-stringbuilder (2.175791ms)
✔ 0.4 example exact output on IR / loader / direct CIL: csharp-interpolation (3.326584ms)
✔ 0.4 example exact output on IR / loader / direct CIL: csharp-modern-properties (6.923833ms)
✔ 0.4 example exact output on IR / loader / direct CIL: csharp-preview-collections (7.065542ms)
✔ 0.4 example exact output on IR / loader / direct CIL: bcl-json-document (8.007916ms)
✔ 0.4 example exact output on IR / loader / direct CIL: bcl-array-random (2.749417ms)
✔ 0.4 example exact output on IR / loader / direct CIL: simd-vector-math (5.394541ms)
✔ 0.4 example exact output on IR / loader / direct CIL: parallel-compute (141.583792ms)
✔ 0.4 example exact output on IR / loader / direct CIL: network-http-client (55.063666ms)
✔ 0.4 C# unassigned name (1.156166ms)
✔ 0.4 C# method group (1.117291ms)
✔ 0.4 C# instance name no dereference (0.87025ms)
✔ 0.4 C# shadowed contextual method (0.847041ms)
✔ 0.4 C# nameof in switch (2.904042ms)
✔ 0.4 C# file namespace partial (4.992ms)
✔ 0.4 C# explicit diagnostic unknown nameof (0.308583ms)
✔ 0.4 C# explicit diagnostic invalid nameof expression (0.099375ms)
✔ 0.4 C# explicit diagnostic partial missing marker (0.072833ms)
✔ 0.4 C# explicit diagnostic partial access conflict (0.06875ms)
✔ 0.4 C# explicit diagnostic distinct namespaces not conflated (0.051125ms)
✔ 0.4 C# explicit diagnostic partial methods rejected (0.095709ms)
✔ 0.4 partial cached syntax is not mutated by repeated compilation (0.460459ms)
✔ 0.4 library no Main, real cctor, roundtrip and invocation debug=true (4.625333ms)
✔ 0.4 library no Main, real cctor, roundtrip and invocation debug=false (1.661ms)
✔ 0.4 library permits empty class (0.497709ms)
✔ 0.4 library rejects top-level executable statements (0.438875ms)
✔ 0.4 library treats Main as ordinary method (2.201042ms)
✔ 0.4 library workspace keeps compiler options during refactor validation (1.086834ms)
✔ 0.4 bounded literal search literal punctuation (1.013291ms)
✔ 0.4 bounded literal search unicode case offset (0.096958ms)
✔ 0.4 bounded literal search surrogate UTF16 (0.065958ms)
✔ 0.4 bounded literal search whole word unicode (0.761292ms)
✔ 0.4 bounded literal search case sensitive (0.036209ms)
✔ 0.4 bounded literal search empty query (0.026875ms)
✔ 0.4 search correct line positions after skipped whole-word matches (0.067667ms)
✔ 0.4 search bounds distinguish exact count from truncated result (0.050459ms)
✔ 0.4 search cancellation and limits (0.231333ms)
✔ 0.4 versioned replace-all across two files (0.547625ms)
✔ 0.4 replace-all will not partially apply a truncated search (10.134416ms)
✔ 0.4 call hierarchy excludes nameof from execution edges (1.39375ms)
✔ 0.4 call hierarchy rejects stale symbols (0.4355ms)
✔ 0.4 LSP call-hierarchy and reference lenses wire shapes (0.782542ms)
✔ 0.4 heap census sums sizes and type counts (0.118041ms)
✔ 0.4 heap paging sorted and complete without duplicate handles (0.448542ms)
✔ 0.4 heap stale pages invalidated by allocation, collection and restore (0.163666ms)
✔ 0.4 heap generations do not alias abandoned debugger future (0.085583ms)
✔ 0.4 heap retention path traces strong roots and fields, not weak handles (0.216417ms)
✔ 0.4 heap retention diagnostics are bounded for cycles (0.056917ms)
✔ 0.4 heap validates page and traversal budgets (0.129125ms)
✔ 0.4 write permissions resolved before any streams open (6.747208ms)
✔ 0.4 disk conflict rechecked after permission prompt (0.569792ms)
✔ 0.4 disk project example Workshop/Workshop.slnx  (7.351375ms)
✔ 0.4 disk project example Linked/Linked.csproj  (1.593208ms)
✔ 0.4 disk project example Configurations/Configurations.csproj Debug (1.313459ms)
✔ 0.4 disk project example Configurations/Configurations.csproj Release (1.387708ms)
✔ 0.4 disk project example Library/Library.csproj  (2.654708ms)
✔ 0.4 disk project example Unsupported/Unsupported.csproj  (2.48675ms)
✔ 0.4 disk project example Generated/Generated.csproj  (1.745833ms)
✔ 0.4 CLI solution run (213.647084ms)
✔ 0.4 CLI linked sources (190.48375ms)
✔ 0.4 CLI release configuration (158.597834ms)
✔ 0.4 CLI library invocation (133.708125ms)
✔ 0.4 CLI unsupported package blocks build (122.338416ms)
✔ 0.4 CLI project information (131.337291ms)
✔ 0.5 CIL debugger: entry, real instruction bytes, and primitive slots without debug metadata (14.724875ms)
✔ 0.5 CIL debugger: argument mutation before the load changes execution (1.650666ms)
✔ 0.5 CIL debugger: editing argument does not rewrite values already on evaluation stack (1.433792ms)
✔ 0.5 CIL debugger: step advances exactly one decoded instruction (2.427917ms)
✔ 0.5 CIL debugger: conditional instruction breakpoints and resume skip (1.860167ms)
✔ 0.5 CIL debugger: logpoints do not stop and use safe watches (3.309042ms)
✔ 0.5 CIL debugger: invalid locations, expressions and hit conditions rejected (3.001083ms)
✔ 0.5 CIL debugger: run to instruction is temporary (1.879166ms)
✔ 0.5 CIL debugger: conditions must be boolean (1.583958ms)
✔ 0.5 CIL debugger: side effects and wrong-type edits are refused (3.43375ms)
✔ 0.5 CIL debugger: comparison and boolean watch semantics (0.705917ms)
✔ 0.5 CIL debugger: exception pause resumes handling and finally exactly once (16.643083ms)
✔ 0.5 CIL debugger: uncaught-only ignores exceptions with finally plus outer catch (4.598875ms)
✔ 0.5 CIL debugger: function entry and step out honor stack depth (21.074ms)
✔ 0.5 CIL debugger: native break pauses only in debug mode (1.231625ms)
✔ 0.5 DAP: managed DLL launch, pending instruction breakpoints, disassembly and restart (6.881292ms)
✔ 0.5 refactor: introduce whole initializer preserves side effects once (9.784583ms)
✔ 0.5 refactor: introduce return expression stays inside block (1.140875ms)
✔ 0.5 refactor: introduce local avoids existing names (0.748708ms)
✔ 0.5 refactor: no extraction from conditional branch or call argument (0.575417ms)
✔ 0.5 refactor: no extraction from a for initializer (1.14375ms)
✔ 0.5 refactor: inline immutable literal preserves type and all references (1.436625ms)
✔ 0.5 refactor: mutable local is not offered for inline (1.43775ms)
✔ 0.5 refactor: overload-affecting literal widening is not inlined (0.782542ms)
✔ 0.5 refactor: invert if keeps one condition evaluation (2.214542ms)
✔ 0.5 refactor: expand initialized auto-property preserves get/set execution (6.888416ms)
✔ 0.5 refactor: expansion preserves static initializer and private setter (10.120625ms)
✔ 0.5 refactor: getter-only constructor property is not expanded unsafely (7.131834ms)
✔ 0.5 refactor: stale structural edit fails atomically (9.755042ms)
✔ 0.5 editor: bracket pairs ignore comments and escaped string punctuation (0.142541ms)
✔ 0.5 editor: unmatched delimiters are not paired across mismatch (0.061333ms)
✔ 0.5 editor: lexical insertion contexts include EOF comments and incomplete strings (0.382583ms)
✔ 0.5 editor: literal replacement honors UTF-16, word and case constraints (1.009667ms)
✔ 0.5 editor: search text is literal rather than regex (0.090709ms)
✔ 0.5 editor: replacement preflights result and match limits (4.883625ms)
✔ 0.5 editor: duplicate selected whole lines excludes trailing newline (0.701958ms)
✔ 0.5 editor: duplicate last line upward and validate ranges (0.497042ms)
✔ 0.5 language: nested rethrow restores lexical exception / IR (22.478292ms)
✔ 0.5 language: nested rethrow restores lexical exception / canonical CIL (10.11275ms)
✔ 0.5 language: nested rethrow restores lexical exception / direct CIL (6.948875ms)
✔ 0.5 language: nested rethrow restores lexical exception / edited CIL (5.749625ms)
✔ 0.5 language: auto property / IR (9.544333ms)
✔ 0.5 language: auto property / canonical CIL (3.70175ms)
✔ 0.5 language: auto property / direct CIL (3.734166ms)
✔ 0.5 language: auto property / edited CIL (6.487333ms)
✔ 0.5 language: expression getter / IR (2.111792ms)
✔ 0.5 language: expression getter / canonical CIL (2.327291ms)
✔ 0.5 language: expression getter / direct CIL (2.099625ms)
✔ 0.5 language: expression getter / edited CIL (4.198208ms)
✔ 0.5 language: explicit accessors / IR (1.21575ms)
✔ 0.5 language: explicit accessors / canonical CIL (1.836334ms)
✔ 0.5 language: explicit accessors / direct CIL (1.286292ms)
✔ 0.5 language: explicit accessors / edited CIL (5.050625ms)
✔ 0.5 language: expression accessors / IR (1.328458ms)
✔ 0.5 language: expression accessors / canonical CIL (3.007833ms)
✔ 0.5 language: expression accessors / direct CIL (1.23725ms)
✔ 0.5 language: expression accessors / edited CIL (11.942083ms)
✔ 0.5 language: getter only constructor / IR (2.283917ms)
✔ 0.5 language: getter only constructor / canonical CIL (3.388209ms)
✔ 0.5 language: getter only constructor / direct CIL (1.129792ms)
✔ 0.5 language: getter only constructor / edited CIL (4.560208ms)
✔ 0.5 language: static auto initialization / IR (2.436792ms)
✔ 0.5 language: static auto initialization / canonical CIL (2.998584ms)
✔ 0.5 language: static auto initialization / direct CIL (1.254041ms)
✔ 0.5 language: static auto initialization / edited CIL (5.179666ms)
✔ 0.5 language: assignment results / IR (1.541792ms)
✔ 0.5 language: assignment results / canonical CIL (1.845958ms)
✔ 0.5 language: assignment results / direct CIL (1.473208ms)
✔ 0.5 language: assignment results / edited CIL (13.857458ms)
✔ 0.5 language: property receiver evaluated once / IR (4.714625ms)
✔ 0.5 language: property receiver evaluated once / canonical CIL (60.99625ms)
✔ 0.5 language: property receiver evaluated once / direct CIL (7.217917ms)
✔ 0.5 language: property receiver evaluated once / edited CIL (29.72525ms)
✔ 0.5 language: coalescing property / IR (9.396584ms)
✔ 0.5 language: coalescing property / canonical CIL (3.45075ms)
✔ 0.5 language: coalescing property / direct CIL (3.339417ms)
✔ 0.5 language: coalescing property / edited CIL (6.428709ms)
✔ 0.5 language: private setter inside owner / IR (5.318417ms)
✔ 0.5 language: private setter inside owner / canonical CIL (2.091917ms)
✔ 0.5 language: private setter inside owner / direct CIL (3.74475ms)
✔ 0.5 language: private setter inside owner / edited CIL (4.088208ms)
✔ 0.5 language: nameof property / IR (1.690625ms)
✔ 0.5 language: nameof property / canonical CIL (2.176167ms)
✔ 0.5 language: nameof property / direct CIL (0.782ms)
✔ 0.5 language: nameof property / edited CIL (1.919708ms)
✔ 0.5 language: normal finally / IR (0.716167ms)
✔ 0.5 language: normal finally / canonical CIL (0.7045ms)
✔ 0.5 language: normal finally / direct CIL (0.678125ms)
✔ 0.5 language: normal finally / edited CIL (2.836792ms)
✔ 0.5 language: return preserves value / IR (0.701083ms)
✔ 0.5 language: return preserves value / canonical CIL (1.374917ms)
✔ 0.5 language: return preserves value / direct CIL (1.438583ms)
✔ 0.5 language: return preserves value / edited CIL (0.974375ms)
✔ 0.5 language: return reference remains rooted / IR (2.607416ms)
✔ 0.5 language: return reference remains rooted / canonical CIL (3.43075ms)
✔ 0.5 language: return reference remains rooted / direct CIL (2.598917ms)
✔ 0.5 language: return reference remains rooted / edited CIL (2.428292ms)
✔ 0.5 language: exception finally then catch / IR (0.799875ms)
✔ 0.5 language: exception finally then catch / canonical CIL (1.314542ms)
✔ 0.5 language: exception finally then catch / direct CIL (1.441583ms)
✔ 0.5 language: exception finally then catch / edited CIL (2.644959ms)
✔ 0.5 language: try catch finally / IR (1.546084ms)
✔ 0.5 language: try catch finally / canonical CIL (1.593833ms)
✔ 0.5 language: try catch finally / direct CIL (1.350791ms)
✔ 0.5 language: try catch finally / edited CIL (4.194708ms)
✔ 0.5 language: nested finally / IR (2.069833ms)
✔ 0.5 language: nested finally / canonical CIL (1.5955ms)
✔ 0.5 language: nested finally / direct CIL (2.773ms)
✔ 0.5 language: nested finally / edited CIL (2.308625ms)
✔ 0.5 language: catch inside finally preserves return / IR (1.77725ms)
✔ 0.5 language: catch inside finally preserves return / canonical CIL (1.266791ms)
✔ 0.5 language: catch inside finally preserves return / direct CIL (0.706166ms)
✔ 0.5 language: catch inside finally preserves return / edited CIL (2.343041ms)
✔ 0.5 language: throw from finally overrides return / IR (0.625125ms)
✔ 0.5 language: throw from finally overrides return / canonical CIL (0.770166ms)
✔ 0.5 language: throw from finally overrides return / direct CIL (0.612583ms)
✔ 0.5 language: throw from finally overrides return / edited CIL (3.710875ms)
✔ 0.5 language: throw from finally overrides exception / IR (1.97825ms)
✔ 0.5 language: throw from finally overrides exception / canonical CIL (2.141958ms)
✔ 0.5 language: throw from finally overrides exception / direct CIL (1.644833ms)
✔ 0.5 language: throw from finally overrides exception / edited CIL (2.466791ms)
✔ 0.5 language: break finally / IR (1.448333ms)
✔ 0.5 language: break finally / canonical CIL (3.674375ms)
✔ 0.5 language: break finally / direct CIL (0.695458ms)
✔ 0.5 language: break finally / edited CIL (2.445875ms)
✔ 0.5 language: continue finally / IR (1.230375ms)
✔ 0.5 language: continue finally / canonical CIL (0.822833ms)
✔ 0.5 language: continue finally / direct CIL (0.737292ms)
✔ 0.5 language: continue finally / edited CIL (0.9745ms)
✔ 0.5 language: loop internal finally / IR (0.685958ms)
✔ 0.5 language: loop internal finally / canonical CIL (4.092208ms)
✔ 0.5 language: loop internal finally / direct CIL (1.918541ms)
✔ 0.5 language: loop internal finally / edited CIL (4.64375ms)
✔ 0.5 language: empty protected clauses / IR (0.821125ms)
✔ 0.5 language: empty protected clauses / canonical CIL (0.85525ms)
✔ 0.5 language: empty protected clauses / direct CIL (0.665625ms)
✔ 0.5 language: empty protected clauses / edited CIL (0.987042ms)
✔ 0.5 language: catch return runs final / IR (0.629875ms)
✔ 0.5 language: catch return runs final / canonical CIL (0.867667ms)
✔ 0.5 language: catch return runs final / direct CIL (2.821292ms)
✔ 0.5 language: catch return runs final / edited CIL (1.061666ms)
✔ 0.5 language: property setter finally / IR (0.751208ms)
✔ 0.5 language: property setter finally / canonical CIL (1.076916ms)
✔ 0.5 language: property setter finally / direct CIL (0.831083ms)
✔ 0.5 language: property setter finally / edited CIL (5.137958ms)
✔ 0.5 diagnostic: getter-only write (0.927916ms)
✔ 0.5 diagnostic: private setter (0.483584ms)
✔ 0.5 diagnostic: write-only read (0.3115ms)
✔ 0.5 diagnostic: duplicate getter (0.369916ms)
✔ 0.5 diagnostic: auto write-only (0.2575ms)
✔ 0.5 diagnostic: return exits finally (0.292916ms)
✔ 0.5 diagnostic: break exits finally (0.214375ms)
✔ 0.5 diagnostic: continue exits finally (0.19625ms)
✔ 0.5 diagnostic: init remains explicit limitation (0.357583ms)
✔ 0.5 metadata: property maps and method semantics survive canonical loading (3.229167ms)
✔ 0.5 MSIL sizeof System.Boolean (10.309625ms)
✔ 0.5 MSIL sizeof System.Byte (0.750167ms)
✔ 0.5 MSIL sizeof System.Int16 (0.777125ms)
✔ 0.5 MSIL sizeof System.Char (0.364417ms)
✔ 0.5 MSIL sizeof System.Int32 (0.3535ms)
✔ 0.5 MSIL sizeof System.UInt32 (0.248834ms)
✔ 0.5 MSIL sizeof System.Int64 (0.238292ms)
✔ 0.5 MSIL sizeof System.Single (2.090334ms)
✔ 0.5 MSIL sizeof System.Double (0.858542ms)
✔ 0.5 MSIL cpobj copies primitive managed slots (2.255041ms)
✔ 0.5 MSIL unbox provides an address into the original box (1.263834ms)
✔ 0.5 MSIL unbox address roots its box through collection (1.84625ms)
✔ 0.5 MSIL primitive-only sizeof refuses arbitrary object layout (0.339458ms)
✔ 0.5 MSIL wrong boxed type fails explicitly (0.47775ms)
✔ 0.5 protocol UTF-8 byte count and one-byte chunking (0.678125ms)
✔ 0.5 protocol coalesced frames and buffer compaction (0.211ms)
✔ 0.5 protocol rejects malformed framing Content-Length: 2
Content-Length:  (0.576084ms)
✔ 0.5 protocol rejects malformed framing Content-Length: -1

 (0.174042ms)
✔ 0.5 protocol rejects malformed framing X-Length: 2

{} (0.152ms)
✔ 0.5 protocol rejects malformed framing Content-Length: 2
Content-Type: ap (0.248917ms)
✔ 0.5 protocol rejects malformed framing Content-Length: 2

[] (0.143041ms)
✔ 0.5 protocol refuses invalid UTF-8, oversized header/body and truncated streams (0.464875ms)
✔ 0.5 LSP stdio handles real UTF-8 requests, diagnostics and shutdown (168.5995ms)
✔ 0.5 DAP stdio loads a disk DLL and executes selected method (169.344625ms)
✔ 0.5 read-only auto-property rejects X++ (10.544792ms)
✔ 0.5 read-only auto-property rejects X+=1 (0.597958ms)
✔ 0.5 read-only auto-property rejects X??=null (0.401667ms)
✔ 0.5 C# explicit accessor method calls are diagnosed (0.910458ms)
✔ 0.5 inline refuses references inside nameof (1.113625ms)
✔ 0.5 source watch reads auto-property without executing computed getter (20.801583ms)
✔ 0.5 source run-to-cursor adds no persistent breakpoint (3.608417ms)
✔ 0.5 source data breakpoint uses frame identity and local slot (4.07425ms)
✔ 0.5 stale allocation watchpoint cannot match reused heap slot (4.617958ms)
✔ 0.5 debugger snapshots retain finally unwind continuations (2.435834ms)
✔ 0.5 direct watches compare strings and bools and refuse invalid cast (9.482583ms)
✔ 0.5 JSON schema optionally emits real auto-properties (2.502708ms)
✔ 0.5 analyzers report literal conditions and task comments, never strings (3.013ms)
✔ 0.5 analyzer severity overrides and generation cache remain valid (0.305584ms)
✔ 0.6 IL reverse restores exact evaluation stack and instruction count (14.519083ms)
✔ 0.6 IL reverse can resume a completed in-memory invocation (1.653875ms)
✔ 0.6 local edit can be undone without executing an instruction (9.452334ms)
✔ 0.6 reverse history disabled avoids snapshots (1.542625ms)
✔ 0.6 history count and estimated byte caps are enforced (4.275958ms)
✔ 0.6 reverse continue reaches instruction breakpoint with restored hit counts (2.155375ms)
✔ 0.6 VM snapshots reject other VMs and are repeatable (0.7505ms)
✔ 0.6 snapshots replay cleanup return (18.346458ms)
✔ 0.6 snapshots replay nested catch in cleanup (15.802333ms)
✔ 0.6 snapshots replay heap roots during cleanup (8.288792ms)
✔ 0.6 snapshots replay using cleanup (14.515875ms)
✔ 0.6 first chance faults are restored with their type and shared unwind identity (2.083084ms)
✔ 0.6 static write breakpoint is post-write and reverse restores storage (0.682167ms)
✔ 0.6 local stind and cpobj writes trigger data breakpoints (0.541791ms)
✔ 0.6 data breakpoints retain allocation identity and validate storage (0.435291ms)
✔ 0.6 argument write data IDs round trip and hit rules work (4.784417ms)
✔ 0.6 data-stop resume does not skip next instruction breakpoint (4.455917ms)
✔ 0.6 checked watches DebugSession (4.83825ms)
✔ 0.6 checked watches CilDebugSession (1.177208ms)
✔ 0.6 DAP reverse and write breakpoint requests use expiring storage refs (1.368083ms)
✔ 0.6 manual debugger collection has an independently reversible snapshot (0.370041ms)
✔ 0.6 highlight: indexed source preserves all UTF-16 and trivia characters (5.48375ms)
✔ 0.6 highlight: scrolling large files renders a bounded line window (531.791416ms)
✔ 0.6 highlight: lexical fallback still renders only the viewport (0.290125ms)
✔ 0.6 highlight: huge-line token budget preserves text without thousands of nodes (122.914166ms)
✔ 0.6 highlight: multiline comment clipping remains classified as comment (0.176625ms)
✔ 0.6 highlight: invalid viewport arguments fail without loops (0.298584ms)
✔ 0.6 selection: nesting strictly grows and retains UTF-16 positions (1.43225ms)
✔ 0.6 refactoring: make int const (70.173875ms)
✔ 0.6 refactoring: make var const (5.362ms)
✔ 0.6 refactoring: make string const (3.706958ms)
✔ 0.6 refactoring: conditional return evaluation (6.648208ms)
✔ 0.6 refactoring: conditional return CRLF (6.709709ms)
✔ 0.6 refactoring: expression body method (11.007834ms)
✔ 0.6 refactoring: expression body void (3.318834ms)
✔ 0.6 refactoring: scoped using (10.018792ms)
✔ 0.6 refactoring: scoped using names remain bounded (4.746084ms)
✔ 0.6 refactoring: mutable/nonexact/already const no make-const int x=1;x++;Console.WriteLine(x); (0.602167ms)
✔ 0.6 refactoring: mutable/nonexact/already const no make-const int x=1;x+=2;Console.WriteLine(x); (2.168667ms)
✔ 0.6 refactoring: mutable/nonexact/already const no make-const int x=1;x=2;Console.WriteLine(x); (0.216666ms)
✔ 0.6 refactoring: mutable/nonexact/already const no make-const double x=1;Console.WriteLine(x); (0.113834ms)
✔ 0.6 refactoring: mutable/nonexact/already const no make-const const int x=1;Console.WriteLine(x); (0.114292ms)
✔ 0.6 refactoring: does not delete comments Use expression-bodied (0.152041ms)
✔ 0.6 refactoring: does not delete comments Use conditional return (0.181542ms)
✔ 0.6 refactoring: does not delete comments Use scoped using (0.181625ms)
✔ 0.6 refactoring: make-const stale edit is rejected atomically (0.406333ms)
✔ 0.6 navigation: bidirectional document locations preserve selections (0.156291ms)
✔ 0.6 navigation: origin cursor refresh does not create phantom jumps (0.055292ms)
✔ 0.6 navigation: new jump truncates forward history and deduplicates (0.949708ms)
✔ 0.6 navigation: retained history is bounded and immutable (0.069292ms)
✔ 0.6 navigation: invalid locations and limits rejected (0.100458ms)
✔ 0.6 language: checked add catch / IR (28.735875ms)
✔ 0.6 language: checked add catch / canonical (12.362792ms)
✔ 0.6 language: checked add catch / direct (9.98725ms)
✔ 0.6 language: checked add catch / edited (6.578417ms)
✔ 0.6 language: checked multiply / IR (1.71075ms)
✔ 0.6 language: checked multiply / canonical (5.624ms)
✔ 0.6 language: checked multiply / direct (2.321ms)
✔ 0.6 language: checked multiply / edited (1.722208ms)
✔ 0.6 language: checked subtract / IR (0.903083ms)
✔ 0.6 language: checked subtract / canonical (6.851208ms)
✔ 0.6 language: checked subtract / direct (3.63525ms)
✔ 0.6 language: checked subtract / edited (1.483083ms)
✔ 0.6 language: checked negate / IR (0.679875ms)
✔ 0.6 language: checked negate / canonical (1.592417ms)
✔ 0.6 language: checked negate / direct (2.533875ms)
✔ 0.6 language: checked negate / edited (5.849375ms)
✔ 0.6 language: checked conversion / IR (1.282583ms)
✔ 0.6 language: checked conversion / canonical (1.099ms)
✔ 0.6 language: checked conversion / direct (0.823875ms)
✔ 0.6 language: checked conversion / edited (1.1435ms)
✔ 0.6 language: checked conversion truncation / IR (0.490667ms)
✔ 0.6 language: checked conversion truncation / canonical (0.7465ms)
✔ 0.6 language: checked conversion truncation / direct (0.590542ms)
✔ 0.6 language: checked conversion truncation / edited (2.654291ms)
✔ 0.6 language: unchecked nested / IR (1.847334ms)
✔ 0.6 language: unchecked nested / canonical (1.105542ms)
✔ 0.6 language: unchecked nested / direct (0.729167ms)
✔ 0.6 language: unchecked nested / edited (26.831667ms)
✔ 0.6 language: checked nested / IR (0.76175ms)
✔ 0.6 language: checked nested / canonical (5.382083ms)
✔ 0.6 language: checked nested / direct (6.275917ms)
✔ 0.6 language: checked nested / edited (3.417042ms)
✔ 0.6 language: checked nonoverflow / IR (4.052875ms)
✔ 0.6 language: checked nonoverflow / canonical (0.868208ms)
✔ 0.6 language: checked nonoverflow / direct (0.61175ms)
✔ 0.6 language: checked nonoverflow / edited (0.874583ms)
✔ 0.6 language: checked compound array / IR (1.340375ms)
✔ 0.6 language: checked compound array / canonical (7.903333ms)
✔ 0.6 language: checked compound array / direct (1.628375ms)
✔ 0.6 language: checked compound array / edited (2.67275ms)
✔ 0.6 language: checked setter not invoked on overflow / IR (13.627208ms)
✔ 0.6 language: checked setter not invoked on overflow / canonical (4.701042ms)
✔ 0.6 language: checked setter not invoked on overflow / direct (4.279042ms)
✔ 0.6 language: checked setter not invoked on overflow / edited (4.863417ms)
✔ 0.6 language: unchecked constant / IR (0.690083ms)
✔ 0.6 language: unchecked constant / canonical (1.110042ms)
✔ 0.6 language: unchecked constant / direct (0.612459ms)
✔ 0.6 language: unchecked constant / edited (1.32575ms)
✔ 0.6 language: const expression patterns / IR (2.372584ms)
✔ 0.6 language: const expression patterns / canonical (2.995208ms)
✔ 0.6 language: const expression patterns / direct (9.593125ms)
✔ 0.6 language: const expression patterns / edited (3.338917ms)
✔ 0.6 language: const string patterns / IR (0.825833ms)
✔ 0.6 language: const string patterns / canonical (0.948833ms)
✔ 0.6 language: const string patterns / direct (0.697ms)
✔ 0.6 language: const string patterns / edited (1.773ms)
✔ 0.6 language: int boundary literal / IR (0.455708ms)
✔ 0.6 language: int boundary literal / canonical (0.565959ms)
✔ 0.6 language: int boundary literal / direct (0.388542ms)
✔ 0.6 language: int boundary literal / edited (1.258ms)
✔ 0.6 language: using statement / IR (20.839709ms)
✔ 0.6 language: using statement / canonical (21.060875ms)
✔ 0.6 language: using statement / direct (3.40125ms)
✔ 0.6 language: using statement / edited (3.912209ms)
✔ 0.6 language: using declaration / IR (1.638375ms)
✔ 0.6 language: using declaration / canonical (6.849917ms)
✔ 0.6 language: using declaration / direct (1.2055ms)
✔ 0.6 language: using declaration / edited (2.947292ms)
✔ 0.6 language: using multiple resources / IR (0.923417ms)
✔ 0.6 language: using multiple resources / canonical (3.756125ms)
✔ 0.6 language: using multiple resources / direct (1.274875ms)
✔ 0.6 language: using multiple resources / edited (2.046583ms)
✔ 0.6 language: using declaration lifetimes / IR (2.192417ms)
✔ 0.6 language: using declaration lifetimes / canonical (2.610833ms)
✔ 0.6 language: using declaration lifetimes / direct (3.954916ms)
✔ 0.6 language: using declaration lifetimes / edited (4.860666ms)
✔ 0.6 language: using null / IR (0.836541ms)
✔ 0.6 language: using null / canonical (4.90475ms)
✔ 0.6 language: using null / direct (4.673083ms)
✔ 0.6 language: using null / edited (14.227083ms)
✔ 0.6 language: using return / IR (2.036417ms)
✔ 0.6 language: using return / canonical (1.205042ms)
✔ 0.6 language: using return / direct (2.760916ms)
✔ 0.6 language: using return / edited (2.120291ms)
✔ 0.6 language: using exception / IR (1.267334ms)
✔ 0.6 language: using exception / canonical (11.475625ms)
✔ 0.6 language: using exception / direct (1.222542ms)
✔ 0.6 language: using exception / edited (1.61075ms)
✔ 0.6 language: using break continue / IR (1.102417ms)
✔ 0.6 language: using break continue / canonical (1.334625ms)
✔ 0.6 language: using break continue / direct (1.105625ms)
✔ 0.6 language: using break continue / edited (12.378ms)
✔ 0.6 language: using expression captures once / IR (1.996916ms)
✔ 0.6 language: using expression captures once / canonical (1.437875ms)
✔ 0.6 language: using expression captures once / direct (1.110084ms)
✔ 0.6 language: using expression captures once / edited (4.065125ms)
✔ 0.6 language: using partial initializer failure / IR (2.497167ms)
✔ 0.6 language: using partial initializer failure / canonical (4.878208ms)
✔ 0.6 language: using partial initializer failure / direct (6.814208ms)
✔ 0.6 language: using partial initializer failure / edited (4.531ms)
✔ 0.6 language: using dispose throws / IR (0.919417ms)
✔ 0.6 language: using dispose throws / canonical (1.321792ms)
✔ 0.6 language: using dispose throws / direct (5.0375ms)
✔ 0.6 language: using dispose throws / edited (1.4195ms)
✔ 0.6 language: outer resource disposed after inner dispose throws / IR (0.865459ms)
✔ 0.6 language: outer resource disposed after inner dispose throws / canonical (1.272042ms)
✔ 0.6 language: outer resource disposed after inner dispose throws / direct (1.110333ms)
✔ 0.6 language: outer resource disposed after inner dispose throws / edited (2.114041ms)
✔ 0.6 language: using GC protects captured resource / IR (1.182458ms)
✔ 0.6 language: using GC protects captured resource / canonical (4.915666ms)
✔ 0.6 language: using GC protects captured resource / direct (3.319125ms)
✔ 0.6 language: using GC protects captured resource / edited (3.67025ms)
✔ 0.6 language: using return reference survives cleanup GC / IR (2.300791ms)
✔ 0.6 language: using return reference survives cleanup GC / canonical (3.886ms)
✔ 0.6 language: using return reference survives cleanup GC / direct (1.385791ms)
✔ 0.6 language: using return reference survives cleanup GC / edited (2.220959ms)
✔ 0.6 language: fully qualified disposable / IR (0.610959ms)
✔ 0.6 language: fully qualified disposable / canonical (0.759208ms)
✔ 0.6 language: fully qualified disposable / direct (2.179208ms)
✔ 0.6 language: fully qualified disposable / edited (2.456625ms)
✔ 0.6 language diagnostic: default const overflow (0.777416ms)
✔ 0.6 language diagnostic: checked constant in unchecked (0.514667ms)
✔ 0.6 language diagnostic: nonconstant const (0.279459ms)
✔ 0.6 language diagnostic: constant divide zero (0.103875ms)
✔ 0.6 language diagnostic: missing Dispose (0.120666ms)
✔ 0.6 language diagnostic: private Dispose (0.100167ms)
✔ 0.6 language diagnostic: not IDisposable (0.100375ms)
✔ 0.6 language diagnostic: using reassignment (0.166666ms)
✔ 0.6 language diagnostic: missing using initializer (0.142334ms)
✔ 0.6 language diagnostic: multiple var (0.171875ms)
✔ 0.6 language diagnostic: duplicate constant switch (0.12725ms)
✔ 0.6 real IDisposable metadata survives canonical reload (1.516958ms)
✔ 0.6 constant evaluator has an explicit budget (0.130042ms)
✔ 0.6 delivered example: checked-arithmetic / rebuilt IL without #SF (1.593875ms)
✔ 0.6 delivered example: using-resources / rebuilt IL without #SF (2.506542ms)
✔ 0.6 delivered example: using-failure / rebuilt IL without #SF (9.3595ms)
✔ 0.6 delivered example: constant-patterns / rebuilt IL without #SF (4.100333ms)
✔ 0.6 delivered example: refactor-safe06 / rebuilt IL without #SF (5.576084ms)
✔ 0.6 delivered example: immutable-schema / rebuilt IL without #SF (6.003292ms)
✔ 0.6 delivered example: unreachable-analyzer / rebuilt IL without #SF (4.831167ms)
✔ 0.6 delivered example: reversible-storage / rebuilt IL without #SF (3.267042ms)
✔ 0.6 compiler overflow option: default (27.714166ms)
✔ 0.6 compiler overflow option: checked (11.701375ms)
✔ 0.6 compiler overflow option: perfile (2.742459ms)
✔ 0.6 compiler overflow option: perfile overrides (1.776583ms)
✔ 0.6 compiler: lexical unchecked overrides project setting (1.840833ms)
✔ 0.6 compiler rejects malformed checked flag true (0.318042ms)
✔ 0.6 compiler rejects malformed checked flag 1 (1.493083ms)
✔ 0.6 compiler rejects malformed checked flag null (0.537083ms)
✔ 0.6 project overflow property: undefined (2.215667ms)
✔ 0.6 project overflow property: true (0.386667ms)
✔ 0.6 project overflow property:  True  (2.247542ms)
✔ 0.6 project overflow property: FALSE (0.163375ms)
✔ 0.6 project checked options respect referenced source contexts (5.572542ms)
✔ 0.6 project rejects invalid overflow properties (0.481292ms)
✔ 0.6 project rejects shared-file conflicting overflow contexts (0.328625ms)
✔ 0.6 generator: field constructor (1.600042ms)
✔ 0.6 generator: property constructor (0.9165ms)
✔ 0.6 generator: immutable constructor (0.486208ms)
✔ 0.6 generator: immutable properties reject writes outside construction (6.905541ms)
✔ 0.6 generator: invalid schema rolls back all files {"name":"Row","fields":[{"name":"Id","type":"int"},{"name":"Name","type":"string"},{"name":"Id","type":"int"}]} (9.4675ms)
✔ 0.6 generator: invalid schema rolls back all files {"name":"Row","fields":[{"name":"Row","type":"int"}]} (3.097916ms)
✔ 0.6 generator: invalid schema rolls back all files {"name":"Row","fields":[{"name":"Id","type":"byte"}]} (0.225917ms)
✔ 0.6 analyzer: syntax-local reachability int F(){return 1;Console.WriteLine("dead");}Console.WriteLine(F()); (0.479625ms)
✔ 0.6 analyzer: syntax-local reachability int F(int x){if(x>0){return 1;}else{return 2;}Console.WriteLine("dead");}Console.WriteLine(F(1)); (9.277958ms)
✔ 0.6 analyzer: syntax-local reachability int F(int x){if(x>0){return 1;}Console.WriteLine("live");return 2;}Console.WriteLine(F(0)); (3.756125ms)
✔ 0.6 analyzer: syntax-local reachability int F(){while(true){break;Console.WriteLine("dead");}return 1;}Console.WriteLine(F()); (0.308208ms)
✔ 0.6 analyzer: syntax-local reachability int F(){while(false){Console.WriteLine("not analyzed");}return 1;}Console.WriteLine(F()); (0.177042ms)
✔ 0.6 analyzer: configurable suppression and severity (0.309709ms)
✔ 0.6 constants: unchecked huge floating cast stays consistent with execution (1.541ms)
✔ 0.6 CLI: checked loose source executes overflow handlers (140.021791ms)
✔ 0.6 CLI: project --checked flag is refused, not silently ignored (147.212625ms)
✔ 0.6 constants: declared double type preserves later constant division (4.339208ms)
✔ 08 breakpoint reconfiguration preserves stable identity and hit counts (72.775667ms)
✔ 08 pending/invalid source breakpoints have useful reasons (12.855042ms)
✔ 08 resolved gutter location removes the original requested breakpoint (0.149917ms)
✔ 08 breakpoint column pins one sequence point on a multiple-statement line (2.911667ms)
✔ 08 breakpoint remap: insert before (0.301292ms)
✔ 08 breakpoint remap: delete before (0.0815ms)
✔ 08 breakpoint remap: same line edit (0.80175ms)
✔ 08 breakpoint remap: replace preserve anchor (0.186167ms)
✔ 08 breakpoint remap: CRLF (0.156916ms)
✔ 08 breakpoint remap: EOF deletion (0.223167ms)
✔ 08 source snapshots zero budget never throw or hang (5.094ms)
✔ 08 source reverse restores hit counters before replay (7.15075ms)
✔ 08 particle sample: every executable source line continues without a runtime fault (55.100292ms)
✔ 08 preview mutation batches preflight before replacing workspace buffers (2.535916ms)
✔ 08 preview rename/copy/delete undo restores data and editor metadata (0.651ms)
✔ 08 preview undo refuses subsequent user edits (0.511666ms)
✔ 08 pending file command cannot cross a workspace switch (0.490417ms)
✔ 08 planning a project change detects concurrent project source changes (0.287167ms)
✔ 08 native planning reads unsaved project buffers, not an old disk snapshot (0.281917ms)
✔ 08 cross-project source copy explicitly includes files with defaults disabled (3.454875ms)
✔ 08 readonly explorer rejects file mutations before prompting (2.296833ms)
✔ 08 overlapping explorer dialogs cannot start a second mutation (0.882375ms)
✔ 08 solution project removal preserves comment and neighboring configuration (3.608542ms)
✔ 08 solution removal also removes literal dependency on the removed member (0.610875ms)
✔ 08 package reference authoring escapes metadata and does not invent relative package IDs (0.513084ms)
✔ 08 path rewrites leave commented-out references and CDATA byte-identical (0.564583ms)
✔ 08 adding compile membership removes default match before explicit include (0.53725ms)
✔ 08 Visual Studio modifier-only keys do not eat an active keyboard chord (0.348459ms)
✔ 08 editor declares Visual Studio default and five distinct profiles without a DOM (0.780958ms)
✔ 08 native XML write undo restores original encoding and byte hash (33.532583ms)
✔ 08 native XML syntax validation precedes every batch mutation (2.466416ms)
✔ 08 native overlapping parent/child operations fail preflight instead of breaking undo (1.6785ms)
✔ 08 native XML write followed by undo rejects later disk edits (29.9815ms)
✔ 08 actual loopback explorer APIs enforce auth/origin and preserve binary bytes (160.277709ms)
✔ 08 shipped example breakpoint-workbench: IR (56.0155ms)
✔ 08 shipped example breakpoint-workbench: canonical (17.900292ms)
✔ 08 shipped example breakpoint-workbench: direct (5.236917ms)
✔ 08 shipped example breakpoint-workbench: edited (12.299333ms)
✔ 08 shipped example editor-keymaps: IR (2.906209ms)
✔ 08 shipped example editor-keymaps: canonical (4.769334ms)
✔ 08 shipped example editor-keymaps: direct (1.116625ms)
✔ 08 shipped example editor-keymaps: edited (1.28275ms)
✔ 08 shipped example explorer-members: IR (3.895042ms)
✔ 08 shipped example explorer-members: canonical (2.641166ms)
✔ 08 shipped example explorer-members: direct (2.43325ms)
✔ 08 shipped example explorer-members: edited (4.871291ms)
✔ 08 ExplorerWorkshop solution has linked source and visible noncompiling cs note (18.991084ms)
✔ 08 source member hierarchy retains bound spans and is never a file operation target (0.212209ms)
✔ 08 project is inserted into one existing solution folder: <Folder Name="/src/" /> (0.712834ms)
✔ 08 project is inserted into one existing solution folder: <Folder Name="/src/"><!-- retained --><Project Path="Old.csproj"/></Folder> (0.153208ms)
✔ 08 XML path rename cannot rewrite element text or quoted metadata (0.245709ms)
✔ 08 removed package/assembly items have no phantom unsupported dependency diagnostic (1.7245ms)
✔ 08 readding a package preserves one final version and one native-only diagnostic (0.660833ms)
✔ 08 removing and readding project reference evaluates only final items (0.731083ms)
✔ 08 generic items retain metadata updates and compile none transitions (0.655958ms)
✔ 08 tree state validation leaves old tree untouched (2.501792ms)
✔ 08 tree selection, expansion, filter ancestors and state recovery (0.738958ms)
✔ 08 tree move cycle/invalid insertion is rejected before mutation (0.211208ms)
✔ 08 tree large hierarchy stays data-only until view requests rows (76.79675ms)
✔ 08 command registry checks enablement again at execution (0.412792ms)
✔ 08 invalid portable item path "../a.cs" (0.125875ms)
✔ 08 invalid portable item path "/a.cs" (0.082459ms)
✔ 08 invalid portable item path "C:/a.cs" (0.044916ms)
✔ 08 invalid portable item path "a/../b.cs" (0.06775ms)
✔ 08 invalid portable item path "NUL.cs" (0.284ms)
✔ 08 invalid portable item path "file?.cs" (0.326958ms)
✔ 08 invalid portable item path ".git/config" (0.176042ms)
✔ 08 invalid portable item path "A./B.cs" (0.097333ms)
✔ 08 invalid portable item path "a\u0000.cs" (0.058416ms)
✔ 08 solution tree preserves linked appearances and dependency groups (11.032042ms)
✔ 08 project membership source edits preserve comments, imports and exact build order (0.793125ms)
✔ 08 solution XML creation works for self-closing roots and prevents duplicate membership (0.238208ms)
✔ 08 literal reference rename leaves conditional glob expressions unchanged (0.21375ms)
✔ 08 native create/move/copy/delete are undoable with checked disk identities (98.566209ms)
✔ 08 native stale hashes, collisions and self-containment are rejected (44.594375ms)
✔ 08 native directory quarantine/restore preserves nested files and empty folders (31.424666ms)
✔ 08 native undo refuses to erase subsequent user edits (13.008209ms)
✔ 08 native operations refuse symlinked children and parent paths (23.509458ms)
✔ 08 native scan provides real hierarchy, empty folders and binary entries (16.057709ms)
✔ 0.9 DebugSession screenshot Fibonacci breakpoint hits exactly ten times before output (99.103375ms)
✔ 0.9 DebugSession multiline continuation binds containing statement (15.943959ms)
✔ 0.9 DebugSession closing brace never binds next method (9.868333ms)
✔ 0.9 DebugSession explicit columns select statements sharing a line (10.134375ms)
✔ 0.9 DebugSession line breakpoint describes all same-line statement sites (8.1515ms)
✔ 0.9 DebugSession false conditions still count every encounter (2.299833ms)
✔ 0.9 DebugSession when-changed seeds then stops on changed values (4.543834ms)
✔ 0.9 DebugSession when-changed evaluates before hit filtering (1.676666ms)
✔ 0.9 DebugSession one-shot preserves count and disables itself (4.563334ms)
✔ 0.9 DebugSession all co-located rules count with logpoints (5.936416ms)
✔ 0.9 DebugSession bad condition reports stop with exact breakpoint identity (3.812ms)
✔ 0.9 DebugSession live configuration retains counts unless rule changes (21.442583ms)
✔ 0.9 DebugSession mute preserves disabled rules and does not count muted encounters (12.448083ms)
✔ 0.9 DebugSession function rules bind parameter signature and overload (23.862666ms)
✔ 0.9 DebugSession function breakpoint fires only at entry, not loop-back (20.058167ms)
✔ 0.9 DebugSession reverse continue restores an actual changed-condition stop (26.366208ms)
✔ 0.9 DebugSession reverse restores one-shot auto-consumption (7.4565ms)
✔ 0.9 DebugSession per-type caught exception override and reverse checkpoint (6.535541ms)
✔ 0.9 DebugSession uncaught default does not stop caught exceptions (5.176166ms)
✔ 0.9 DebugSession exception Never override preserves actual failure (2.253875ms)
✔ 0.9 DebugSession returned-call assignment data breakpoint highlights caller (3.022875ms)
✔ 0.9 DebugSession data stop does not skip next source breakpoint (1.03925ms)
✔ 0.9 DebugSession caller stack retains call-site while callee executes (3.505375ms)
✔ 0.9 DebugSession invalid breakpoint metadata is unverified, never silently executable (1.089208ms)
✔ 0.9 DebugSession cleanup hidden sequence does not double-hit using acquisition (7.358083ms)
✔ 0.9 DebugSession expression/hit/function options roundtrip with no internal seed leaks (1.034333ms)
✔ 0.9 CilDebugSession screenshot Fibonacci breakpoint hits exactly ten times before output (480.0415ms)
✔ 0.9 CilDebugSession multiline continuation binds containing statement (23.433959ms)
✔ 0.9 CilDebugSession closing brace never binds next method (9.565708ms)
✔ 0.9 CilDebugSession explicit columns select statements sharing a line (7.961959ms)
✔ 0.9 CilDebugSession line breakpoint describes all same-line statement sites (17.650208ms)
✔ 0.9 CilDebugSession false conditions still count every encounter (7.7715ms)
✔ 0.9 CilDebugSession when-changed seeds then stops on changed values (32.690125ms)
✔ 0.9 CilDebugSession when-changed evaluates before hit filtering (16.75875ms)
✔ 0.9 CilDebugSession one-shot preserves count and disables itself (34.169416ms)
✔ 0.9 CilDebugSession all co-located rules count with logpoints (8.408917ms)
✔ 0.9 CilDebugSession bad condition reports stop with exact breakpoint identity (3.563625ms)
✔ 0.9 CilDebugSession live configuration retains counts unless rule changes (19.925833ms)
✔ 0.9 CilDebugSession mute preserves disabled rules and does not count muted encounters (2.323292ms)
✔ 0.9 CilDebugSession function rules bind parameter signature and overload (3.87525ms)
✔ 0.9 CilDebugSession function breakpoint fires only at entry, not loop-back (4.179666ms)
✔ 0.9 CilDebugSession reverse continue restores an actual changed-condition stop (32.730417ms)
✔ 0.9 CilDebugSession reverse restores one-shot auto-consumption (15.881125ms)
✔ 0.9 CilDebugSession per-type caught exception override and reverse checkpoint (3.427792ms)
✔ 0.9 CilDebugSession uncaught default does not stop caught exceptions (6.826917ms)
✔ 0.9 CilDebugSession exception Never override preserves actual failure (0.8855ms)
✔ 0.9 CilDebugSession returned-call assignment data breakpoint highlights caller (1.516709ms)
✔ 0.9 CilDebugSession data stop does not skip next source breakpoint (0.797542ms)
✔ 0.9 CilDebugSession caller stack retains call-site while callee executes (0.700584ms)
✔ 0.9 CilDebugSession invalid breakpoint metadata is unverified, never silently executable (2.53075ms)
✔ 0.9 CilDebugSession cleanup hidden sequence does not double-hit using acquisition (15.1745ms)
✔ 0.9 CilDebugSession expression/hit/function options roundtrip with no internal seed leaks (1.469708ms)
✔ 0.9 source header spans do not swallow blank lines within control blocks (0.610042ms)
✔ 0.9 source pause immediately before an unvisited SEQ must not skip its breakpoint (0.86175ms)
✔ 0.9 run-to-cursor from ready binds multiline and clears temporary target (0.771084ms)
✔ 0.9 run-to-cursor interrupted by breakpoint is cancelled (4.7735ms)
✔ 0.9 source VM refuses other snapshots and restores fault graph aliases (8.150625ms)
✔ 0.9 source stepping over accessor is optional but explicit property breakpoints still hit (9.283625ms)
✔ 0.9 source frames use monotonic IDs after reverse (1.302667ms)
✔ 0.9 instruction breakpoints maintain ID and hits during live update (0.91525ms)
✔ 0.9 UTF-16 and CRLF sequence ranges survive canonical assembly reload (0.774583ms)
✔ 0.9 shipped example debug-exact: IR (13.557791ms)
✔ 0.9 shipped example debug-exact: canonical (5.514875ms)
✔ 0.9 shipped example debug-exact: direct (5.309625ms)
✔ 0.9 shipped example debug-exact: reassembled (4.339375ms)
✔ 0.9 shipped debug setup debug-exact: DebugSession (12.804ms)
✔ 0.9 shipped debug setup debug-exact: CilDebugSession (8.426625ms)
✔ 0.9 shipped example debug-callsite: IR (4.433375ms)
✔ 0.9 shipped example debug-callsite: canonical (4.25825ms)
✔ 0.9 shipped example debug-callsite: direct (6.358875ms)
✔ 0.9 shipped example debug-callsite: reassembled (33.339333ms)
✔ 0.9 shipped debug setup debug-callsite: DebugSession (3.919208ms)
✔ 0.9 shipped debug setup debug-callsite: CilDebugSession (8.196959ms)
✔ 0.9 shipped example debug-conditions: IR (1.266625ms)
✔ 0.9 shipped example debug-conditions: canonical (2.275292ms)
✔ 0.9 shipped example debug-conditions: direct (2.526083ms)
✔ 0.9 shipped example debug-conditions: reassembled (3.454333ms)
✔ 0.9 shipped debug setup debug-conditions: DebugSession (1.539791ms)
✔ 0.9 shipped debug setup debug-conditions: CilDebugSession (1.370875ms)
✔ 0.9 shipped example debug-function: IR (1.777042ms)
✔ 0.9 shipped example debug-function: canonical (1.590833ms)
✔ 0.9 shipped example debug-function: direct (14.547042ms)
✔ 0.9 shipped example debug-function: reassembled (25.57425ms)
✔ 0.9 shipped debug setup debug-function: DebugSession (15.567458ms)
✔ 0.9 shipped debug setup debug-function: CilDebugSession (13.3975ms)
✔ 0.9 shipped example debug-exception: IR (2.504625ms)
✔ 0.9 shipped example debug-exception: canonical (1.412917ms)
✔ 0.9 shipped example debug-exception: direct (1.204792ms)
✔ 0.9 shipped example debug-exception: reassembled (1.3705ms)
✔ 0.9 shipped debug setup debug-exception: DebugSession (4.913917ms)
✔ 0.9 shipped debug setup debug-exception: CilDebugSession (12.845167ms)
✔ 0.9 DebuggerWorkshop csproj/slnx compiles and maps caller and callee files (15.70425ms)
✔ 0.9 DAP launch cannot run before configurationDone, default does not force entry (17.779125ms)
✔ 0.9 DAP explicit entry remains distinct from breakpoint (44.582375ms)
✔ 0.9 DAP pending binding publishes changed event and hit IDs (10.502875ms)
✔ 0.9 DAP zero-based locations and stack columns roundtrip (8.962417ms)
✔ 0.9 DAP executable-location and exact embedded source requests (3.097542ms)
✔ 0.9 DAP rejects inspect/continue before configuration or while running (1.3195ms)
✔ 0.9 DAP function conditions and hit counts are not discarded (3.886875ms)
✔ 0.9 DAP source write breakpoints select correct storage and expire refs (1.957792ms)
✔ 0.9 DAP default unhandled exception stops before unwind then exits nonzero (1.796ms)
✔ 0.9 DAP failed replacement launch preserves prior paused session (1.545125ms)
✔ 0.9 DAP direct IL function and instruction debug zero-source entry (22.133541ms)
✔ 0.9 DAP source reverse continue emits actual previous stop (5.904583ms)
✔ 0.9 worker F5 default starts at breakpoint rather than forced entry (113.237417ms)
✔ 0.9 worker publishes exact source and new identity before any session state (97.441916ms)
✔ 0.9 worker explicit entry remains distinct from breakpoint (85.069959ms)
✔ 0.9 worker malformed assembly does not destroy existing paused session (100.698458ms)
✔ 0.9 worker bad breakpoint target preserves the previously paused session (95.917ms)
✔ 0.9 worker rejects stale session commands without disturbing current session (119.757708ms)
✔ 0.9 worker unscoped Stop safely covers a launch followed immediately by stop (122.194792ms)
✔ 0.9 worker live source breakpoint update retains encounter counts (115.723625ms)
✔ 0.9 worker source write stop is at caller store not callee return (147.841291ms)
✔ 0.9 worker changed condition and reverse continue reproduce exact count (116.754625ms)
✔ 0.9 worker function breakpoint binds signature and passes conditions (107.137042ms)
✔ 0.9 worker exact screenshot sample runs all ten requested stops (243.522583ms)
✔ release10 examples: async-stacks Studio/disk source is identical (1.787291ms)
✔ release10 examples: async-stacks executes via source (2.873ms)
✔ release10 examples: async-stacks executes via reload (4.508292ms)
✔ release10 examples: async-stacks executes via cil (76.5405ms)
✔ release10 examples: async-stacks executes via reassembled (22.0555ms)
✔ release10 examples: logical-threads Studio/disk source is identical (0.321583ms)
✔ release10 examples: logical-threads executes via source (0.389417ms)
✔ release10 examples: logical-threads executes via reload (1.325875ms)
✔ release10 examples: logical-threads executes via cil (1.107584ms)
✔ release10 examples: logical-threads executes via reassembled (2.024458ms)
✔ release10 examples: hot-reload Studio/disk source is identical (0.358792ms)
✔ release10 examples: hot-reload executes via source (0.165417ms)
✔ release10 examples: hot-reload executes via reload (0.728292ms)
✔ release10 examples: hot-reload executes via cil (0.651291ms)
✔ release10 examples: hot-reload executes via reassembled (4.269ms)
✔ release10 examples: set-next Studio/disk source is identical (0.293583ms)
✔ release10 examples: set-next executes via source (0.105667ms)
✔ release10 examples: set-next executes via reload (0.4515ms)
✔ release10 examples: set-next executes via cil (0.199417ms)
✔ release10 examples: set-next executes via reassembled (0.607208ms)
✔ release10 examples: function-evaluation Studio/disk source is identical (0.241459ms)
✔ release10 examples: function-evaluation executes via source (0.129333ms)
✔ release10 examples: function-evaluation executes via reload (1.021875ms)
✔ release10 examples: function-evaluation executes via cil (0.431542ms)
✔ release10 examples: function-evaluation executes via reassembled (3.092834ms)
✔ release10 examples: portable-symbols Studio/disk source is identical (0.855209ms)
✔ release10 examples: portable-symbols executes via source (0.293791ms)
✔ release10 examples: portable-symbols executes via reload (1.090667ms)
✔ release10 examples: portable-symbols executes via cil (0.30325ms)
✔ release10 examples: portable-symbols executes via reassembled (4.59375ms)
✔ release10 examples: winui-counter Studio/disk source is identical (1.542041ms)
✔ release10 examples: winui-counter executes via source (80.811917ms)
✔ release10 examples: winui-counter executes via reload (19.924625ms)
✔ release10 examples: winui-counter executes via cil (10.240333ms)
✔ release10 examples: winui-counter executes via reassembled (9.458959ms)
✔ release10 examples: winui-controls Studio/disk source is identical (0.567416ms)
✔ release10 examples: winui-controls executes via source (1.633291ms)
✔ release10 examples: winui-controls executes via reload (5.635709ms)
✔ release10 examples: winui-controls executes via cil (6.78475ms)
✔ release10 examples: winui-controls executes via reassembled (55.5975ms)
✔ release10 examples: winui-graphics Studio/disk source is identical (0.279333ms)
✔ release10 examples: winui-graphics executes via source (2.626291ms)
✔ release10 examples: winui-graphics executes via reload (5.9465ms)
✔ release10 examples: winui-graphics executes via cil (8.256208ms)
✔ release10 examples: winui-graphics executes via reassembled (64.599625ms)
✔ release10 examples: winui-async Studio/disk source is identical (0.241417ms)
✔ release10 examples: winui-async executes via source (0.604833ms)
✔ release10 examples: winui-async executes via reload (2.681917ms)
✔ release10 examples: winui-async executes via cil (3.798792ms)
✔ release10 examples: winui-async executes via reassembled (16.637917ms)
✔ source: Loaded/Closed callbacks, nested visual roots and mutable brush notifications (33.161375ms)
✔ reload: Loaded/Closed callbacks, nested visual roots and mutable brush notifications (37.667708ms)
✔ cil: Loaded/Closed callbacks, nested visual roots and mutable brush notifications (13.441917ms)
✔ reassembled: Loaded/Closed callbacks, nested visual roots and mutable brush notifications (11.993167ms)
✔ source: step out crosses an async completion only to its actual awaiter (3.206541ms)
✔ source: queued UI clicks retain independent logical stacks over repeated GC (27.9345ms)
✔ CIL: step out crosses an async completion only to its actual awaiter (43.424667ms)
✔ CIL: queued UI clicks retain independent logical stacks over repeated GC (107.846ms)
✔ PortableSymbols fixture has no #SF stream and source entry/stepping uses verified PDB offsets (7.01ms)
✔ DAP IR: goto targets, stale token rejection and preserved locals (10.241542ms)
✔ DAP ordinary IL/PDB: goto targets, stale token rejection and preserved locals (4.378792ms)
✔ DAP effectful evaluation remains opt-in; Hot Reload updates actual suspended code generation (11.034292ms)
✔ DAP maps logical threads, waiting locals, freeze and async stack dependencies (8.337125ms)
✔ DAP retains active application after Main returns and runs managed UI events (45.8035ms)
✔ PDB: 12000 source statements map exactly without per-point whole-document rescanning (1103.806542ms)
✔ PDB: UTF-16 columns and CRLF retain exact source offsets (3.944666ms)
✔ PDB: checksum-matching source with impossible sequence coordinates is rejected (1.331667ms)
✔ language: WinUI completion includes inherited properties, event handlers and methods (6.853458ms)
✔ actual DAP stdio: disk DLL + sidecar, verified source, local evaluation and goto (211.676334ms)
✔ heap: unreachable object cycles are reclaimed (1.478667ms)
✔ heap: roots retain entire reachable graph (0.146042ms)
✔ heap: references in newly allocated object survive reserve collection (0.122459ms)
✔ heap: native pins unwind after failures (0.1165ms)
✔ heap: generations reject stale handles after slot reuse (0.112583ms)
✔ heap: budgets are enforced (0.154958ms)
✔ heap: snapshots are independent after mutation and collection (0.143542ms)
✔ heap: iterative marking handles deep graphs (15.190042ms)
✔ VM: compiler clears temporary roots after object assignment (38.772917ms)
✔ VM: collection preserves locals, stack arguments and static roots (1.411541ms)
✔ VM: scoped references no longer root dead objects (0.363333ms)
✔ VM fault: null field (0.361667ms)
✔ VM fault: array bounds (0.43475ms)
✔ VM fault: negative array (0.435541ms)
✔ VM fault: divide zero (2.949125ms)
✔ VM fault: Int32 division overflow (0.375458ms)
✔ VM fault: parse overflow (0.233125ms)
✔ VM fault: invalid parse (0.2305ms)
✔ VM fault: substring range (10.402792ms)
✔ VM fault: throw null (5.955541ms)
✔ VM: instruction budget is uncatchable (15.316208ms)
✔ VM: output budget enforced (0.34275ms)
✔ VM: stack budget enforced (24.393834ms)
✔ VM: runSlice yields at instruction budget (9.797ms)
✔ VM: stopped execution never continues (0.727333ms)
✔ VM: snapshot restores output and numeric state (0.673958ms)
✔ VM: Math.Abs honors selected int versus double overload (3.591959ms)
✔ runtime14 source: empty collections serialize without allocating storage (8.118209ms)
✔ runtime14 reload: empty collections serialize without allocating storage (6.127167ms)
✔ runtime14 cil: empty collections serialize without allocating storage (3.222958ms)
✔ runtime14 reassembled: empty collections serialize without allocating storage (21.093083ms)
✔ runtime14 source: relative request URI properties (0.768792ms)
✔ runtime14 reload: relative request URI properties (1.099583ms)
✔ runtime14 cil: relative request URI properties (2.649417ms)
✔ runtime14 reassembled: relative request URI properties (3.108709ms)
✔ runtime14 source: Array null validation keeps destination unchanged (8.304916ms)
✔ runtime14 reload: Array null validation keeps destination unchanged (2.723875ms)
✔ runtime14 cil: Array null validation keeps destination unchanged (1.907875ms)
✔ runtime14 reassembled: Array null validation keeps destination unchanged (4.029208ms)
✔ runtime14 source: Array overlap copy (1.480917ms)
✔ runtime14 reload: Array overlap copy (11.847208ms)
✔ runtime14 cil: Array overlap copy (3.476542ms)
✔ runtime14 reassembled: Array overlap copy (7.785791ms)
✔ runtime14 source: Array Fill Clear IndexOf BinarySearch (2.976541ms)
✔ runtime14 reload: Array Fill Clear IndexOf BinarySearch (13.591583ms)
✔ runtime14 cil: Array Fill Clear IndexOf BinarySearch (6.1405ms)
✔ runtime14 reassembled: Array Fill Clear IndexOf BinarySearch (6.746875ms)
✔ runtime14 source: Array invalid range transactional (0.85325ms)
✔ runtime14 reload: Array invalid range transactional (5.264292ms)
✔ runtime14 cil: Array invalid range transactional (1.988ms)
✔ runtime14 reassembled: Array invalid range transactional (9.205625ms)
✔ runtime14 source: Array reference roots and defaults (3.852125ms)
✔ runtime14 reload: Array reference roots and defaults (16.068208ms)
✔ runtime14 cil: Array reference roots and defaults (3.016833ms)
✔ runtime14 reassembled: Array reference roots and defaults (13.233125ms)
✔ runtime14 source: Random seeded reference values (1.379958ms)
✔ runtime14 reload: Random seeded reference values (1.577584ms)
✔ runtime14 cil: Random seeded reference values (7.143541ms)
✔ runtime14 reassembled: Random seeded reference values (29.545041ms)
✔ runtime14 source: Random bounds and deterministic same seeds (52.348292ms)
✔ runtime14 reload: Random bounds and deterministic same seeds (3.892375ms)
✔ runtime14 cil: Random bounds and deterministic same seeds (16.475625ms)
✔ runtime14 reassembled: Random bounds and deterministic same seeds (1.325667ms)
✔ runtime14 source: queue wrap, growth, clear and enumeration (0.511375ms)
✔ runtime14 reload: queue wrap, growth, clear and enumeration (7.480167ms)
✔ runtime14 cil: queue wrap, growth, clear and enumeration (1.237667ms)
✔ runtime14 reassembled: queue wrap, growth, clear and enumeration (2.770375ms)
✔ runtime14 source: dictionary maintained index replacements remove GC (3.25425ms)
✔ runtime14 reload: dictionary maintained index replacements remove GC (5.251459ms)
✔ runtime14 cil: dictionary maintained index replacements remove GC (33.447208ms)
✔ runtime14 reassembled: dictionary maintained index replacements remove GC (8.140166ms)
✔ runtime14 source: vector arithmetic immutable value and lane indexing (2.23525ms)
✔ runtime14 reload: vector arithmetic immutable value and lane indexing (2.957167ms)
✔ runtime14 cil: vector arithmetic immutable value and lane indexing (2.537458ms)
✔ runtime14 reassembled: vector arithmetic immutable value and lane indexing (2.825333ms)
✔ runtime14 source: vector double and CopyTo offset (22.015625ms)
✔ runtime14 reload: vector double and CopyTo offset (10.701ms)
✔ runtime14 cil: vector double and CopyTo offset (2.818333ms)
✔ runtime14 reassembled: vector double and CopyTo offset (5.272459ms)
✔ runtime14 source: vector overflow and invalid lanes (1.298875ms)
✔ runtime14 reload: vector overflow and invalid lanes (3.517834ms)
✔ runtime14 cil: vector overflow and invalid lanes (2.082375ms)
✔ runtime14 reassembled: vector overflow and invalid lanes (46.612584ms)
✔ runtime14 source: JSON property raw spans and duplicate last wins (1.733334ms)
✔ runtime14 reload: JSON property raw spans and duplicate last wins (1.606209ms)
✔ runtime14 cil: JSON property raw spans and duplicate last wins (0.491541ms)
✔ runtime14 reassembled: JSON property raw spans and duplicate last wins (1.121875ms)
✔ runtime14 source: JSON array object enumeration (5.299375ms)
✔ runtime14 reload: JSON array object enumeration (0.970291ms)
✔ runtime14 cil: JSON array object enumeration (0.542833ms)
✔ runtime14 reassembled: JSON array object enumeration (3.537833ms)
✔ runtime14 source: JSON index getters and wrong kinds (0.273333ms)
✔ runtime14 reload: JSON index getters and wrong kinds (2.735208ms)
✔ runtime14 cil: JSON index getters and wrong kinds (5.277084ms)
✔ runtime14 reassembled: JSON index getters and wrong kinds (3.860042ms)
✔ runtime14 source: JSON elements root document and invalidate after disposal (0.193333ms)
✔ runtime14 reload: JSON elements root document and invalidate after disposal (0.639667ms)
✔ runtime14 cil: JSON elements root document and invalidate after disposal (0.447291ms)
✔ runtime14 reassembled: JSON elements root document and invalidate after disposal (1.224958ms)
✔ runtime14 source: JSON serializer arrays and registered collections (1.061291ms)
✔ runtime14 reload: JSON serializer arrays and registered collections (6.7195ms)
✔ runtime14 cil: JSON serializer arrays and registered collections (0.5495ms)
✔ runtime14 reassembled: JSON serializer arrays and registered collections (7.38675ms)
✔ runtime14 source: Uri base address and escaping (0.737333ms)
✔ runtime14 reload: Uri base address and escaping (1.163333ms)
✔ runtime14 cil: Uri base address and escaping (0.829834ms)
✔ runtime14 reassembled: Uri base address and escaping (0.682041ms)
✔ runtime14 source: Cancellation tokens managed state (0.200166ms)
✔ runtime14 reload: Cancellation tokens managed state (1.725709ms)
✔ runtime14 cil: Cancellation tokens managed state (0.4065ms)
✔ runtime14 reassembled: Cancellation tokens managed state (3.97975ms)
✔ runtime14 source: parallel sum dot and array output (81.67925ms)
✔ runtime14 reload: parallel sum dot and array output (58.42ms)
✔ runtime14 cil: parallel sum dot and array output (78.718542ms)
✔ runtime14 reassembled: parallel sum dot and array output (62.691542ms)
✔ JSON parser rejects "" (0.229292ms)
✔ JSON parser rejects "true false" (0.041333ms)
✔ JSON parser rejects "[1,]" (0.038167ms)
✔ JSON parser rejects "{\"a\":1,}" (0.030583ms)
✔ JSON parser rejects "{a:1}" (0.105417ms)
✔ JSON parser rejects "01" (0.051709ms)
✔ JSON parser rejects "NaN" (0.03175ms)
✔ JSON parser rejects "\"\n\"" (0.102167ms)
✔ JSON parser rejects "\"\\q\"" (0.131ms)
✔ JSON parser rejects "[" (0.036333ms)
✔ JSON parser rejects "1e" (0.026833ms)
✔ JSON parser rejects "-" (0.027ms)
✔ JSON parser rejects ".5" (0.024708ms)
✔ JSON parser limits and exact escaped raw ranges (0.3445ms)
✔ managed HTTP source real requests errors disposal cancellation and async GC (93.036208ms)
✔ managed HTTP reload real requests errors disposal cancellation and async GC (82.542292ms)
✔ managed HTTP cil real requests errors disposal cancellation and async GC (77.71525ms)
✔ managed HTTP reassembled real requests errors disposal cancellation and async GC (80.10925ms)
✔ host epoch snapshot barriers source (25.987833ms)
✔ host epoch snapshot barriers reload (24.559541ms)
✔ host epoch snapshot barriers cil (26.602833ms)
✔ host epoch snapshot barriers reassembled (25.620583ms)
✔ network permission default deny source (13.110209ms)
✔ network permission default deny reload (12.948542ms)
✔ network permission default deny cil (11.905542ms)
✔ network permission default deny reassembled (12.248666ms)
✔ source: local template-part values override bindings until cleared (40.657083ms)
✔ canonical: local template-part values override bindings until cleared (9.269958ms)
✔ cil: local template-part values override bindings until cleared (15.084583ms)
✔ reassembled: local template-part values override bindings until cleared (47.017334ms)
✔ source: clearing Style removes its effective property values (2.042458ms)
✔ canonical: clearing Style removes its effective property values (9.893875ms)
✔ cil: clearing Style removes its effective property values (9.829959ms)
✔ reassembled: clearing Style removes its effective property values (3.78075ms)
✔ source: default, style, local, ClearValue precedence (1.140666ms)
✔ canonical: default, style, local, ClearValue precedence (29.472834ms)
✔ cil: default, style, local, ClearValue precedence (7.248625ms)
✔ reassembled: default, style, local, ClearValue precedence (3.983333ms)
✔ source: registered dependency property identity survives garbage collection (0.40475ms)
✔ canonical: registered dependency property identity survives garbage collection (1.396416ms)
✔ cil: registered dependency property identity survives garbage collection (1.020875ms)
✔ reassembled: registered dependency property identity survives garbage collection (2.735875ms)
✔ source: ReadLocalValue distinguishes UnsetValue from a local null (0.824375ms)
✔ canonical: ReadLocalValue distinguishes UnsetValue from a local null (0.944375ms)
✔ cil: ReadLocalValue distinguishes UnsetValue from a local null (1.25ms)
✔ reassembled: ReadLocalValue distinguishes UnsetValue from a local null (3.17675ms)
✔ source: BasedOn and shared mutable setter changes affect both consumers (2.525875ms)
✔ canonical: BasedOn and shared mutable setter changes affect both consumers (82.247292ms)
✔ cil: BasedOn and shared mutable setter changes affect both consumers (1.6455ms)
✔ reassembled: BasedOn and shared mutable setter changes affect both consumers (2.35825ms)
✔ source: invalid shared setter mutation rolls back all managed consumers (0.9125ms)
✔ canonical: invalid shared setter mutation rolls back all managed consumers (11.753333ms)
✔ cil: invalid shared setter mutation rolls back all managed consumers (11.474542ms)
✔ reassembled: invalid shared setter mutation rolls back all managed consumers (35.621417ms)
✔ source: invalid setter collection insertion leaves the collection unchanged (1.948625ms)
✔ canonical: invalid setter collection insertion leaves the collection unchanged (1.079458ms)
✔ cil: invalid setter collection insertion leaves the collection unchanged (5.872125ms)
✔ reassembled: invalid setter collection insertion leaves the collection unchanged (3.4535ms)
✔ source: incorrect target style assignment is transactional (0.440291ms)
✔ canonical: incorrect target style assignment is transactional (14.897208ms)
✔ cil: incorrect target style assignment is transactional (1.226ms)
✔ reassembled: incorrect target style assignment is transactional (1.5135ms)
✔ source: SetValue uses the real property setter and enforces runtime types (8.888541ms)
✔ canonical: SetValue uses the real property setter and enforces runtime types (2.050542ms)
✔ cil: SetValue uses the real property setter and enforces runtime types (1.626667ms)
✔ reassembled: SetValue uses the real property setter and enforces runtime types (2.112709ms)
✔ source: style Thickness value objects survive boxed CIL and collection (5.674125ms)
✔ canonical: style Thickness value objects survive boxed CIL and collection (2.476ms)
✔ cil: style Thickness value objects survive boxed CIL and collection (5.913084ms)
✔ reassembled: style Thickness value objects survive boxed CIL and collection (3.013209ms)
✔ source: each template owner has distinct name-scoped visual parts (5.0015ms)
✔ canonical: each template owner has distinct name-scoped visual parts (2.728834ms)
✔ cil: each template owner has distinct name-scoped visual parts (7.177ms)
✔ reassembled: each template owner has distinct name-scoped visual parts (5.519625ms)
✔ source: invalid template names and targets preserve the previous instance (1.383292ms)
✔ canonical: invalid template names and targets preserve the previous instance (2.793041ms)
✔ cil: invalid template names and targets preserve the previous instance (2.482042ms)
✔ reassembled: invalid template names and targets preserve the previous instance (3.774959ms)
✔ source: removing a template exposes the standard control again (0.352625ms)
✔ canonical: removing a template exposes the standard control again (1.644458ms)
✔ cil: removing a template exposes the standard control again (0.651208ms)
✔ reassembled: removing a template exposes the standard control again (1.088ms)
✔ text: immutable snapshots and UTF-16 positions (2.802375ms)
✔ text: out-of-range LSP columns clamp before line ending (0.28475ms)
✔ text: empty documents and source size validation (0.127208ms)
✔ cache: bounded eviction (0.112583ms)
✔ lexer: exact trivia roundtrip "// before\r\nint x = 1; /* " (4.548083ms)
✔ lexer: exact trivia roundtrip "using System;\nclass A { s" (0.115042ms)
✔ lexer: exact trivia roundtrip "int café = 0xFF + 0b1010 " (1.204166ms)
✔ lexer: exact trivia roundtrip "\"unfinished\\" (0.140084ms)
✔ lexer: exact trivia roundtrip "/* unterminated" (0.09225ms)
✔ lexer: exact trivia roundtrip "" (0.10725ms)
✔ lexer: exact trivia roundtrip "   \n\t" (0.052167ms)
✔ lexer: exact trivia roundtrip "💥 #bad\n" (0.615042ms)
✔ lexer: unchanged token interning preserves identity (0.127458ms)
✔ lexer: diagnostic CS1010 "unclosed (0.069375ms)
✔ lexer: diagnostic CS1035 /*bad (0.052167ms)
✔ lexer: diagnostic CS8076 $"{x" (0.215833ms)
✔ lexer: diagnostic SF1001 #if true
 (0.041542ms)
✔ lexer: diagnostic SF1005 3.2f (0.0575ms)
✔ lexer: diagnostic SF1003 123L (0.030917ms)
✔ lexer: diagnostic CS1013 0xZZ (0.037125ms)
✔ lexer: diagnostic CS1012 'ab' (0.028417ms)
✔ parser: precedence and right associative assignments (0.382834ms)
✔ parser: syntax tree survives missing tokens (0.518417ms)
✔ parser: deterministic punctuation fuzz recovers without throwing (63.556541ms)
✔ parser: nesting budget reports a diagnostic (1.180666ms)
✔ packaged console example matches the wizard and its disk/ZIP bytes (14.861667ms)
✔ packaged console-async example matches the wizard and its disk/ZIP bytes (6.520542ms)
✔ packaged class-library example matches the wizard and its disk/ZIP bytes (8.315209ms)
✔ packaged empty-project example matches the wizard and its disk/ZIP bytes (5.449ms)
✔ packaged winui-blank example matches the wizard and its disk/ZIP bytes (4.648958ms)
✔ packaged winui-navigation example matches the wizard and its disk/ZIP bytes (4.930125ms)
✔ packaged winui-controls-library example matches the wizard and its disk/ZIP bytes (1.808084ms)
✔ packaged test-console example matches the wizard and its disk/ZIP bytes (4.013417ms)
✔ packaged blank-solution example matches the wizard and its disk/ZIP bytes (1.111209ms)
✔ packaged console-library-solution example matches the wizard and its disk/ZIP bytes (10.525083ms)
✔ packaged winui-library-solution example matches the wizard and its disk/ZIP bytes (3.648625ms)
✔ packaged item gallery contains and compiles all 19 actual item templates (145.811458ms)
✔ template console: deterministic validated project XML, ZIP roundtrip and startup compilation (72.128084ms)
✔ template console: actual source execution (12.119375ms)
✔ template console: actual canonical execution (13.750334ms)
✔ template console: actual cil execution (6.231583ms)
✔ template console: actual reassembled execution (5.754917ms)
✔ template console-async: deterministic validated project XML, ZIP roundtrip and startup compilation (3.224084ms)
✔ template console-async: actual source execution (3.4505ms)
✔ template console-async: actual canonical execution (2.816041ms)
✔ template console-async: actual cil execution (21.340417ms)
✔ template console-async: actual reassembled execution (6.632208ms)
✔ template class-library: deterministic validated project XML, ZIP roundtrip and startup compilation (1.567167ms)
✔ template class-library: actual source execution (1.647708ms)
✔ template class-library: actual canonical execution (8.407209ms)
✔ template class-library: actual cil execution (3.64675ms)
✔ template class-library: actual reassembled execution (3.597583ms)
✔ template empty-project: deterministic validated project XML, ZIP roundtrip and startup compilation (0.946166ms)
✔ template winui-blank: deterministic validated project XML, ZIP roundtrip and startup compilation (11.736417ms)
✔ template winui-blank: actual source execution (43.86325ms)
✔ template winui-blank: actual canonical execution (11.332208ms)
✔ template winui-blank: actual cil execution (12.58775ms)
✔ template winui-blank: actual reassembled execution (10.707ms)
✔ template winui-navigation: deterministic validated project XML, ZIP roundtrip and startup compilation (15.565709ms)
✔ template winui-navigation: actual source execution (15.59175ms)
✔ template winui-navigation: actual canonical execution (16.654625ms)
✔ template winui-navigation: actual cil execution (11.923292ms)
✔ template winui-navigation: actual reassembled execution (19.911625ms)
✔ template winui-controls-library: deterministic validated project XML, ZIP roundtrip and startup compilation (4.82075ms)
✔ template winui-controls-library: actual source execution (12.607334ms)
✔ template winui-controls-library: actual canonical execution (8.49625ms)
✔ template winui-controls-library: actual cil execution (6.630583ms)
✔ template winui-controls-library: actual reassembled execution (8.62825ms)
✔ template test-console: deterministic validated project XML, ZIP roundtrip and startup compilation (1.417042ms)
✔ template test-console: actual source execution (2.220042ms)
✔ template test-console: actual canonical execution (1.606875ms)
✔ template test-console: actual cil execution (1.295875ms)
✔ template test-console: actual reassembled execution (1.552084ms)
✔ template blank-solution: deterministic validated project XML, ZIP roundtrip and startup compilation (0.2015ms)
✔ template console-library-solution: deterministic validated project XML, ZIP roundtrip and startup compilation (11.2975ms)
✔ template console-library-solution: actual source execution (0.833666ms)
✔ template console-library-solution: actual canonical execution (1.165583ms)
✔ template console-library-solution: actual cil execution (1.985292ms)
✔ template console-library-solution: actual reassembled execution (4.499542ms)
✔ template winui-library-solution: deterministic validated project XML, ZIP roundtrip and startup compilation (8.063708ms)
✔ template winui-library-solution: actual source execution (6.460417ms)
✔ template winui-library-solution: actual canonical execution (9.743667ms)
✔ template winui-library-solution: actual cil execution (9.352583ms)
✔ template winui-library-solution: actual reassembled execution (9.9975ms)
✔ item class: legal unique files, project membership and compilation (2.676458ms)
✔ item partial-class: legal unique files, project membership and compilation (1.40475ms)
✔ item static-class: legal unique files, project membership and compilation (0.82ms)
✔ item disposable-class: legal unique files, project membership and compilation (1.392459ms)
✔ item view-model: legal unique files, project membership and compilation (1.162459ms)
✔ item winui-page: legal unique files, project membership and compilation (1.224375ms)
✔ item winui-counter-page: legal unique files, project membership and compilation (2.154625ms)
✔ item winui-grid-page: legal unique files, project membership and compilation (2.995291ms)
✔ item winui-settings-page: legal unique files, project membership and compilation (2.010625ms)
✔ item winui-user-control: legal unique files, project membership and compilation (1.512875ms)
✔ item winui-custom-control: legal unique files, project membership and compilation (3.335584ms)
✔ item winui-window: legal unique files, project membership and compilation (1.642833ms)
✔ item winui-flyout: legal unique files, project membership and compilation (2.004125ms)
✔ item winui-resources: legal unique files, project membership and compilation (1.2575ms)
✔ item text: legal unique files, project membership and compilation (0.5755ms)
✔ item json: legal unique files, project membership and compilation (0.517208ms)
✔ item editorconfig: legal unique files, project membership and compilation (0.417583ms)
✔ item build-props: legal unique files, project membership and compilation (0.391459ms)
✔ item build-targets: legal unique files, project membership and compilation (0.383083ms)
✔ templates: namespace and reserved-path validation has no injection or silent renaming (0.422458ms)
✔ create plan: case-insensitive destination collisions, parent files and multiple item outputs preflight (0.137958ms)
✔ add project keeps unrelated XML, configuration and named folder (0.368042ms)
✔ same-directory and project-only templates are genuinely different layouts (0.982667ms)
✔ blank solution displays zero projects, not a synthetic loose project (1.236333ms)
✔ ZIP CRC known vector and deterministic empty/archive output (0.160666ms)
✔ standard Python reader validates SharpForge ZIP CRCs, Unicode assets and explicit empty folders (188.7815ms)
✔ external Python DEFLATE ZIP imports without runtime dependencies (35.894541ms)
✔ external Python DEFLATE ZIP with data descriptors imports without runtime dependencies (35.401083ms)
✔ ZIP rejects unsafe path "../escape" (0.09375ms)
✔ ZIP rejects unsafe path "/etc/passwd" (0.036083ms)
✔ ZIP rejects unsafe path "C:/x" (0.026708ms)
✔ ZIP rejects unsafe path "a/../../b" (0.02775ms)
✔ ZIP rejects unsafe path "a//b" (0.026833ms)
✔ ZIP rejects unsafe path "a/./b" (0.023625ms)
✔ ZIP rejects unsafe path "foo\u0000.cs" (0.021ms)
✔ ZIP rejects unsafe path "NUL.cs" (0.022583ms)
✔ ZIP rejects unsafe path "a./b" (0.0235ms)
✔ ZIP rejects unsafe path "a/b " (0.02325ms)
✔ ZIP rejects unsafe path "CON/a" (0.025542ms)
✔ ZIP rejects unsafe path "a:b" (0.021042ms)
✔ ZIP rejects malformed crc before returning records (0.1085ms)
✔ ZIP rejects malformed data before returning records (0.054292ms)
✔ ZIP rejects malformed local-name before returning records (0.059541ms)
✔ ZIP rejects malformed truncation before returning records (0.040875ms)
✔ ZIP rejects malformed encryption before returning records (0.034958ms)
✔ ZIP rejects malformed zip64 before returning records (0.0335ms)
✔ ZIP rejects malformed symlink before returning records (0.032791ms)
✔ ZIP rejects malformed count before returning records (0.030625ms)
✔ ZIP rejects malformed overlap before returning records (0.038333ms)
✔ ZIP rejects case and Unicode collisions and file-as-parent conflicts (0.113417ms)
✔ ZIP validates expansion/file/count limits, not only compressed input size (0.123458ms)
✔ workspace retains utf-8 BOM/CRLF, assets and debugger metadata across ZIP roundtrips (0.414375ms)
✔ workspace retains utf-16le BOM/CRLF, assets and debugger metadata across ZIP roundtrips (0.444542ms)
✔ workspace retains utf-16be BOM/CRLF, assets and debugger metadata across ZIP roundtrips (0.166292ms)
✔ manifest allows only data, validates stale entries and never restores execution trust (0.114041ms)
✔ folder FileList preserves unknown assets and .pdb instead of silently dropping them (0.603458ms)
✔ legacy SLN parses project hierarchy and converts explicitly without mutating original data (0.70275ms)
✔ solution folder edits retain comments and per-project configuration when reparenting (0.4765ms)
✔ native create-only binary mutation is byte exact and undo removes created asset; scan includes unknown files (16.778708ms)
✔ CLI create-only project plan never overwrites existing files and is actually runnable (99.909375ms)
✔ source WinUI: properties and object initializers (73.45625ms)
✔ source WinUI: typed brush values and attached layout (5.593334ms)
✔ source WinUI: grid tracks and star lengths (4.340209ms)
✔ source WinUI: collection insert/remove ordering (5.322666ms)
✔ source WinUI: visual cycle and duplicate rejection (3.255708ms)
✔ source WinUI: detach content permits reparenting (3.728ms)
✔ source WinUI: detach collection permits reparenting (1.621125ms)
✔ source WinUI: readonly and validated layout values (2.904625ms)
✔ source WinUI: supported code-first controls (4.569583ms)
✔ source WinUI: bounded drawing commands and color channels (2.135125ms)
✔ source WinUI: window lifetime survives collection (2.023875ms)
✔ source WinUI: FindName searches visual child hierarchy (3.205208ms)
✔ reload WinUI: properties and object initializers (5.936625ms)
✔ reload WinUI: typed brush values and attached layout (1.612708ms)
✔ reload WinUI: grid tracks and star lengths (3.147417ms)
✔ reload WinUI: collection insert/remove ordering (1.232791ms)
✔ reload WinUI: visual cycle and duplicate rejection (1.077042ms)
✔ reload WinUI: detach content permits reparenting (2.221417ms)
✔ reload WinUI: detach collection permits reparenting (1.096667ms)
✔ reload WinUI: readonly and validated layout values (1.029875ms)
✔ reload WinUI: supported code-first controls (1.486166ms)
✔ reload WinUI: bounded drawing commands and color channels (0.814334ms)
✔ reload WinUI: window lifetime survives collection (0.666541ms)
✔ reload WinUI: FindName searches visual child hierarchy (10.352959ms)
✔ cil WinUI: properties and object initializers (10.569375ms)
✔ cil WinUI: typed brush values and attached layout (1.197459ms)
✔ cil WinUI: grid tracks and star lengths (0.912959ms)
✔ cil WinUI: collection insert/remove ordering (0.798875ms)
✔ cil WinUI: visual cycle and duplicate rejection (2.744584ms)
✔ cil WinUI: detach content permits reparenting (2.008958ms)
✔ cil WinUI: detach collection permits reparenting (1.746208ms)
✔ cil WinUI: readonly and validated layout values (1.878792ms)
✔ cil WinUI: supported code-first controls (3.56975ms)
✔ cil WinUI: bounded drawing commands and color channels (1.814584ms)
✔ cil WinUI: window lifetime survives collection (1.213333ms)
✔ cil WinUI: FindName searches visual child hierarchy (0.491458ms)
✔ source: input without subscribers updates managed properties; event calls target C# after Main (5.789708ms)
✔ source: async void event handler resumes after Delay (4.498542ms)
✔ source: delegate unsubscription removes matching method and receiver (4.351292ms)
✔ source: event input validation and limits are nonmutating (2.01275ms)
✔ source: disabled control cannot execute event callbacks (4.093792ms)
✔ source: layout measurements are validated and visible to managed code (2.595292ms)
✔ source: stopping releases active windows and rejects stale events (1.562333ms)
✔ source: visual snapshots restore UI state and callbacks (3.997084ms)
✔ source: mutable brushes retain identity across consumers (2.083458ms)
✔ reload: input without subscribers updates managed properties; event calls target C# after Main (6.361792ms)
✔ reload: async void event handler resumes after Delay (11.0665ms)
✔ reload: delegate unsubscription removes matching method and receiver (6.10625ms)
✔ reload: event input validation and limits are nonmutating (3.151917ms)
✔ reload: disabled control cannot execute event callbacks (1.779542ms)
✔ reload: layout measurements are validated and visible to managed code (4.469542ms)
✔ reload: stopping releases active windows and rejects stale events (1.522375ms)
✔ reload: visual snapshots restore UI state and callbacks (2.621708ms)
✔ reload: mutable brushes retain identity across consumers (2.731833ms)
✔ cil: input without subscribers updates managed properties; event calls target C# after Main (6.483625ms)
✔ cil: async void event handler resumes after Delay (6.453958ms)
✔ cil: delegate unsubscription removes matching method and receiver (3.695375ms)
✔ cil: event input validation and limits are nonmutating (1.864583ms)
✔ cil: disabled control cannot execute event callbacks (2.944ms)
✔ cil: layout measurements are validated and visible to managed code (2.136041ms)
✔ cil: stopping releases active windows and rejects stale events (1.325042ms)
✔ cil: visual snapshots restore UI state and callbacks (3.094834ms)
✔ cil: mutable brushes retain identity across consumers (0.543041ms)
✔ source: debugger UI function evaluation rolls back commands and heap (3.57975ms)
✔ CIL: debugger UI function evaluation rolls back commands and heap (7.1295ms)
✔ WinUI IL is verified and executes after all-method editable IL reconstruction (11.781375ms)
✔ framework contracts are unique and inherited properties/events bind without reflection fallback (0.713083ms)
✔ async compiler symbols have stable unique IDs and no generated capture fields in Solution Explorer (2.083666ms)
✔ empty-folder save/reopen preserves utf-8 bytes, all assets, settings and empty directories (27.257583ms)
✔ empty-folder save/reopen preserves utf-16le bytes, all assets, settings and empty directories (4.651917ms)
✔ empty-folder save/reopen preserves utf-16be bytes, all assets, settings and empty directories (3.490167ms)
✔ empty-folder writer rejects preexisting contents without opening a write stream (0.978458ms)
✔ empty-folder writer resolves denied permission before any mutation (0.496416ms)
✔ empty-folder writer reports completed writes on mid-operation failure, never claims atomicity (0.843667ms)
✔ aborted empty-folder save creates no files (0.23575ms)
✔ empty-folder writer validates complete path plan before mutation A.txt / a.txt (0.112375ms)
✔ empty-folder writer validates complete path plan before mutation A/one.txt / a/two.txt (0.093875ms)
✔ empty-folder writer validates complete path plan before mutation é.txt / é.txt (0.233333ms)
✔ empty-folder writer validates complete path plan before mutation a / a/b (0.089791ms)
✔ directory loader preserves explicitly recorded files but excludes administrative code and stores warning paths (0.223209ms)
✔ folder manifests reject ambiguity and preserve the original records on failure (0.095583ms)
✔ FileList repository prefix is normalized only by a validated workspace manifest (0.516542ms)
✔ disk source save preserves utf-16le and detects external edits before any writing (0.312208ms)
✔ disk source save preserves utf-16be and detects external edits before any writing (0.1015ms)
✔ disk source save rechecks after permissions and never overwrites a prompt-time change (0.189958ms)
✔ native disk creation rejects case-shadow files and parents before applying any batch entry (15.722083ms)
✔ native new destination parents use portable case identity within the same batch (3.568041ms)
✔ CLI ZIP/extraction preserve an existing manifest, binaries and empty folders (365.808875ms)
✔ CLI writePlan validates duplicate/case/traversing destinations before creating output directory (3.4235ms)
ℹ tests 2834
ℹ suites 0
ℹ pass 2834
ℹ fail 0
ℹ cancelled 0
ℹ skipped 0
ℹ todo 0
ℹ duration_ms 16875.791375
